1.303708928999999794e-01,7.437000000000000455e+01,3.135435629999999696e-02,4.105999999999999928e-02,1.346875429149999945e+02,2.972356420000000013e-02,1.540007607959999980e+01,-8.116104888920000349e+01,1.344628210299999971e+01,7.551999999999999602e+01,-4.778125000000000000e+01,7.350000000000000000e+01,4.028125000000000000e+01,1.500000000000000000e+02,7.309999999999999432e+01,-3.615625381470000121e+01,8.526000000000000512e+01,-5.103125381470000121e+01,3.631511897699999825e+00,8.806250000000000000e+01
8.287305209999999700e-02,1.135435714289999964e+02,1.732612055999999956e-01,5.754999999999999699e-02,1.964062452320000034e+02,8.573315999999999229e-03,2.418782965639999816e+01,-8.077006530760000658e+01,8.807191701109999826e+00,1.363549999999999898e+02,-4.834375000000000000e+01,1.346750000000000114e+02,4.340625000000000000e+01,7.000000000000000000e+01,1.342150000000000034e+02,-4.021875000000000000e+01,1.830149999999999864e+02,-5.659375381470000121e+01,3.842614264999999918e+00,9.175000000000000000e+01
1.107827760000000029e-02,3.198049999999999926e+01,3.200000000000000067e-01,1.688000000000000264e-02,2.991965413089999970e+02,6.773187969999999725e-02,2.097661556970000163e+01,-7.235060119630000486e+01,3.126905458010000061e+01,7.543500000000000227e+01,-4.706250000000000000e+01,7.383499999999999375e+01,3.912500381470000121e+01,7.000000000000000000e+01,7.345999999999999375e+01,-3.584375381470000121e+01,9.031999999999999318e+01,-5.196875381470000121e+01,2.931989156399999796e+00,8.618750381469999411e+01
1.510290320000000006e-02,5.039368421050000535e+01,2.903225787000000002e-01,3.357999999999999874e-02,3.537498712540000270e+02,4.006845879999999804e-02,2.580462609650000161e+01,-6.976524353029999759e+01,1.984375652760000008e+01,2.345200000000000102e+02,-5.312500000000000000e+01,2.324399999999999977e+02,4.215625381470000121e+01,2.999999809270000029e+01,2.319799999999999898e+02,-3.856250381470000121e+01,2.496200000000000045e+02,-5.859375381470000121e+01,3.274714789700000406e+00,9.528125381469999411e+01
5.572164589999999834e-02,9.990333333329999732e+01,1.570340607000000055e-01,5.736000000000000126e-02,1.703124940390000006e+02,4.738874360000000507e-02,2.307784820230000022e+01,-7.872134399409999617e+01,1.000967602020000058e+01,1.718249999999999886e+02,-4.775000000000000000e+01,1.693750000000000000e+02,4.025000000000000000e+01,1.100000000000000000e+02,1.689699999999999989e+02,-3.440625381470000121e+01,1.998549999999999898e+02,-5.490625381470000121e+01,2.874550602900000307e+00,8.800000000000000000e+01
2.226991000000000040e-02,5.982033333329999891e+01,2.130719055000000195e-01,5.286000000000000421e-02,1.817187219859999914e+02,2.955675870000000136e-02,2.340278158030000100e+01,-8.051889038090000383e+01,1.671672396789999837e+01,1.168900000000000006e+02,-4.925000381470000121e+01,1.150049999999999955e+02,3.631250000000000000e+01,9.000000000000000000e+01,1.146250000000000000e+02,-3.893750000000000000e+01,1.334799999999999898e+02,-5.456250000000000000e+01,3.406229533999999948e+00,8.556250381470000832e+01
3.946588670000000104e-02,8.626000000000000512e+01,1.623222749000000076e-01,4.337499999999999689e-02,2.148437500000000000e+02,3.802973400000000254e-02,3.280315133370000069e+01,-6.267683410640000119e+01,1.159285879900000182e+01,9.182999999999999829e+01,-4.843750381470000121e+01,8.734000000000000341e+01,3.409375381470000121e+01,5.000000000000000000e+01,8.684999999999999432e+01,-3.350000000000000000e+01,1.138700000000000045e+02,-5.534375000000000000e+01,3.920761419200000208e+00,8.253125762940000243e+01
2.352173549999999821e-02,6.549357142859999215e+01,2.198780488000000033e-01,5.602000000000000729e-02,1.968749612569999954e+02,1.525773110000000141e-02,2.768235487099999759e+01,-7.344106292720000795e+01,1.526867413380000116e+01,1.866699999999999875e+02,-4.993750000000000000e+01,1.842949999999999875e+02,4.250000000000000000e+01,5.000000000000000000e+01,1.838950000000000102e+02,-3.759375381470000121e+01,2.105099999999999909e+02,-5.650000381470000121e+01,4.135202980099999870e+00,9.243750000000000000e+01
1.000000000000000000e+00,1.000000000000000000e+03,1.469961347000000029e-01,8.119500000000000328e-02,1.696875393389999829e+02,4.853792490000000126e-02,2.118523331720000158e+01,-8.157408142090000069e+01,1.000000000000000000e+00,2.000999999999999943e+02,-4.978125000000000000e+01,1.980999999999999943e+02,3.959375381470000121e+01,1.100000000000000000e+02,1.976850000000000023e+02,-3.928125000000000000e+01,2.310500000000000114e+02,-5.603125000000000000e+01,3.254222767900000424e+00,8.937500381469999411e+01
8.463627690000000148e-02,8.106499999999999773e+01,1.998666646000000213e-01,3.991000000000000103e-02,1.632812470199999950e+02,5.428538469999999450e-02,1.753908995569999973e+01,-7.856536865229999478e+01,1.233577992970000103e+01,9.102500000000000568e+01,-4.971875381470000121e+01,8.923999999999999488e+01,4.500000000000000000e+01,9.000000000000000000e+01,8.890000000000000568e+01,-3.809375000000000000e+01,1.177199999999999989e+02,-5.384375000000000000e+01,3.660278270500000097e+00,9.471875381469999411e+01
4.049341529999999495e-02,4.771138888890000374e+01,3.182812776999999760e-01,2.120999999999999969e-02,2.406249046329999999e+02,4.723348839999999549e-02,1.658746807569999859e+01,-8.144882965089999516e+01,2.095935631489999906e+01,7.664000000000000057e+01,-5.046875381470000121e+01,7.506999999999999318e+01,3.700000000000000000e+01,1.100000000000000000e+02,7.470999999999999375e+01,-3.487500000000000000e+01,9.325499999999999545e+01,-5.578125381470000121e+01,2.864784586199999872e+00,8.746875381469999411e+01
1.208080669999999843e-02,5.617676470589999838e+01,3.151515242999999855e-01,4.458000000000000157e-02,2.154687494040000217e+02,1.102078710000000024e-02,2.801031537469999932e+01,-6.987026214600000174e+01,1.780095392169999968e+01,3.341000000000000227e+02,-5.390625000000000000e+01,3.325350000000000250e+02,4.790625381470000121e+01,5.000000000000000000e+01,3.321750000000000114e+02,-4.434375000000000000e+01,3.654049999999999727e+02,-5.640625381470000121e+01,3.551475636499999755e+00,1.018125038149999995e+02
1.000000000000000000e+00,1.000000000000000000e+03,9.687498690000000134e-02,5.005500000000000227e-02,6.937500089409999759e+01,1.039638519000000011e-01,8.666897807959999867e+00,-7.392761230470000555e+01,1.000000000000000000e+00,7.017499999999999716e+01,-4.596875381470000121e+01,6.809999999999999432e+01,3.659375000000000000e+01,2.900000000000000000e+02,6.776000000000000512e+01,-4.715625381470000121e+01,1.014449999999999932e+02,-5.928125381470000121e+01,4.146439034700000192e+00,8.256250381470000832e+01
1.297247894999999929e-01,3.831250000000000000e+01,1.136160702000000022e-01,2.713000000000000134e-02,1.445312500000000000e+02,1.767771129999999927e-02,2.215578888820000003e+01,-7.523673248289999549e+01,2.610114192500000030e+01,4.821000000000000085e+01,-4.831250381470000121e+01,4.568500000000000227e+01,4.056250381470000121e+01,1.900000000000000000e+02,4.534499999999999886e+01,-3.400000000000000000e+01,9.622999999999999545e+02,-5.096875000000000000e+01,3.547190878199999897e+00,8.887500762940000243e+01
6.075358150000000068e-02,8.607600000000000762e+01,2.370575264999999765e-01,6.139500000000000512e-02,1.636717766520000055e+02,4.315179959999999870e-02,2.513739612830000070e+01,-6.478707885740000449e+01,1.161764022490000059e+01,2.315049999999999955e+02,-4.178125000000000000e+01,2.300550000000000068e+02,4.300000000000000000e+01,5.000000000000000000e+01,2.297100000000000080e+02,-3.006250190729999971e+01,2.721349999999999909e+02,-5.162500381470000121e+01,2.639077188499999949e+00,8.478125000000000000e+01
1.803938199999999964e-02,6.409571428569999796e+01,2.025510204000000036e-01,4.501999999999999752e-02,1.460938602690000039e+02,2.954714370000000034e-02,1.497923770609999927e+01,-7.869704437260000418e+01,1.560166714960000078e+01,2.040999999999999943e+02,-4.946875381470000121e+01,2.020200000000000102e+02,3.509375000000000000e+01,7.000000000000000000e+01,2.015000000000000000e+02,-3.650000381470000121e+01,2.409799999999999898e+02,-5.859375381470000121e+01,2.996615815199999755e+00,8.456250381470000832e+01
4.168707249999999837e-02,9.230944444440000041e+01,1.082571510999999903e-01,7.080499999999999294e-02,1.735936403270000028e+02,5.803132429999999925e-02,2.963529805920000015e+01,-7.199159240720000241e+01,1.083312770450000073e+01,2.968600000000000136e+02,-4.556250381470000121e+01,2.929900000000000091e+02,4.965625381470000121e+01,6.000000381470000121e+01,2.925299999999999727e+02,-3.537500381470000121e+01,3.553299999999999841e+02,-5.662500000000000000e+01,4.226620435100000073e+00,9.521875762940000243e+01
1.972642399999999935e-02,1.016149999999999949e+02,1.544326352999999818e-01,7.156500000000000361e-02,1.187500804660000000e+02,9.419543300000000896e-02,1.839844755180000035e+01,-7.097664642329999651e+01,9.841066771639999544e+00,2.460749999999999886e+02,-4.700000381470000121e+01,2.442350000000000136e+02,3.071875190729999971e+01,1.000000000000000000e+02,2.437450000000000045e+02,-3.937500381470000121e+01,2.991499999999999773e+02,-5.790625000000000000e+01,2.811461751800000020e+00,7.771875572199999738e+01
1.000000000000000000e+00,1.000000000000000000e+03,1.828607789999999733e-01,1.360200000000000020e-01,1.271427422760000070e+02,3.977699209999999846e-02,1.826175069840000020e+01,-7.829278564450000033e+01,1.000000000000000000e+00,1.323600000000000136e+02,-4.850000000000000000e+01,1.290399999999999920e+02,3.637500000000000000e+01,1.300000000000000000e+02,1.285800000000000125e+02,-3.309375000000000000e+01,1.464399999999999977e+02,-5.446875000000000000e+01,3.987324496199999846e+00,8.487500000000000000e+01
2.191830076999999877e-01,1.465374999999999943e+02,1.755555642000000138e-01,3.046000000000000096e-02,1.809374690059999864e+02,4.674158099999999906e-03,1.864009264419999923e+01,-6.241884231569999741e+01,6.824191759789999701e+00,5.735999999999999943e+01,-4.690625000000000000e+01,5.595000000000000284e+01,4.309375381470000121e+01,1.300000000000000000e+02,5.563000000000000256e+01,-3.659375000000000000e+01,6.578499999999999659e+01,-4.987500381470000121e+01,3.441712414399999975e+00,9.000000381469999411e+01
1.436420944000000033e-01,9.002857142860000295e+01,2.123417655999999820e-01,2.078999999999999945e-02,1.468749940390000006e+02,2.788074310000000083e-02,1.691377729829999765e+01,-8.272481536869999275e+01,1.110758489369999857e+01,8.909499999999999886e+01,-5.359375000000000000e+01,8.569499999999999318e+01,2.828125190729999971e+01,2.099999847409999916e+02,8.514000000000000057e+01,-3.906250000000000000e+01,1.034599999999999937e+02,-5.728125381470000121e+01,3.583612327200000447e+00,8.187500190729998906e+01
1.002196389999999993e-02,4.465333333329999732e+01,2.898545691000000146e-01,3.623999999999999444e-02,2.385937422509999806e+02,2.098395299999999963e-02,1.613203789190000137e+01,-7.606157684330000279e+01,2.239474469989999861e+01,3.433999999999999773e+02,-5.590625000000000000e+01,3.409599999999999795e+02,3.612500000000000000e+01,2.999999809270000029e+01,3.403999999999999773e+02,-4.250000000000000000e+01,3.675199999999999818e+02,-6.009375381470000121e+01,3.185888221199999926e+00,9.203125000000000000e+01
1.353220989999999978e-02,5.434705882350000650e+01,1.748648630000000093e-01,4.789999999999999813e-02,2.375001162290000138e+02,3.839807580000000053e-02,3.253754156659999808e+01,-6.944366455079999412e+01,1.840025976839999799e+01,3.466000000000000227e+02,-4.403125000000000000e+01,3.449200000000000159e+02,3.318750000000000000e+01,2.999999809270000029e+01,3.444200000000000159e+02,-3.428125000000000000e+01,3.941600000000000250e+02,-5.687500000000000000e+01,2.524917083899999692e+00,7.721875000000000000e+01
2.633498649999999747e-02,5.729093749999999829e+01,2.301181055999999836e-01,4.043000000000000066e-02,2.285156250000000000e+02,5.701303849999999479e-02,2.436807195679999793e+01,-7.568438720700000033e+01,1.745476760609999900e+01,2.006049999999999898e+02,-4.871875000000000000e+01,1.985449999999999875e+02,3.475000000000000000e+01,5.999999618529999879e+01,1.980949999999999989e+02,-3.865625000000000000e+01,2.271999999999999886e+02,-5.756250000000000000e+01,3.237864502300000336e+00,8.346875000000000000e+01
1.000000000000000000e+00,1.000000000000000000e+03,1.594302553999999983e-01,1.433650000000000202e-01,2.209374606609999887e+02,2.638152990000000239e-02,2.110764133180000002e+01,-7.106369018550000760e+01,1.000000000000000000e+00,8.260999999999999943e+01,-4.831250000000000000e+01,7.927500000000000568e+01,5.043750381470000121e+01,7.000000000000000000e+01,7.882500000000000284e+01,-3.646875000000000000e+01,9.765500000000000114e+01,-5.346875381470000121e+01,4.780396083000000296e+00,9.875000381469999411e+01
8.815453189999999939e-02,9.489499999999999602e+01,1.393833183000000031e-01,4.550500000000000378e-02,1.445312201979999998e+02,5.573661249999999762e-02,1.760319118150000151e+01,-7.995320129390000830e+01,1.053796301169999872e+01,9.240999999999999659e+01,-5.328125000000000000e+01,9.000499999999999545e+01,3.309375000000000000e+01,1.700000000000000000e+02,8.954999999999999716e+01,-4.634375000000000000e+01,1.060699999999999932e+02,-5.778125381470000121e+01,4.024285543700000467e+00,8.637500000000000000e+01
1.701973370000000110e-02,4.568574999999999875e+01,3.029801222999999877e-01,4.050000000000000128e-02,2.934375107289999960e+02,7.317098230000000647e-02,3.477745544180000081e+01,-6.466145324709999898e+01,2.188866331409999688e+01,1.374149999999999920e+02,-4.450000000000000000e+01,1.348700000000000045e+02,3.400000000000000000e+01,5.999999618529999879e+01,1.344350000000000023e+02,-3.384375381470000121e+01,1.547400000000000091e+02,-5.015625000000000000e+01,3.419440959400000146e+00,7.850000000000000000e+01
3.010996389999999745e-01,1.191299999999999955e+02,5.606434799999999996e-02,5.798500000000000182e-02,8.245534449819999168e+01,6.865812089999999424e-02,1.996245364900000041e+01,-7.609506988529999205e+01,8.394191219679999705e+00,1.303350000000000080e+02,-4.678125381470000121e+01,1.264300000000000068e+02,3.631250000000000000e+01,2.099999847409999916e+02,1.259249999999999972e+02,-3.625000381470000121e+01,5.982500000000000000e+02,-5.271875000000000000e+01,3.781401485800000017e+00,8.309375381470000832e+01
2.878847580000000114e-02,7.715458333329999618e+01,1.842519814999999950e-01,5.665499999999999703e-02,2.025000453000000107e+02,3.034797870000000009e-02,2.628738609179999841e+01,-7.171862030030000312e+01,1.296099281210000065e+01,2.831050000000000182e+02,-4.500000000000000000e+01,2.795899999999999750e+02,2.040625190729999971e+01,6.000000381470000121e+01,2.790049999999999955e+02,-3.800000381470000121e+01,3.168949999999999818e+02,-5.400000000000000000e+01,3.482368697400000102e+00,6.540625190729998906e+01
2.961265329999999973e-02,8.592249999999999943e+01,9.408992740000000909e-02,4.624500000000000138e-02,1.864062994720000006e+02,1.162524967999999936e-01,2.037740148289999809e+01,-6.841979980470000555e+01,1.163839506529999923e+01,2.611299999999999955e+02,-5.068750381470000121e+01,2.595749999999999886e+02,4.931250381470000121e+01,7.000000000000000000e+01,2.591899999999999977e+02,-3.868750000000000000e+01,3.039049999999999727e+02,-5.728125381470000121e+01,3.074848046399999646e+00,1.000000076289999953e+02
2.596530669999999943e-02,9.983333333330000414e+01,1.604166666999999880e-01,7.420000000000000207e-02,1.784375309940000136e+02,9.347292779999999413e-02,2.441053861989999874e+01,-7.704734039310000071e+01,1.001669449080000085e+01,1.987800000000000011e+02,-4.950000381470000121e+01,1.951599999999999966e+02,3.165625000000000000e+01,9.000000000000000000e+01,1.946599999999999966e+02,-3.931250000000000000e+01,2.410999999999999943e+02,-5.784375381470000121e+01,4.059277096899999826e+00,8.115625381470000832e+01
2.411945539999999985e-02,8.340181818179999595e+01,2.095982255000000127e-01,6.477999999999999037e-02,1.743750721220000059e+02,9.028831869999999482e-02,2.472129301800000079e+01,-7.457196044920000588e+01,1.199014627979999936e+01,2.017450000000000045e+02,-4.337500000000000000e+01,1.988050000000000068e+02,3.950000000000000000e+01,7.000000000000000000e+01,1.983700000000000045e+02,-3.684375000000000000e+01,2.797300000000000182e+02,-5.700000381470000121e+01,3.460560015299999570e+00,8.287500000000000000e+01
4.830899789999999749e-02,6.998791666670000211e+01,1.825000092999999879e-01,4.123500000000000082e-02,1.487499624490000087e+02,1.898855160000000042e-02,2.014324563869999807e+01,-8.356320953370000382e+01,1.428818069789999967e+01,8.828499999999999659e+01,-5.340625381470000121e+01,8.626000000000000512e+01,4.365625381470000121e+01,1.100000000000000000e+02,8.593000000000000682e+01,-4.312500381470000121e+01,1.064899999999999949e+02,-5.984375381470000121e+01,4.412293480899999842e+00,9.706250762940000243e+01
1.507063299999999995e-02,4.079229166670000239e+01,3.083420229000000123e-01,2.068000000000000047e-02,3.015624880789999906e+02,2.054769550000000097e-02,2.478323929579999785e+01,-6.618519592289999309e+01,2.451443542739999870e+01,7.448499999999999943e+01,-4.984375000000000000e+01,7.262000000000000455e+01,3.250000381470000121e+01,7.000000000000000000e+01,7.212000000000000455e+01,-3.678125000000000000e+01,8.357500000000000284e+01,-5.212500000000000000e+01,2.624051498700000096e+00,8.234375381470000832e+01
1.653946079999999916e-02,7.764727272729999186e+01,1.828125094999999978e-01,6.024999999999999800e-02,1.979687064890000272e+02,1.251424103999999871e-01,2.716976396239999758e+01,-7.046936035160000245e+01,1.287875240009999978e+01,1.833100000000000023e+02,-4.428125000000000000e+01,1.809850000000000136e+02,3.675000000000000000e+01,7.000000000000000000e+01,1.805349999999999966e+02,-3.668750000000000000e+01,2.235800000000000125e+02,-5.481250381470000121e+01,3.092075117300000286e+00,8.103125000000000000e+01
3.750355509999999531e-02,6.960153846149999879e+01,1.563086580000000170e-01,5.262999999999999623e-02,1.645312905309999962e+02,5.838372929999999933e-02,1.930787184729999950e+01,-8.252419281010000418e+01,1.436749850799999884e+01,1.307599999999999909e+02,-4.615625000000000000e+01,1.284749999999999943e+02,4.300000000000000000e+01,9.000000000000000000e+01,1.280399999999999920e+02,-3.412500000000000000e+01,1.533950000000000102e+02,-5.290625381470000121e+01,3.361573266299999752e+00,8.915625000000000000e+01
1.311896985999999876e-01,9.334928571430000943e+01,1.115079483000000066e-01,3.046000000000000096e-02,1.525000035760000117e+02,5.367832629999999550e-02,2.223361018309999793e+01,-7.407302093510000418e+01,1.071245475899999988e+01,8.098999999999999488e+01,-4.812500381470000121e+01,7.864000000000000057e+01,4.431250381470000121e+01,1.300000000000000000e+02,7.819499999999999318e+01,-4.043750000000000000e+01,1.007300000000000040e+02,-5.421875381470000121e+01,3.299356502300000216e+00,9.243750762940000243e+01
1.458048422000000066e-01,9.367333333329999334e+01,1.948598130999999734e-01,3.298000000000000237e-02,2.565625607970000033e+02,2.096064580000000024e-02,2.633174055650000156e+01,-7.263360595700000033e+01,1.067539676890000067e+01,9.839000000000000057e+01,-4.603125000000000000e+01,9.606000000000000227e+01,3.312500381470000121e+01,7.000000000000000000e+01,9.556000000000000227e+01,-3.418750000000000000e+01,1.179350000000000023e+02,-5.034375000000000000e+01,2.633040799499999807e+00,7.915625381470000832e+01
4.317750309999999342e-02,9.250799999999999557e+01,1.472222299000000012e-01,7.357500000000000151e-02,1.249554306270000126e+02,8.010454480000001043e-02,2.558328072369999973e+01,-7.544850921629999618e+01,1.080987590259999997e+01,2.611349999999999909e+02,-4.531250000000000000e+01,2.581549999999999727e+02,4.200000000000000000e+01,1.000000000000000000e+02,2.577450000000000045e+02,-3.846875381470000121e+01,3.413199999999999932e+02,-5.884375000000000000e+01,3.934661107699999771e+00,8.731250000000000000e+01
3.122851789999999891e-02,6.209199999999999875e+01,4.041916169999999753e-02,3.548000000000000459e-02,1.749999970199999950e+02,5.979917200000000460e-02,2.383892640380000216e+01,-7.747489166260000104e+01,1.610513431680000096e+01,1.214599999999999937e+02,-5.440625000000000000e+01,1.187600000000000051e+02,4.184375381470000121e+01,7.000000000000000000e+01,1.183400000000000034e+02,-3.693750000000000000e+01,1.355399999999999920e+02,-5.931250381470000121e+01,4.140237311499999961e+00,9.625000381469999411e+01
4.268286019999999875e-02,5.580468750000000000e+01,2.607229662999999698e-01,1.993999999999999939e-02,2.068750709290000032e+02,3.870142600000000231e-03,2.457603411350000044e+01,-6.718318939210000451e+01,1.791964160719999910e+01,6.727500000000000568e+01,-5.159375000000000000e+01,6.399499999999999744e+01,2.134375000000000000e+01,8.000000000000000000e+01,6.342999999999999972e+01,-3.793750381470000121e+01,7.457999999999999829e+01,-5.500000381470000121e+01,2.924147009700000410e+00,7.293750000000000000e+01
1.392882149000000125e-01,1.167743750000000063e+02,2.044702178000000203e-01,3.440000000000000002e-02,2.259375005959999783e+02,2.508308180000000040e-02,1.736463420389999968e+01,-7.704054260249999686e+01,8.563522605019999290e+00,8.350000000000000000e+01,-4.725000381470000121e+01,8.162999999999999545e+01,2.756250000000000000e+01,9.000000000000000000e+01,8.113500000000000512e+01,-3.793750381470000121e+01,1.013499999999999943e+02,-5.187500381470000121e+01,2.651224317100000061e+00,7.481250381470000832e+01
8.371158400000000208e-03,1.380049999999999955e+02,1.679961244000000020e-01,5.319000000000000117e-02,8.593747764830000335e+01,1.082189827999999882e-01,1.097842755890000177e+01,-7.042330169680001006e+01,7.246114271219999736e+00,8.781499999999999773e+01,-5.034375000000000000e+01,8.579000000000000625e+01,3.778125381470000121e+01,1.300000000000000000e+02,8.539000000000000057e+01,-4.203125000000000000e+01,1.191050000000000040e+02,-5.821875000000000000e+01,3.558096519800000301e+00,8.812500381469999411e+01
7.953382490000000804e-02,1.102560000000000002e+02,1.124999898000000054e-01,5.830499999999999572e-02,1.600001156329999787e+02,2.002748470000000058e-02,2.679124923929999724e+01,-7.700503540040000416e+01,9.069801189959999732e+00,1.038850000000000051e+02,-4.643750000000000000e+01,9.927500000000000568e+01,2.453125000000000000e+01,2.099999847409999916e+02,9.875499999999999545e+01,-3.362500381470000121e+01,1.206050000000000040e+02,-5.178125381470000121e+01,4.155662166599999985e+00,7.096875000000000000e+01
2.330204649999999961e-02,5.673647058819999955e+01,1.868292785000000011e-01,2.970500000000000224e-02,1.367187947040000040e+02,8.772289749999999386e-02,1.596117199010000043e+01,-6.149115371699999599e+01,1.762534732299999973e+01,1.367800000000000011e+02,-4.728125381470000121e+01,1.347549999999999955e+02,4.603125000000000000e+01,7.000000000000000000e+01,1.343499999999999943e+02,-3.737500381470000121e+01,1.677700000000000102e+02,-5.378125381470000121e+01,3.539098452300000197e+00,9.331250381469999411e+01
2.219433259999999825e-02,6.162300000000000466e+01,1.981216487999999942e-01,6.064500000000000446e-02,2.028125375509999913e+02,7.363439349999999217e-02,2.297836313920000251e+01,-6.684190368649998959e+01,1.622770718730000183e+01,2.034300000000000068e+02,-3.256250000000000000e+01,2.008750000000000000e+02,4.709375381470000121e+01,7.000000000000000000e+01,2.004350000000000023e+02,-2.125000000000000000e+01,2.406150000000000091e+02,-4.184375000000000000e+01,2.893817501800000080e+00,7.965625381470000832e+01
6.903209289999999443e-02,9.562799999999998590e+01,1.322485217000000102e-01,3.881499999999999534e-02,9.015624970200001087e+01,1.762121171000000097e-01,1.549359121380000026e+01,-7.191203308109999170e+01,1.045718827119999972e+01,1.945000000000000000e+02,-4.318750381470000121e+01,1.921100000000000136e+02,4.500000000000000000e+01,1.600000000000000000e+02,1.917199999999999989e+02,-4.062500381470000121e+01,2.476800000000000068e+02,-5.550000381470000121e+01,4.489141080299999587e+00,8.818750381469999411e+01
4.583413910000000424e-02,8.979399999999999693e+01,1.897849454999999963e-01,2.693999999999999867e-02,3.562499582769999620e+02,7.656897599999999693e-02,3.986198199489999894e+01,-5.908707809450000070e+01,1.113660155470000035e+01,1.393199999999999932e+02,-4.731250000000000000e+01,1.361399999999999864e+02,3.490625381470000121e+01,2.999999809270000029e+01,1.356200000000000045e+02,-3.450000381470000121e+01,1.640200000000000102e+02,-5.496875381470000121e+01,3.437633814499999829e+00,8.221875381470000832e+01
9.212098550000000219e-02,1.136706250000000011e+02,1.241706176999999994e-01,4.587000000000000105e-02,3.312500119210000094e+02,1.422371565999999976e-01,4.971674116580000202e+01,-6.139517974850000570e+01,8.797347599700000131e+00,1.273850000000000051e+02,-4.303125381470000121e+01,1.237399999999999949e+02,3.100000190729999971e+01,3.000000190729999971e+01,1.230499999999999972e+02,-3.434375381470000121e+01,1.778799999999999955e+02,-5.034375000000000000e+01,2.853447483200000079e+00,7.403125572199999738e+01
7.140519489999999636e-02,1.181050000000000040e+02,8.906249960000001131e-02,7.564500000000000390e-02,1.600447446109999987e+02,4.148606579999999933e-02,1.850118261180000090e+01,-8.059220886229999792e+01,8.467042038860000730e+00,2.087299999999999898e+02,-4.603125000000000000e+01,2.049600000000000080e+02,3.700000000000000000e+01,9.000000000000000000e+01,2.044449999999999932e+02,-3.237500000000000000e+01,2.595249999999999773e+02,-5.540625381470000121e+01,3.800767730000000011e+00,8.303125000000000000e+01
3.495193029999999618e-02,1.161943749999999937e+02,1.555555949000000104e-01,3.221500000000000058e-02,6.921879202130000408e+01,1.738492547999999915e-01,1.150261633529999905e+01,-8.028017425539999863e+01,8.606268590880000957e+00,5.822500000000000142e+01,-4.684375381470000121e+01,5.574000000000000199e+01,3.587500000000000000e+01,3.700000000000000000e+02,5.521999999999999886e+01,-4.581250381470000121e+01,9.354000000000000625e+01,-5.540625381470000121e+01,3.314273097699999671e+00,8.271875381470000832e+01
1.935920901999999832e-01,1.566610000000000014e+02,3.478261049999999827e-02,5.041499999999999454e-02,1.321428567170000008e+02,8.234518769999998877e-02,1.543219449020000056e+01,-7.210011291499999686e+01,6.383209605449999380e+00,8.032500000000000284e+01,-4.731250000000000000e+01,7.801999999999999602e+01,4.450000000000000000e+01,1.300000000000000000e+02,7.765999999999999659e+01,-3.628125000000000000e+01,1.116899999999999977e+02,-5.434375381470000121e+01,4.032170870099999860e+00,9.181250000000000000e+01
1.801023929999999787e-02,1.115318749999999994e+02,1.428370362999999976e-01,8.868999999999999106e-02,1.546874940390000006e+02,3.691485900000000125e-02,2.146648517719999916e+01,-8.132292175290000102e+01,8.966046701899999860e+00,2.255850000000000080e+02,-4.593750000000000000e+01,2.225999999999999943e+02,1.728125190729999971e+01,9.000000000000000000e+01,2.220800000000000125e+02,-3.459375000000000000e+01,2.753899999999999864e+02,-5.887500381470000121e+01,2.678296259300000148e+00,6.321875190729999616e+01
2.998972240000000178e-02,5.792718750000000227e+01,2.117214198999999852e-01,3.646999999999999548e-02,1.921871155499999873e+02,8.138301219999999336e-02,2.475632970469999705e+01,-7.335465240479999238e+01,1.726305113640000144e+01,1.349499999999999886e+02,-4.165625381470000121e+01,1.325000000000000000e+02,1.893750000000000000e+01,8.000000000000000000e+01,1.319550000000000125e+02,-3.237500000000000000e+01,1.660250000000000057e+02,-5.068750381470000121e+01,2.461174450800000191e+00,6.059375381470000121e+01
1.000000000000000000e+00,1.000000000000000000e+03,1.428572169999999843e-02,7.962999999999999245e-02,8.843746036290001200e+01,9.023573990000000045e-02,1.880832760499999878e+01,-7.962860870359999410e+01,1.000000000000000000e+00,1.264099999999999966e+02,-4.815625381470000121e+01,1.187849999999999966e+02,2.115625190729999971e+01,4.100000000000000000e+02,1.179350000000000023e+02,-3.281250381470000121e+01,1.557500000000000000e+02,-5.175000381470000121e+01,3.057402728500000055e+00,6.931250572199999738e+01
1.936614546999999853e-01,8.979125000000000512e+01,1.359848513999999953e-01,5.191499999999999587e-02,3.650000691409999831e+02,1.433081477999999798e-01,4.657145140509999948e+01,-7.613788604740000210e+01,1.113694263079999835e+01,1.125400000000000063e+02,-4.462500381470000121e+01,1.091700000000000017e+02,2.465625190729999971e+01,5.000000000000000000e+01,1.085100000000000051e+02,-3.778125381470000121e+01,1.449550000000000125e+02,-4.959375381470000121e+01,2.994793418500000026e+00,6.928125572199999738e+01
4.322365999999999708e-02,1.019722222220000134e+02,1.708860882000000081e-01,4.540000000000000285e-02,1.806250810620000209e+02,8.327696469999999740e-02,2.328731953269999977e+01,-7.032800292970000555e+01,9.806592209210000632e+00,8.533499999999999375e+01,-4.590625381470000121e+01,8.320000000000000284e+01,3.265625381470000121e+01,9.000000000000000000e+01,8.278499999999999659e+01,-3.471875000000000000e+01,1.180250000000000057e+02,-5.375000000000000000e+01,3.000143663000000238e+00,7.856250762940000243e+01
1.000000000000000000e+00,5.058700000000000045e+02,1.372812786999999812e-01,4.593500000000000361e-02,7.000003755090000368e+01,1.693059801999999836e-01,1.062133410799999922e+01,-7.738655090330000519e+01,1.976792456559999911e+00,1.003700000000000045e+02,-4.609375000000000000e+01,9.759999999999999432e+01,3.637500000000000000e+01,3.300000000000000000e+02,9.704999999999999716e+01,-3.912500381470000121e+01,1.284350000000000023e+02,-5.606250000000000000e+01,3.482182415500000072e+00,8.246875000000000000e+01
1.000000000000000000e+00,1.000000000000000000e+03,1.947916782999999930e-01,7.245000000000000051e-02,1.779687553640000033e+02,2.296364120000000258e-02,1.815173423359999916e+01,-7.702667999270001076e+01,1.000000000000000000e+00,9.351999999999999602e+01,-4.803125000000000000e+01,8.883499999999999375e+01,3.415625000000000000e+01,1.300000000000000000e+02,8.821999999999999886e+01,-3.637500000000000000e+01,1.045750000000000028e+02,-5.090625381470000121e+01,3.726996103600000332e+00,8.218750000000000000e+01
4.849876880000000140e-02,1.274021428570000012e+02,1.241935465999999960e-01,4.848500000000000032e-02,9.562488645319999137e+01,1.559875756999999918e-01,1.401240882719999981e+01,-7.387277221680000139e+01,7.849161541349999993e+00,9.826000000000000512e+01,-4.281250381470000121e+01,9.632999999999999829e+01,4.403125000000000000e+01,1.900000000000000000e+02,9.599500000000000455e+01,-3.515625000000000000e+01,1.431349999999999909e+02,-5.409375381470000121e+01,4.280574186800000014e+00,8.684375381469999411e+01
6.969086260000000033e-02,9.106142857140000046e+01,1.772727310999999972e-01,5.610499999999999515e-02,1.726561784740000292e+02,1.664906889000000167e-01,1.537036211420000065e+01,-7.746823120119999828e+01,1.098159797940000004e+01,1.088700000000000045e+02,-5.528125000000000000e+01,1.065400000000000063e+02,4.125000000000000000e+01,1.500000000000000000e+02,1.060250000000000057e+02,-3.800000381470000121e+01,1.089300000000000068e+02,-5.537500381470000121e+01,2.816590960799999710e+00,9.653125000000000000e+01
3.090224870000000262e-02,7.169269230769999979e+01,1.858209135999999984e-01,6.710499999999999798e-02,1.515625715259999993e+02,2.253390850000000153e-02,1.746304096509999937e+01,-7.908957672120000382e+01,1.394842302349999841e+01,2.942699999999999818e+02,-4.490625000000000000e+01,2.910849999999999795e+02,2.812500190729999971e+01,7.000000000000000000e+01,2.905600000000000023e+02,-3.390625000000000000e+01,3.778349999999999795e+02,-5.646875000000000000e+01,3.347637308699999981e+00,7.303125190729998906e+01
3.199181279999999822e-02,5.596031250000000057e+01,2.246212253000000048e-01,5.443500000000000422e-02,2.334376126530000022e+02,2.223726729999999860e-02,2.541147547570000143e+01,-7.274118041990000449e+01,1.786980728529999851e+01,1.353400000000000034e+02,-4.431250381470000121e+01,1.331150000000000091e+02,4.962500000000000000e+01,7.000000000000000000e+01,1.327299999999999898e+02,-3.231250000000000000e+01,1.549799999999999898e+02,-4.803125000000000000e+01,3.975836502099999947e+00,9.393750381469999411e+01
3.626743150000000249e-02,6.217033333330000033e+01,2.393501805000000093e-01,2.706000000000000072e-02,1.628123819829999945e+02,1.168040185999999897e-01,1.942871408510000109e+01,-7.397957611079999651e+01,1.608484218090000084e+01,5.478999999999999915e+01,-4.643750000000000000e+01,5.299499999999999744e+01,3.637500000000000000e+01,1.500000000000000000e+02,5.259000000000000341e+01,-3.462500000000000000e+01,6.443999999999999773e+01,-4.921875000000000000e+01,2.761461991200000021e+00,8.281250000000000000e+01
1.000000000000000000e+00,3.530600000000000023e+02,8.287194870000000324e-02,2.304000000000000145e-02,8.062499761579999813e+01,4.334109280000000147e-02,1.069639505600000007e+01,-7.668681335450000347e+01,2.832379765479999811e+00,3.938000000000000256e+01,-4.515625000000000000e+01,3.742000000000000171e+01,3.337500381470000121e+01,4.699999694819999831e+02,3.682000000000000028e+01,-3.331250381470000121e+01,3.956000000000000227e+01,-4.543750381470000121e+01,2.388561922800000126e+00,7.853125381470000832e+01
2.142003040000000150e-02,7.085250000000000625e+01,1.920250713999999970e-01,5.793500000000000039e-02,1.154686734079999866e+02,1.227882802000000023e-01,1.366801164189999973e+01,-7.591931915279999998e+01,1.411382802299999994e+01,1.163949999999999960e+02,-4.834375000000000000e+01,1.142399999999999949e+02,4.481250000000000000e+01,2.099999847409999916e+02,1.138050000000000068e+02,-3.334375000000000000e+01,1.279549999999999983e+02,-4.896875000000000000e+01,2.809832497599999979e+00,9.315625000000000000e+01
1.000000000000000000e+00,1.000000000000000000e+03,9.697639600000000290e-03,3.229499999999999732e-02,1.542188227179999842e+02,1.610584408000000078e-01,1.493066826689999971e+01,-7.758253478999999686e+01,1.000000000000000000e+00,6.574500000000000455e+01,-4.343750381470000121e+01,6.349000000000000199e+01,2.425000000000000000e+01,2.499999847409999916e+02,6.285999999999999943e+01,-2.971875190729999971e+01,9.689000000000000057e+01,-4.850000000000000000e+01,2.181876568199999866e+00,6.768750381470000832e+01
2.315746132999999818e-01,4.250249999999999773e+01,7.590164269999999380e-02,2.054999999999999882e-02,1.062501966949999996e+02,1.357292682000000028e-01,1.081328708700000085e+01,-7.192022705079999412e+01,2.352802776309999899e+01,4.842000000000000171e+01,-4.309375381470000121e+01,4.707500000000000284e+01,3.218750381470000121e+01,3.500000000000000000e+02,4.656000000000000227e+01,-2.853125190729999971e+01,4.850000000000000000e+01,-4.328125381470000121e+01,2.013617342199999882e+00,7.528125762940000243e+01
1.000000000000000000e+00,6.796999999999999886e+01,1.212747786999999883e-01,3.792999999999999844e-02,7.999999821189999238e+01,1.072227731000000017e-01,1.094589398479999964e+01,-8.250603485109999724e+01,1.471237310579999935e+01,8.590500000000000114e+01,-4.675000000000000000e+01,8.414000000000000057e+01,3.228125000000000000e+01,3.500000000000000000e+02,8.365999999999999659e+01,-3.500000000000000000e+01,1.020949999999999989e+02,-5.278125381470000121e+01,2.579476935399999782e+00,7.903125000000000000e+01
8.942715000000000386e-03,5.218444444439999330e+01,2.190346219000000039e-01,1.945999999999999813e-02,3.151563107970000033e+02,3.428129109999999979e-02,1.308764961740000032e+01,-7.218563079829999651e+01,1.916279862029999848e+01,6.392000000000000171e+01,-4.450000000000000000e+01,6.170000000000000284e+01,2.800000000000000000e+01,1.100000000000000000e+02,6.103999999999999915e+01,-3.500000000000000000e+01,6.420000000000000284e+01,-4.471875381470000121e+01,2.241327112400000043e+00,7.250000000000000000e+01
1.389547080000000101e-01,1.290057142859999999e+02,1.697031039000000130e-01,9.780000000000000498e-03,1.766518056390000027e+02,3.427852320000000091e-02,1.787433415980000007e+01,-6.044378662109999567e+01,7.751594613750000029e+00,3.621999999999999886e+01,-5.068750381470000121e+01,3.417999999999999972e+01,3.528125381470000121e+01,1.100000000000000000e+02,3.364000000000000057e+01,-3.446875000000000000e+01,3.650000000000000000e+01,-5.087500000000000000e+01,2.407658344799999739e+00,8.596875762940000243e+01
1.000000000000000000e+00,1.000000000000000000e+03,2.126436779999999957e-02,3.653500000000000497e-02,8.281211555000000146e+01,1.284872740999999929e-01,9.432924544569999625e+00,-7.691029357909999931e+01,1.000000000000000000e+00,4.352000000000000313e+01,-3.893750000000000000e+01,4.227499999999999858e+01,2.356250000000000000e+01,2.300000000000000000e+02,4.161999999999999744e+01,-2.456250000000000000e+01,6.325999999999999801e+01,-4.218750000000000000e+01,1.418251040699999965e+00,6.250000000000000000e+01
2.441045589999999918e-02,6.860769230770000604e+01,2.027891169000000104e-01,3.812499999999999917e-02,2.437500655649999999e+02,1.118249818999999950e-01,2.492931470750000145e+01,-8.117546844479998924e+01,1.457562507009999919e+01,9.823499999999999943e+01,-5.584375000000000000e+01,9.626000000000000512e+01,3.853125000000000000e+01,5.000000000000000000e+01,9.584499999999999886e+01,-4.493750381470000121e+01,1.338750000000000000e+02,-5.628125381470000121e+01,3.564192719599999837e+00,9.437500000000000000e+01
1.280182786000000073e-01,9.610600000000000875e+01,1.550236402000000069e-01,9.480000000000000579e-03,3.123437762259999886e+02,8.486745510000000270e-02,2.621351150389999773e+01,-5.936676788329999965e+01,1.040517761639999961e+01,2.532199999999999989e+02,-5.643750381470000121e+01,2.491399999999999864e+02,3.771875000000000000e+01,2.000000000000000000e+01,2.486800000000000068e+02,-4.315625000000000000e+01,2.688999999999999773e+02,-6.125000000000000000e+01,4.397913662499999710e+00,9.415625381469999411e+01
