3.477600850000000382e-02,3.073375000000000057e+01,6.312207153000000126e-01,5.144400000000000546e+02,1.601856833329999930e+01,4.102999999999999758e+00,-5.768750381470000121e+01,-5.662500127159999863e+01,-5.983125228880000179e+01,1.263350000000000029e-01,5.136200000000000045e+02,1.601747333329999989e+01,3.311000000000000387e+00,1.350000000000000000e+01,1.458333396910000168e+01,2.501875114439999948e+01,6.453125178810000762e+01,4.499562080000000380e-02,3.500000000000000000e+02,4.004166768389999902e+02,9.000000000000000000e+02,5.132999999999999545e+02,1.601713666670000080e+01,3.032000000000000028e+00,-3.490625381470000121e+01,-3.143750254309999903e+01,-4.486250152590000084e+01,5.146299999999999955e+02,1.601966833330000028e+01,4.362869999999999777e+02,-5.784375381470000121e+01,-5.752083587649999430e+01,-7.788125305180000169e+01,1.204547095599999951e+00,1.267778265000000015e+00,1.377525862599999984e+00,-7.695485687260000418e+01,4.996345361809999552e+00,3.253751982760000061e+01,8.485000343320000127e+01,7.118750381470000832e+01,7.120833524069999498e+01
3.617382999999999710e-02,3.977447368420000373e+01,2.721446732999999729e-01,6.975000000000000000e+01,6.730699999999999461e-01,4.471666700000000105e+00,-5.606250000000000000e+01,-5.485937690729999616e+01,-5.761458587649999430e+01,2.325500000000000136e-02,6.839000000000000057e+01,6.716349999999999820e-01,3.256666700000000247e+00,2.418750190729999971e+01,2.620312500000000000e+01,2.413541793820000336e+01,4.765624403950000101e+02,1.509034260000000072e-02,3.000000190729999971e+01,1.675000047680000037e+01,3.800000000000000000e+02,6.792000000000000171e+01,6.711675000000000280e-01,2.856666700000000336e+00,-4.471875381470000121e+01,-4.356250190729999616e+01,-4.563541920979999844e+01,6.981499999999999773e+01,6.819874999999999687e-01,8.102316667000000052e+02,-5.625000381470000121e+01,-5.504687690729999616e+01,-7.012500508630000695e+01,2.087631244699999833e+00,2.205331664800000091e+00,2.036319901000000154e+00,-6.695246887209999898e+01,3.874664959769999939e+01,2.514175317420000155e+01,8.175000381470000832e+01,8.025000190729998906e+01,8.106250190729998906e+01
1.000000000000000000e+00,1.000000000000000000e+03,4.599841660000000138e-02,2.794000000000000128e+01,9.914466666699999209e+00,4.360000000000000320e+00,-5.346875381470000121e+01,-4.514583460489999567e+01,-5.521875228880000464e+01,1.671999999999999875e-02,2.700000000000000000e+01,9.912853333300001069e+00,3.431999999999999940e+00,2.300000190729999971e+01,1.558333428700000134e+01,2.997500114440000019e+01,1.410937160249999920e+02,1.033187359999999944e-01,1.400000000000000000e+02,2.479166615800000102e+02,5.099999694819999831e+02,2.667999999999999972e+01,9.912426666700000055e+00,3.143999999999999684e+00,-3.965625000000000000e+01,-3.493750000000000000e+01,-4.516250228879999895e+01,2.796000000000000085e+01,9.918306666699999496e+00,5.844239999999999782e+02,-5.353125000000000000e+01,-4.603125381470000121e+01,-7.385625152590000653e+01,2.075790945100000062e+00,2.380384006299999911e+00,2.165175168799999827e+00,-7.371102142329999651e+01,1.019831663759999962e+01,1.000000000000000000e+00,8.519375343320000127e+01,7.646875572199999738e+01,6.072916889189999523e+01
1.635187578999999780e-01,3.977166666669999984e+01,6.599743700000000601e-02,7.284999999999999432e+01,5.858055000000000234e+00,4.235833299999999468e+00,-5.550000000000000000e+01,-5.390625000000000000e+01,-5.992708396909999635e+01,2.923000000000000251e-02,7.201999999999999602e+01,5.857230000000000381e+00,3.421666700000000283e+00,1.875000000000000000e+01,2.201041793820000336e+01,2.569270865120000025e+01,1.437499970199999950e+02,8.304777740000000852e-02,9.000000000000000000e+01,1.464166666670000154e+02,5.500000000000000000e+02,7.160999999999999943e+01,5.856761666699999758e+00,2.996666700000000017e+00,-4.365625381470000121e+01,-3.745833333329999704e+01,-4.764062563579999932e+01,7.293000000000000682e+01,5.858091666699999145e+00,3.793441667000000166e+02,-5.565625000000000000e+01,-5.403125127159999863e+01,-7.150520833330000414e+01,1.396525059300000038e+00,1.202033897800000029e+00,1.338504058600000102e+00,-7.099865722660000245e+01,1.767478487170000179e+01,2.514352763690000003e+01,8.561979262030000370e+01,7.425000000000000000e+01,7.591666793819999270e+01
5.498458320000000621e-02,2.607416666670000183e+01,3.549107380000000173e-02,7.021500000000000341e+01,2.371176666699999824e+00,4.270833299999999610e+00,-4.590625381470000121e+01,-4.287500254310000258e+01,-5.275000190729999616e+01,1.763999999999999943e-02,6.909499999999999886e+01,2.369863333300000097e+00,3.246666700000000017e+00,3.662500000000000000e+01,3.272916920979999844e+01,4.079166857399999913e+01,2.637501060959999677e+02,3.346206620000000131e-02,7.000000000000000000e+01,5.925000000000000000e+01,3.500000000000000000e+02,6.876000000000000512e+01,2.369458333300000330e+00,2.970000000000000195e+00,-3.490625381470000121e+01,-3.244791793819999981e+01,-4.169791920979999844e+01,7.741500000000000625e+01,2.386124999999999829e+00,5.966958333000000039e+02,-4.659375000000000000e+01,-4.600000254310000258e+01,-6.724479548140000418e+01,2.347380565899999993e+00,2.069299402900000029e+00,2.389602344700000103e+00,-6.615589904789999309e+01,1.904898813000000146e+01,3.835213653360000308e+01,9.354167048129998818e+01,8.253125381470000832e+01,7.560417175290000102e+01
3.334921329999999962e-02,5.068111111109999456e+01,-2.027026709999999940e-02,2.346200000000000045e+02,1.178520000000000012e+00,5.299999999999999822e+00,-5.128125000000000000e+01,-5.211458587649999430e+01,-5.490625381470000121e+01,3.193999999999999617e-02,2.330800000000000125e+02,1.177073333300000080e+00,4.120000000000000107e+00,1.428125095369999897e+01,1.839583460489999922e+01,1.418750095369999897e+01,3.385936617849999948e+02,3.369707990000000292e-02,2.999999809270000029e+01,2.941666730239999694e+01,3.400000000000000000e+02,2.326399999999999864e+02,1.176633333300000084e+00,3.720000000000000195e+00,-4.215625381470000121e+01,-4.316666793819999981e+01,-4.943750000000000000e+01,2.658999999999999773e+02,1.210193333299999896e+00,8.901399999999999864e+02,-5.425000000000000000e+01,-5.450000254310000258e+01,-6.628125000000000000e+01,2.596848254799999811e+00,2.599305402700000212e+00,2.158379347299999917e+00,-6.518809509279999759e+01,3.636426018310000075e+01,1.973121697759999904e+01,6.909375476840000374e+01,6.556250095369999542e+01,7.051042048140000418e+01
1.437154379999999905e-02,5.258416666669999984e+01,4.410714285999999817e-01,1.140750000000000028e+02,2.592354999999999965e+00,4.772000000000000242e+00,-5.340625381470000121e+01,-5.662500254310000258e+01,-5.890000152590000226e+01,4.233999999999999569e-02,1.128250000000000028e+02,2.591304999999999747e+00,3.581999999999999851e+00,1.700000000000000000e+01,3.079166793820000336e+01,2.300000152590000013e+01,2.443750798700000075e+02,1.483722031000000163e-01,7.000000000000000000e+01,6.475000254310000969e+01,0.000000000000000000e+00,1.123799999999999955e+02,2.590829999999999966e+00,3.138999999999999790e+00,-3.550000000000000000e+01,-3.503125000000000000e+01,-4.117500228880000179e+01,1.142349999999999994e+02,2.592415000000000358e+00,4.513059999999999832e+02,-5.359375000000000000e+01,-5.672916793819999981e+01,-7.308750457760000074e+01,1.581994854700000008e+00,1.428429899399999981e+00,1.538341444399999869e+00,-7.279585266109999964e+01,2.271644481290000073e+01,1.901713126569999801e+01,8.190000305179999884e+01,7.040625381470000832e+01,8.741667048129998818e+01
4.303078099999999712e-03,7.696625000000000227e+01,1.209645683999999999e-01,1.059200000000000017e+02,6.132035000000000124e+00,9.002000000000000668e+00,-5.809375381470000121e+01,-5.851041793819999981e+01,-6.433125152590000084e+01,3.106499999999999886e-02,1.003449999999999989e+02,6.127040000000000042e+00,3.125000000000000000e+00,1.700000000000000000e+01,2.521875127159999863e+01,2.181875038149999924e+01,1.062500029800000050e+02,7.078385349999999354e-02,1.600000000000000000e+02,1.531666666670000154e+02,7.400000000000000000e+02,9.998000000000000398e+01,6.126683333300000811e+00,2.826000000000000068e+00,-3.487500000000000000e+01,-3.628125000000000000e+01,-4.263125228879999895e+01,1.109150000000000063e+02,6.139059999999999739e+00,4.550930000000000177e+02,-6.059375381470000121e+01,-6.215625254310000258e+01,-7.475625457760000359e+01,3.341042556100000116e+00,3.516772242699999662e+00,2.738708461199999888e+00,-7.382308197020000762e+01,5.704909166220000216e+00,1.299270784269999979e+01,8.615000190739999653e+01,7.509375381470000832e+01,8.372916920979999134e+01
1.333969543999999896e-01,1.014749999999999943e+02,1.331168830999999997e-01,9.984000000000000341e+01,3.286586666700000325e+00,5.469999999999999751e+00,-4.553125000000000000e+01,-4.160416920979999844e+01,-5.048437595369999542e+01,3.402000000000000163e-02,9.715999999999999659e+01,3.284180000000000099e+00,3.609999999999999876e+00,3.350000000000000000e+01,3.290625000000000000e+01,3.635156345369999542e+01,3.121875822540000058e+02,2.859929019999999864e-02,5.000000000000000000e+01,8.204166666669999586e+01,4.799999694819999831e+02,9.657999999999999829e+01,3.283446666700000183e+00,3.115000000000000213e+00,-3.453125000000000000e+01,-3.022916793820000336e+01,-4.335937500000000000e+01,1.224399999999999977e+02,3.312546666700000308e+00,3.327350000000000136e+02,-5.315625381470000121e+01,-4.979166793819999981e+01,-6.288281536100000579e+01,2.449480026599999860e+00,2.266637283799999736e+00,2.747995101000000329e+00,-6.192630767819999704e+01,4.204557270069999930e+01,9.854644000989999597e+00,8.683593940739999084e+01,7.903125000000000000e+01,7.451041920979999134e+01
3.069571069999999999e-02,7.100769230769999751e+01,3.006976744000000035e-01,1.279399999999999977e+02,3.714483333300000023e+00,4.380833299999999930e+00,-5.071875000000000000e+01,-5.104166793819999981e+01,-5.226562563579999932e+01,3.684499999999999581e-02,1.268599999999999994e+02,3.713416666700000146e+00,3.399999999999999911e+00,3.659375000000000000e+01,3.807291793819999981e+01,3.895833460489999567e+01,2.118749916550000023e+02,2.592666148999999698e-01,9.000000000000000000e+01,9.283333333330000414e+01,7.200000000000000000e+02,1.265100000000000051e+02,3.713058333299999791e+00,3.075833299999999770e+00,-4.246875381470000121e+01,-4.120833460489999567e+01,-4.542187500000000000e+01,1.550399999999999920e+02,3.732961666700000070e+00,3.434375000000000000e+02,-5.415625000000000000e+01,-5.440625254310000258e+01,-7.134375127159999863e+01,2.205640364300000211e+00,2.148003272399999997e+00,2.152620370300000197e+00,-7.039728546140000276e+01,2.351016651420000159e+01,1.408298125880000029e+01,9.122396024069999498e+01,8.731250000000000000e+01,8.911458587639999962e+01
3.120462800000000335e-03,3.075883333330000013e+01,4.130952574000000266e-01,1.355349999999999966e+02,5.284326666700000175e+00,6.000000000000000000e+00,-5.815625000000000000e+01,-5.851041793819999981e+01,-6.701041920979999134e+01,4.892500000000000321e-02,1.339000000000000057e+02,5.282611666700000264e+00,3.491666700000000123e+00,8.437500000000000000e-01,4.125000158899999825e+00,4.270833332999999787e-01,1.818749606609999887e+02,1.247264444999999916e-01,1.300000000000000000e+02,1.320833333329999846e+02,6.700000000000000000e+02,1.335000000000000000e+02,5.282198333300000215e+00,3.181666700000000070e+00,-3.646875000000000000e+01,-3.493750000000000000e+01,-3.897395960489999567e+01,1.370399999999999920e+02,5.288034999999999819e+00,1.912100000000000080e+02,-5.868750000000000000e+01,-5.906250254310000258e+01,-8.111458587650000140e+01,1.663913211999999975e+00,1.594070822100000173e+00,1.715117826499999998e+00,-7.963563537600001041e+01,1.218555887820000017e+01,3.251098600409999761e+01,6.743750254310000969e+01,5.900000000000000000e+01,6.263541809710000052e+01
1.000000000000000000e+00,2.698000000000000043e+01,9.441962930000000198e-02,5.220000000000000284e+01,1.004312000000000005e+01,4.251999999999999780e+00,-5.571875381470000121e+01,-5.533333587649999430e+01,-5.834375305180000026e+01,2.529999999999999957e-02,5.111999999999999744e+01,1.004198666669999973e+01,3.216000000000000192e+00,2.462500190729999971e+01,2.393750127159999863e+01,2.561250114439999948e+01,1.165624260900000024e+02,3.444839640000000452e-02,2.499999847409999916e+02,2.510000000000000000e+02,9.000000000000000000e+02,5.075999999999999801e+01,1.004156000000000049e+01,2.879999999999999893e+00,-3.906250000000000000e+01,-3.357291920979999844e+01,-4.678125152590000368e+01,5.225999999999999801e+01,1.004320000000000057e+01,5.644159999999999400e+02,-5.578125381470000121e+01,-5.540625254310000258e+01,-7.420625457760000643e+01,1.894443315200000200e+00,1.675946502700000007e+00,1.967410558000000087e+00,-7.414987945560000071e+01,3.134580551230000012e+01,3.706449221649999970e+01,8.395625419619999263e+01,8.034375572199999738e+01,7.927083714810000004e+01
5.914715699999999882e-03,1.576135416670000033e+01,9.858333333000000032e-01,1.424499999999999922e+01,1.259535333329999851e+01,4.266999999999999460e+00,-6.059375000000000000e+01,-5.809375254310000258e+01,-6.335000305180000169e+01,9.244999999999999746e-03,1.335500000000000043e+01,1.259437333330000008e+01,3.362000000000000099e+00,1.325000000000000000e+01,1.754166730240000049e+01,2.339375038150000208e+01,9.234378486870001268e+01,5.476898700000000508e-02,2.700000000000000000e+02,3.148333333329999846e+02,1.140000000000000000e+02,1.302999999999999936e+01,1.259398999999999980e+01,3.061000000000000387e+00,-3.759375381470000121e+01,-3.251041730240000049e+01,-4.504375152589999942e+01,1.426999999999999957e+01,1.259542333329999941e+01,6.374429999999999836e+02,-6.075000000000000000e+01,-5.817708460489999567e+01,-7.490000152589999516e+01,1.447790236500000161e+00,1.356713053899999855e+00,1.564442392199999921e+00,-7.404443359380000800e+01,7.899821990000000405e+00,6.344632506979999675e+01,8.674375343330000021e+01,7.384375000000000000e+01,7.563541984549999597e+01
6.992796519999999738e-02,1.153050000000000068e+02,1.346405199000000052e-01,1.931599999999999966e+02,3.615359999999999907e+00,5.146666699999999928e+00,-4.865625000000000000e+01,-4.492708460489999567e+01,-5.116146214800000536e+01,6.006000000000000227e-02,1.899000000000000057e+02,3.612999999999999989e+00,3.410000000000000142e+00,4.137500381470000121e+01,4.466666666670000296e+01,4.113541857399999913e+01,1.909375339750000080e+02,1.312194019999999850e-01,5.999999618529999879e+01,9.029166412349999860e+01,7.500000000000000000e+02,1.894199999999999875e+02,3.612533333300000038e+00,3.023333300000000001e+00,-4.034375000000000000e+01,-3.753125381470000121e+01,-4.535416857399999913e+01,2.353400000000000034e+02,3.653900000000000148e+00,6.409133332999999766e+02,-5.881250381470000121e+01,-5.570833714800000536e+01,-7.645313008630000695e+01,3.881477554399999974e+00,3.993001782699999946e+00,3.775110346499999547e+00,-7.654360961909999617e+01,2.370658109630000254e+01,8.672650795720000971e+00,9.229688072200001159e+01,9.003125381469999411e+01,8.959375127159999863e+01
5.836374230000000718e-02,1.667900000000000205e+01,2.499596588999999924e-01,4.524499999999999744e+01,9.125284999999999869e+00,4.368000000000000327e+00,-5.346875381470000121e+01,-4.846875000000000000e+01,-6.036875152590000226e+01,1.305500000000000063e-02,4.421500000000000341e+01,9.124180000000000845e+00,3.238999999999999879e+00,7.687500000000000000e+00,7.062500476799999483e+00,7.925000381499999413e+00,1.895312517879999916e+02,3.830051049999999568e-02,1.600000000000000000e+02,2.281250000000000000e+02,5.700000000000000000e+02,4.382999999999999829e+01,9.123680000000000234e+00,2.903000000000000025e+00,-3.556250000000000000e+01,-2.506250190729999971e+01,-4.035625076289999669e+01,4.532999999999999829e+01,9.125370000000000203e+00,7.340650000000000546e+02,-5.368750000000000000e+01,-4.862500000000000000e+01,-7.615625305180000737e+01,1.413029724199999837e+00,9.618972521999999969e-01,1.500098644499999967e+00,-7.568746948240000449e+01,1.460194326920000130e+01,5.995563283170000091e+01,6.829375190739999368e+01,6.115625381470000121e+01,5.553125047680000392e+01
1.000000000000000000e+00,1.000000000000000000e+03,3.898881956000000426e-01,7.184000000000000341e+01,9.708726666699998731e+00,4.314000000000000057e+00,-5.425000000000000000e+01,-5.432292048140000418e+01,-6.135000305180000169e+01,5.306500000000000106e-02,7.063500000000000512e+01,9.707694999999999297e+00,3.433000000000000274e+00,1.431250095369999897e+01,2.096875190729999971e+01,2.871250152590000226e+01,1.431249678140000015e+02,9.229014810000001068e-02,1.900000000000000000e+02,2.426666666670000154e+02,6.900000000000000000e+02,7.029000000000000625e+01,9.707288333300001071e+00,3.146000000000000352e+00,-3.246875000000000000e+01,-2.842708396909999990e+01,-4.356875152589999800e+01,7.195000000000000284e+01,9.708843333300000822e+00,3.558369999999999891e+02,-5.434375381470000121e+01,-5.443750127159999863e+01,-7.318125152589999516e+01,1.624742874999999920e+00,1.368070086499999949e+00,1.714147602700000217e+00,-7.161640167240000210e+01,1.264151116910000106e+01,1.000000000000000000e+00,9.006250457770001105e+01,6.856250095369999542e+01,7.529167238869999323e+01
1.000000000000000000e+00,1.000000000000000000e+03,2.170212589000000136e-01,2.444000000000000128e+01,8.777553333300000205e+00,5.226666699999999999e+00,-5.050000000000000000e+01,-5.045833714800000536e+01,-5.377083714800000536e+01,1.254000000000000080e-02,2.273999999999999844e+01,8.773973333300000732e+00,3.483333299999999966e+00,2.815625000000000000e+01,3.296875127159999863e+01,3.211458460489999567e+01,1.110937073829999946e+02,1.088854968999999895e-01,2.499999847409999916e+02,2.193750000000000000e+02,5.600000000000000000e+02,2.230000000000000071e+01,8.773513333300000383e+00,3.100000000000000089e+00,-4.471875381470000121e+01,-4.112500127159999863e+01,-4.811979357399999913e+01,2.953999999999999915e+01,8.783380000000001075e+00,3.372133332999999880e+02,-5.196875381470000121e+01,-5.351042048140000418e+01,-7.197916793819999270e+01,3.724552975099999941e+00,4.549612024400000010e+00,3.441716803199999841e+00,-7.143651580809999757e+01,9.160502879119999164e+00,1.000000000000000000e+00,8.588542175290000102e+01,7.865625000000000000e+01,8.342708841959999688e+01
2.519843333999999824e-01,2.364999999999999858e+01,3.839149021999999634e-01,4.824000000000000199e+01,2.296100000000000030e+00,4.753333299999999539e+00,-5.978125381470000121e+01,-5.584375381470000121e+01,-6.028125381470000121e+01,2.079999999999999905e-02,4.706000000000000227e+01,2.294820000000000082e+00,3.600000000000000089e+00,2.500000000000000000e+01,2.579166730239999694e+01,2.096875063579999932e+01,3.406249582770000188e+02,9.285963329999999405e-02,5.000000000000000000e+01,5.733333206180000019e+01,3.800000000000000000e+02,4.647999999999999687e+01,2.294233333300000233e+00,3.069999999999999840e+00,-4.675000000000000000e+01,-4.027083460489999567e+01,-4.697917048140000418e+01,4.828000000000000114e+01,2.296219999999999928e+00,5.600966667000000143e+02,-5.981250000000000000e+01,-5.597917048140000418e+01,-7.232292048140000418e+01,1.625115541500000038e+00,1.588820251600000066e+00,1.550728845899999930e+00,-7.103095245359999410e+01,2.375590447199999744e+01,4.228329809729999766e+01,8.125000445050000053e+01,8.478125381470000832e+01,8.163542111709999460e+01
-1.761427529999999922e-02,3.624800000000000466e+01,1.147058823499999880e+00,1.497199999999999989e+02,8.713960000000000150e+00,3.995000000000000107e+00,-5.715625381470000121e+01,-5.448437690729999616e+01,-6.096094036100000579e+01,8.347999999999999865e-02,1.490800000000000125e+02,8.713260000000000005e+00,3.375000000000000000e+00,1.271875000000000000e+01,1.259375095369999897e+01,1.953125095369999897e+01,1.218749955300000067e+02,1.655996959999999837e-02,2.700000000000000000e+02,2.178125000000000000e+02,0.000000000000000000e+00,1.487800000000000011e+02,8.712939999999999685e+00,3.089999999999999858e+00,-3.878125000000000000e+01,-3.501562500000000000e+01,-4.685156631470000121e+01,1.497400000000000091e+02,8.714030000000001053e+00,5.488600000000000136e+02,-5.721875381470000121e+01,-5.456250381470000121e+01,-7.514844322199999738e+01,1.289148991600000072e+00,1.293143772600000130e+00,1.329182893100000040e+00,-7.354583740229999478e+01,6.292852516299999976e+00,2.758772897820000125e+01,8.049219131470000832e+01,6.987500381470000832e+01,6.707812786099999869e+01
-2.064219030000000177e-02,1.613020000000000209e+02,1.916228842999999904e-01,4.080649999999999977e+02,3.251255000000000006e+00,7.089999999999999858e+00,-5.240625000000000000e+01,-5.321875381470000121e+01,-5.471875000000000000e+01,1.621900000000000008e-01,4.047099999999999795e+02,3.247034999999999894e+00,3.555000000000000160e+00,2.956250190729999971e+01,3.150000000000000000e+01,2.231250190729999971e+01,1.189062893389999971e+02,7.813998309999999059e-02,6.000000381470000121e+01,8.112500000000000000e+01,4.600000000000000000e+02,4.042549999999999955e+02,3.246590000000000309e+00,3.145000000000000018e+00,-4.140625000000000000e+01,-3.828125000000000000e+01,-4.265625000000000000e+01,4.218849999999999909e+02,3.260270000000000223e+00,2.764000000000000057e+01,-5.981250000000000000e+01,-5.943750381470000121e+01,-6.671875000000000000e+01,2.625872419000000235e+00,2.969024850099999835e+00,1.909216374399999916e+00,-6.395281219479999635e+01,7.145665371919998954e+00,6.199551152499999773e+00,7.703125190729998906e+01,8.196875190729998906e+01,8.471875381470000832e+01
3.199556500000000272e-03,1.660338983049999939e+01,9.703539823000000286e-01,3.246000000000000085e+01,3.324606666700000268e+00,4.264999999999999680e+00,-5.878125000000000000e+01,-5.602083587649999430e+01,-6.129687881470000121e+01,1.171999999999999952e-02,3.148000000000000043e+01,3.323326666700000320e+00,3.464999999999999858e+00,1.153125095369999897e+01,9.760416984600000845e+00,2.118750095369999897e+01,2.356251180170000055e+02,2.357217479999999810e-02,7.000000000000000000e+01,8.304166666669999586e+01,2.900000000000000000e+02,3.114000000000000057e+01,3.322919999999999874e+00,3.185000000000000053e+00,-3.846875381470000121e+01,-3.472916920979999844e+01,-4.242187595369999542e+01,3.253999999999999915e+01,3.325019999999999865e+00,3.625149999999999864e+02,-5.893750000000000000e+01,-5.628125254310000258e+01,-7.047656822199999738e+01,1.569718857200000039e+00,1.438391228199999983e+00,1.674262706499999975e+00,-6.907585906979998924e+01,9.553246272129999994e+00,6.022866476120000101e+01,8.248437976840000374e+01,7.031250095369999542e+01,6.578125286110000047e+01
2.150971919999999926e-02,6.034906250000000227e+01,2.678926561000000151e-01,7.188500000000000512e+01,4.315281666699999796e+00,4.488749999999999574e+00,-6.487500762940000243e+01,-6.066667048140000418e+01,-6.418750286099999869e+01,1.697500000000000051e-02,7.095999999999999375e+01,4.314303333299999821e+00,3.387500000000000178e+00,2.312500000000000000e+01,2.634375127159999863e+01,2.310156345369999897e+01,1.867186427120000189e+02,1.274576186999999972e-01,1.000000000000000000e+02,1.078333307900000051e+02,4.300000305180000169e+02,7.061499999999999488e+01,4.313948333299999938e+00,3.053749999999999964e+00,-4.890625000000000000e+01,-4.497916920979999844e+01,-4.911719036100000579e+01,7.193999999999999773e+01,4.315414999999999779e+00,3.901262500000000273e+02,-6.496875000000000000e+01,-6.084375127159999863e+01,-7.701563262940000243e+01,1.722870602800000039e+00,1.789266100899999934e+00,1.829174919799999799e+00,-7.637684631350001041e+01,1.205852295059999868e+01,1.657026569390000148e+01,8.728906631469999411e+01,8.800000762940000243e+01,8.701042175299998860e+01
-2.049132839999999733e-01,5.134199999999999875e+01,9.805317776999999957e-01,2.953149999999999977e+02,1.124129666670000027e+01,3.796999999999999709e+00,-6.484375000000000000e+01,-6.271875254310000258e+01,-6.596250000000000568e+01,9.820000000000000603e-03,2.947950000000000159e+02,1.124075999999999986e+01,3.285000000000000142e+00,2.068750000000000000e+01,2.548958460489999922e+01,3.228750076290000237e+01,9.359378367659999753e+01,9.734211119999999773e-02,3.200000000000000000e+02,2.810000000000000000e+02,1.120000000000000000e+02,2.945299999999999727e+02,1.124048500000000139e+01,3.041999999999999815e+00,-3.678125000000000000e+01,-3.382291793819999981e+01,-4.526875152590000084e+01,2.953500000000000227e+02,1.124133666670000054e+01,2.548549999999999898e+02,-6.493750000000000000e+01,-6.283333714800000536e+01,-7.391875152590000653e+01,1.049266923499999837e+00,1.128461197300000052e+00,1.223544130000000063e+00,-7.286683654789999309e+01,6.017465931799999446e+00,1.947723111680000230e+01,9.825000076290001516e+01,8.553125000000000000e+01,8.820833714799999825e+01
5.302599200000000790e-03,5.240470588239999472e+01,3.281249954000000080e-01,8.128799999999999955e+02,7.139486666699999873e+00,7.336666700000000318e+00,-4.993750000000000000e+01,-5.198958587649999430e+01,-6.003646151220000604e+01,8.436000000000000443e-02,8.099600000000000364e+02,7.136379999999999946e+00,3.433333299999999699e+00,2.690625190729999971e+01,2.882291793820000336e+01,2.981250095369999897e+01,8.265628665689999366e+01,4.430529849999999964e-02,2.300000000000000000e+02,1.783333333329999846e+02,7.500000000000000000e+02,8.095399999999999636e+02,7.135953333300000700e+00,3.066666700000000301e+00,-3.668750000000000000e+01,-3.665625127159999863e+01,-4.183333460489999567e+01,8.179199999999999591e+02,7.145893333300000094e+00,3.544599999999999795e+02,-5.203125381470000121e+01,-5.475000127159999863e+01,-7.665625254310000969e+01,3.979260402299999999e+00,4.137271400199999505e+00,2.575332244100000167e+00,-7.663528442380000172e+01,4.763882730589999781e+00,1.908225574709999961e+01,8.984896246590000146e+01,7.684375190729998906e+01,8.081250381470000832e+01
-1.656414989999999837e-02,5.115052631580000053e+01,1.843406592999999871e-01,3.048000000000000114e+02,1.769159999999999844e+00,5.429999999999999716e+00,-5.075000381470000121e+01,-4.998437690729999616e+01,-6.028125381470000121e+01,1.135999999999999857e-02,3.027400000000000091e+02,1.767209999999999948e+00,3.439999999999999947e+00,1.678125000000000000e+01,2.373437595369999897e+01,2.998437595369999897e+01,1.703124940390000006e+02,8.009078349999999846e-02,7.000000000000000000e+01,4.418750000000000000e+01,3.200000000000000000e+02,3.021800000000000068e+02,1.766690000000000094e+00,3.100000000000000089e+00,-3.934375381470000121e+01,-3.889062500000000000e+01,-4.618750381470000121e+01,3.058999999999999773e+02,1.770759999999999890e+00,4.633500000000000227e+02,-5.109375381470000121e+01,-5.043750190729999616e+01,-7.429687500000000000e+01,2.555152195099999801e+00,2.625649588899999998e+00,2.980521936999999788e+00,-7.329692077640000036e+01,1.117335828359999894e+01,1.955014096680000080e+01,9.026562976840000374e+01,6.753125381470000832e+01,7.371875286099999869e+01
1.579015491000000104e-01,3.853333333329999988e+01,3.089887640000000060e-02,3.657999999999999829e+01,3.552313333299999876e+00,4.963999999999999524e+00,-5.146875381470000121e+01,-4.691666920979999844e+01,-5.388750228880000037e+01,1.179999999999999973e-02,3.500000000000000000e+01,3.550626666700000378e+00,3.276000000000000245e+00,3.362500381470000121e+01,2.680208460489999922e+01,2.955625114440000090e+01,1.934374570850000055e+02,5.503051730000000502e-02,8.000000000000000000e+01,8.875000000000000000e+01,3.200000000000000000e+02,3.460000000000000142e+01,3.550119999999999720e+00,2.907999999999999918e+00,-4.237500381470000121e+01,-3.688541666670000296e+01,-4.683125152590000084e+01,3.667999999999999972e+01,3.567580000000000418e+00,3.477280000000000086e+02,-5.153125000000000000e+01,-4.821875254310000258e+01,-7.233125457760000643e+01,3.161202447900000045e+00,2.627152434499999689e+00,3.313981834800000303e+00,-7.155913543699999479e+01,1.207557840039999952e+01,2.595155709340000172e+01,8.344375343320000127e+01,8.509375762940000243e+01,7.371875381470000832e+01
2.393376669999999762e-02,1.111650000000000063e+02,8.593040910000000754e-02,1.923000000000000114e+02,4.688659999999999606e+00,6.075000000000000178e+00,-4.900000381470000121e+01,-4.955208460489999567e+01,-5.185937881470000121e+01,8.057999999999999885e-02,1.881200000000000045e+02,4.685080000000000133e+00,3.600000000000000089e+00,4.278125381470000121e+01,4.508333587649999430e+01,4.567969036100000579e+01,1.050001084799999944e+02,1.081390157000000074e-01,1.300000000000000000e+02,1.171250025429999937e+02,1.170000000000000000e+03,1.876599999999999966e+02,4.684619999999999784e+00,3.205000000000000071e+00,-3.790625000000000000e+01,-4.000000127159999863e+01,-4.812500095369999542e+01,2.296200000000000045e+02,4.727333333299999829e+00,3.211949999999999932e+02,-5.600000000000000000e+01,-5.684375381470000121e+01,-7.300000381470000832e+01,4.690221215799999399e+00,4.825507122799999493e+00,4.750463471399999804e+00,-7.203099822999999446e+01,1.939619751300000061e+01,8.995637116000001043e+00,9.753906917569999280e+01,9.178125762940000243e+01,9.463542048139998997e+01
1.312356709999999878e-02,6.012218750000000256e+01,2.699356861000000163e-01,6.336500000000000199e+01,7.462369999999999948e+00,8.192999999999999616e+00,-4.662500381470000121e+01,-4.856250000000000000e+01,-5.831250305180000026e+01,2.421999999999999847e-02,6.135000000000000142e+01,7.458480000000000665e+00,3.395000000000000018e+00,2.890625190729999971e+01,3.210937500000000000e+01,3.133125152590000084e+01,1.121875047679999966e+02,6.789217139999999262e-02,1.900000000000000000e+02,1.864375000000000000e+02,6.400000000000000000e+02,6.092000000000000171e+01,7.457989999999999675e+00,2.990000000000000213e+00,-3.968750381470000121e+01,-3.854687690730000327e+01,-4.146250152590000226e+01,7.160500000000000398e+01,7.469457499999999861e+00,4.758799999999999955e+02,-5.081250000000000000e+01,-5.178125190729999616e+01,-7.170000305179999600e+01,3.021831426100000328e+00,3.245671188500000248e+00,2.255687775699999786e+00,-7.078621673579999651e+01,6.838217433910000587e+00,1.663279467329999761e+01,8.964375457770000821e+01,7.553125572199999738e+01,8.067187500000000000e+01
1.000000000000000000e+00,2.016000000000000014e+01,6.657999999999999474e-01,4.239999999999999858e+01,5.765399999999999636e+00,4.126666700000000354e+00,-6.087500381470000121e+01,-5.240625000000000000e+01,-6.196354548140000418e+01,1.341999999999999964e-02,4.160000000000000142e+01,5.764100000000000001e+00,3.333333300000000055e+00,2.678125190729999971e+01,1.093750095369999897e+01,2.948958460489999922e+01,2.834374904630000174e+02,7.368266580000000510e-02,5.000000000000000000e+01,1.441250000000000000e+02,3.100000000000000000e+02,4.125999999999999801e+01,5.763600000000000279e+00,3.026666700000000265e+00,-3.828125000000000000e+01,-2.756250000000000000e+01,-4.375000254310000258e+01,4.252000000000000313e+01,5.765540000000000553e+00,1.581433333000000232e+02,-6.096875381470000121e+01,-5.259375381470000121e+01,-6.381250254310000258e+01,1.480181108199999818e+00,1.053326710999999971e+00,1.613714785900000059e+00,-6.269814682009999984e+01,2.597801404420000182e+01,4.960317460319999583e+01,9.145313008629999274e+01,8.765625572200001159e+01,6.334375095369999542e+01
4.197885999999999979e-02,6.812307692310000107e+01,2.663265305999999999e-01,1.886599999999999966e+02,2.929199999999999804e+00,4.969999999999999751e+00,-5.378125381470000121e+01,-5.605208714800000536e+01,-5.666406440729999616e+01,5.456000000000000433e-02,1.871800000000000068e+02,2.927566666700000209e+00,3.509999999999999787e+00,3.615625381470000121e+01,3.509375254310000258e+01,3.568750095369999542e+01,1.842187494040000217e+02,3.225025160000000168e-02,7.000000000000000000e+01,7.320833333330000414e+01,8.200000000000000000e+02,1.867599999999999909e+02,2.927126666699999991e+00,3.120000000000000107e+00,-4.021875000000000000e+01,-4.298958333329999704e+01,-4.592187595369999542e+01,1.889000000000000057e+02,2.936833333299999627e+00,5.123350000000000364e+02,-5.406250381470000121e+01,-5.632291920979999844e+01,-7.522656631470000832e+01,2.813597208399999605e+00,2.900306766799999991e+00,2.810817252099999664e+00,-7.467325592039999549e+01,2.450616655710000202e+01,1.467931345979999946e+01,9.235156536099999869e+01,8.993750762940000243e+01,9.114583969110000794e+01
4.428670690000000715e-02,9.292399999999999238e+01,2.995321019000000140e-01,1.215199999999999960e+02,3.549339999999999939e+00,4.616666700000000567e+00,-6.159375381470000121e+01,-6.182292048140000418e+01,-6.269791984560000486e+01,4.730000000000000177e-02,1.200600000000000023e+02,3.547753333299999756e+00,3.506666700000000247e+00,4.250000000000000000e+01,4.363542048140000418e+01,3.821354357399999913e+01,2.167188227179999842e+02,7.327406110000000972e-02,1.100000000000000000e+02,8.870833333330000414e+01,7.000000000000000000e+02,1.195600000000000023e+02,3.547253333300000033e+00,3.083333300000000055e+00,-4.381250381470000121e+01,-4.119791793819999981e+01,-4.540625190729999616e+01,1.217000000000000028e+02,3.549546666699999964e+00,4.778133333000000675e+02,-6.184375381470000121e+01,-6.201041920979999844e+01,-7.287500381470000832e+01,2.428194564700000058e+00,2.437720686900000100e+00,2.068865895600000115e+00,-7.197512817380000172e+01,2.435276283320000346e+01,1.076148250180000154e+01,1.009114634200000040e+02,1.040937538149999995e+02,1.054583409629999977e+02
1.740793599999999799e-03,1.376249999999999929e+01,6.646874811999999855e-01,1.381299999999999955e+02,9.138107500000000272e+00,4.231666699999999892e+00,-5.865625381470000121e+01,-5.712500190729999616e+01,-6.192708587649999430e+01,3.534500000000000142e-02,1.371750000000000114e+02,9.137192500000001161e+00,3.428333299999999806e+00,8.750000000000000000e+00,1.771875095369999897e+01,1.819791793819999981e+01,9.598214179280000735e+01,3.526243569999999716e-02,2.099999847409999916e+02,2.284375152590000084e+02,0.000000000000000000e+00,1.368199999999999932e+02,9.136857499999999632e+00,3.153333299999999895e+00,-3.334375000000000000e+01,-3.271875190730000327e+01,-4.433333714800000536e+01,1.383449999999999989e+02,9.138710000000001443e+00,4.271533333000000425e+02,-5.893750000000000000e+01,-5.757812690729999616e+01,-7.573958333330000414e+01,1.160459987799999926e+00,1.237713119499999959e+00,1.346091020800000093e+00,-7.512535095210000691e+01,1.158818786130000156e+01,7.266121707540000330e+01,8.012500381470000832e+01,6.740625381470000832e+01,7.484375286099999869e+01
-2.984066349999999965e-02,1.196275862069999896e+01,1.435185185200000157e+00,9.660000000000000142e+00,8.425139999999998963e+00,4.043999999999999595e+00,-6.718750000000000000e+01,-6.007292048140000418e+01,-6.575000152590000368e+01,6.700000000000000226e-03,8.900000000000000355e+00,8.424200000000000799e+00,3.236000000000000210e+00,1.431250095369999897e+01,8.270833651200000247e+00,1.321875038150000137e+01,1.589062809939999852e+02,1.230206810000000067e-02,1.500000000000000000e+02,2.106250000000000000e+02,3.300000000000000000e+02,8.560000000000000497e+00,8.423786666699999870e+00,2.903999999999999915e+00,-5.015625000000000000e+01,-4.071875127159999863e+01,-5.103125305180000026e+01,9.740000000000000213e+00,8.425186666700000160e+00,5.567919999999999163e+02,-6.737500762940000243e+01,-6.016667048140000418e+01,-6.966875457759999790e+01,1.320384399799999997e+00,1.299533490099999966e+00,1.411406900300000045e+00,-6.891072082520000208e+01,9.275564190460000802e+00,8.359275913749999631e+01,7.896875190739999084e+01,8.150000095369999542e+01,6.834375413259999732e+01
1.761589500000000207e-03,1.033000000000000007e+01,1.005949941899999978e+00,2.167500000000000071e+01,5.663205000000000489e+00,4.309166700000000461e+00,-6.440625000000000000e+01,-6.259375254310000258e+01,-6.543750000000000000e+01,7.634999999999999426e-03,2.086499999999999844e+01,5.662349999999999994e+00,3.521666699999999928e+00,2.650000000000000000e+01,2.491666730239999694e+01,3.148437627159999863e+01,1.487499922510000090e+02,5.652894080000000349e-02,1.100000000000000000e+02,1.415416666670000154e+02,3.500000000000000000e+02,2.050499999999999901e+01,5.661953333300000502e+00,3.195833299999999877e+00,-4.212500000000000000e+01,-3.521875127159999863e+01,-4.722395960489999567e+01,2.176500000000000057e+01,5.663246666699999210e+00,3.038541667000000075e+02,-6.450000762940000243e+01,-6.270833587649999430e+01,-7.121875127159999863e+01,1.378921056800000100e+00,1.204429109399999920e+00,1.405635463499999904e+00,-7.046586608890000036e+01,1.053006353510000004e+01,9.680542110360001118e+01,9.692187627159999863e+01,9.090625000000000000e+01,8.751041984549999597e+01
1.000000000000000000e+00,7.419999999999999929e+00,1.789772729999999923e-02,4.634000000000000341e+01,5.895913333300000225e+00,4.213333299999999504e+00,-5.587500381470000121e+01,-5.189583587649999430e+01,-5.740625381470000121e+01,1.815999999999999906e-02,4.557999999999999829e+01,5.894980000000000331e+00,3.486666700000000230e+00,2.725000190729999971e+01,2.742708460489999922e+01,3.758333460489999567e+01,1.808238029479999796e+02,3.747349977000000165e-01,9.000000000000000000e+01,1.473750000000000000e+02,4.100000000000000000e+02,4.528000000000000114e+01,5.894613333300000590e+00,3.206666699999999981e+00,-3.865625381470000121e+01,-3.673958333329999704e+01,-4.577083714800000536e+01,4.639999999999999858e+01,5.895940000000000403e+00,1.017800000000000011e+02,-5.596875381470000121e+01,-5.192708587649999430e+01,-7.513541666669999586e+01,2.052447857899999839e+00,2.157119622400000214e+00,2.431757171900000181e+00,-7.421445465089999516e+01,1.189170023839999857e+01,1.347708894879999946e+02,9.498958841959999688e+01,8.312500572199999738e+01,7.932292048140000418e+01
1.133429689999999879e-02,2.554197368420000203e+01,4.910447760999999689e-01,6.410999999999999943e+01,3.348701666700000246e+00,4.217999999999999972e+00,-5.550000381470000121e+01,-5.421875254310000258e+01,-5.668125381469999979e+01,2.092499999999999916e-02,6.329999999999999716e+01,3.347819999999999574e+00,3.416000000000000369e+00,3.500000000000000000e+01,3.395833333329999704e+01,4.056250305180000026e+01,2.306249588729999971e+02,2.173592597000000015e-01,7.000000000000000000e+01,8.370833333330000414e+01,5.600000000000000000e+02,6.293999999999999773e+01,3.347411666700000232e+00,3.071000000000000174e+00,-3.503125000000000000e+01,-3.421875127159999863e+01,-3.881250152590000368e+01,6.412999999999999545e+01,3.348755000000000148e+00,1.940870000000000175e+02,-5.559375000000000000e+01,-5.435416920979999844e+01,-7.360625610350000159e+01,1.615898289199999782e+00,1.527419939799999904e+00,1.749715926699999979e+00,-7.243812561039999309e+01,1.656741392260000012e+01,3.915124227919999811e+01,9.724375686649999295e+01,9.050000381469999411e+01,8.817708587639999962e+01
1.000000000000000000e+00,5.038000000000000114e+02,2.341445490000000282e-02,2.101999999999999957e+01,5.097859999999999836e+00,5.373333299999999646e+00,-5.134375381470000121e+01,-4.360416793819999981e+01,-5.534375254310000258e+01,8.620000000000000925e-03,1.944000000000000128e+01,5.095966666699999870e+00,3.653333299999999895e+00,3.265625381470000121e+01,2.325000127159999863e+01,3.375000381470000121e+01,2.223438173529999915e+02,6.062190230000000235e-02,1.300000000000000000e+02,1.273750000000000000e+02,3.200000000000000000e+02,1.901999999999999957e+01,5.095306666699999987e+00,3.273333300000000001e+00,-3.787500000000000000e+01,-3.263542048139999707e+01,-4.552083587649999430e+01,2.123999999999999844e+01,5.098166666700000071e+00,5.200133333000001130e+02,-5.146875381470000121e+01,-4.378125127159999863e+01,-7.180208333330000414e+01,3.049944000500000030e+00,2.350035951299999759e+00,3.207298118299999778e+00,-7.131275177000000554e+01,1.450503985769999993e+01,1.984914648670000226e+00,8.909375635780000380e+01,8.400000762940000243e+01,6.685416920979999134e+01
-2.142194930000000316e-02,5.668874999999999886e+01,2.287090558999999856e-01,8.070800000000000409e+02,3.474059999999999704e+00,4.853333300000000072e+00,-5.162500381470000121e+01,-5.128125127159999863e+01,-5.415104293819999981e+01,7.997999999999999554e-02,8.031799999999999500e+02,3.470586666700000045e+00,3.296666700000000283e+00,3.106250000000000000e+01,3.078125000000000000e+01,3.558333524070000209e+01,2.076562494040000217e+02,6.749961999999999109e-03,9.000000000000000000e+01,8.675000000000000000e+01,3.700000000000000000e+02,8.026799999999999500e+02,3.470059999999999700e+00,2.910000000000000142e+00,-3.496875381470000121e+01,-3.606250254310000258e+01,-4.378125254310000258e+01,8.136200000000000045e+02,3.481819999999999915e+00,2.571666669999999755e+01,-5.487500000000000000e+01,-5.585417048140000418e+01,-6.498438008630000695e+01,3.604976368600000036e+00,3.756515303300000053e+00,2.899182412799999664e+00,-6.415873718260000658e+01,1.373741037829999989e+01,1.764018433989999934e+01,8.973437817889998769e+01,8.268750381470000832e+01,8.206250127159999863e+01
1.968132899999999914e-03,1.222904761900000103e+01,3.312238551000000197e-01,1.417999999999999972e+01,2.664899999999999824e+00,4.041666700000000390e+00,-5.734375000000000000e+01,-5.609375381470000121e+01,-6.170833714800000536e+01,8.675000000000000419e-03,1.326999999999999957e+01,2.663870000000000182e+00,3.245000000000000107e+00,7.687500000000000000e+00,1.300000000000000000e+01,2.012500063579999932e+01,2.914061844350000001e+02,5.259484049999999661e-02,1.200000076289999953e+02,6.662500000000000000e+01,3.500000000000000000e+02,1.294500000000000028e+01,2.663409999999999833e+00,2.953333299999999717e+00,-3.693750000000000000e+01,-3.253125000000000000e+01,-4.213541793819999981e+01,1.422000000000000064e+01,2.664989999999999970e+00,4.346349999999999909e+02,-5.746875381470000121e+01,-5.621875381470000121e+01,-7.005208587650000140e+01,1.385014992799999956e+00,1.027346564300000153e+00,1.400042733000000039e+00,-6.871028900150000140e+01,1.965720184170000095e+01,8.177251664690000155e+01,8.183333778380000467e+01,6.503125000000000000e+01,6.909375381470000832e+01
1.529328099999999972e-03,1.598499999999999943e+01,7.942425043999999934e-01,2.185800000000000125e+02,1.133957999999999977e+01,4.232000000000000206e+00,-5.465625381470000121e+01,-5.502083714800000536e+01,-5.948750152590000084e+01,3.448000000000000370e-02,2.176800000000000068e+02,1.133868000000000009e+01,3.459999999999999964e+00,1.393750000000000000e+01,1.604166698459999907e+01,2.217500038150000208e+01,8.468738198279999096e+01,4.560183300000000307e-03,3.300000000000000000e+02,2.834583333329999846e+02,7.800000000000000000e+02,2.173000000000000114e+02,1.133829333329999933e+01,3.136000000000000121e+00,-3.203125381470000121e+01,-3.194791857400000268e+01,-4.460625152589999942e+01,2.186200000000000045e+02,1.133966666670000123e+01,4.209719999999999800e+02,-5.475000381470000121e+01,-5.511458714800000536e+01,-7.375000457760000927e+01,1.282149067199999992e+00,1.291669784300000012e+00,1.452116013399999961e+00,-7.258553314210000451e+01,8.394707542879999096e+00,6.255864873319999475e+01,8.166250190739999937e+01,6.859375381470000832e+01,7.106250413259999732e+01
6.879444919999999630e-02,1.219000000000000057e+02,2.524647886999999979e-01,8.345999999999999375e+01,1.675279999999999880e+00,5.320000000000000284e+00,-4.503125381470000121e+01,-4.341666920979999844e+01,-5.173437817890000190e+01,2.301999999999999880e-02,8.062000000000000455e+01,1.673320000000000141e+00,3.433333299999999699e+00,2.525000000000000000e+01,3.332291793819999981e+01,2.692708524070000209e+01,3.204686939719999828e+02,6.316390630000000284e-02,5.000000000000000000e+01,4.179166666670000296e+01,3.700000000000000000e+02,8.001999999999999602e+01,1.672733333300000069e+00,2.976666699999999999e+00,-3.296875381470000121e+01,-3.400000127159999863e+01,-3.721354357399999913e+01,1.048599999999999994e+02,1.703406666699999850e+00,3.201133333000000221e+02,-4.975000381470000121e+01,-5.095833714800000536e+01,-6.269792111710000171e+01,2.668911426899999828e+00,2.713103533500000442e+00,2.703663968000000306e+00,-6.177535247800000207e+01,2.938729156440000168e+01,8.203445447089999121e+00,7.866146341959999688e+01,7.028125381470000832e+01,7.673958714799999825e+01
3.214729646000000218e-01,3.217999999999999972e+01,8.039773000000000058e-02,7.148999999999999488e+01,6.306568333300000440e+00,4.285000000000000142e+00,-5.778125381470000121e+01,-5.561458460489999567e+01,-6.021250305180000595e+01,2.868999999999999675e-02,7.046999999999999886e+01,6.305468333300000339e+00,3.368000000000000327e+00,3.700000000000000000e+01,3.208333524070000209e+01,3.681875076290000237e+01,1.973436772820000158e+02,6.268866359999999971e-02,1.300000000000000000e+02,1.576250000000000000e+02,6.000000000000000000e+02,7.006999999999999318e+01,6.305006666699999762e+00,3.021999999999999797e+00,-4.040625381470000121e+01,-3.397916793819999981e+01,-4.286875228880000321e+01,7.161499999999999488e+01,6.306644999999999612e+00,6.343300000000000409e+02,-5.790625000000000000e+01,-5.577083587649999430e+01,-7.453750610350000727e+01,1.968910414100000006e+00,1.604071153199999822e+00,1.837768462100000111e+00,-7.426083374019999894e+01,1.901169262950000061e+01,3.107520198879999995e+01,9.703125381469999411e+01,9.478125381469999411e+01,8.769791984559999776e+01
1.071103008000000023e-01,1.097000000000000064e+01,9.769041818000000488e-01,1.634499999999999886e+01,1.093733166670000045e+01,3.936666699999999963e+00,-6.403125000000000000e+01,-5.556250381470000121e+01,-6.434375254310000969e+01,8.099999999999999561e-03,1.548499999999999943e+01,1.093602833329999946e+01,3.026666700000000265e+00,1.912500190729999971e+01,8.750000476799998594e+00,2.203125063579999932e+01,1.351562142370000004e+02,5.491557719999999587e-02,1.700000000000000000e+02,2.733750000000000000e+02,4.699999694819999831e+02,1.516499999999999915e+01,1.093549833329999998e+01,2.740000000000000213e+00,-3.965625000000000000e+01,-3.210416857399999913e+01,-4.329167048140000418e+01,1.639499999999999957e+01,1.093745333329999880e+01,6.069166667000000643e+02,-6.406250762940000243e+01,-5.566667048140000418e+01,-7.683333841959999688e+01,1.471698068199999820e+00,1.145865335899999948e+00,1.600572448499999911e+00,-7.603022766109999964e+01,7.397335205760001031e+00,9.115770282590000306e+01,8.637500317889998769e+01,8.315625190729998906e+01,6.431250429149999093e+01
5.591482650000000332e-01,1.014399999999999977e+02,4.931686969999999476e-02,4.567999999999999972e+01,4.423113333299999894e+00,5.322857099999999342e+00,-4.500000000000000000e+01,-4.664583587649999430e+01,-5.484375326970000231e+01,1.585999999999999910e-02,4.400000000000000000e+01,4.421366666700000003e+00,3.580000000000000071e+00,2.981250190729999971e+01,3.259375127159999863e+01,3.587500000000000000e+01,1.623437106610000171e+02,5.565592650000000113e-02,1.500000000000000000e+02,1.104999974570000063e+02,4.899999694819999831e+02,4.350000000000000000e+01,4.420793333299999794e+00,3.165714299999999426e+00,-3.328125000000000000e+01,-3.523958460489999567e+01,-4.308928680420000035e+01,4.579999999999999716e+01,4.426440000000000374e+00,6.330314286000000266e+02,-4.506250000000000000e+01,-4.689583714800000536e+01,-6.810268402100000174e+01,2.638843145000000057e+00,2.526186543500000159e+00,2.874025499700000097e+00,-6.734019470210000691e+01,2.213381287960000066e+01,9.858044164039998947e+00,9.071875326969998810e+01,7.481250190729998906e+01,7.923958714810000004e+01
1.000000000000000000e+00,1.580000000000000071e+01,2.410714279999999834e-02,5.056000000000000227e+01,7.643946666699999781e+00,4.309999999999999609e+00,-6.243750381470000121e+01,-5.730208460489999567e+01,-6.357812690729999616e+01,1.918000000000000260e-02,4.957999999999999829e+01,7.642900000000000027e+00,3.345000000000000195e+00,3.609375381470000121e+01,3.409375381470000121e+01,3.850781440730000327e+01,1.281249225139999908e+02,2.735039029999999927e-02,2.100000000000000000e+02,1.910833333329999846e+02,6.600000000000000000e+02,4.921999999999999886e+01,7.642513333300000156e+00,3.015000000000000124e+00,-4.618750000000000000e+01,-4.119791920979999844e+01,-4.893750381470000121e+01,5.060000000000000142e+01,7.644080000000000652e+00,6.442050000000000409e+02,-6.256250381470000121e+01,-5.739583714800000536e+01,-7.632813072199999738e+01,1.960530603799999882e+00,2.003875401599999773e+00,2.110286783899999907e+00,-7.543912506099999860e+01,1.129969479989999925e+01,6.329113924050000151e+01,1.020859413149999995e+02,9.853125762940000243e+01,9.139583841959999688e+01
1.000000000000000000e+00,1.000000000000000000e+03,5.454545449999999990e-02,8.160000000000000142e+00,2.112692999999999799e+01,4.093333300000000285e+00,-6.246875381470000121e+01,-5.701562500000000000e+01,-6.314062563579999932e+01,7.595000000000000188e-03,7.455000000000000071e+00,2.112586749999999824e+01,3.304166700000000123e+00,1.318750095369999897e+01,5.625000000000000000e-01,1.476562547680000037e+01,6.750000268220000521e+01,2.110861799999999913e-02,6.300000000000000000e+02,5.281250000000000000e+02,6.333332926430000498e+02,7.134999999999999787e+00,2.112544500000000269e+01,2.991666700000000123e+00,-4.590625000000000000e+01,-3.071875095369999897e+01,-5.034895896909999635e+01,8.199999999999999289e+00,2.112710500000000025e+01,3.601083333000000266e+02,-6.259375000000000000e+01,-5.714062500000000000e+01,-7.815625000000000000e+01,1.285196060199999879e+00,9.488118709000000761e-01,1.380051257100000095e+00,-7.689382171629999618e+01,6.523529159380000664e+00,1.000000000000000000e+00,7.790625111260000324e+01,7.565625476840000374e+01,5.757812500000000000e+01
-4.969449839999999508e-02,7.093692307690000121e+01,2.557799197999999774e-01,6.302000000000000455e+02,1.277873333329999994e+01,8.987999999999999545e+00,-4.687500381470000121e+01,-4.873958333329999704e+01,-6.533125305180000453e+01,7.453999999999999515e-02,6.277599999999999909e+02,1.277538666670000111e+01,3.447999999999999954e+00,2.090625000000000000e+01,1.891666857400000268e+01,2.180000076289999811e+01,8.062514662739999949e+01,1.819476299999999921e-02,3.700000000000000000e+02,3.193750000000000000e+02,9.899999389649999557e+02,6.272799999999999727e+02,1.277491333329999890e+01,3.096000000000000085e+00,-4.025000381470000121e+01,-3.859375254310000258e+01,-4.355625228880000321e+01,6.357200000000000273e+02,1.278343333329999965e+01,3.305280000000000200e+02,-4.978125000000000000e+01,-5.137500254310000258e+01,-7.968125305179999884e+01,3.163211648899999950e+00,3.570434412600000051e+00,2.321435830300000003e+00,-7.908475494380000725e+01,7.046231343739999708e+00,1.409703094839999871e+01,8.713125381469998842e+01,6.778125381470000832e+01,6.765625190729998906e+01
2.127114880000000041e-02,5.014111111109999541e+01,4.540662650999999772e-01,6.768000000000000682e+01,2.697553333299999689e+00,4.509999999999999787e+00,-6.478125762940000243e+01,-6.297917048140000418e+01,-6.586719131470000832e+01,1.925999999999999934e-02,6.651999999999999602e+01,2.696286666700000278e+00,3.415000000000000036e+00,3.831250381470000121e+01,3.152083333330000059e+01,3.919531440730000327e+01,2.342187911270000029e+02,6.326737250000000201e-02,9.000000000000000000e+01,6.741666666669999586e+01,4.400000000000000000e+02,6.615999999999999659e+01,2.695899999999999963e+00,3.080000000000000071e+00,-4.553125000000000000e+01,-4.671875127159999863e+01,-4.742187786100000579e+01,6.768000000000000682e+01,2.697726666700000386e+00,4.043949999999999818e+02,-6.478125762940000243e+01,-6.314583587649999430e+01,-7.393750381470000832e+01,2.415484315700000106e+00,2.333325034800000086e+00,2.489853426100000267e+00,-7.304283142090000069e+01,1.851290314519999924e+01,1.994371440599999801e+01,1.050625057220000116e+02,1.030937614439999948e+02,9.450000381469999411e+01
3.425870499999999867e-03,1.632883333330000042e+01,9.160714281999999820e-01,2.414499999999999957e+01,7.517848333300000796e+00,3.586000000000000298e+00,-6.465625000000000000e+01,-6.243750381470000121e+01,-6.524375152589999516e+01,1.155999999999999910e-02,2.339000000000000057e+01,7.517163333300000083e+00,2.888999999999999790e+00,1.400000000000000000e+01,1.906250127160000218e+01,1.696250076289999953e+01,1.289061754939999958e+02,3.333704170000000022e-02,1.700000000000000000e+02,1.878750000000000000e+02,5.099999694819999831e+02,2.309499999999999886e+01,7.516843333300000651e+00,2.623999999999999666e+00,-4.181250000000000000e+01,-4.116666793819999981e+01,-4.707500305180000311e+01,2.422500000000000142e+01,7.517888333300000170e+00,3.973680000000000518e+02,-6.484375000000000000e+01,-6.252083714800000536e+01,-7.675000305180000737e+01,1.267841186800000131e+00,1.177116767800000074e+00,1.283757514199999950e+00,-7.596366882319999547e+01,5.654737916790000263e+00,6.124136241629999944e+01,8.220625228880000179e+01,7.865625000000000000e+01,8.150000508630000695e+01
1.085906459999999921e-02,5.208444444439999899e+01,2.365839369000000136e-01,3.415049999999999955e+02,3.463705000000000478e+00,7.445000000000000284e+00,-5.000000000000000000e+01,-5.200000190729999616e+01,-5.664062627159999863e+01,1.628500000000000086e-02,3.380249999999999773e+02,3.458980000000000388e+00,3.431666700000000070e+00,1.634375000000000000e+01,2.032812500000000000e+01,2.956770928699999956e+01,1.528125405309999962e+02,3.032310680000000272e-02,1.000000000000000000e+02,8.643750000000000000e+01,4.400000000000000000e+02,3.374750000000000227e+02,3.458472500000000061e+00,3.081666699999999981e+00,-3.481250381470000121e+01,-3.503125190730000327e+01,-4.089062627159999863e+01,3.480099999999999909e+02,3.470380000000000464e+00,2.441808333000000175e+02,-5.350000000000000000e+01,-5.515625190729999616e+01,-6.725000127159999863e+01,2.443984163000000098e+00,3.010752591499999742e+00,2.534670063600000134e+00,-6.651059722899999826e+01,8.735452707380000348e+00,1.919959040880000245e+01,8.620833555860001240e+01,6.634375000000000000e+01,7.232812690729998906e+01
-5.993438599999999575e-03,9.096799999999998931e+01,1.908918967999999883e-01,6.915599999999999454e+02,9.222093333300000140e+00,1.140799999999999947e+01,-4.975000381470000121e+01,-5.056250254310000258e+01,-6.694375610350000727e+01,8.572000000000000453e-02,6.859199999999999591e+02,9.217406666699998752e+00,3.720000000000000195e+00,1.365625000000000000e+01,2.477083396909999990e+01,1.555625076289999953e+01,9.093761444090000623e+01,7.333949200000000265e-03,2.499999847409999916e+02,2.304166564940000228e+02,1.009999938960000009e+03,6.852799999999999727e+02,9.216833333300000319e+00,3.256000000000000227e+00,-3.909375000000000000e+01,-4.623958587649999430e+01,-4.295625076289999811e+01,6.999400000000000546e+02,9.232413333300000247e+00,3.354840000000000373e+02,-5.362500381470000121e+01,-5.655208714800000536e+01,-8.091250457760000359e+01,3.515984334599999706e+00,3.623374030499999954e+00,2.487388179799999932e+00,-8.034249114989999896e+01,6.532075984269999580e+00,1.099287661599999844e+01,8.250000686639999969e+01,6.340625381470000121e+01,7.533333651220000604e+01
7.745590000000000114e-03,3.088967741940000167e+01,3.990551911999999923e-01,4.869500000000000028e+01,6.892201666699999230e+00,4.004999999999999893e+00,-6.371875000000000000e+01,-6.370833714800000536e+01,-6.773438262940000243e+01,2.086500000000000160e-02,4.796000000000000085e+01,6.891464999999999286e+00,3.290000000000000036e+00,2.350000190729999971e+01,3.227083460489999567e+01,3.459375190730000327e+01,1.370312869550000130e+02,1.278235763000000191e-01,1.600000000000000000e+02,1.722916666670000154e+02,5.600000000000000000e+02,4.764000000000000057e+01,6.891131666699999769e+00,3.007499999999999840e+00,-3.700000000000000000e+01,-3.484375127159999863e+01,-4.212500381470000121e+01,4.872500000000000142e+01,6.892216666699999550e+00,6.950650000000000546e+02,-6.384375000000000000e+01,-6.377083460489999567e+01,-7.464062881470000832e+01,1.415788690699999908e+00,1.400588799199999901e+00,1.581111923699999977e+00,-7.287428283689999375e+01,9.188936794310000877e+00,3.237327429559999814e+01,1.023281345370000111e+02,8.721875190729998906e+01,9.597917175290001524e+01
8.799036200000000599e-03,4.541952380949999935e+01,3.734774210000000316e-01,2.389950000000000045e+02,3.870146666700000182e+00,4.631000000000000227e+00,-5.953125381470000121e+01,-6.158333587649999430e+01,-6.419374999999999432e+01,4.263000000000000123e-02,2.377750000000000057e+02,3.868759999999999977e+00,3.521000000000000352e+00,3.265625381470000121e+01,3.794791920979999844e+01,3.101875190730000043e+01,2.124998867509999911e+02,2.742293477000000146e-01,9.000000000000000000e+01,9.670833333330000414e+01,6.100000000000000000e+02,2.373700000000000045e+02,3.868360000000000021e+00,3.178999999999999826e+00,-4.234375000000000000e+01,-4.170833714800000536e+01,-4.801875228880000179e+01,2.390500000000000114e+02,3.870396666700000043e+00,3.532649999999999864e+02,-5.962500381470000121e+01,-6.188542048140000418e+01,-7.421250457760000074e+01,2.141015127599999790e+00,2.440265172100000157e+00,2.066768260899999987e+00,-7.361124420170000349e+01,2.497532275510000233e+01,2.201696354619999951e+01,9.521250190729999474e+01,9.218750762940000243e+01,9.953125508629999274e+01
2.128072930000000224e-02,1.224142857140000018e+01,5.199999486999999920e-01,1.587500000000000000e+01,1.096376000000000062e+01,3.867500000000000160e+00,-6.240625381470000121e+01,-5.732291666670000296e+01,-6.185937754310000258e+01,8.850000000000000228e-03,1.527500000000000036e+01,1.096300500000000078e+01,3.213333299999999948e+00,1.159375095369999897e+01,1.000000031789999966e+01,1.557812595369999897e+01,1.112500801679999967e+02,9.858522600000000843e-03,2.499999847409999916e+02,2.740833333329999846e+02,5.400000000000000000e+02,1.500000000000000000e+01,1.096269833329999877e+01,2.980833300000000019e+00,-3.812500000000000000e+01,-3.216666730240000049e+01,-4.664583651220000604e+01,1.589499999999999957e+01,1.096385166670000011e+01,3.300041666999999848e+02,-6.246875381470000121e+01,-5.745833460489999567e+01,-7.308854802449999966e+01,1.157590953699999980e+00,1.169867457000000055e+00,1.405788055599999975e+00,-7.248322296140000276e+01,6.778162521000000496e+00,8.168981211359999861e+01,7.743750349680000511e+01,7.400000476840000374e+01,6.732291698459999907e+01
8.947498499999999647e-03,9.045999999999999375e+00,1.695237844400000027e+00,9.125000000000000000e+00,1.068318833330000039e+01,3.987499999999999822e+00,-6.140625381470000121e+01,-5.735417048140000418e+01,-6.360937627159999863e+01,5.429999999999999931e-03,8.449999999999999289e+00,1.068226999999999904e+01,3.274999999999999911e+00,1.662500000000000000e+01,6.010416845499999106e+00,2.475000095369999897e+01,1.306249648329999786e+02,4.722496119999999853e-02,2.900000000000000000e+02,2.670416615799999818e+02,1.566666564939999944e+02,8.164999999999999147e+00,1.068188833329999987e+01,3.010833299999999824e+00,-3.878125000000000000e+01,-3.086458460489999922e+01,-4.469270960489999567e+01,9.134999999999999787e+00,1.068326000000000064e+01,6.661066667000000052e+02,-6.150000000000000000e+01,-5.747916920979999844e+01,-7.540104548140000418e+01,1.291328821899999868e+00,9.813387004999999386e-01,1.336608347699999921e+00,-7.478993225100001041e+01,6.101165835989999842e+00,1.105460977229999884e+02,8.835937722530000826e+01,7.803125381470000832e+01,6.336458732689999351e+01
1.000000000000000000e+00,2.117999999999999972e+01,3.141534499999999730e-02,6.565000000000000568e+01,4.586890000000000356e+00,4.362499999999999822e+00,-5.671875000000000000e+01,-5.342708714800000536e+01,-5.932812786100000579e+01,2.441000000000000114e-02,6.466500000000000625e+01,4.585863333299999844e+00,3.422499999999999876e+00,2.053125000000000000e+01,1.976041666669999941e+01,2.464062595369999897e+01,2.025240659709999989e+02,6.333266939999999956e-02,9.000000000000000000e+01,1.146666666670000012e+02,4.500000000000000000e+02,6.433499999999999375e+01,4.585480000000000445e+00,3.121249999999999858e+00,-4.234375000000000000e+01,-3.685416793819999981e+01,-4.421875190729999616e+01,6.571500000000000341e+01,4.586966666700000417e+00,4.799250000000000114e+02,-5.684375381470000121e+01,-5.355208714800000536e+01,-6.812500381470000832e+01,1.806088933600000113e+00,1.607618232599999919e+00,1.798402587800000063e+00,-6.720242309569999861e+01,3.349351063860000011e+01,4.721435316339999844e+01,8.396875381470000832e+01,7.725000000000000000e+01,7.318750381470000832e+01
-1.158788999999999994e-04,1.318051724140000047e+01,8.049080804999999561e-01,8.975149999999999864e+02,2.356707000000000107e+01,3.878000000000000114e+00,-5.615625000000000000e+01,-6.051042048140000418e+01,-6.440625152590000368e+01,2.291050000000000308e-01,8.968899999999999864e+02,2.356647166670000004e+01,3.306999999999999940e+00,1.287500095369999897e+01,1.889583396909999990e+01,2.425625114440000019e+01,3.687503933909999887e+01,6.247887019999999458e-02,7.200000000000000000e+02,5.891666666669999586e+02,1.030000000000000000e+03,8.966150000000000091e+02,2.356619666670000157e+01,3.061999999999999833e+00,-3.068750190729999971e+01,-3.508333333329999704e+01,-4.669375381470000264e+01,8.975199999999999818e+02,2.356711166670000068e+01,1.890649999999999977e+02,-5.625000381470000121e+01,-6.063542048140000418e+01,-7.811250457760000643e+01,1.119367454899999892e+00,1.148666733900000070e+00,1.213796389899999939e+00,-7.729488372800000207e+01,3.472113536130000178e+00,7.586955668619999926e+01,8.866250267030000032e+01,6.903125095369999542e+01,7.940625445050000053e+01
1.000000000000000000e+00,1.000000000000000000e+03,6.959105413999999712e-01,1.607999999999999829e+01,1.507907499999999956e+01,3.973999999999999755e+00,-5.990625000000000000e+01,-5.232292048140000418e+01,-6.180000305180000453e+01,1.100999999999999895e-02,1.525999999999999979e+01,1.507793333329999896e+01,3.203999999999999737e+00,1.737500190729999971e+01,5.052083333299999701e+00,2.498750076289999811e+01,9.359370917079999685e+01,4.743117089999999980e-02,2.800000000000000000e+02,3.769583231610000098e+02,6.800000000000000000e+02,1.496000000000000085e+01,1.507747999999999955e+01,2.944999999999999840e+00,-3.746875000000000000e+01,-2.777083396909999990e+01,-4.343125381469999979e+01,1.615500000000000114e+01,1.507931833329999982e+01,5.512899999999999636e+02,-6.006250000000000000e+01,-5.254166920979999844e+01,-7.492500152590000084e+01,1.505502756800000119e+00,1.058647703799999951e+00,1.582848908100000118e+00,-7.389917755129999932e+01,6.129017055540000314e+00,1.000000000000000000e+00,8.678750381469998842e+01,7.728125190729998906e+01,5.737500381470000121e+01
1.000000000000000000e+00,1.000000000000000000e+03,1.919565723000000168e-01,9.804349999999999454e+02,1.130363000000000007e+01,8.515000000000000568e+00,-4.793750000000000000e+01,-5.211458460489999567e+01,-6.501562436420000779e+01,6.795149999999999801e-01,9.764199999999999591e+02,1.129925833329999918e+01,3.443333299999999930e+00,1.115625000000000000e+01,1.580208396910000168e+01,1.744791793819999981e+01,7.328132539989999827e+01,8.792790600000001053e-03,3.900000000000000000e+02,2.824583333329999846e+02,9.499999389649999557e+02,9.757999999999999545e+02,1.129876333329999838e+01,3.093333299999999841e+00,-3.153125190729999971e+01,-3.329166793819999981e+01,-3.981250190730000327e+01,9.832050000000000409e+02,1.130784833329999906e+01,3.420833332999999925e+02,-4.915625381470000121e+01,-5.458333460489999567e+01,-7.819791793819999270e+01,2.502586063099999869e+00,2.919110207400000156e+00,1.936802338499999943e+00,-7.815689086909999617e+01,7.323913265800000794e+00,1.000000000000000000e+00,8.246354230240000049e+01,5.909375000000000000e+01,6.791666857399999913e+01
1.173992699999999896e-02,3.717461538460000270e+01,4.016000000000000125e-01,8.200000000000000000e+01,3.442860000000000031e+00,4.155000000000000249e+00,-6.175000381470000121e+01,-5.800000381470000121e+01,-6.211718940729999616e+01,1.490000000000000005e-02,8.090000000000000568e+01,3.441800000000000193e+00,3.154999999999999805e+00,2.787500000000000000e+01,3.056250190729999971e+01,3.528125190730000327e+01,5.250004529950000460e+02,3.006155419999999995e-02,5.000000000000000000e+01,8.600000000000000000e+01,2.800000000000000000e+02,8.048000000000000398e+01,3.441340000000000288e+00,2.765000000000000124e+00,-4.100000000000000000e+01,-3.203125381470000121e+01,-4.450000190729999616e+01,8.209999999999999432e+01,3.442919999999999536e+00,4.245000000000000107e+00,-6.184375381470000121e+01,-5.809375381470000121e+01,-6.224218940729999616e+01,1.698160557899999867e+00,1.423622810200000144e+00,1.767129805200000181e+00,-6.305999755859999567e+01,3.799276902639999776e+01,2.690007656179999884e+01,9.739844131459999232e+01,8.962500381469999411e+01,8.856250572200001159e+01
2.674379009999999779e-02,1.126075000000000017e+02,1.004999942999999923e-01,1.249699999999999989e+02,1.201211666670000078e+01,6.316666699999999857e+00,-4.393750000000000000e+01,-5.582291793819999981e+01,-5.889062627159999863e+01,3.119999999999999857e-02,1.218349999999999937e+02,1.200677166670000062e+01,3.089999999999999858e+00,4.515625000000000000e+01,2.672916666669999941e+01,2.993229230239999694e+01,1.062500029800000050e+02,5.215810240000000320e-02,2.300000000000000000e+02,3.001666666670000154e+02,7.250000000000000000e+02,1.212849999999999966e+02,1.200639833329999995e+01,2.799999999999999822e+00,-3.121875000000000000e+01,-3.504166793819999981e+01,-3.823437500000000000e+01,1.382800000000000011e+02,1.201645500000000055e+01,5.964600000000000364e+02,-4.846875000000000000e+01,-5.795833460489999567e+01,-7.844791793819999270e+01,4.843871421000000232e+00,3.656742648299999843e+00,2.261516103900000019e+00,-7.825984191890000830e+01,6.659576281529999697e+00,8.880403170299999260e+00,8.882291857399999913e+01,8.909375000000000000e+01,8.255208460490000277e+01
1.000000000000000000e+00,8.660000000000000142e+00,3.916675007999999569e-01,7.134999999999999787e+00,7.552480000000000082e+00,3.435000000000000053e+00,-6.640625000000000000e+01,-5.381250381470000121e+01,-6.549375610350000443e+01,3.760000000000000321e-03,6.565000000000000391e+00,7.551530000000000520e+00,2.819999999999999840e+00,2.806250190729999971e+01,-9.375000595999999353e-01,2.887500076290000095e+01,1.681249588729999971e+02,3.994864970000000515e-02,1.500000000000000000e+02,1.887500000000000000e+02,2.600000000000000000e+02,6.285000000000000142e+00,7.551029999999999909e+00,2.549999999999999822e+00,-3.637500000000000000e+01,-3.221875000000000000e+01,-4.119375381469999553e+01,7.200000000000000178e+00,7.552535000000000664e+00,3.473000000000000309e+00,-6.650000000000000000e+01,-5.393750381470000121e+01,-6.561875457760000074e+01,1.119716503300000054e+00,7.245818993999999513e-01,1.190609210799999929e+00,-6.038869857790000140e+01,6.896793708789999755e+00,1.154734411089999924e+02,9.436875686639999117e+01,9.446875190729998906e+01,5.287500375510000339e+01
9.425492789999999343e-02,5.960000000000000142e+01,4.425471697999999732e-01,8.760500000000000398e+01,1.940536666699999913e+00,1.138499999999999979e+01,-5.809375381470000121e+01,-5.542708714800000536e+01,-5.755468940729999616e+01,3.098999999999999672e-02,8.682500000000000284e+01,1.939736666699999779e+00,1.063625000000000043e+01,2.571875000000000000e+01,2.740625063579999932e+01,2.734375095369999897e+01,2.382814437149999947e+02,5.529242749999999790e-02,5.000000000000000000e+01,4.850000000000000000e+01,0.000000000000000000e+00,8.651000000000000512e+01,1.939406666699999837e+00,1.034624999999999950e+01,-4.303125381470000121e+01,-4.073958587650000140e+01,-4.173437786099999869e+01,3.423399999999999750e+02,1.963668333300000235e+00,3.420187500000000114e+02,-5.890625381470000121e+01,-5.712500127159999863e+01,-6.917187786099999869e+01,1.626058536599999993e+00,1.617579257400000081e+00,1.619903040699999908e+00,-7.118418884279999759e+01,2.794139988170000066e+01,1.677852348989999953e+01,8.489844036099999869e+01,8.381250381470000832e+01,8.283333778380000467e+01
1.519259000000000017e-04,9.165794392500000498e+00,7.818181968000000870e-01,3.720000000000000284e+01,1.418137999999999899e+01,3.427999999999999936e+00,-5.490625381470000121e+01,-5.035417048140000418e+01,-5.860625152589999942e+01,1.134000000000000112e-02,3.650000000000000000e+01,1.418047333329999837e+01,2.788000000000000256e+00,1.896875190729999971e+01,1.793750063579999932e+01,2.895625152590000084e+01,8.203125000000000000e+01,2.042740959999999814e-02,4.300000000000000000e+02,3.545000000000000000e+02,8.000000000000000000e+02,3.614000000000000057e+01,1.418007333329999931e+01,2.508000000000000007e+00,-3.025000190729999971e+01,-2.617708460489999922e+01,-4.280625228880000321e+01,3.721999999999999886e+01,1.418145333329999858e+01,3.170679999999999836e+02,-5.493750381470000121e+01,-5.044791793819999981e+01,-7.252500152589999516e+01,1.123193672199999993e+00,1.183245503500000018e+00,1.395381331200000075e+00,-7.251313018800000521e+01,6.025099923559999127e+00,1.091012908620000132e+02,8.756250305180000737e+01,7.387500572199999738e+01,6.829167111719999639e+01
1.000000000000000000e+00,1.409199999999999875e+02,2.243150680000000063e-02,2.794000000000000128e+01,3.374826666700000199e+00,5.593333300000000285e+00,-5.121875000000000000e+01,-4.900000381470000121e+01,-5.374479420979999844e+01,1.077999999999999965e-02,2.626000000000000156e+01,3.372926666700000187e+00,3.486666700000000230e+00,2.900000190729999971e+01,2.870833460489999922e+01,3.105729262030000370e+01,1.956249624490000087e+02,7.246012990000000320e-02,9.000000000000000000e+01,8.429166666669999586e+01,2.800000000000000000e+02,2.580000000000000071e+01,3.372333333299999847e+00,3.046666700000000283e+00,-4.378125000000000000e+01,-3.661458460489999567e+01,-4.669271151220000604e+01,2.819999999999999929e+01,3.374959999999999738e+00,5.755433332999999720e+02,-5.137500000000000000e+01,-4.908333714800000536e+01,-7.479687881470000832e+01,2.885344541600000312e+00,2.376857830700000118e+00,3.131281284299999967e+00,-7.419271087650000140e+01,1.011079494390000022e+01,7.096224808400000583e+00,8.480208683010000925e+01,8.021875190729998906e+01,7.770833841959999688e+01
1.054562730000000066e-02,5.279090909100000673e+00,1.414763752400000074e+00,6.394999999999999574e+00,2.021798333329999764e+01,3.771999999999999797e+00,-6.690625000000000000e+01,-5.634375381470000121e+01,-6.356875381470000264e+01,4.310000000000000463e-03,5.879999999999999893e+00,2.021716833329999830e+01,3.214999999999999858e+00,1.715625000000000000e+01,4.864583730699999720e+00,2.473750114439999948e+01,7.125011086460000342e+01,1.880778190000000072e-02,4.600000000000000000e+02,5.054166564939999944e+02,7.200000000000000000e+02,5.610000000000000320e+00,2.021679166670000072e+01,2.968999999999999861e+00,-4.668750381470000121e+01,-3.021875063579999932e+01,-4.754375381470000406e+01,6.434999999999999609e+00,2.021803833330000089e+01,3.768489999999999895e+02,-6.693750762940000243e+01,-5.645833587649999430e+01,-7.545625305180000453e+01,1.113712968800000036e+00,8.538060920999999137e-01,1.211396504000000096e+00,-7.384357452390000276e+01,5.284798743550000566e+00,1.894265541579999876e+02,8.830625495910000211e+01,8.406250000000000000e+01,6.120833754539999916e+01
1.000000000000000000e+00,2.275000000000000000e+01,1.335616449999999997e-02,3.934499999999999886e+01,1.797350000000000003e+00,5.067499999999999893e+00,-5.243750381470000121e+01,-4.542708587649999430e+01,-5.439062881470000121e+01,1.511999999999999802e-02,3.781000000000000227e+01,1.795701666699999866e+00,3.395000000000000018e+00,3.087500190729999971e+01,2.347916666669999941e+01,3.012500286099999869e+01,2.304689437149999947e+02,1.119156255999999988e-01,3.000000190729999971e+01,4.487500127159999863e+01,2.000000000000000000e+02,3.743500000000000227e+01,1.795163333300000108e+00,3.064999999999999947e+00,-4.350000381470000121e+01,-3.487500381470000121e+01,-4.567187690729999616e+01,3.955499999999999972e+01,1.797398333300000095e+00,9.502074999999999818e+02,-5.259375381470000121e+01,-4.553125254310000258e+01,-6.848438262940000243e+01,3.185126647900000219e+00,2.350335595000000222e+00,3.146448231000000373e+00,-6.864688873289999549e+01,1.735614163430000190e+01,4.395604395600000203e+01,8.451563167569999280e+01,8.331250572199999738e+01,6.890625254319999726e+01
1.000000000000000000e+00,1.000000000000000000e+03,2.759426749800000245e+00,6.759999999999999787e+00,1.313608999999999938e+01,3.906250000000000000e+00,-7.140625000000000000e+01,-6.587500000000000000e+01,-7.101562500000000000e+01,4.709999999999999777e-03,6.240000000000000213e+00,1.313543999999999912e+01,3.356250000000000178e+00,2.112500000000000000e+01,1.267187500000000000e+01,2.276562547679999682e+01,9.828124940399999332e+01,3.119819049999999691e-02,3.700000000000000000e+02,3.283750000000000000e+02,1.174999923710000047e+02,5.959999999999999964e+00,1.313508999999999993e+01,3.083750000000000213e+00,-5.200000000000000000e+01,-3.601562690730000327e+01,-5.586718845369999542e+01,6.780000000000000249e+00,1.313611749999999923e+01,3.573949999999999818e+02,-7.153125000000000000e+01,-6.595312500000000000e+01,-7.778906440729998906e+01,1.130407973899999918e+00,9.622928751000000558e-01,1.175796257400000044e+00,-7.707082366939999929e+01,6.335945987239999688e+00,1.000000000000000000e+00,9.378125047679999682e+01,9.253125000000000000e+01,7.854687500000000000e+01
1.546820199999999817e-03,1.085054945049999908e+01,1.232913652799999982e+00,1.365000000000000036e+01,6.654714999999999492e+00,4.064166700000000354e+00,-5.696875381470000121e+01,-5.298958587649999430e+01,-5.869271087649999430e+01,8.120000000000000481e-03,1.276999999999999957e+01,6.653358333300000815e+00,3.225000000000000089e+00,1.340625095369999897e+01,6.218750476799999483e+00,1.761979262030000015e+01,2.210937142370000004e+02,4.256208990000000247e-02,1.700000000000000000e+02,1.662916666670000154e+02,3.499999745690000168e+02,1.246000000000000085e+01,6.652916666699999482e+00,2.951666700000000088e+00,-3.381250000000000000e+01,-2.605208524070000209e+01,-4.320312754310000258e+01,1.375000000000000000e+01,6.655621666699999217e+00,2.660916666999999620e+02,-5.703125000000000000e+01,-5.348958587649999430e+01,-7.483333714799999825e+01,1.423824538700000142e+00,1.106616986899999988e+00,1.591073390000000032e+00,-7.405217742920000035e+01,9.397916209819999978e+00,9.216123151749999920e+01,7.631250349680000511e+01,7.037500476840000374e+01,5.920833635329999822e+01
1.517694599999999975e-03,5.576488763999999598e+00,2.630000883700000180e+00,7.990000000000000213e+00,1.155413666670000161e+01,3.861250000000000071e+00,-6.421875000000000000e+01,-5.732292048140000418e+01,-6.321875190729999616e+01,3.939999999999999926e-03,7.445000000000000284e+00,1.155346000000000117e+01,3.296250000000000124e+00,1.462500095369999897e+01,8.489583969099999905e+00,1.753125047680000037e+01,7.421875000000000000e+01,6.968230749999999862e-02,3.900000000000000000e+02,2.888333333329999846e+02,1.150000000000000000e+02,7.169999999999999929e+00,1.155311166670000134e+01,3.024999999999999911e+00,-4.965625000000000000e+01,-3.484375127159999863e+01,-5.324219036100000579e+01,8.009999999999999787e+00,1.155419499999999999e+01,6.410237499999999500e+02,-6.428125762940000243e+01,-5.741666793819999981e+01,-7.357031250000000000e+01,1.219815297300000045e+00,1.036663337800000084e+00,1.251051728700000032e+00,-6.964250946040000656e+01,7.705134244569999957e+00,1.793243100309999818e+02,8.075000238410000009e+01,7.884375095369999542e+01,6.581250445050000053e+01
3.317676900000000179e-03,1.373743055559999959e+01,9.649606131000000309e-01,1.233999999999999986e+01,9.556701666700000430e+00,4.096000000000000085e+00,-6.562500762940000243e+01,-6.128125127159999863e+01,-6.602500152589999516e+01,7.665000000000000806e-03,1.162500000000000000e+01,9.555913333300001256e+00,3.328999999999999737e+00,1.156250000000000000e+01,1.536458396910000168e+01,1.479375057220000045e+01,1.218749955300000067e+02,5.940925329999999921e-02,2.200000000000000000e+02,2.388750000000000000e+02,8.800000000000000000e+01,1.135500000000000043e+01,9.555598333300000746e+00,3.078999999999999737e+00,-4.003125000000000000e+01,-3.233333460489999567e+01,-4.540625000000000000e+01,1.241999999999999993e+01,9.556753333299999653e+00,4.169319999999999595e+02,-6.571875762940000243e+01,-6.139583333329999704e+01,-7.210000305180000169e+01,1.346567001999999791e+00,1.189677485100000043e+00,1.429706958600000188e+00,-7.203744506840000383e+01,6.650188023500000156e+00,7.279381656949999524e+01,8.081875209810000626e+01,7.718750762940000243e+01,7.664583524069999498e+01
1.000000000000000000e+00,1.000000000000000000e+03,1.834168989000000138e-01,7.954000000000000625e+01,7.209469999999999601e+00,4.121999999999999886e+00,-6.118750381470000121e+01,-5.841667048140000418e+01,-6.156250228880000464e+01,5.391499999999999765e-02,7.881000000000000227e+01,7.208691666699999168e+00,3.348000000000000309e+00,4.062500381470000121e+01,4.198958460489999567e+01,4.253750152589999800e+01,1.171875447039999898e+02,3.485794369999999781e-02,1.400000000000000000e+02,1.802083282469999972e+02,0.000000000000000000e+00,7.849500000000000455e+01,7.208353333300000720e+00,3.051000000000000156e+00,-4.446875381470000121e+01,-4.218750127159999863e+01,-4.495625152590000084e+01,7.956999999999999318e+01,7.209496666699999778e+00,3.224399999999999977e+02,-6.128125381470000121e+01,-5.847917048140000418e+01,-7.098750457760000643e+01,1.700623073499999860e+00,1.684573186499999986e+00,1.749146118700000141e+00,-7.023435974119999514e+01,9.762574320289999719e+00,1.000000000000000000e+00,1.041000038149999938e+02,1.018125076289999953e+02,1.004062550860000016e+02
1.000000000000000000e+00,1.000000000000000000e+03,1.043723618600000069e+00,7.539850000000000136e+02,2.453702999999999790e+01,3.926000000000000156e+00,-5.406250381470000121e+01,-5.527083460489999567e+01,-6.113125381470000264e+01,6.385000000000000051e-03,7.532150000000000318e+02,2.453628666670000058e+01,3.328999999999999737e+00,1.131250095369999897e+01,1.940625127160000218e+01,2.915000114440000090e+01,4.468742385510000048e+01,1.782672849999999976e-02,6.900000000000000000e+02,6.134166666669999586e+02,0.000000000000000000e+00,7.528650000000000091e+02,2.453595166670000083e+01,3.068999999999999950e+00,-3.012500190729999971e+01,-3.228125254310000258e+01,-4.493125228880000321e+01,7.540449999999999591e+02,2.453708999999999918e+01,4.645149999999999864e+02,-5.418750381470000121e+01,-5.542708460489999567e+01,-7.568125152589999516e+01,1.087265455200000064e+00,1.220551408599999998e+00,1.313241197099999980e+00,-7.496730804439999929e+01,5.125907721199999934e+00,1.000000000000000000e+00,9.028125495909999643e+01,6.537500476840000374e+01,7.467708587650000140e+01
8.501203699999999516e-03,1.276820000000000022e+01,1.051785579599999965e+00,1.815500000000000114e+01,1.007721000000000089e+01,4.002500000000000391e+00,-5.906250381470000121e+01,-5.217708460489999567e+01,-5.914062881470000121e+01,1.154999999999999950e-02,1.758999999999999986e+01,1.007645833329999974e+01,3.475000000000000089e+00,1.715625000000000000e+01,1.345833428700000134e+01,2.709375190729999971e+01,1.052231043579999863e+02,3.245208039999999960e-02,2.499999847409999916e+02,2.519166615800000102e+02,0.000000000000000000e+00,1.730999999999999872e+01,1.007611833330000017e+01,3.197499999999999787e+00,-3.390625000000000000e+01,-2.971875190729999971e+01,-4.343750381470000121e+01,1.817999999999999972e+01,1.007723166669999948e+01,7.116750000000000398e+01,-5.912500381470000121e+01,-5.230208587649999430e+01,-7.698438262940000243e+01,1.121180359899999868e+00,1.081801959099999877e+00,1.194638321500000044e+00,-7.593771362300000760e+01,5.491454030009998988e+00,7.831957519460000583e+01,8.623438072200001159e+01,7.621875381470000832e+01,6.563541889190000234e+01
1.620607660000000089e-02,4.528619047619999805e+01,5.670498429000000451e-01,7.148999999999999488e+01,4.688706666699999914e+00,4.193333299999999930e+00,-6.068750381470000121e+01,-5.902083587649999430e+01,-6.297396024069999498e+01,3.231000000000000538e-02,7.072499999999999432e+01,4.687884999999999636e+00,3.450000000000000178e+00,2.700000000000000000e+01,2.559375127159999863e+01,3.202604166670000296e+01,2.031249701979999998e+02,2.050630152000000039e-01,1.100000000000000000e+02,1.172083333329999988e+02,0.000000000000000000e+00,7.040999999999999659e+01,4.687538333300000026e+00,3.153333299999999895e+00,-3.350000000000000000e+01,-3.113541857400000268e+01,-4.448437627159999863e+01,7.151999999999999602e+01,4.688776666699999929e+00,1.279874999999999972e+02,-6.081250381470000121e+01,-5.912500127159999863e+01,-7.735937754310000969e+01,1.313416008199999929e+00,1.295657699699999998e+00,1.489606939700000021e+00,-7.567296600340000623e+01,1.587909165750000007e+01,2.208178673199999764e+01,9.500000190739999084e+01,8.768750381469999411e+01,8.461458714810000004e+01
4.375002880000000011e-02,2.520416666670000083e+01,1.492857143000000109e-01,1.264000000000000057e+01,4.543754999999999988e+00,4.708333299999999610e+00,-5.587500381470000121e+01,-5.143750000000000000e+01,-5.853125254310000258e+01,7.534999999999999164e-03,1.147000000000000064e+01,4.541710000000000136e+00,3.413333299999999682e+00,2.825000190729999971e+01,2.015625190729999971e+01,3.046875127159999863e+01,1.593749970199999950e+02,6.765996659999999607e-02,1.100000000000000000e+02,1.135000000000000000e+02,0.000000000000000000e+00,1.111999999999999922e+01,4.541199999999999903e+00,3.089999999999999858e+00,-4.790625381470000121e+01,-3.646875000000000000e+01,-4.901041793819999981e+01,1.284500000000000064e+01,4.545020000000000060e+00,7.234483332999999448e+02,-5.615625000000000000e+01,-5.178125381470000121e+01,-7.334375000000000000e+01,2.754241708199999916e+00,2.330918297700000252e+00,2.737122068000000130e+00,-7.220033264159999931e+01,9.288121882969999632e+00,3.967597950070000223e+01,8.900000381469999411e+01,8.412500572199999738e+01,7.159375190729998906e+01
-1.196997219999999980e-02,2.527589743590000282e+01,4.405342081000000465e-01,2.205999999999999872e+01,1.050009999999999977e+01,7.056000000000000050e+00,-5.128125000000000000e+01,-4.990625254310000258e+01,-5.951250228880000037e+01,1.062000000000000097e-02,2.064000000000000057e+01,1.049769333330000087e+01,3.383999999999999897e+00,2.800000000000000000e+01,2.541666793820000336e+01,3.123125152590000297e+01,1.345311701299999925e+02,4.350742330000000047e-02,2.800000000000000000e+02,2.624583333329999846e+02,6.600000000000000000e+02,2.028000000000000114e+01,1.049722666669999960e+01,3.048000000000000043e+00,-3.415625000000000000e+01,-3.304166666670000296e+01,-3.916875152589999942e+01,2.239999999999999858e+01,1.050130000000000052e+01,1.656959999999999980e+02,-5.150000381470000121e+01,-5.064583587649999430e+01,-7.604375305179999600e+01,2.877833377299999995e+00,3.136740056399999865e+00,2.715562720099999883e+00,-7.450608825679999825e+01,8.441577213820000480e+00,3.956338256780000506e+01,9.074375381469999979e+01,7.928125000000000000e+01,7.532292048130000239e+01
1.000000000000000000e+00,1.002500000000000036e+01,9.311271500000000145e-01,1.165400000000000063e+02,1.489357333329999911e+01,4.016999999999999460e+00,-5.156250381470000121e+01,-5.251041920979999844e+01,-5.931250305180000026e+01,5.434999999999999727e-03,1.157049999999999983e+02,1.489284666670000057e+01,3.251999999999999780e+00,1.812500119199999871e+00,1.366666730240000049e+01,1.269375057220000080e+01,7.828125357630000281e+01,5.845322459999999914e-02,3.700000000000000000e+02,3.722916666669999586e+02,5.800000000000000000e+02,1.154300000000000068e+02,1.489252666670000025e+01,3.013999999999999790e+00,-3.031250000000000000e+01,-2.633333460489999922e+01,-4.248125152589999942e+01,1.165999999999999943e+02,1.489361833329999918e+01,3.979689999999999941e+02,-5.165625381470000121e+01,-5.263541920979999844e+01,-6.960625305179999600e+01,1.265865241099999983e+00,1.003820816700000007e+00,1.321536809899999998e+00,-6.900126647950000347e+01,8.314570548200000744e+00,9.975062344139999482e+01,7.200625362399999574e+01,5.337500393390000397e+01,6.617708651220000604e+01
2.883911199999999921e-03,1.225593749999999993e+01,8.177029360999999996e-01,1.192999999999999972e+01,1.245608666670000098e+01,3.879999999999999893e+00,-5.893750000000000000e+01,-5.292708587649999430e+01,-6.030000076289999811e+01,9.484999999999998641e-03,1.124499999999999922e+01,1.245485666670000136e+01,3.221999999999999975e+00,4.218750000000000000e+00,3.656250000000000000e+00,1.749375038149999995e+01,8.526785671710000258e+01,4.626962920000000229e-02,2.900000000000000000e+02,3.113333333329999846e+02,6.300000000000000000e+02,1.098000000000000043e+01,1.245446166670000032e+01,2.990000000000000213e+00,-4.106250000000000000e+01,-2.983333333330000059e+01,-4.592499999999999716e+01,1.206499999999999950e+01,1.245730499999999985e+01,1.690029999999999859e+02,-5.909375000000000000e+01,-5.377083333329999704e+01,-7.631250305180000737e+01,1.324148860200000000e+00,1.058805819200000053e+00,1.384066972200000079e+00,-7.549028778080000279e+01,5.371012395130000172e+00,8.159310538260000101e+01,7.779375114439999095e+01,6.315625000000000000e+01,5.658333587649999430e+01
6.729489240000000039e-02,3.215999999999999659e+01,3.464285892000000255e-01,3.148499999999999943e+01,7.502518333300000286e+00,4.224999999999999645e+00,-6.412500000000000000e+01,-6.052083333329999704e+01,-6.534999999999999432e+01,1.402499999999999927e-02,3.060999999999999943e+01,7.501523333300000651e+00,3.391999999999999904e+00,3.506250000000000000e+01,2.755208333330000059e+01,4.116875152589999942e+01,1.439062803979999785e+02,6.278137860000000681e-02,1.500000000000000000e+02,1.875000000000000000e+02,0.000000000000000000e+00,3.026999999999999957e+01,7.501153333300000448e+00,3.073999999999999844e+00,-4.496875000000000000e+01,-3.862500000000000000e+01,-4.965000152590000226e+01,3.153000000000000114e+01,7.502626666699999447e+00,4.941319999999999482e+02,-6.434375000000000000e+01,-6.069791793819999981e+01,-7.426875305180000453e+01,1.804733222200000098e+00,1.635682945500000152e+00,1.808635992799999981e+00,-7.318634033200000033e+01,1.252010582849999842e+01,3.109452736320000099e+01,1.065187515260000026e+02,9.918750000000000000e+01,8.807291666659999407e+01
-3.600977999999999796e-04,4.746500000000000341e+01,7.386363640000000175e-02,1.385300000000000011e+02,3.677737500000000104e+00,4.091999999999999638e+00,-5.193750000000000000e+01,-5.096875000000000000e+01,-6.018125152590000226e+01,3.204499999999999710e-02,1.376649999999999920e+02,3.676800000000000068e+00,3.328999999999999737e+00,3.012500190729999971e+01,3.146875286099999869e+01,3.579999999999999716e+01,2.484373152259999813e+02,1.404868364000000092e-01,9.000000000000000000e+01,9.187500000000000000e+01,2.700000000000000000e+02,1.373400000000000034e+02,3.676447499999999646e+00,3.076999999999999957e+00,-3.246875000000000000e+01,-3.262500000000000000e+01,-4.383124999999999716e+01,1.385600000000000023e+02,3.677762500000000045e+00,5.618360000000000127e+02,-5.206250000000000000e+01,-5.101562690729999616e+01,-7.204375152590000653e+01,1.730750712799999924e+00,1.813596386399999760e+00,1.868384340999999838e+00,-7.039942169190000243e+01,1.259127050030000028e+01,2.106815548299999818e+01,9.598125152590000653e+01,8.206250190729998906e+01,8.243750286099999869e+01
-1.192604780000000066e-02,5.626200000000000045e+01,2.363636423000000097e-01,9.276399999999999864e+02,4.676286666700000261e+00,4.967999999999999972e+00,-4.550000381470000121e+01,-4.950000254310000258e+01,-5.403125305180000026e+01,4.142800000000000371e-01,9.240599999999999454e+02,4.673793333299999908e+00,3.423999999999999932e+00,1.846875000000000000e+01,2.859375127159999863e+01,2.758750076289999953e+01,1.641742438079999999e+02,3.582381459999999657e-02,1.500000000000000000e+02,1.168333307900000051e+02,5.500000000000000000e+02,9.235399999999999636e+02,4.673346666700000540e+00,3.083999999999999631e+00,-2.906250190729999971e+01,-3.163541857400000268e+01,-3.601875076289999811e+01,9.320199999999999818e+02,4.683846666700000050e+00,4.992200000000000273e+02,-4.787500381470000121e+01,-5.345833587649999430e+01,-7.234375457760000927e+01,2.868005184399999852e+00,3.229832174900000297e+00,2.579759109299999853e+00,-7.175469207759999790e+01,9.833484585000000777e+00,1.777398599410000202e+01,8.161875381469999979e+01,6.396875381470000121e+01,7.809375381470000832e+01
1.872839629999999839e-02,9.038750000000000284e+00,1.472364716699999798e+00,1.115499999999999936e+01,9.252858333300000737e+00,3.876999999999999780e+00,-6.015625381470000121e+01,-5.761458587649999430e+01,-6.211250305180000453e+01,5.954999999999999356e-03,1.053999999999999915e+01,9.252081666699998763e+00,3.226999999999999869e+00,2.200000190729999971e+01,1.670833428699999956e+01,2.458125114439999948e+01,1.646874696020000215e+02,2.209536919999999932e-02,2.900000000000000000e+02,2.312916666670000154e+02,3.120000000000000000e+02,1.026999999999999957e+01,9.251758333299999748e+00,2.993999999999999773e+00,-3.203125381470000121e+01,-2.894791857400000268e+01,-4.148125076289999669e+01,1.117999999999999972e+01,9.252909999999999968e+00,6.129550000000000409e+02,-6.025000381470000121e+01,-5.776041920979999844e+01,-7.141250457760000359e+01,1.263915584500000078e+00,1.175937694899999997e+00,1.397117390399999826e+00,-7.064434051509999790e+01,9.265347501020000820e+00,1.106347669760000088e+02,8.669375419620000400e+01,8.215625572199999738e+01,7.432292016350000097e+01
