"","input_resistance_mohm","ri","sag","vm_for_sag","vrest","height","binary_neuron","fast_trough_t_short_square","fast_trough_v_short_square","peak_t_short_square","peak_v_short_square","slow_trough_t_short_square","slow_trough_v_short_square","threshold_i_short_square","threshold_t_short_square","threshold_v_short_square","trough_t_short_square","trough_v_short_square","upstroke_downstroke_ratio_short_square"
"3",289.12208,266.406327486038,0.0415404625236988,-99.0937576293945,-72.174674987793,84.8875034332276,"Excitatory",1.027302,-55.8000022888184,1.023475,29.0875011444092,1.691744,-73.3375,469.999969482422,1.023001,-46.1250007629395,1.691744,-73.3375,4.09637162919967
"5",209.971936,136.562421917915,0.132638186216354,-95.5000076293945,-80.0506210327148,97.4166704813639,"Excitatory",1.02542666666667,-55.0937525431315,1.02356,42.3229179382324,1.1305,-81.250005086263,860,1.02312,-46.9375025431315,1.1305,-81.250005086263,3.06070724707307
"8",105.196152,64.5312517881393,0.0449956208467484,-92.5,-76.9548568725586,84.8500034332276,"Inhibitory",1.024103,-59.8312522888184,1.023311,25.0187511444092,1.456287,-77.8812530517578,900,1.023032,-44.8625015258789,1.456287,-77.8812530517578,1.37752586261736
"9",148.06432,153.74992787838,0.103811219334602,-85.2187576293945,-68.5057373046875,95.0000019073486,"Excitatory",1.02487,-50.7812519073486,1.02339,44.21875,1.50935,-68.9218788146973,0,1.02301,-48.2812519073486,1.50935,-68.9218788146973,3.66900647880166
"10",126.870208,151.562616229057,0.149849534034729,-93.6562576293945,-76.2948379516602,83.1000049591065,"Excitatory",1.025506,-56.5875038146973,1.02357,26.5125011444092,1.251151,-77.4000030517578,0,1.023142,-46.8125022888184,1.251151,-77.4000030517578,2.38278113917378
"13",254.30064,188.749924302101,0.0210860185325146,-97.53125,-76.1265106201172,91.0312547683716,"Inhibitory",1.02419583333333,-63.0104198455811,1.02350833333333,28.0208349227905,1.39762166666667,-77.2135454813639,71.6666717529297,1.02315,-50.6250019073486,1.39762166666667,-77.2135467529297,1.50889352274576
"29",162.225472,160.156279802322,0.164622649550438,-93.9687576293945,-76.3359832763672,89.7250038146973,"Excitatory",1.02574,-53.8250015258789,1.023672,35.9000022888184,1.117364,-76.8000045776367,0,1.023168,-46.5312515258789,1.117364,-76.8000045776367,2.88725853272408
"50",238.507488,136.406257748604,0.0212017614394426,-94.3750076293945,-79.3803024291992,83.8958384195963,"Inhibitory",1.02425,-58.8697954813639,1.02334666666667,25.0260429382324,1.57356083333333,-79.7708358764648,520,1.02303833333333,-45.817710240682,1.57356083333333,-79.7708358764648,1.65729675534852
"57",244.460368,178.281173110008,0.0534816235303879,-96.09375,-79.4305877685547,87.8671903610229,"Excitatory",1.02569125,-51.7734384536743,1.02349375,36.0937519073486,1.62694375,-79.8984394073486,820,1.023105,-42.8437519073486,1.62694375,-79.8984394073486,3.61953651154426
"58",132.65108,197.812542319298,0.024099737405777,-100.468757629395,-81.92041015625,71.8515658378601,"Excitatory",1.02546375,-46.8437528610229,1.0235475,25.0078129768372,1.6290325,-82.2890644073486,920,1.02311625,-34.1250014305115,1.6290325,-82.2890644073486,2.86063858686084
"62",154.351296,158.593788743019,0.0306478515267372,-96.71875,-81.6837158203125,95.9218788146972,"Excitatory",1.0248575,-57.5781269073486,1.023105,38.3437519073486,1.6588925,-82.1406288146973,720,1.0227175,-54.1406269073486,1.6588925,-82.1406288146973,3.8665216990509
"66",252.332384,274.062603712082,0.00390733359381557,-94.53125,-64.5871353149414,53.3125019073486,"Inhibitory",1.026495,-50.4687519073486,1.0236825,2.84375,1.606105,-64.3125,0,1.0231175,-39.5625,1.606105,-64.3125,2.84107387810398
"77",182.50048,124.062463641167,0.0150359999388456,-94.7187576293945,-80.3704452514648,97.7312553405762,"Excitatory",1.029433,-59.5562530517578,1.023451,38.1750022888184,1.349609,-80.4687530517578,344.000024414063,1.023016,-49.2875015258789,1.349609,-80.4687530517578,4.76659225074045
"81",455.143616,338.593661785126,0.0336970798671246,-96.78125,-65.1880950927734,69.0937547683716,"Inhibitory",1.0253,-54.9062538146973,1.02412,14.1875009536743,1.91014,-66.28125,340,1.02372,-49.4375,1.91014,-66.28125,2.15837934727449
"88",160.389952,186.875000596046,0.0202918145805597,-95.6875,-75.2422332763672,87.9140644073486,"Excitatory",1.02533125,-50.6171894073486,1.02350375,37.296875,1.82248375,-74.8984394073486,830,1.02309125,-43.09375,1.82248375,-74.8984394073486,3.4011178458165
"93",182.719216,233.281329274178,0.118305526673794,-94.2812576293945,-73.0314865112305,94.2437545776368,"Excitatory",1.025206,-49.1562522888184,1.023385,45.0875022888184,1.568509,-74.4437561035156,800,1.022991,-44.7500022888184,1.568509,-74.4437561035156,3.95198373464481
"96",137.701248,85.9374776482582,0.108218982815742,-78.21875,-70.4233016967773,93.2656294504802,"Excitatory",1.02482333333333,-53.7187531789144,1.02329333333333,39.5468762715658,1.20909916666667,-70.9062525431315,920,1.02296666666667,-48.9583346048991,1.20909916666667,-70.9062525431315,3.63033145863779
"100",191.749056,134.843826293945,0.0294129494577646,-88.5312576293945,-72.8857345581055,84.543754196167,"Excitatory",1.027312,-56.9812530517578,1.02294,27.5625011444092,1.340548,-73.2375,700,1.022612,-35.4812522888184,1.340548,-73.2375,2.60104616618189
"108",197.70776,183.750033378601,0.0408375635743141,-98.96875,-78.2534942626953,78.6484379768372,"Excitatory",1.02536125,-47.515625,1.0235225,31.1328129768372,1.58389,-79.5234394073486,860,1.02309875,-42.5234375,1.58389,-79.5234394073486,3.48663141428794
"109",211.051296,211.87499165535,0.25926661491394,-94.9062576293945,-70.3972854614258,91.223960240682,"Inhibitory",1.02438083333333,-52.2656256357829,1.0234,38.9583346048991,1.3634375,-71.3437512715658,720,1.02307583333333,-45.421875,1.3634375,-71.3437512715658,2.15262037030336
"119",321.108416,217.187687754631,0.0523097552359104,-90.4687576293945,-70.7851715087891,99.1000061035156,"Excitatory",1.024584,-55.5375030517578,1.022812,43.5625030517578,1.558484,-69.5125045776367,600,1.02244,-44.6812515258789,1.558484,-69.5125045776367,4.17296804038893
"126",147.576528,160.000115633011,0.0200274847447872,-91.96875,-77.0050354003906,82.4500045776367,"Excitatory",1.027921,-53.3000030517578,1.023456,29.1500015258789,1.755804,-77.8250030517578,852,1.023021,-40.8875030517578,1.755804,-77.8250030517578,3.70945765542083
"131",141.152544,136.718794703484,0.0877228975296021,-75.9687576293945,-61.491153717041,99.7187561035157,"Excitatory",1.025062,-52.8125038146973,1.023392,46.9062522888184,1.08181,-61.9750015258789,540,1.023055,-45.2312522888184,1.08181,-61.9750015258789,3.56616982370624
"133",155.591856,92.3437848687172,0.0547689869999886,-84.78125,-74.04443359375,86.7437534332275,"Inhibitory",1.024267,-63.3500030517578,1.023362,23.3937503814697,1.657443,-74.9000015258789,114,1.023061,-45.0437515258789,1.657443,-74.9000015258789,1.56444239219254
"135",148.943296,81.2499970197678,0.00915148854255676,-85.03125,-74.6396560668945,90.0000038146973,"Inhibitory",1.024076,-66.6125030517578,1.023409,23.3875007629395,1.224035,-75.7250015258789,530,1.023139,-50.11875,1.224035,-75.7250015258789,1.39723656145842
"138",200.678192,148.437365889549,0.046664297580719,-96.375,-76.7660217285156,90.0781288146972,"Excitatory",1.0250025,-48.5703144073486,1.0233175,41.5078144073486,1.54085,-77.4843769073486,900,1.022955,-43.828125,1.54085,-77.4843769073486,4.17585052515827
"147",190.287488,144.062504172325,0.268266767263412,-84.96875,-68.8367080688477,97.7500066757202,"Excitatory",1.02493125,-52.4687528610229,1.02346375,45.2812538146973,1.1009775,-70.6718769073486,610,1.02310875,-45.6093778610229,1.1009775,-70.6718769073486,3.47141272835902
"150",338.230464,214.843794703484,0.0324125289916992,-88.3437576293945,-65.2329788208008,93.4312545776368,"Inhibitory",1.02671,-57.5062522888184,1.023252,35.9250022888184,1.042814,-66.7750015258789,360,1.02287,-38.1000022888184,1.042814,-66.7750015258789,2.63125434753618
"156",135.071536,150.312572717667,0.0128363044932485,-97.3750076293945,-82.9683837890625,94.9687519073486,"Excitatory",1.024895,-51.0468769073486,1.0234075,43.921875,1.9102275,-85.0625038146973,1030,1.0230625,-50.3281269073486,1.9102275,-85.0625038146973,3.70482436200491
"159",171.60632,190.937504172325,0.0479762889444828,-90.2812576293945,-71.7251586914062,102.92187945048,"Excitatory",1.02565416666667,-55.0677108764648,1.023565,47.8541685740153,1.51758333333333,-72.6093788146973,520,1.023155,-48.5677096048991,1.51758333333333,-72.6093788146973,4.20822914240582
"160",235.689568,189.531251788139,0.0383005104959011,-96.59375,-75.6874694824219,68.2937519073486,"Inhibitory",1.024368,-60.3687515258789,1.023239,7.92500038146973,1.754065,-76.1562530517578,570,1.022903,-40.3562507629395,1.754065,-76.1562530517578,1.50009864447969
"161",165.977264,181.093752384186,0.040950171649456,-100.031257629395,-82.3311004638672,92.843755086263,"Excitatory",1.025315,-51.6875025431315,1.02338666666667,41.1562525431315,1.49569666666667,-83.2916692097982,920,1.02300666666667,-48.1562525431315,1.49569666666667,-83.2916692097982,3.85286825276062
"165",86.305232,72.1874982118607,0.0210853274911642,-83.7812576293945,-76.1771469116211,95.2437553405762,"Inhibitory",1.029535,-66.5125045776367,1.023371,28.7312507629395,1.385703,-77.5375030517578,1060,1.023016,-40.4437530517578,1.385703,-77.5375030517578,2.6635729426358
"166",296.814144,241.406247019768,0.0152476401999593,-98.3750076293945,-78.1602478027344,93.9609432220459,"Excitatory",1.02508375,-50.1484394073486,1.0234075,43.8125038146973,1.785885,-79.7421913146973,750,1.02303375,-47.8593769073486,1.785885,-79.7421913146973,3.99639218013956
"173",294.03296,192.455351352692,0.047018401324749,-96.28125,-75.0899429321289,87.681254196167,"Inhibitory",1.025776,-58.4000030517578,1.023428,29.2812511444092,1.400732,-75.2812545776367,520,1.023048,-38.1625015258789,1.400732,-75.2812545776367,2.9167237540295
"178",114.021752,127.812504768372,0.106968931853771,-88.3437576293945,-74.2105255126953,94.7125053405762,"Excitatory",1.025369,-51.5937538146973,1.023435,43.1187515258789,1.279397,-75.2312561035156,1040,1.023089,-47.6250015258789,1.279397,-75.2312561035156,3.7815717030159
"182",227.302992,202.812537550926,0.0736343935132027,-89.4687576293945,-66.8419036865234,83.1093762715657,"Excitatory",1.02496166666667,-40.8229179382324,1.0233875,42.2864583333333,1.57914666666667,-70.4583333333333,310,1.02300916666667,-27.5104173024495,1.57914666666667,-70.4583333333333,2.7353519152839
"184",201.381808,171.093553304672,0.100417703390121,-97.09375,-77.6002655029297,97.3437566757202,"Excitatory",1.02576375,-61.0546903610229,1.02352625,36.2890663146973,1.114405,-77.8515644073486,630,1.0230775,-49.1093788146973,1.114405,-77.8515644073486,3.39348736881678
"188",154.334944,156.874999403954,0.0633858293294907,-99.96875,-70.5464935302734,85.2916723887126,"Inhibitory",1.02355416666667,-63.0260461171468,1.02264833333333,22.2656262715658,1.4629325,-71.046880086263,509.999969482422,1.022355,-45.536460240682,1.4629325,-71.046880086263,1.53325578536478
"190",103.000992,90.1562497019768,0.17621211707592,-82.7812576293945,-71.9120330810547,95.5208384195963,"Excitatory",1.02523833333333,-50.1093769073486,1.02338916666667,45.4114615122477,1.09744416666667,-72.5052121480306,1170,1.02303916666667,-48.3177108764648,1.09744416666667,-72.5052121480306,4.05831911335641
"196",204.242384,121.874995529652,0.0165599696338177,-88.0312576293945,-73.5458374023438,80.4921913146972,"Inhibitory",1.023995,-60.9609403610229,1.023375,19.5312509536743,1.56886,-75.1484432220459,0,1.02309,-46.8515663146973,1.56886,-75.1484432220459,1.32918289311177
"222",172.376336,118.906289339066,0.0781399831175804,-77.7187576293945,-63.9528121948242,77.0312519073486,"Inhibitory",1.02709,-54.71875,1.023555,22.3125019073486,1.04764,-66.71875,460,1.023145,-42.65625,1.04764,-66.71875,1.90921637444645
"225",123.666592,93.3592766523361,0.0421907342970371,-84.09375,-75.7731857299805,75.3177092870076,"Inhibitory",1.02392416666667,-63.2135423024495,1.02328833333333,12.1041669845581,1.56075916666667,-75.9479192097982,540,1.02302166666667,-52.6770846048991,1.56075916666667,-75.9479192097982,1.38061165415109
"244",94.737656,160.312458872795,0.0773743540048599,-91.0000076293945,-74.1493377685547,97.9062561035157,"Excitatory",1.025344,-51.4375022888184,1.023356,46.4687538146973,1.585836,-74.9875030517578,949.999938964844,1.02298,-47.9625007629395,1.585836,-74.9875030517578,4.327547015049
"247",105.3152,155.781254172325,0.0507714226841927,-99.0625,-81.7539978027344,83.5416685740153,"Excitatory",1.024975,-51.7708358764648,1.02346833333333,31.7708326975505,1.67486833333333,-81.4479166666667,343.333333333333,1.02308166666667,-44.5416692097982,1.67486833333333,-81.4479166666667,2.96563140841215
"248",144.4344,93.5937836766243,0.0973421111702919,-83.59375,-72.8668365478516,98.2500007629395,"Inhibitory",1.023797,-65.9625,1.023285,32.2875007629395,1.274855,-73.9187515258789,112,1.023042,-45.2687515258789,1.274855,-73.9187515258789,1.22354413001674
"256",159.277248,268.359363079071,0.0222496464848518,-96.9375076293945,-66.9598922729492,92.2968788146972,"Excitatory",1.0248425,-56.8593769073486,1.0233875,35.4375019073486,1.9499175,-69.9062538146973,350,1.0229775,-48.3593769073486,1.9499175,-69.9062538146973,2.8866537995651
"257",217.039808,134.687542915344,0.0297235641628504,-96.59375,-81.1610488891602,97.5677121480306,"Excitatory",1.02486666666667,-51.6718775431315,1.02335,45.8958346048991,1.58754,-81.8697967529297,850,1.02302,-46.5729192097982,1.58754,-81.8697967529297,4.30041403575102
"263",184.926912,196.874961256981,0.0152577310800552,-94.7187576293945,-73.4410629272461,97.9479192097982,"Excitatory",1.02530333333333,-53.1822929382324,1.02346166666667,44.7656262715658,1.45273333333333,-73.8958346048991,650,1.02311083333333,-46.1458333333333,1.45273333333333,-73.8958346048991,4.42052621972629
"264",370.4088,201.874971389771,0.0250958018004894,-100.625007629395,-77.4324569702148,98.5625030517578,"Excitatory",1.025479,-54.9687515258789,1.022873,43.5937515258789,1.796269,-77.9875045776367,680,1.022551,-49.7437530517578,1.796269,-77.9875045776367,5.22847801960714
"269",147.043344,106.40636831522,0.0415983870625496,-95.8437576293945,-79.3194808959961,83.3046917915345,"Inhibitory",1.024045,-62.2109413146973,1.023345,21.0937504768372,1.36684125,-78.9609375,0,1.02308875,-42.1250009536743,1.36684125,-78.9609375,1.35143242285189
"282",213.602096,242.1875,0.19055113196373,-98.96875,-72.1569137573242,64.7656292915345,"Inhibitory",1.024465,-55.2656288146973,1.023405,9.50000047683716,1.1802575,-73.4218826293945,0,1.0231525,-32.0000019073486,1.1802575,-73.4218826293945,1.4910164838967
"299",228.0352,263.437449932098,0.0362643152475357,-97.9062576293945,-73.1930770874023,84.3625026702881,"Excitatory",1.024796,-52.2750015258789,1.023356,32.0875011444092,1.740169,-74.8562545776367,440,1.022989,-47.0937522888184,1.740169,-74.8562545776367,3.08848794720137
"303",161.413456,210.93738079071,0.0616592243313789,-98.46875,-77.8417892456055,85.7968769073486,"Excitatory",1.0251175,-50,1.023525,35.7968769073486,1.7273975,-78.453125,0,1.02313,-42.0156288146973,1.7273975,-78.453125,3.06313817275363
"312",177.694592,210.93761920929,0.0096952049061656,-93.1250076293945,-69.4225387573242,86.8984403610229,"Excitatory",1.02448625,-50.5546894073486,1.023155,36.3437509536743,1.669525,-69.8125019073486,300,1.02285375,-41.9453134536743,1.669525,-69.8125019073486,2.89471416009332
"315",437.222848,144.687533378601,0.010155126452446,-78.96875,-61.4261207580566,96.0364608764649,"Excitatory",1.02540083333333,-53.333335240682,1.0234875,42.7031256357829,1.28397916666667,-62.1406243642171,380,1.0231175,-46.8697923024495,1.28397916666667,-62.140625,3.92889394870915
"322",74.373624,36.5624614059925,0.0477078333497047,-88.96875,-77.0860366821289,94.968754196167,"Inhibitory",1.023738,-69.1937530517578,1.023214,25.7750011444092,1.367656,-76.8062515258789,498,1.022966,-50.1875022888184,1.367656,-76.8062515258789,1.16193521863957
"325",102.521304,61.5624599158764,0.0321450121700764,-89.3125,-80.8448028564453,91.4312519073486,"Inhibitory",1.028951,-68.7312515258789,1.023318,22.7000003814697,1.400833,-81.6125015258789,1140,1.022966,-45.0812507629395,1.400833,-81.6125015258789,2.12020705486799
"332",107.425568,55.1562495529652,0.034227941185236,-87.6250076293945,-81.5586090087891,95.1562507629395,"Inhibitory",1.024004,-66.00625,1.02342,29.1500007629395,1.555728,-81.5937530517578,0,1.023124,-52.4062538146973,1.555728,-81.5937530517578,1.28214227778747
"344",210.964864,151.562497019768,0.0824915841221809,-88.8125,-71.391845703125,100.250001271566,"Excitatory",1.02514333333333,-52.7500012715658,1.02352166666667,47.5,1.50902833333333,-73.2708333333333,0,1.02317166666667,-44.5208333333333,1.50902833333333,-73.2708333333333,4.00184455370721
"345",214.675552,332.477658987045,0.0149144968017936,-101.093757629395,-67.9460296630859,102.036464055379,"Excitatory",1.02533166666667,-51.6666698455811,1.02329416666667,50.3697942097982,1.71261916666667,-69.9062525431315,419.999969482422,1.02296666666667,-43.7291679382324,1.71261916666667,-69.9062525431315,4.55989961992818
"346",102.552104,125.937506556511,0.0573241859674454,-92.0625,-78.1010055541992,90.6015691757202,"Excitatory",1.026055,-49.5390653610229,1.02351125,41.0625038146973,1.56938,-78.8906269073486,1320,1.0230975,-48.0859403610229,1.56938,-78.8906269073486,4.01837869434169
"348",115.145696,71.8751177191734,0.0232932921499014,-88.96875,-80.8073272705078,92.1812561035156,"Inhibitory",1.023969,-65.5062545776367,1.023333,26.6750015258789,1.655788,-82.0562530517578,880,1.023065,-48.7375022888184,1.655788,-82.0562530517578,1.3162588242171
"351",311.605952,485.000014305115,0.0322718136012554,-102.15625,-67.0113220214844,94.1666717529297,"Inhibitory",1.02462333333333,-61.5416692097982,1.02331666666667,32.6250025431315,1.58587333333333,-68.1041692097982,279.999979654948,1.022955,-41.6354192097982,1.58587333333333,-68.1041692097982,2.35634662617868
"353",128.255456,134.21867787838,0.0976739972829819,-91.8125076293945,-76.8444442749023,97.9642911638533,"Excitatory",1.025355,-54.2008961268834,1.02351357142857,43.7633950369699,1.37495214285714,-78.0401796613421,930,1.02304714285714,-47.2723246983119,1.37495214285714,-78.0401796613421,2.52586235590447
"356",123.479544,112.187504768372,0.0678921714425087,-83.4375,-70.7862167358398,89.6437545776367,"Inhibitory",1.028193,-58.3125030517578,1.023395,31.3312515258789,1.49588,-71.7000030517578,640,1.02299,-41.4625015258789,1.49588,-71.7000030517578,2.25568777571419
"363",188.7088,216.718822717667,0.0732740610837936,-95.375,-71.9751281738281,100.911463419596,"Inhibitory",1.02461666666667,-62.6979198455811,1.02350666666667,38.2135435740153,1.49781333333333,-72.8750038146973,700,1.02308333333333,-45.4062519073486,1.49781333333333,-72.8750038146973,2.06886589564789
"373",249.948128,203.906327486038,0.0947432816028595,-93.625,-71.2786102294922,100.000003814697,"Excitatory",1.02594,-55.2291679382324,1.02361333333333,44.7708358764648,1.78088666666667,-71.8750025431315,0,1.02323333333333,-47.375,1.78088666666667,-71.8750025431315,4.41016020533869
"380",124.02236,154.687494039536,0.0369148589670658,-98.90625,-81.3229217529297,74.0703153610229,"Excitatory",1.0256175,-53.4453153610229,1.02355125,20.625,1.6340775,-82.1562519073486,0,1.02313875,-38.2734394073486,1.6340775,-82.1562519073486,2.60300539271555
"399",189.376096,232.812494039536,0.100696012377739,-91.2812576293945,-64.3289031982422,101.612506103516,"Excitatory",1.024683,-52.7375030517578,1.023213,48.8750030517578,1.5582,-65.2875030517578,251.999981689453,1.022883,-44.1812515258789,1.5582,-65.2875030517578,3.53498059523366
"403",117.1574,95.9821417927742,0.0352624356746674,-95.5000076293945,-75.1253509521484,80.1250038146972,"Inhibitory",1.02423166666667,-61.9270858764648,1.02342833333333,18.1979179382324,1.44715333333333,-75.7395833333333,0,1.02315333333333,-44.3333371480306,1.44715333333333,-75.7395833333333,1.3460910208496
"410",297.908576,195.089280605316,0.0982809737324715,-93.0625076293945,-70.4354019165039,84.7343807220459,"Inhibitory",1.02602,-51.0156288146973,1.02375,33.7187519073486,1.3868,-71.1093826293945,320,1.0233,-44.421875,1.3868,-71.1093826293945,3.34566362873336
"423",133.1606,109.999999403954,0.0915253385901451,-85.71875,-74.1160736083984,84.4187515258789,"Inhibitory",1.023857,-64.8937515258789,1.023301,19.525,1.431222,-75.0250015258789,104,1.023068,-45.9187522888184,1.431222,-75.0250015258789,1.23136699597308
"424",441.202464,380.781233310699,0.218152210116386,-98.65625,-69.4236221313477,87.1250038146973,"Inhibitory",1.03151166666667,-59.1562525431315,1.03045833333333,27.9687512715658,1.30766166666667,-69.7187525431315,300,1.030115,-39.8958346048991,1.30766166666667,-69.7187525431315,1.66107738416876
"438",213.1416,242.031246423721,0.0318112708628178,-101,-73.0221557617188,90.9687547683715,"Excitatory",1.02489,-50.2343778610229,1.023515,40.7343769073486,1.58474,-73.7031288146973,580,1.023135,-46.1484394073486,1.58474,-73.7031288146973,3.7711756856801
"440",181.62328,99.0623831748962,0.0307512935250998,-100.28125,-76.7705001831055,87.5416695276896,"Inhibitory",1.02394166666667,-71.7083358764648,1.02336833333333,15.8333336512248,1.18674,-76.9583333333333,0,1.02308833333333,-54.1145858764648,1.18674,-76.9583333333333,1.17417565844725
"453",117.050672,137.812420725822,0.174926429986954,-83.5937576293945,-68.4113006591797,104.743756103516,"Excitatory",1.025089,-54.2812530517578,1.023526,50.4625030517578,1.102866,-69.21875,580,1.02311,-48.8125015258789,1.102866,-69.21875,3.11458237089219
"461",153.942848,103.749997913837,0.0643111392855644,-88.15625,-75.7403869628906,87.5312557220459,"Excitatory",1.02766,-58.5625038146973,1.0235,28.9687519073486,1.22984,-76.4062576293945,780,1.02312,-44.1875,1.22984,-76.4062576293945,2.87560361362339
"481",182.226272,150.624990463257,0.0503459088504314,-87.84375,-72.6047592163086,92.1718769073486,"Excitatory",1.02555916666667,-50.1458346048991,1.023475,42.0260423024495,1.43144583333333,-72.8750012715658,0,1.02308083333333,-46.7291685740153,1.43144583333333,-72.8750012715658,3.80484670802065
"483",189.404256,214.464262127876,0.0666440650820732,-96.1250076293945,-71.5020294189453,60.0468751192093,"Inhibitory",1.026745,-56.828125,1.023645,3.21875011920929,1.62802625,-71.9375057220459,0,1.0232225,-39.4140653610229,1.62802625,-71.9375057220459,2.03861412116981
"485",156.455232,162.968754768372,0.0657943487167358,-84.0937576293945,-66.1220245361328,100.600003051758,"Excitatory",1.025564,-53.1937515258789,1.023572,47.4062515258789,1.11708,-66.4312530517578,380,1.023108,-44.9062515258789,1.11708,-66.4312530517578,3.71302672526674
"486",380.892416,291.406184434891,0.0525948405265808,-97.84375,-68.7102890014648,81.8333377838135,"Inhibitory",1.02404166666667,-61.7083371480306,1.023245,20.1250006357829,1.454635,-70.0520858764648,350,1.02295333333333,-42.1354179382324,1.454635,-70.0520858764648,1.40004273298898
"493",247.932016,320.468693971634,0.0631639063358307,-96.5,-61.7753524780273,78.6614634195964,"Inhibitory",1.02532,-51.7343781789144,1.02343333333333,26.927085240682,1.34011333333333,-62.6979211171468,370,1.02297666666667,-37.2135435740153,1.34011333333333,-62.6979211171468,2.70366396802564
"511",166.71384,135.156214237213,0.054915577173233,-90.9062576293945,-76.0302276611328,86.3750031789144,"Inhibitory",1.02393666666667,-64.3437525431315,1.02302666666667,22.0312506357829,1.62691666666667,-76.8333384195964,469.999969482422,1.02274,-43.2916704813639,1.62691666666667,-76.8333384195964,1.60057244845268
"512",159.05984,97.3437875509262,0.0529963411390781,-86.8125,-76.2736892700195,70.015625,"Inhibitory",1.0241125,-60.125,1.02342,9.890625,1.5300075,-76.28125,0,1.023165,-46.703125,1.5300075,-76.28125,1.42416409159059
"520",427.492704,286.718547344208,0.0590216480195522,-98.34375,-66.9790344238281,90.2421932220459,"Inhibitory",1.040945,-56.1562538146973,1.04008,34.0859394073486,1.769555,-68.0781288146973,410,1.03968,-43.2734384536743,1.769555,-68.0781288146973,1.66053756941548
"525",80.862096,87.1874615550041,0.0472240559756756,-87.9375076293945,-79.1463012695312,86.8875022888184,"Excitatory",1.025776,-50.6312515258789,1.023576,36.2562507629395,1.690548,-79.3812530517578,1730,1.023132,-47.1562530517578,1.690548,-79.3812530517578,3.81620598022092
"526",203.957264,147.812530398369,0.0149024743586779,-81.5312576293945,-65.2453231811523,78.8125034968058,"Excitatory",1.02571666666667,-55.0885442097982,1.02354333333333,23.7239592870076,1.69095666666667,-65.8802134195964,469.999969482422,1.02315,-41.2083346048991,1.69095666666667,-65.8802134195964,2.40899633449915
"528",100.862056,69.0625384449959,0.0332983806729317,-68.9062576293945,-60.5382995605469,87.0687515258789,"Inhibitory",1.023212,-64.5687515258789,1.022786,22.5,1.03299,-61.20625,400,1.02257,-46.6750015258789,1.023245,-64.6562522888184,1.1292471686794
"529",253.042464,324.218779802322,0.185133472084999,-98.84375,-71.4000549316406,95.6250047683715,"Inhibitory",1.02412625,-59.8984403610229,1.02337625,35.7265644073486,1.66241625,-72.0546894073486,270,1.0230425,-45.0468769073486,1.66241625,-72.0546894073486,1.59439545297364
"531",233.522944,305.937498807907,0.0182690694928169,-95.5000076293945,-61.8339958190918,89.7291742960612,"Excitatory",1.02524,-56.0625038146973,1.02353333333333,33.6666704813639,1.61310666666667,-61.9062525431315,440,1.02310666666667,-42.46875,1.61310666666667,-61.9062538146973,2.92363883787167
"536",397.379712,243.906363844872,0.0763629674911499,-99.96875,-74.2015075683594,81.2687545776368,"Inhibitory",1.026092,-55.9812538146973,1.02368,25.2875007629395,1.434804,-75.1125045776367,340,1.02326,-47.0250030517578,1.434804,-75.1125045776367,2.8413088088654
"549",98.831296,119.553573429585,0.168598279356956,-82.09375,-68.1433715820312,95.5562545776368,"Excitatory",1.024719,-51.0500022888184,1.02334,44.5062522888184,1.106155,-69.2750015258789,810.000061035156,1.023004,-43.2375015258789,1.106155,-69.2750015258789,3.01688781138853
"558",152.76072,180.625081062317,0.0832769647240639,-91.0000076293945,-70.3280029296875,86.7265653610229,"Excitatory",1.0247075,-52.5703134536743,1.02336,34.1562519073486,1.53366875,-71.2500019073486,167.5,1.02302,-46.2109375,1.53366875,-71.2500019073486,2.93900979827599
"560",95.661408,80.6251466274261,0.0181947629898787,-89,-79.0847549438477,87.1312538146973,"Inhibitory",1.028988,-65.3312530517578,1.023448,21.8000007629395,1.350528,-79.6812530517578,989.999938964844,1.023096,-43.5562522888184,1.350528,-79.6812530517578,2.3214358303258
"565",127.714456,130.156129598618,0.0427862033247948,-94.0937576293945,-79.26220703125,90.5390653610229,"Excitatory",1.02569125,-51.3046903610229,1.0235325,39.234375,1.47658625,-79.8828144073486,960.000061035156,1.023115,-47.7187519073486,1.47658625,-79.8828144073486,3.73416754338606
"572",216.749616,213.750079274178,0.0653698220849037,-94.3125076293945,-70.9606094360352,89.0000047683715,"Excitatory",1.025995,-53.4062528610229,1.02353,35.5937519073486,1.62769,-72.1718769073486,640,1.0231,-44.4140634536743,1.62769,-72.1718769073486,4.03760145047525
"573",315.241184,234.218791127205,0.0632673725485802,-97.5937576293945,-73.0428314208984,105.062505722046,"Inhibitory",1.02451,-65.8671913146973,1.023415,39.1953144073486,1.424395,-73.9375038146973,440,1.02308,-47.4218778610229,1.424395,-73.9375038146973,2.48985342611704
"578",140.227936,109.843634068966,0.188126638531685,-88.2187576293945,-75.0866622924805,96.8312545776367,"Excitatory",1.024748,-51.2750015258789,1.023468,45.5562530517578,1.120443,-76.3062530517578,1080,1.023086,-48.6687522888184,1.120443,-76.3062530517578,2.9593617083176
"581",152.807744,82.031175494194,0.041891623288393,-89.21875,-78.3183364868164,94.2395846048991,"Inhibitory",1.02394583333333,-69.8333346048991,1.0232725,24.40625,1.56001833333333,-79.0677108764648,186.666666666667,1.02300416666667,-47.7708358764648,1.56001833333333,-79.0677108764648,1.28804637922439
"584",151.294432,304.6875,0.08212810754776,-79.71875,-65.3980865478516,87.1093769073486,"Excitatory",1.02508,-48.8125,1.02356375,38.2968769073486,1.7404875,-67.640625,0,1.02320875,-40.5390634536743,1.7404875,-67.640625,3.05068179167867
"585",145.408496,159.531101584435,0.0436736829578876,-92.5312576293945,-75.1710586547852,88.9947980244954,"Excitatory",1.02529666666667,-53.5520871480306,1.0235025,35.4427108764648,1.58327583333333,-75.0260480244954,690,1.02311,-48.2187525431315,1.58327583333333,-75.0260480244954,3.56855983099956
"594",233.829504,293.437510728836,0.0731709823012352,-97.875,-64.6614532470703,89.442710240682,"Excitatory",1.02504166666667,-52.2968756357829,1.023485,37.1458346048991,1.68344583333333,-66.6927108764648,0,1.0231575,-42.4322929382324,1.68344583333333,-66.6927108764648,3.31286180605533
"596",188.335168,138.906165957451,0.048504825681448,-91.9062576293945,-75.1282043457031,93.5500053405762,"Excitatory",1.024804,-47.5687530517578,1.023296,45.9812522888184,1.449436,-74.5437545776367,900,1.02296,-45.3812530517578,1.449436,-74.5437545776367,4.21135890147548
"606",135.672768,165.625035762787,0.0391024574637413,-93.4375076293945,-75.4109802246094,102.993755340576,"Excitatory",1.024842,-53.9750022888184,1.023344,49.0187530517578,1.37175,-75.7875045776367,284,1.023037,-46.8125022888184,1.37175,-75.7875045776367,3.97097143350273
"610",135.434912,128.906175494194,0.0333370417356491,-99.7500076293945,-75.9636688232422,82.2062522888184,"Inhibitory",1.023586,-65.2437515258789,1.022889,16.9625007629395,1.417368,-76.7500030517578,509.999969482422,1.022624,-47.0750030517578,1.417368,-76.7500030517578,1.28375751421433
"613",263.33368,166.093781590462,0.0261067450046539,-92.28125,-74.4759140014648,87.4791701634725,"Inhibitory",1.02414666666667,-56.4218769073486,1.02337666666667,31.0572932561239,1.15440666666667,-75.3645871480306,460,1.02306666666667,-41.8125025431315,1.15440666666667,-75.3645871480306,1.51524625073717
"624",119.377832,105.156324803829,0.0372542142868042,-99.1875,-77.0609741210938,86.1625019073486,"Inhibitory",1.023939,-68.3875015258789,1.023146,17.7750003814697,1.47963,-77.8500015258789,570,1.022872,-48.1875007629395,1.47963,-77.8500015258789,1.40589312660979
"626",139.463376,172.343745827675,0.166858181357384,-92.4375076293945,-72.8521041870117,89.8046913146972,"Excitatory",1.02543375,-56.3906278610229,1.02351125,33.4140634536743,1.10760875,-73.6250038146973,650,1.02307125,-46.9296884536743,1.10760875,-73.6250038146973,2.54269881563111
"630",318.976576,203.906252980232,0.0408348329365253,-98.0937576293945,-75.6354217529297,85.5859394073486,"Inhibitory",1.02453375,-60.3671884536743,1.02345375,25.2187509536743,1.5955325,-76.0625,520,1.02311125,-44.5937509536743,1.5955325,-76.0625,1.64651237470799
"637",98.610328,84.3750387430191,0.0347299464046955,-82.6562576293945,-73.9697494506836,93.2937553405762,"Inhibitory",1.023817,-60.2125038146973,1.023215,33.0812515258789,1.235076,-73.6625015258789,480,1.022965,-44.9187515258789,1.235076,-73.6625015258789,1.43805476133536
"643",183.174256,195.000037550926,0.0501077026128769,-98.0000076293945,-76.7340316772461,98.3593778610229,"Excitatory",1.024865,-50.6875,1.02328625,47.6718778610229,1.4708175,-78.1796894073486,790,1.02297875,-43.5000028610229,1.4708175,-78.1796894073486,4.41716588570523
"644",173.9668,212.499886751175,0.274229347705841,-97.4687576293945,-73.6112442016602,95.2125019073486,"Inhibitory",1.024631,-64.19375,1.023521,31.0187519073486,1.373265,-74.2125045776367,610,1.023179,-48.0187522888184,1.373265,-74.2125045776367,2.06676826086013
"648",257.175168,258.281290531158,0.00630711810663342,-98.3750076293945,-71.5616683959961,87.7000053405762,"Inhibitory",1.024288,-58.4625038146973,1.023468,29.2375015258789,1.631453,-72.2437515258789,92,1.023148,-47.5187530517578,1.631453,-72.2437515258789,1.77867599748135
"661",143.034544,103.080354630947,0.127682700753212,-79.03125,-68.0096206665039,84.8812515258789,"Inhibitory",1.024098,-54.8625015258789,1.023294,30.01875,1.377402,-68.525,220,1.023014,-36.48125,1.377402,-68.525,1.58780057889587
"662",177.422192,135.312393307686,0.055235281586647,-99.9375076293945,-76.0004272460938,88.212504196167,"Inhibitory",1.024141,-59.9125030517578,1.023305,28.3000011444092,1.529222,-76.6812530517578,550,1.023024,-44.9875022888184,1.529222,-76.6812530517578,1.77701855770976
"666",462.096832,413.437455892563,0.090062290430069,-103.000007629395,-68.5833206176758,99.5562530517579,"Excitatory",1.025376,-56.9375022888184,1.023252,42.6187507629395,1.875384,-69.9375030517578,239.999984741211,1.022832,-45.6687530517578,1.875384,-69.9375030517578,3.47214017822618
"678",154.854688,192.812457680702,0.222997888922691,-94.84375,-73.0367202758789,96.0859379768372,"Excitatory",1.02517125,-66.1796875,1.02360125,29.9062504768372,1.81289375,-73.6875,540,1.02318,-47.140625,1.81289375,-73.6875,2.09637258316313
"686",249.672928,249.218702316284,0.0317335948348045,-87.2812576293945,-59.6444473266602,85.7812538146973,"Excitatory",1.02504,-51.4375012715658,1.02325333333333,34.3437525431315,1.07366,-60.7500012715658,186.666666666667,1.02283333333333,-43.4166692097982,1.07366,-60.7500025431315,3.31497543366008
"695",144.406752,129.799082875252,0.0137624591588974,-90.53125,-77.2036209106445,93.5562538146973,"Excitatory",1.025284,-47.4500007629395,1.023472,46.1062530517578,1.813144,-77.9437545776367,949.999938964844,1.023048,-49.3687515258789,1.813144,-77.9437545776367,4.55479312028866
"700",161.39776,278.906285762787,0.0573231093585491,-96.375,-67.0109786987305,95.5000038146972,"Excitatory",1.02466625,-55.7031278610229,1.02323,39.7968759536743,1.46908875,-68.8906307220459,390,1.02287,-46.234375,1.46908875,-68.8906307220459,3.11649306182754
"709",96.906576,80.312579870224,0.170850917696953,-80.65625,-71.4556655883789,96.862501525879,"Excitatory",1.024648,-53.1312507629395,1.023308,43.7312507629395,1.085203,-72.8812515258789,1170,1.023001,-48.6437522888184,1.085203,-72.8812530517578,2.99578769370462
"716",407.429664,525.0004529953,0.0300615541636944,-80.1875076293945,-63.0599975585938,97.3984413146972,"Inhibitory",1.024155,-62.1171894073486,1.023155,35.2812519073486,1.391435,-60.7656278610229,280,1.022765,-44.5000019073486,1.024245,-62.2421894073486,1.76712980516764
"726",171.95176,126.406282186508,0.0134337106719613,-97.03125,-83.3443069458008,89.3062515258789,"Excitatory",1.025156,-51.0562515258789,1.023235,38.25,1.62177,-82.6250030517578,1250,1.022898,-47.325,1.62177,-82.6250030517578,3.70842932645849
"730",105.146456,106.250002980232,0.0521581023931503,-83.6875,-78.2598419189453,88.8229185740153,"Inhibitory",1.02631666666667,-58.8906262715658,1.02309,29.9322923024495,1.61646,-78.4479179382324,725,1.0228,-38.234375,1.61646,-78.4479179382324,2.26151610389816
"736",232.935984,166.562423110008,0.0347785614430904,-98.5937576293945,-79.3605117797852,92.4453153610229,"Excitatory",1.025225,-51.640625,1.02353,40.8046903610229,1.60728,-80.7421913146973,850,1.023125,-44.8046884536743,1.60728,-80.7421913146973,3.78290784280254
"741",575.424768,567.968785762787,0.0613370798528194,-95.7187576293945,-59.9404830932617,75.2500038146973,"Inhibitory",1.02408,-58.0937538146973,1.02322,17.15625,1.36021,-59.9375038146973,160,1.02288,-42.6875,1.36021,-59.9375038146973,1.39469161346917
"751",143.434624,148.437514901161,0.110607907176018,-79.125,-72.2378997802734,90.4609394073486,"Excitatory",1.026455,-44.9687509536743,1.02337875,45.4921884536743,1.43168625,-72.6953144073486,1230,1.0228825,-44.2578144073486,1.43168625,-72.6953144073486,4.42598042790119
"752",201.991712,176.339313387871,0.131825149059296,-86.84375,-69.7545013427734,98.1796932220459,"Excitatory",1.02475,-50.7968788146973,1.02336,47.3828144073486,1.447575,-69.9687538146973,700,1.023035,-45.1796903610229,1.447575,-69.9687538146973,4.06238562452193
"753",98.462824,237.65629529953,0.113893173635006,-96.9375076293945,-75.7492904663086,89.276045481364,"Excitatory",1.0248775,-49.645835240682,1.02334,39.630210240682,1.6665075,-76.6197967529297,610,1.02293166666667,-44.8281269073486,1.6665075,-76.6197967529297,3.03803728923763
"776",238.746368,146.562427282333,0.0326740965247154,-95.3125,-78.1255340576172,90.5781269073486,"Excitatory",1.025135,-52.0703144073486,1.02354375,38.5078125,1.67244375,-78.9453144073486,0,1.0231225,-44.6562519073486,1.67244375,-78.9453144073486,3.07553796778515
"799",132.16292,85.1562470197678,0.0184759330004454,-91.7187576293945,-72.20556640625,71.0390647053718,"Inhibitory",1.02374625,-65.8125019073486,1.02310125,5.22656279802322,1.2943275,-72.4609413146973,367.499977111816,1.0228675,-51.0937509536743,1.2943275,-72.4609413146973,1.31154245460862
"806",242.403264,251.562505960464,0.00831763353198767,-93.21875,-65.2991027832031,75.3437538146973,"Inhibitory",1.024079,-57.7250022888184,1.023063,17.6187515258789,1.680035,-67.2750030517578,370,1.022771,-44.5812522888184,1.680035,-67.2750030517578,1.86401367038289
"807",176.097296,192.499995231628,0.0993435382843018,-94.96875,-74.2431030273438,96.9531297683715,"Excitatory",1.025185,-53.7343769073486,1.02334,43.2187528610229,1.44385,-74.8437538146973,740,1.022975,-47.4921884536743,1.44385,-74.8437538146973,4.34851421911695
"812",170.031024,148.43761920929,0.0929054990410805,-85.34375,-69.4498291015625,90.7708384195964,"Inhibitory",1.02688833333333,-60.5625038146973,1.02328666666667,30.2083346048991,1.04333,-70.0729217529297,143.333333333333,1.02299666666667,-44.6875,1.04333,-70.0729217529297,2.5331659331849
"819",162.631536,144.375011324883,0.0486131235957146,-95.4375076293945,-79.6181793212891,94.2031307220459,"Excitatory",1.026475,-56.1406288146973,1.0235025,38.0625019073486,1.72200125,-79.4765682220459,660,1.0230775,-51.4609384536743,1.72200125,-79.4765682220459,4.60156698329901
"827",259.75872,218.593791127205,0.028987430036068,-102.000007629395,-81.9060440063477,89.5729211171468,"Excitatory",1.02563666666667,-61.1875025431315,1.02354666666667,28.3854185740153,1.48167833333333,-82.500005086263,610,1.02311,-53.4270871480306,1.48167833333333,-82.500005086263,3.94991310198529
"836",182.068352,146.562576293945,0.1617561429739,-89.7500076293945,-75.5517425537109,95.7875030517579,"Excitatory",1.024884,-54.3000022888184,1.023424,41.4875007629395,1.739848,-76.0500030517578,730,1.023044,-43.9812530517578,1.739848,-76.0500045776367,3.26526319368701
"840",150.988096,105.223104357719,0.032452080398798,-88.1250076293945,-75.9377136230469,86.2343807220459,"Inhibitory",1.0240025,-59.1406288146973,1.023475,27.0937519073486,1.0911675,-76.9843826293945,0,1.0231975,-43.4375038146973,1.0911675,-76.9843826293945,1.19463832153368
"842",344.80784,280.000001192093,0.082919679582119,-98.3750076293945,-67.2280197143555,91.8854223887126,"Excitatory",1.02676,-55.9583371480306,1.02350666666667,35.927085240682,1.86789333333333,-67.2395858764648,330,1.02300666666667,-48.3229204813639,1.86789333333333,-67.2395858764648,4.14831523339337
"858",309.51232,186.250001192093,0.0178365595638752,-96.78125,-76.9175567626953,91.5781283378601,"Inhibitory",1.02439,-59.7500019073486,1.02351,31.8281264305115,1.428905,-77.4453163146973,380,1.02313,-45.9296903610229,1.428905,-77.4453163146973,1.59053457929171
"860",183.80992,195.624992251396,0.0780669972300529,-95.71875,-73.6294555664062,101.942710240682,"Inhibitory",1.02440833333333,-63.1927096048991,1.02350833333333,38.7500006357829,1.52352083333333,-74.281255086263,183.333333333333,1.02312916666667,-46.5260416666667,1.52352083333333,-74.281255086263,1.45000933049663
"909",330.074464,330.312430858612,0.0188371781259775,-92.15625,-61.6267166137695,101.882817268371,"Excitatory",1.024335,-50.9609394073486,1.0231475,50.9218778610229,1.4567075,-63.8515644073486,290,1.02282375,-38.9218769073486,1.4567075,-63.8515644073486,2.85000599422386
"913",221.14912,165.468797087669,0.0257941968739033,-88.0312576293945,-69.4596481323242,88.7250038146973,"Inhibitory",1.02452,-51.4437522888184,1.02325,37.2812515258789,1.662055,-69.9375045776367,380,1.022809,-51.5875022888184,1.662055,-69.9375045776367,2.04595813491595
"914",191.35904,159.374848008156,0.0329797305166721,-96.9687576293945,-80.3756484985352,93.5250045776367,"Excitatory",1.024836,-52.7500030517578,1.023464,40.7750015258789,1.49896,-80.9562515258789,870,1.023092,-46.5250030517578,1.49896,-80.9562515258789,3.27354344415617
"921",158.85984,248.125001788139,0.0537547953426838,-96.2187576293945,-73.4638595581055,85.6000038146973,"Excitatory",1.02464,-51.4812530517578,1.023282,34.1187507629395,1.603381,-75.9250045776367,680,1.022924,-43.1062522888184,1.603381,-75.9250045776367,2.80324024750673
"925",189.283568,163.593858480453,0.0291495863348246,-97.2500076293945,-79.1894683837891,97.2083365122477,"Excitatory",1.02529,-53.6562519073486,1.02346,43.5520846048991,1.78625666666667,-80.1614621480306,949.999938964844,1.02307666666667,-48.817710240682,1.78625666666667,-80.1614621480306,4.30097854922825
"928",144.937296,206.718668341637,0.215651631355286,-86.4687576293945,-61.2651138305664,88.0703172683715,"Excitatory",1.02510875,-54.3203153610229,1.0233325,33.7500019073486,1.12268625,-62.1562519073486,360,1.02294375,-43.3125038146973,1.12268625,-62.1562519073486,2.6229912994121
"940",177.710032,168.437391519547,0.0177898649126291,-93.3750076293945,-75.8291931152344,96.2187525431315,"Excitatory",1.024815,-53.4843769073486,1.02343,42.7343756357829,1.689315,-77.4843775431315,670,1.023055,-51.9322948455811,1.689315,-77.4843775431315,3.86855935296588
"942",165.931616,230.044677853584,0.0323442555963993,-98.4375,-73.2083282470703,79.9791692097982,"Excitatory",1.02500666666667,-49.8020846048991,1.023365,30.1770846048991,1.70996333333333,-74.2916717529297,700,1.02294833333333,-42.6458358764648,1.70996333333333,-74.2916717529297,2.98939106121672
"944",93.896816,131.406247615814,0.0534133799374104,-90.5000076293945,-75.3521347045898,98.7968788146972,"Excitatory",1.0250325,-49.5156269073486,1.02342,49.2812519073486,1.466345,-75.4218826293945,0,1.0230925,-42.3593788146973,1.466345,-75.4218826293945,3.85810205906734
"951",184.239136,167.008861899376,0.121829211711884,-92.3125076293945,-72.6638336181641,96.4921932220459,"Inhibitory",1.02413,-64.4765682220459,1.023385,32.015625,1.247725,-73.6484413146973,590,1.023055,-47.1640644073486,1.247725,-73.6484413146973,1.55135604916924
"952",124.346704,96.8749225139618,0.0689584165811539,-80.7187576293945,-69.5428619384766,87.3515648841858,"Inhibitory",1.028495,-62.8828144073486,1.0233425,24.4687504768372,1.19967875,-70.3671894073486,660,1.02304,-39.1562528610229,1.19967875,-70.3671894073486,2.54022789309226
"954",176.425456,164.687469601631,0.0220953691750765,-99.6250076293945,-70.6443405151367,86.693754196167,"Inhibitory",1.023877,-62.1125030517578,1.023227,24.5812511444092,1.632955,-71.4125045776367,312,1.022994,-41.4812507629395,1.632955,-71.4125045776367,1.39711739038265
"957",163.21872,109.843865036964,0.0344318971037865,-98.5625,-75.1213531494141,79.6750049591065,"Inhibitory",1.023969,-62.2687538146973,1.023315,17.4062511444092,1.581903,-75.2375030517578,187.999987792969,1.023053,-48.71875,1.581903,-75.2375030517578,1.37492444615886
"962",152.97048,104.374997317791,0.012180145829916,-91.03125,-79.1691741943359,88.5312528610229,"Inhibitory",1.02913125,-70.2500019073486,1.0234475,18.2812509536743,1.532405,-79.515625,740,1.0230775,-43.6953134536743,1.532405,-79.515625,2.17458570179484
"963",121.202512,105.468638241291,0.0845737978816032,-91.875,-68.5879287719727,77.4750038146973,"Inhibitory",1.023975,-53.4187522888184,1.023303,24.0562515258789,1.088214,-69.4187515258789,124,1.023033,-42.0062515258789,1.088214,-69.4187515258789,1.46440365804323
"964",226.31464,104.687884449959,0.0233173258602619,-87.3125076293945,-72.1359558105469,100.656253814697,"Inhibitory",1.0242925,-67.6718788146973,1.02349375,32.984375,1.04629125,-73.7109394073486,0,1.0231925,-40.6562509536743,1.04629125,-73.7109394073486,1.34870402836754
