"","input_resistance_mohm","ri","sag","vm_for_sag","vrest","height","binary_neuron","adaptation","avg_isi","f_i_curve_slope","latency","firing_rate","fast_trough_t_long_square","fast_trough_v_long_square","peak_t_long_square","peak_v_long_square","threshold_i_long_square","threshold_t_long_square","threshold_v_long_square","trough_t_long_square","trough_v_long_square","upstroke_downstroke_ratio_long_square"
"3",289.12208,266.406327486038,0.0415404625236988,-99.0937576293945,-72.174674987793,84.8875034332276,"Excitatory",0.0422146009409484,81.3945454545455,0.162729374902656,0.027555,12.2858355485067,1.08975,-48.90625,1.086395,33.28125,110,1.085825,-38.1562538146973,1.099575,-52.09375,4.20848539986433
"5",209.971936,136.562421917915,0.132638186216354,-95.5000076293945,-80.0506210327148,97.4166704813639,"Excitatory",0.542357967302534,307.1,0.155346607523105,0.0337800000000001,3.25626831650928,1.08516,-47,1.08298,40.7812538146973,210,1.08244,-33.96875,1.08612,-47.8750038146973,2.71890141223514
"8",105.196152,64.5312517881393,0.0449956208467484,-92.5,-76.9548568725586,84.8500034332276,"Inhibitory",0.0347760085193906,30.73375,0.631220715270749,0.126335,32.5375198275511,1.53444,-57.6875038146973,1.53362,13.5,350,1.5333,-34.9062538146973,1.53463,-57.8437538146973,1.20454709560304
"9",148.06432,153.74992787838,0.103811219334602,-85.2187576293945,-68.5057373046875,95.0000019073486,"Excitatory",0.0259499525080395,79.6,0.164054054054054,0.0438400000000001,12.5628140703518,1.18334,-47.4375038146973,1.18142,43,70,1.181,-33.1250038146973,1.2207,-56.5625038146973,3.38933208949961
"10",126.870208,151.562616229057,0.149849534034729,-93.6562576293945,-76.2948379516602,83.1000049591065,"Excitatory",0.00928929266442473,60.1843333333333,0.217394919622208,0.06071,16.6156197903109,1.46886,-49.53125,1.46659,25.5312519073486,120.000007629395,1.466065,-39.5312538146973,1.49474,-55.0937538146973,2.43199779540174
"13",254.30064,188.749924302101,0.0210860185325146,-97.53125,-76.1265106201172,91.0312547683716,"Inhibitory",0.0479778872438261,50.6313888888889,0.291294653444569,0.02136,19.7505938893857,1.078045,-62.3437538146973,1.07737,27.9375019073486,90,1.07699,-49.78125,1.07807,-62.4375038146973,1.51451050493651
"29",162.225472,160.156279802322,0.164622649550438,-93.9687576293945,-76.3359832763672,89.7250038146973,"Excitatory",0.026013695360957,84.2527272727273,0.174621213842028,0.0424800000000001,11.8690519864477,1.2,-46.90625,1.1975,33.3750038146973,170,1.19684,-33.65625,1.22254,-48.03125,2.45921838308283
"50",238.507488,136.406257748604,0.0212017614394426,-94.3750076293945,-79.3803024291992,83.8958384195963,"Inhibitory",0.00680395272305974,16.5130508474576,0.834196332837647,0.012335,60.5581614952735,1.056225,-56.71875,1.055135,16.9687519073486,140,1.05476,-36.5000038146973,1.056485,-56.9375038146973,1.51400652653294
"57",244.460368,178.281173110008,0.0534816235303879,-96.09375,-79.4305877685547,87.8671903610229,"Excitatory",0.0200593683442852,61.381,0.199621220808492,0.0443550000000001,16.2916863524543,1.11842,-48.34375,1.11556,33.8125,90,1.1151,-34.9687538146973,1.13946,-54.40625,3.33455174256993
"58",132.65108,197.812542319298,0.024099737405777,-100.468757629395,-81.92041015625,71.8515658378601,"Excitatory",0.100490290119311,80.4504545454545,0.222144679258464,0.0490000000000002,12.430010565509,1.126865,-43.6562538146973,1.124815,26.1875019073486,90,1.124285,-39.1875038146973,1.137835,-44.28125,3.2999292533846
"62",154.351296,158.593788743019,0.0306478515267372,-96.71875,-81.6837158203125,95.9218788146972,"Excitatory",0.118855154862113,67.3333333333333,0.144956789297024,0.0348550000000001,14.8514851485149,1.15987,-53.6562538146973,1.157765,40.0625038146973,110,1.157325,-40.7812538146973,1.180555,-58.2812538146973,3.32895698549413
"66",252.332384,274.062603712082,0.00390733359381557,-94.53125,-64.5871353149414,53.3125019073486,"Inhibitory",0.0313114024926393,43.6734090909091,0.442857142857143,0.02949,22.8972278742526,1.131345,-39.875,1.128695,14.375,50,1.12805,-37.09375,1.179765,-46.5,2.75354843311988
"77",182.50048,124.062463641167,0.0150359999388456,-94.7187576293945,-80.3704452514648,97.7312553405762,"Excitatory",0.129197871310126,50.5925,0.12352940356703,0.0300800000000001,19.7657755596185,1.081785,-49.6562538146973,1.077925,29.59375,190,1.07737,-37.5,1.09428,-54.1875038146973,3.88957261019803
"81",455.143616,338.593661785126,0.0336970798671246,-96.78125,-65.1880950927734,69.0937547683716,"Inhibitory",0.0333492132819316,50.6811111111111,-0.0202702670574538,0.0319400000000001,19.731216977616,1.25462,-51.28125,1.25308,14.2812509536743,29.9999980926514,1.25264,-42.1562538146973,1.2859,-54.25,2.59684825476686
"88",160.389952,186.875000596046,0.0202918145805597,-95.6875,-75.2422332763672,87.9140644073486,"Excitatory",0.11050577897634,90.435,0.12183908045977,0.0553700000000001,11.0576657267651,1.19673,-47.9375,1.19386,35.90625,90,1.19338,-33.5625,1.22511,-54.40625,3.1423566242206
"93",182.719216,233.281329274178,0.118305526673794,-94.2812576293945,-73.0314865112305,94.2437545776368,"Excitatory",0.0752613537360421,109.455,0.159665089188205,0.0643450000000001,9.13617468365995,1.202305,-46.0625038146973,1.199685,46.03125,50,1.199225,-37.40625,1.275735,-55.6875038146973,3.62362487329577
"96",137.701248,85.9374776482582,0.108218982815742,-78.21875,-70.4233016967773,93.2656294504802,"Excitatory",0.00837115840464048,138.005,0.167996124448892,0.0531900000000001,7.24611427122206,1.107815,-50.34375,1.10579,37.7812538146973,130,1.10539,-42.03125,1.139105,-58.21875,3.5580965198161
"100",191.749056,134.843826293945,0.0294129494577646,-88.5312576293945,-72.8857345581055,84.543754196167,"Excitatory",0.00843448985920636,36.0992592592593,0.480000012676526,0.0142800000000001,27.7013994336602,1.04764,-47.4375038146973,1.04602,25,190,1.04564,-31.5937519073486,1.04916,-48.0625038146973,2.78068767410302
"108",197.70776,183.750033378601,0.0408375635743141,-98.96875,-78.2534942626953,78.6484379768372,"Excitatory",0.0506358445444906,94.6985,0.194509345794393,0.03979,10.5598293531577,1.11824,-46.46875,1.115335,35.4375038146973,70,1.11488,-36.7187538146973,1.14744,-56.8125038146973,3.7967368984653
"109",211.051296,211.87499165535,0.25926661491394,-94.9062576293945,-70.3972854614258,91.223960240682,"Inhibitory",0.0306957107006016,71.0076923076923,0.300697674418605,0.036845,14.0829812588019,1.14794,-50.71875,1.14686,36.59375,90,1.14651,-42.4687538146973,1.17504,-54.15625,2.20564036427941
"119",321.108416,217.187687754631,0.0523097552359104,-90.4687576293945,-70.7851715087891,99.1000061035156,"Excitatory",0.0135167677268518,56.1635294117647,0.223913043478261,0.0402200000000001,17.805148830097,1.25394,-48.5625,1.25092,44.125,50,1.25048,-33.6875038146973,1.27852,-56.46875,3.80478953174667
"126",147.576528,160.000115633011,0.0200274847447872,-91.96875,-77.0050354003906,82.4500045776367,"Excitatory",0.0795338248995217,110.256,0.11249998978206,0.0583050000000001,9.06980118995792,1.123885,-46.4375,1.119275,24.53125,209.999984741211,1.118755,-33.6250038146973,1.140605,-51.7812538146973,4.15566216659159
"131",141.152544,136.718794703484,0.0877228975296021,-75.9687576293945,-61.491153717041,99.7187561035157,"Excitatory",0.0233020464716072,56.7364705882353,0.186829278533363,0.0297050000000001,17.6253473230208,1.15678,-47.2812538146973,1.154755,46.03125,70,1.15435,-37.3750038146973,1.18777,-53.7812538146973,3.53909845229126
"133",155.591856,92.3437848687172,0.0547689869999886,-84.78125,-74.04443359375,86.7437534332275,"Inhibitory",0.00591471569951447,15.7613541666667,0.985833333333333,0.00924500000000017,63.44632506989,1.034245,-60.59375,1.033355,13.25,270,1.03303,-37.5937538146973,1.03427,-60.75,1.44779023654326
"135",148.943296,81.2499970197678,0.00915148854255676,-85.03125,-74.6396560668945,90.0000038146973,"Inhibitory",0.0472376080557392,11.16875,1.44336501231961,0.00610500000000003,89.5355344152211,1.02968,-65.3125076293945,1.02903,16.5,290,1.02875,-46.90625,1.02969,-65.375,1.40570901300871
"138",200.678192,148.437365889549,0.046664297580719,-96.375,-76.7660217285156,90.0781288146972,"Excitatory",0.209255162241887,54.2400000000001,0.0526760563380282,0.035925,18.4365781710914,1.085835,-46.03125,1.083655,37.0625,150,1.08322,-35.03125,1.09986,-50.09375,3.63082310287827
"147",190.287488,144.062504172325,0.268266767263412,-84.96875,-68.8367080688477,97.7500066757202,"Excitatory",0.017156113629541,53.4020588235294,0.244488197869513,0.0352250000000001,18.7258697891137,1.774925,-49.0312538146973,1.77302,44.6250038146973,80,1.77259,-40.28125,1.827815,-56.0625,3.48796293873898
"150",338.230464,214.843794703484,0.0324125289916992,-88.3437576293945,-65.2329788208008,93.4312545776368,"Inhibitory",0.00865127294142931,32.9784482758621,0.33130844953652,0.00818500000000011,30.3228336165207,1.04258,-50.9062538146973,1.040455,28.2812519073486,120.000007629395,1.040015,-34.59375,1.043295,-51.6250038146973,2.52540744172461
"156",135.071536,150.312572717667,0.0128363044932485,-97.3750076293945,-82.9683837890625,94.9687519073486,"Excitatory",0.0233147925123534,72.1273076923077,0.178253437476391,0.0601750000000001,13.8643744234287,1.19066,-48.8437538146973,1.18838,39.9062538146973,110,1.18798,-36.28125,1.21617,-57.40625,3.13302037984184
"159",171.60632,190.937504172325,0.0479762889444828,-90.2812576293945,-71.7251586914062,102.92187945048,"Excitatory",0.0489789939637175,74.37875,0.242635658914728,0.0470250000000001,13.4447002672134,1.17219,-51.6562538146973,1.17017,46.5,50,1.16972,-43.40625,1.213115,-56.0625,3.89097900341029
"160",235.689568,189.531251788139,0.0383005104959011,-96.59375,-75.6874694824219,68.2937519073486,"Inhibitory",0.0583637422520784,16.679,0.249959658912174,0.013055,59.9556328317045,1.065245,-53.4687538146973,1.064215,7.6875,160,1.06383,-35.5625,1.06533,-53.6875,1.41302972422023
"161",165.977264,181.093752384186,0.040950171649456,-100.031257629395,-82.3311004638672,92.843755086263,"Excitatory",0.0481019466166628,76.1216666666667,0.189556532353824,0.050805,13.1368642305082,1.228135,-50,1.225325,36.0937538146973,110,1.224875,-33.8437538146973,1.24699,-57.34375,3.13334429730832
"165",86.305232,72.1874982118607,0.0210853274911642,-83.7812576293945,-76.1771469116211,95.2437553405762,"Inhibitory",0.0168134899207553,117.521428571429,0.175363992064466,0.0697700000000001,8.50908648878621,1.276875,-51.53125,1.272995,23.125,310,1.272535,-34.71875,1.28338,-54.9687538146973,3.38815811623948
"166",296.814144,241.406247019768,0.0152476401999593,-98.3750076293945,-78.1602478027344,93.9609432220459,"Excitatory",0.0368844851294716,65.8692307692308,0.233664021164021,0.06385,15.1815952353147,1.21072,-48.8750038146973,1.2088,46.3750038146973,50,1.208385,-41.09375,1.240675,-55.8750038146973,4.02763322204473
"173",294.03296,192.455351352692,0.047018401324749,-96.28125,-75.0899429321289,87.681254196167,"Inhibitory",0.0167704502862876,64.4128571428571,0.175000009621892,0.04234,15.5248508505401,1.19094,-56.9062538146973,1.1868,25.5000019073486,110,1.18634,-36.6562538146973,1.19644,-59.0625038146973,4.47381298910879
"178",114.021752,127.812504768372,0.106968931853771,-88.3437576293945,-74.2105255126953,94.7125053405762,"Excitatory",0.194776278318071,143.756666666667,0.0336691217576919,0.0739050000000001,6.95619913279383,1.28197,-46.1250038146973,1.27858,39.46875,150,1.27816,-38.4375,1.32517,-55.7187538146973,3.81240136904405
"182",227.302992,202.812537550926,0.0736343935132027,-89.4687576293945,-66.8419036865234,83.1093762715657,"Excitatory",0.0221943325698944,61.623,0.198121648756083,0.0606450000000001,16.2277071872515,1.22343,-32.5625,1.220875,47.0937538146973,70,1.220435,-21.25,1.260615,-41.84375,2.89381750180098
"184",201.381808,171.093553304672,0.100417703390121,-97.09375,-77.6002655029297,97.3437566757202,"Excitatory",0.0232530314783377,86.6536363636364,0.14080310880829,0.044805,11.5401966029858,1.139955,-58.46875,1.13746,34.7500038146973,90,1.136925,-45.2812538146973,1.17643,-62.21875,3.47131380407153
"188",154.334944,156.874999403954,0.0633858293294907,-99.96875,-70.5464935302734,85.2916723887126,"Inhibitory",0.000218586486882157,14.223768115942,0.8020833478592,0.0106600000000001,70.3048581675906,1.03245,-64.03125,1.03167,22.125,150,1.031345,-41.15625,1.03254,-64.21875,1.40168865713143
"190",103.000992,90.1562497019768,0.17621211707592,-82.7812576293945,-71.9120330810547,95.5208384195963,"Excitatory",0.0690320929070083,95.628,0.132248521681253,0.038815,10.4571882712176,1.2145,-43.1875038146973,1.21211,45,160,1.21172,-40.6250038146973,1.26768,-55.5000038146973,4.48914108025743
"196",204.242384,121.874995529652,0.0165599696338177,-88.0312576293945,-73.5458374023438,80.4921913146972,"Inhibitory",-0.0176142753370159,36.248,1.14705882352941,0.08348,27.5877289781505,1.16972,-57.1562538146973,1.16908,12.71875,270,1.16878,-38.78125,1.16974,-57.2187538146973,1.28914899161535
"222",172.376336,118.906289339066,0.0781399831175804,-77.7187576293945,-63.9528121948242,77.0312519073486,"Inhibitory",-0.0206421902807908,161.302,0.191622884276279,0.16219,6.19955115249656,1.428065,-52.40625,1.42471,29.5625019073486,60.0000038146973,1.424255,-41.40625,1.441885,-59.8125,2.62587241895937
"225",123.666592,93.3592766523361,0.0421907342970371,-84.09375,-75.7731857299805,75.3177092870076,"Inhibitory",-0.0122857423963326,12.7480434782609,1.59947780678851,0.11981,78.4434099009224,1.9799,-56.3437538146973,1.979185,6.21875,290,1.978835,-38.1875,1.979935,-56.5000038146973,1.20017291751089
"244",94.737656,160.312458872795,0.0773743540048599,-91.0000076293945,-74.1493377685547,97.9062561035157,"Excitatory",0.0358613138775196,107.61,0.14633490137479,0.0769600000000001,9.29281665272744,1.19494,-46.1250038146973,1.19188,40.5,90,1.1914,-35.7812538146973,1.2331,-54.9375038146973,4.14364361028495
"247",105.3152,155.781254172325,0.0507714226841927,-99.0625,-81.7539978027344,83.5416685740153,"Excitatory",0.0320481522715745,63.9953571428572,0.152976201640235,0.0505500000000001,15.6261335922807,1.125425,-49.34375,1.123485,34,110,1.12306,-36.1562538146973,1.139325,-53.6875,3.05444884735435
"248",144.4344,93.5937836766243,0.0973421111702919,-83.59375,-72.8668365478516,98.2500007629395,"Inhibitory",-0.204913283975279,51.342,0.980531777657708,0.00982000000000016,19.4772311168244,1.315315,-64.84375,1.314795,20.6875,320,1.31453,-36.78125,1.31535,-64.9375,1.04926692352641
"256",159.277248,268.359363079071,0.0222496464848518,-96.9375076293945,-66.9598922729492,92.2968788146972,"Excitatory",0.0406693969221849,65.5535714285714,0.218604651162791,0.02257,15.2546989921003,1.524835,-54.9062538146973,1.523005,33.1250038146973,40,1.522495,-42.5,1.54891,-60.1562538146973,2.44642500073718
"257",217.039808,134.687542915344,0.0297235641628504,-96.59375,-81.1610488891602,97.5677121480306,"Excitatory",0.130370892947596,74.37,0.0313543562831141,0.0410600000000001,13.4462821029985,1.09552,-47.78125,1.0935,40.28125,150,1.0931,-36.1562538146973,1.10526,-51.0312538146973,3.63151189770886
"263",184.926912,196.874961256981,0.0152577310800552,-94.7187576293945,-73.4410629272461,97.9479192097982,"Excitatory",0.0235217354638565,65.4935714285714,0.219878048780488,0.0560200000000002,15.2686741337754,1.20667,-49.9375,1.204295,42.5,50,1.203895,-37.5937538146973,1.23051,-56.5000038146973,4.13520298008773
"264",370.4088,201.874971389771,0.0250958018004894,-100.625007629395,-77.4324569702148,98.5625030517578,"Excitatory",0.0740124609041962,98.3183333333333,0.202867397397492,0.0565250000000002,10.1710430404638,1.21906,-50.7812538146973,1.21526,43.375,70,1.214875,-38.2500038146973,1.253845,-58.375,4.81694493563415
"269",147.043344,106.40636831522,0.0415983870625496,-95.8437576293945,-79.3194808959961,83.3046917915345,"Inhibitory",0.00249241034067271,22.5242682926829,0.697302184475846,0.062405,44.3965587252774,1.86291,-57.8125038146973,1.86217,13,240.000015258789,1.861885,-36.21875,1.862925,-57.9687538146973,1.32695477422044
"282",213.602096,242.1875,0.19055113196373,-98.96875,-72.1569137573242,64.7656292915345,"Inhibitory",0.00831017441763653,40.6706521739131,0.555,0.03868,24.587754229361,1.155185,-51.1562538146973,1.154185,7.8125,70,1.153855,-33.9375038146973,1.15528,-51.28125,1.53965880902987
"299",228.0352,263.437449932098,0.0362643152475357,-97.9062576293945,-73.1930770874023,84.3625026702881,"Excitatory",0.0649189348589349,91.3371428571429,0.186301381769177,0.0307650000000002,10.9484484484484,1.080395,-47.8125038146973,1.078715,23.1562519073486,90,1.078225,-33.59375,1.08042,-47.9062538146973,2.39621090667168
"303",161.413456,210.93738079071,0.0616592243313789,-98.46875,-77.8417892456055,85.7968769073486,"Excitatory",0.0362956774343218,74.8225,0.217897727272727,0.05097,13.3649637475358,1.13828,-45.625,1.13606,32.21875,90,1.135575,-33.09375,1.162095,-50.5,2.6507909929418
"312",177.694592,210.93761920929,0.0096952049061656,-93.1250076293945,-69.4225387573242,86.8984403610229,"Excitatory",0.0217096944330674,59.4376666666667,0.221875,0.05243,16.8243481967103,1.14444,-44.8750038146973,1.14237,35.40625,50,1.14202,-32.7500038146973,1.16599,-50.71875,2.984997702843
"315",437.222848,144.687533378601,0.010155126452446,-78.96875,-61.4261207580566,96.0364608764649,"Excitatory",0.0296417934625899,62.0183333333333,0.252310924369748,0.0297150000000002,16.1242643304399,1.101605,-49,1.09909,35.8437538146973,70,1.098585,-34.6875,1.112695,-53.28125,3.09143553990118
"322",74.373624,36.5624614059925,0.0477078333497047,-88.96875,-77.0860366821289,94.968754196167,"Inhibitory",0.00534252401808136,15.3210714285714,1.05167322834646,0.13388,65.2695867036529,1.651235,-66.8437576293945,1.650615,7.15625047683716,620,1.650275,-35.1250038146973,1.65126,-66.9687576293945,0.862726109512871
"325",102.521304,61.5624599158764,0.0321450121700764,-89.3125,-80.8448028564453,91.4312519073486,"Inhibitory",-0.0252933361032462,94.7677777777778,0.170311867136421,0.090435,10.5521098357388,1.48934,-54.9062538146973,1.48466,19.90625,350,1.48418,-35.8437538146973,1.49345,-56.46875,3.69412993885016
"332",107.425568,55.1562495529652,0.034227941185236,-87.6250076293945,-81.5586090087891,95.1562507629395,"Inhibitory",0.00472531752435087,12.5802702702703,0.844981139469947,0.0608200000000001,79.4895481985948,1.7741,-60.1250038146973,1.77342,14.7187509536743,520,1.77308,-39,1.77416,-60.2812538146973,1.28281784644514
"344",210.964864,151.562497019768,0.0824915841221809,-88.8125,-71.391845703125,100.250001271566,"Excitatory",0.0979197864960095,67.1592857142857,0.0200000078201297,0.0196500000000002,14.8899737298321,1.05858,-48.25,1.0559,35.40625,190,1.05544,-38.78125,1.06787,-50.5937538146973,3.66136832151455
"345",214.675552,332.477658987045,0.0149144968017936,-101.093757629395,-67.9460296630859,102.036464055379,"Excitatory",0.0233129948063642,41.5130434782609,0.295427440343588,0.017215,24.088814411395,1.07449,-50.96875,1.07209,45.3125,50,1.07168,-36.7187538146973,1.085105,-54.4375038146973,3.80951991624795
"346",102.552104,125.937506556511,0.0573241859674454,-92.0625,-78.1010055541992,90.6015691757202,"Excitatory",0.103914187597798,153.395,0.0683593821525545,0.0811250000000001,6.51911731151602,1.17049,-45,1.166895,36.0000038146973,150,1.166425,-35.8437538146973,1.21119,-54.6875038146973,3.95220515218526
"348",115.145696,71.8751177191734,0.0232932921499014,-88.96875,-80.8073272705078,92.1812561035156,"Inhibitory",0.00134575928166883,20.4914444444444,0.903794794523542,0.0712700000000002,48.8008545571866,1.839055,-62.375,1.83828,8.12500095367432,390,1.83793,-34.7500038146973,1.83908,-62.5,1.05581799194346
"351",311.605952,485.000014305115,0.0322718136012554,-102.15625,-67.0113220214844,94.1666717529297,"Inhibitory",0.0544789975287089,164.649,0.0344696971043411,0.04545,6.07352610705197,1.157125,-58.8750038146973,1.155575,36.75,30.0000019073486,1.155115,-37.34375,1.15717,-58.9375,2.45739275705611
"353",128.255456,134.21867787838,0.0976739972829819,-91.8125076293945,-76.8444442749023,97.9642911638533,"Excitatory",0.0255161594574623,76.3208333333333,0.179905338021957,0.0544250000000002,13.1025823005951,1.11488,-47.5937538146973,1.112805,40.9375038146973,190,1.112255,-31.40625,1.135235,-49.125,2.36174356883988
"356",123.479544,112.187504768372,0.0678921714425087,-83.4375,-70.7862167358398,89.6437545776367,"Inhibitory",0.0131235670638737,60.1221875,0.269935686069357,0.0242200000000001,16.6327946733475,1.083365,-46.6250038146973,1.08135,28.9062519073486,190,1.08092,-39.6875038146973,1.091605,-50.8125,3.02183142612864
"363",188.7088,216.718822717667,0.0732740610837936,-95.375,-71.9751281738281,100.911463419596,"Inhibitory",0.0442867069260407,92.924,0.299532101877648,0.0473000000000001,10.7614825018295,1.14152,-61.5937538146973,1.14006,42.5,110,1.13956,-43.8125038146973,1.1417,-61.8437538146973,2.42819456470156
"373",249.948128,203.906327486038,0.0947432816028595,-93.625,-71.2786102294922,100.000003814697,"Excitatory",0.0112589502031591,95.0088888888889,0.152747249209409,0.0546200000000001,10.5253309631847,1.25092,-51.1875038146973,1.24742,46.5,90,1.24698,-42.9375038146973,1.28714,-56.9062538146973,4.98288455754513
"380",124.02236,154.687494039536,0.0369148589670658,-98.90625,-81.3229217529297,74.0703153610229,"Excitatory",0.0180102392902815,111.531875,0.142837036333493,0.0886900000000002,8.96604670189576,1.245585,-45.9375,1.2426,17.2812519073486,90,1.24208,-34.59375,1.29539,-58.8750038146973,2.67829625928504
"399",189.376096,232.812494039536,0.100696012377739,-91.2812576293945,-64.3289031982422,101.612506103516,"Excitatory",0.030713633529638,75.905,0.214566475868779,0.03189,13.1743626902049,1.1403,-46.5312538146973,1.138445,47.125,50,1.138035,-36.4062538146973,1.173395,-55.7187538146973,3.27865883713732
"403",117.1574,95.9821417927742,0.0352624356746674,-95.5000076293945,-75.1253509521484,80.1250038146972,"Inhibitory",0.00174079361419356,13.7625,0.664687481187279,0.035345,72.661217075386,1.15813,-58.6562538146973,1.157175,8.75,209.999984741211,1.15682,-33.34375,1.158345,-58.9375,1.16045998777225
"410",297.908576,195.089280605316,0.0982809737324715,-93.0625076293945,-70.4354019165039,84.7343807220459,"Inhibitory",-0.03144103939383,77.7916666666667,0.222767857142857,0.0138,12.8548473486877,2.01116,-43.21875,2.00888,32.15625,90,2.00828,-34.59375,2.01964,-44.28125,2.56555384631101
"423",133.1606,109.999999403954,0.0915253385901451,-85.71875,-74.1160736083984,84.4187515258789,"Inhibitory",0.00208934252760291,29.6682142857143,0.819338261358163,0.16467,33.7061068242828,1.675855,-64.3125,1.67516,8.90625095367432,200,1.674865,-37.6875038146973,1.675865,-64.40625,1.13899407731033
"424",441.202464,380.781233310699,0.218152210116386,-98.65625,-69.4236221313477,87.1250038146973,"Inhibitory",0.0190160693201317,29.948125,0.696521724154683,0.017455,33.3910720621074,1.118335,-58.9062538146973,1.117305,25.6562519073486,29.9999980926514,1.11694,-41.5312538146973,1.118435,-59.0625038146973,1.6689931708412
"438",213.1416,242.031246423721,0.0318112708628178,-101,-73.0221557617188,90.9687547683715,"Excitatory",0.216747636176369,73.2266666666666,0.25240826786994,0.0355400000000001,13.6562272396213,1.08556,-45.0937538146973,1.08376,37.5,130,1.0833,-33.40625,1.10056,-45.9062538146973,3.44128567900907
"440",181.62328,99.0623831748962,0.0307512935250998,-100.28125,-76.7705001831055,87.5416695276896,"Inhibitory",0.00354742616062102,11.949156626506,1.1672134045558,0.00569500000000001,83.687914658493,1.03235,-76.84375,1.031775,17,220,1.031445,-53.1562538146973,1.03241,-76.96875,1.05306573761373
"453",117.050672,137.812420725822,0.174926429986954,-83.5937576293945,-68.4113006591797,104.743756103516,"Excitatory",0.000475832032125765,75.3683333333333,0.237473393888109,0.0510650000000001,13.2681718670529,1.821585,-51.6875,1.82,50.71875,70,1.81954,-46.34375,1.8884,-57.3750038146973,3.16394709064793
"461",153.942848,103.749997913837,0.0643111392855644,-88.15625,-75.7403869628906,87.5312557220459,"Excitatory",-0.0259170338785166,79.5145454545455,0.257084543871694,0.10944,12.5763153682574,1.85968,-52.40625,1.85422,13.8750009536743,239.999984741211,1.85366,-35.7812538146973,1.86364,-54,3.787363979762
"481",182.226272,150.624990463257,0.0503459088504314,-87.84375,-72.6047592163086,92.1718769073486,"Excitatory",0.0239902801889654,68.4515384615384,0.175628625271099,0.0603850000000001,14.608875453718,1.43816,-46.5,1.43568,41.40625,59.9999961853027,1.435225,-38.59375,1.52861,-58.0937538146973,3.50266862659223
"483",189.404256,214.464262127876,0.0666440650820732,-96.1250076293945,-71.5020294189453,60.0468751192093,"Inhibitory",0.0349288596863164,49.1228947368421,0.469480537621079,0.0251700000000001,20.357106505167,1.096375,-50.5937538146973,1.09406,0.5,90,1.093555,-42.8125038146973,1.09799,-51.1875038146973,2.37617779852011
"485",156.455232,162.968754768372,0.0657943487167358,-84.0937576293945,-66.1220245361328,100.600003051758,"Excitatory",0.0309422388763456,186.84,0.285845295919668,0.0743200000000002,5.35217298223079,1.21848,-51.5000038146973,1.2165,47.6875,70,1.21596,-44.125,1.24242,-55.0000038146973,3.42859266736376
"486",380.892416,291.406184434891,0.0525948405265808,-97.84375,-68.7102890014648,81.8333377838135,"Inhibitory",0.00196813292358195,12.2290476190476,0.331223855146699,0.00867499999999999,81.7725166465482,1.03418,-57.34375,1.03327,7.6875,120.000007629395,1.032945,-36.9375,1.03422,-57.4687538146973,1.38501499277202
"493",247.932016,320.468693971634,0.0631639063358307,-96.5,-61.7753524780273,78.6614634195964,"Inhibitory",0.0687944492266756,121.9,0.252464788732394,0.02302,8.20344544708778,1.10346,-45.0312538146973,1.10062,25.25,50,1.10002,-32.9687538146973,1.12486,-49.7500038146973,2.66891142694365
"511",166.71384,135.156214237213,0.054915577173233,-90.9062576293945,-76.0302276611328,86.3750031789144,"Inhibitory",0.107110300820422,10.97,0.976904181845225,0.0081,91.1577028258888,1.036345,-64.03125,1.035485,19.1250019073486,170,1.035165,-39.65625,1.036395,-64.0625076293945,1.47169806818435
"512",159.05984,97.3437875509262,0.0529963411390781,-86.8125,-76.2736892700195,70.015625,"Inhibitory",0.000995636865190832,13.9058333333333,0.806666708373966,0.067455,71.9122670342184,1.14671,-52.9062538146973,1.145955,4.28125047683716,390,1.14565,-33.03125,1.146725,-52.96875,1.26697155497082
"520",427.492704,286.718547344208,0.0590216480195522,-98.34375,-66.9790344238281,90.2421932220459,"Inhibitory",0.244985703323246,38.42,0.342829939429929,0.02302,26.0281103591879,1.09482,-55.5312538146973,1.09392,31.7500019073486,50,1.0935,-42.28125,1.09484,-55.5625038146973,1.65496471287911
"525",80.862096,87.1874615550041,0.0472240559756756,-87.9375076293945,-79.1463012695312,86.8875022888184,"Excitatory",0.0192024243537816,112.095,0.121205357516906,0.09148,8.92100450510728,1.328,-46.34375,1.32524,33.5625,190,1.32472,-38.9687538146973,1.36154,-56.1250038146973,3.66987014197864
"526",203.957264,147.812530398369,0.0149024743586779,-81.5312576293945,-65.2453231811523,78.8125034968058,"Excitatory",-0.000413758522399191,31.9321428571429,0.391825989813301,0.0976000000000001,31.3164075606755,1.96766,-50.65625,1.96524,18.0000019073486,160,1.96474,-38.5000038146973,1.96876,-51.0625038146973,3.02315267324257
"528",100.862056,69.0625384449959,0.0332983806729317,-68.9062576293945,-60.5382995605469,87.0687515258789,"Inhibitory",-0.00953521566790418,10.5101818181818,1.30783621800145,0.00212000000000012,95.1458326125317,1.023905,-64.6875,1.023475,21.3125019073486,370,1.02324,-46.0625,1.02392,-64.78125,1.12771323720163
"529",253.042464,324.218779802322,0.185133472084999,-98.84375,-71.4000549316406,95.6250047683715,"Inhibitory",0.192964373214647,20.51,0.0500000039430766,0.0326950000000001,48.7567040468064,1.08434,-59.9375038146973,1.08356,37.8125,70,1.083195,-42.5,1.08435,-60.0312538146973,1.65190662895813
"531",233.522944,305.937498807907,0.0182690694928169,-95.5000076293945,-61.8339958190918,89.7291742960612,"Excitatory",0.0674525337142351,92.256,0.1741641329067,0.0364800000000001,10.8394033992369,1.26484,-50.0312538146973,1.26326,35.40625,29.9999980926514,1.26276,-38.125,1.28842,-52.875,3.01279078806937
"536",397.379712,243.906363844872,0.0763629674911499,-99.96875,-74.2015075683594,81.2687545776368,"Inhibitory",0.0665747129799389,72.7015384615385,0.285459940652819,0.01352,13.7548671068224,1.05932,-46.5,1.05716,16,90,1.05668,-37.7812538146973,1.079,-48.09375,2.98291006527449
"549",98.831296,119.553573429585,0.168598279356956,-82.09375,-68.1433715820312,95.5562545776368,"Excitatory",0.0348404831371907,74.0158333333333,0.200632929244955,0.0490900000000001,13.5106227271192,1.212375,-46.40625,1.210835,47.5937538146973,90,1.21046,-39.625,1.28316,-53.2187538146973,3.37492997339038
"558",152.76072,180.625081062317,0.0832769647240639,-91.0000076293945,-70.3280029296875,86.7265653610229,"Excitatory",0.0432236599634345,101.972222222222,0.170886088170944,0.0454000000000001,9.80659220920732,1.105335,-45.9062538146973,1.1032,32.6562538146973,90,1.102785,-34.71875,1.138025,-53.75,3.00014366303744
"560",95.661408,80.6251466274261,0.0181947629898787,-89,-79.0847549438477,87.1312538146973,"Inhibitory",-0.0496944984392585,70.9369230769231,0.255779919835828,0.0745400000000001,14.0970309484049,1.6502,-46.8750038146973,1.64776,20.90625,370,1.64728,-40.2500038146973,1.65572,-49.78125,3.16321164892641
"565",127.714456,130.156129598618,0.0427862033247948,-94.0937576293945,-79.26220703125,90.5390653610229,"Excitatory",0.178353474570218,75.043,0.104446466946574,0.0407550000000001,13.3256932691923,1.10682,-47.0625,1.104135,32.4375038146973,150,1.10363,-36.75,1.98961,-54.9062538146973,3.31307617303112
"572",216.749616,213.750079274178,0.0653698220849037,-94.3125076293945,-70.9606094360352,89.0000047683715,"Excitatory",0.0362030288764047,77.0054545454546,0.182480310921601,0.05864,12.9860930748707,1.28346,-47,1.28006,32.5000038146973,59.9999961853027,1.27958,-36.7187538146973,1.34496,-54.4375038146973,4.45577223102647
"573",315.241184,234.218791127205,0.0632673725485802,-97.5937576293945,-73.0428314208984,105.062505722046,"Inhibitory",0.0212711487514929,50.1411111111111,0.454066265060241,0.0192600000000001,19.9437144060097,1.08768,-64.7812576293945,1.08652,38.3125038146973,90,1.08616,-45.53125,1.08768,-64.7812576293945,2.4154843157415
"578",140.227936,109.843634068966,0.188126638531685,-88.2187576293945,-75.0866622924805,96.8312545776367,"Excitatory",0.0181273967255069,77.06875,0.180681824452071,0.049725,12.9754277836347,1.124575,-48.4687538146973,1.123305,47.0000038146973,150,1.12291,-41.3750038146973,1.176575,-53.3125038146973,3.02696976894383
"581",152.807744,82.031175494194,0.041891623288393,-89.21875,-78.3183364868164,94.2395846048991,"Inhibitory",0.00144221272673892,7.22187499999999,1.20503963714057,0.00551500000000016,138.468195586326,1.028245,-70.40625,1.02766,23,320,1.02738,-48.375,1.028285,-70.46875,1.26545909063819
"584",151.294432,304.6875,0.08212810754776,-79.71875,-65.3980865478516,87.1093769073486,"Excitatory",0.0218098585195589,52.8622222222222,0.233333333333333,0.0340550000000002,18.9171010593577,1.143,-43.84375,1.141105,34.53125,50,1.14067,-35.34375,1.18138,-53.75,2.9467601521652
"585",145.408496,159.531101584435,0.0436736829578876,-92.5312576293945,-75.1710586547852,88.9947980244954,"Excitatory",0.0249703832123373,65.9067857142857,0.218132910924442,0.0365600000000001,15.1729444724421,1.087045,-44.65625,1.084125,23.5937519073486,190,1.08339,-32.9062538146973,1.099135,-48.8437538146973,2.57946920310765
"594",233.829504,293.437510728836,0.0731709823012352,-97.875,-64.6614532470703,89.442710240682,"Excitatory",0.0170197336637812,45.68575,0.302980122326769,0.0405,21.8886633140531,1.157415,-44.5,1.15487,34,59.9999961853027,1.154435,-33.8437538146973,1.17474,-50.15625,3.41944095937166
"596",188.335168,138.906165957451,0.048504825681448,-91.9062576293945,-75.1282043457031,93.5500053405762,"Excitatory",0.106631552338029,82.5872727272727,0.0867187746148537,0.03,12.1084032318429,1.0766,-46.2812538146973,1.07448,41.3750038146973,170,1.07406,-32.6875,1.08392,-48.90625,3.53595023311579
"606",135.672768,165.625035762787,0.0391024574637413,-93.4375076293945,-75.4109802246094,102.993755340576,"Excitatory",0.0379231040747975,77.4708333333333,0.199999999999999,0.0530650000000001,12.9080836874092,1.13556,-50.5312538146973,1.133745,44.125,90,1.133375,-38.9687538146973,1.15967,-55.8750038146973,3.76529838331895
"610",135.434912,128.906175494194,0.0333370417356491,-99.7500076293945,-75.9636688232422,82.2062522888184,"Inhibitory",0.00342587053042371,16.3288333333333,0.916071428242983,0.01156,61.241362416176,1.044145,-64.65625,1.04339,14,170,1.043095,-41.8125,1.044225,-64.84375,1.26784118682138
"613",263.33368,166.093781590462,0.0261067450046539,-92.28125,-74.4759140014648,87.4791701634725,"Inhibitory",0.107473087130815,13.88,0.670603764971045,0.01508,72.0461095100865,1.05602,-54.40625,1.0552,23.4687519073486,130,1.05484,-33.90625,1.05608,-54.4375038146973,1.42049879181607
"624",119.377832,105.156324803829,0.0372542142868042,-99.1875,-77.0609741210938,86.1625019073486,"Inhibitory",0.00999083140636763,22.2632926829268,0.641293686581129,0.027555,44.9169857415959,1.15321,-67.40625,1.152455,15.65625,220,1.152155,-44.65625,1.153235,-67.53125,1.3771929054698
"626",139.463376,172.343745827675,0.166858181357384,-92.4375076293945,-72.8521041870117,89.8046913146972,"Excitatory",0.025906509249976,93.429,0.162266361848559,0.0517350000000001,10.7033148165987,1.12877,-49.4375,1.12646,30.375,130,1.12592,-33.9375,1.1596,-53.40625,2.45581435056075
"630",318.976576,203.906252980232,0.0408348329365253,-98.0937576293945,-75.6354217529297,85.5859394073486,"Inhibitory",0.184095859714528,78.5966666666667,0.356932773109244,0.0515950000000001,12.7231858857458,1.17338,-55.71875,1.17225,18.1875,90,1.17188,-36.1875,1.173675,-55.90625,1.59851245587693
"637",98.610328,84.3750387430191,0.0347299464046955,-82.6562576293945,-73.9697494506836,93.2937553405762,"Inhibitory",-0.0250006163243819,27.1840277777778,0.760072823130854,0.0132050000000001,36.7863073189424,1.69447,-54.9687538146973,1.693705,16,300,1.69338,-32.375,1.694505,-55.0937538146973,1.24252225220557
"643",183.174256,195.000037550926,0.0501077026128769,-98.0000076293945,-76.7340316772461,98.3593778610229,"Excitatory",0.0286463871499541,64.1967857142857,0.24776537810083,0.0557800000000002,15.5771038825931,1.146705,-46.9375038146973,1.14449,47.6562538146973,70,1.14413,-34.46875,1.165255,-52.4687538146973,4.21718782098238
"644",173.9668,212.499886751175,0.274229347705841,-97.4687576293945,-73.6112442016602,95.2125019073486,"Inhibitory",0.00879903622228364,45.4195238095238,0.373477420980493,0.0426300000000002,22.0169635461989,1.258995,-59.5312538146973,1.257775,32.6562538146973,90,1.25737,-42.34375,1.25905,-59.6250038146973,2.14101512756319
"648",257.175168,258.281290531158,0.00630711810663342,-98.3750076293945,-71.5616683959961,87.7000053405762,"Inhibitory",0.324858079475495,31.2675,0.0881493506493507,0.02668,31.9820900295834,1.163055,-56.78125,1.162135,27.3125,70,1.161785,-44.4375,1.16318,-56.8437538146973,1.79592868602401
"661",143.034544,103.080354630947,0.127682700753212,-79.03125,-68.0096206665039,84.8812515258789,"Inhibitory",0.00561773403088217,18.0111111111111,0.78122528346768,0.0108550000000001,55.5212831585441,1.04068,-54.9062538146973,1.039945,33.5312538146973,220,1.039645,-33.65625,1.040715,-55.09375,1.55539775517461
"662",177.422192,135.312393307686,0.055235281586647,-99.9375076293945,-76.0004272460938,88.212504196167,"Inhibitory",0.00530148594828014,20.4194791666667,0.831349226791482,0.015385,48.9728455773949,1.053435,-58.46875,1.052545,20.09375,150,1.05221,-35.34375,1.053545,-58.5937538146973,1.50947902349892
"666",462.096832,413.437455892563,0.090062290430069,-103.000007629395,-68.5833206176758,99.5562530517579,"Excitatory",0.00852896340518281,26.0156756756757,0.269980314384391,0.0140200000000001,38.4383635645868,1.14772,-52.15625,1.14548,38.2500038146973,20,1.14498,-42.9375038146973,1.17122,-54.9375038146973,3.2085565206005
"678",154.854688,192.812457680702,0.222997888922691,-94.84375,-73.0367202758789,96.0859379768372,"Excitatory",0.0062299763256167,58.665625,0.305833348832306,0.0369350000000002,17.0457572044958,1.16492,-66.5625,1.163295,31.65625,90,1.16285,-49.125,1.16531,-66.78125,2.29137261770694
"686",249.672928,249.218702316284,0.0317335948348045,-87.2812576293945,-59.6444473266602,85.7812538146973,"Excitatory",0.0260752598017492,66.0242857142857,0.287,0.02468,15.1459419694052,1.21846,-47.7500038146973,1.21538,26.5000019073486,40,1.21484,-39.9062538146973,1.23838,-55.0000038146973,3.31894589619244
"695",144.406752,129.799082875252,0.0137624591588974,-90.53125,-77.2036209106445,93.5562538146973,"Excitatory",0.0526763296410991,105.542222222222,0.0708333343551264,0.0465200000000001,9.47488103760477,1.1182,-44.4062538146973,1.11558,47.4375038146973,150,1.11516,-37.2812538146973,1.14896,-50.15625,4.66653740674142
"700",161.39776,278.906285762787,0.0573231093585491,-96.375,-67.0109786987305,95.5000038146972,"Excitatory",0.0144015670229356,58.2290625,0.291149069575366,0.062265,17.1735548721912,1.2955,-50.8125,1.293855,38.0625,30.0000019073486,1.29342,-37,1.33551,-55.4062538146973,2.93865475492602
"709",96.906576,80.312579870224,0.170850917696953,-80.65625,-71.4556655883789,96.862501525879,"Excitatory",0.00196876907163959,118.630714285714,0.193605868302471,0.066365,8.42952017966922,1.750325,-48.4375038146973,1.748685,42.8750038146973,190,1.74832,-41.1875038146973,1.778765,-55.0625038146973,3.08486070955679
"716",407.429664,525.0004529953,0.0300615541636944,-80.1875076293945,-63.0599975585938,97.3984413146972,"Inhibitory",0.0117399269680463,37.1746153846154,0.4016,0.0149000000000001,26.9000765617564,1.102,-61.7500038146973,1.1009,27.875,50,1.10048,-41,1.1021,-61.8437538146973,1.69816055791214
"726",171.95176,126.406282186508,0.0134337106719613,-97.03125,-83.3443069458008,89.3062515258789,"Excitatory",0.126456179056598,98.4862500000001,0.107494143057481,0.0545,10.153701658861,1.11219,-48.7500038146973,1.109175,36.78125,190,1.108785,-36.0000038146973,1.12611,-54.84375,3.72470463003835
"730",105.146456,106.250002980232,0.0521581023931503,-83.6875,-78.2598419189453,88.8229185740153,"Inhibitory",0.0267437901275671,112.6075,0.100499994331359,0.0312000000000001,8.88040317030393,1.14497,-43.9375,1.141835,45.15625,230,1.141285,-31.21875,1.15828,-48.46875,4.84387142104251
"736",232.935984,166.562423110008,0.0347785614430904,-98.5937576293945,-79.3605117797852,92.4453153610229,"Excitatory",0.0197051633573115,61.6253333333333,0.200471698113208,0.05464,16.2270927540622,1.12056,-48.0625038146973,1.11808,37.46875,90,1.11762,-31.96875,1.12964,-52.2812538146973,3.56395514684948
"741",575.424768,567.968785762787,0.0613370798528194,-95.7187576293945,-59.9404830932617,75.2500038146973,"Inhibitory",0.0116379770001146,21.6885294117647,0.15625,0.00624500000000006,46.107321571446,1.058375,-59.1875,1.05737,9.15625,10,1.05696,-45.6875,1.058425,-59.2500038146973,1.39616320238207
"751",143.434624,148.437514901161,0.110607907176018,-79.125,-72.2378997802734,90.4609394073486,"Excitatory",0.0833337734985903,131.882857142857,0.0857142931425651,0.0533000000000001,7.58248662232718,1.14958,-42.4375,1.1439,45,130,1.14328,-36.625,1.181375,-48.2812538146973,4.70933606031171
"752",201.991712,176.339313387871,0.131825149059296,-86.84375,-69.7545013427734,98.1796932220459,"Excitatory",0.0339354608644929,105.8175,0.149813432835821,0.05054,9.45023271198053,1.12402,-43.875,1.12206,38.8750038146973,90,1.12164,-31.0000019073486,1.15058,-54.5000038146973,3.18007043200252
"753",98.462824,237.65629529953,0.113893173635006,-96.9375076293945,-75.7492904663086,89.276045481364,"Excitatory",0.0500393596799969,45.90425,0.282712785762942,0.046195,21.784475293682,1.32582,-47.5000038146973,1.324045,27.5312519073486,60.0000038146973,1.32352,-42.28125,1.38385,-54.3437538146973,2.46940161349742
"776",238.746368,146.562427282333,0.0326740965247154,-95.3125,-78.1255340576172,90.5781269073486,"Excitatory",0.0155496076007924,67.9057692307692,0.186029411764706,0.06271,14.7262892583048,1.358785,-48.4375038146973,1.356945,35.3125,90,1.35645,-37.21875,1.390685,-54.28125,2.61800515066
"799",132.16292,85.1562470197678,0.0184759330004454,-91.7187576293945,-72.20556640625,71.0390647053718,"Inhibitory",0.00523644428043449,3.82833333333332,1.64510904338246,0.00295500000000004,261.210274270789,1.024975,-66.0625,1.024425,-0.281250029802322,400,1.02419,-50,1.02498,-66.09375,1.30883421463085
"806",242.403264,251.562505960464,0.00831763353198767,-93.21875,-65.2991027832031,75.3437538146973,"Inhibitory",0.154108538307031,19.5716666666666,0.037280701754386,0.0156850000000002,51.094268926169,1.09148,-55.8125038146973,1.0905,19.46875,50,1.090175,-43.4375038146973,1.091545,-55.9375038146973,1.84254829149242
"807",176.097296,192.499995231628,0.0993435382843018,-94.96875,-74.2431030273438,96.9531297683715,"Excitatory",0.00868533126736537,56.3541176470588,0.206735156052271,0.0412000000000001,17.7449322561116,1.18676,-51.0937538146973,1.18434,40.3125038146973,59.9999961853027,1.18392,-42.34375,1.23316,-60.1562538146973,4.35224143264445
"812",170.031024,148.43761920929,0.0929054990410805,-85.34375,-69.4498291015625,90.7708384195964,"Inhibitory",0.00354384724544078,46.95675,0.331399328120076,0.0208950000000001,21.296192773137,1.28047,-56.21875,1.27798,26.5625,110,1.277625,-42.6250038146973,1.286525,-60.1875,2.83443865609318
"819",162.631536,144.375011324883,0.0486131235957146,-95.4375076293945,-79.6181793212891,94.2031307220459,"Excitatory",0.0657434948074315,85.2555555555556,0.125000004584971,0.028605,11.7294408966506,1.079445,-52.2187538146973,1.076465,32.2500038146973,130,1.07594,-43.875,1.089625,-55.6562538146973,3.97662406702031
"827",259.75872,218.593791127205,0.028987430036068,-102.000007629395,-81.9060440063477,89.5729211171468,"Excitatory",0.0248265692196223,85.355,0.230329467701112,0.05396,11.7157752914299,1.209005,-57.2500038146973,1.20534,28.5312519073486,90,1.20479,-42.65625,1.23015,-62.3125038146973,3.51427387467621
"836",182.068352,146.562576293945,0.1617561429739,-89.7500076293945,-75.5517425537109,95.7875030517579,"Excitatory",0.010100823006438,79.6781818181818,0.198333333333333,0.0614600000000001,12.5504871870935,1.27482,-49.9062538146973,1.27298,40.6250038146973,90,1.27252,-38.4062538146973,1.30178,-59.4375038146973,2.82957970265656
"840",150.988096,105.223104357719,0.032452080398798,-88.1250076293945,-75.9377136230469,86.2343807220459,"Inhibitory",0.00850120368496213,12.7682,1.05178557957922,0.0115500000000002,78.3195751946241,1.038155,-59.0625038146973,1.03759,17.15625,249.999984741211,1.03731,-33.90625,1.03818,-59.1250038146973,1.12118035989565
"842",344.80784,280.000001192093,0.082919679582119,-98.3750076293945,-67.2280197143555,91.8854223887126,"Excitatory",0.00579257303428945,64.7871428571429,0.255468744705431,0.0363200000000001,15.4351612974355,1.19218,-53.7812538146973,1.18876,41.25,29.9999980926514,1.1882,-46.8437538146973,1.21744,-58.0000038146973,4.28281630663457
"858",309.51232,186.250001192093,0.0178365595638752,-96.78125,-76.9175567626953,91.5781283378601,"Inhibitory",0.00293727828676858,13.8805633802817,1.15778875379939,0.0137200000000002,72.043185323484,1.06382,-59.0625038146973,1.06282,20.78125,90,1.0624,-38.375,1.06388,-59.1562538146973,1.47224602902524
"860",183.80992,195.624992251396,0.0780669972300529,-95.71875,-73.6294555664062,101.942710240682,"Inhibitory",0.126489563122086,57.3463636363636,0.675045132117845,0.01989,17.4378973066375,1.0732,-62.1875,1.07229,35.71875,100,1.07191,-37.5625,1.073275,-62.3125038146973,1.42197805158807
"909",330.074464,330.312430858612,0.0188371781259775,-92.15625,-61.6267166137695,101.882817268371,"Excitatory",0.0140651737649222,43.6254545454545,0.34024390631244,0.0315000000000001,22.9223972659832,1.202165,-46.9375038146973,1.200425,35.0625038146973,30.0000019073486,1.199905,-33.90625,1.225895,-49.0937538146973,2.19324704218313
"913",221.14912,165.468797087669,0.0257941968739033,-88.0312576293945,-69.4596481323242,88.7250038146973,"Inhibitory",0.586460945133253,115.595,0.0435267868820497,0.00899000000000005,8.65089320472339,1.04151,-50.2187538146973,1.04038,36.0937538146973,130,1.039935,-48.6875038146973,1.041645,-50.40625,1.97352828093711
"914",191.35904,159.374848008156,0.0329797305166721,-96.9687576293945,-80.3756484985352,93.5250045776367,"Excitatory",0.0103034531451905,63.6757142857143,0.204884111543265,0.0539400000000001,15.7045745182061,1.13456,-46.1562538146973,1.13266,36.7187538146973,110,1.1322,-32.875,1.15344,-53.5000038146973,2.79948709889435
"921",158.85984,248.125001788139,0.0537547953426838,-96.2187576293945,-73.4638595581055,85.6000038146973,"Excitatory",0.0219904320171965,53.9873529411765,0.28202614379085,0.0577800000000002,18.5228566603289,1.176795,-46.7812538146973,1.1747,44.7187538146973,50,1.17435,-32.78125,1.201805,-52.5937538146973,3.6461133101277
"925",189.283568,163.593858480453,0.0291495863348246,-97.2500076293945,-79.1894683837891,97.2083365122477,"Excitatory",0.0122443751468445,66.1728571428571,0.2499850701702,0.0396400000000001,15.1119362708059,1.08936,-50.40625,1.08686,39.7500038146973,170,1.08644,-36.9375,1.0987,-54,3.91666800578186
"928",144.937296,206.718668341637,0.215651631355286,-86.4687576293945,-61.2651138305664,88.0703172683715,"Excitatory",0.0083090205859109,41.7331818181818,0.269510582010582,0.0420050000000001,23.9617483362923,1.175595,-45.1250038146973,1.17349,28.2812519073486,50,1.172935,-31.96875,1.201125,-48.25,2.3183181118337
"940",177.710032,168.437391519547,0.0177898649126291,-93.3750076293945,-75.8291931152344,96.2187525431315,"Excitatory",0.0733398425836583,95.125,0.278774436215177,0.0418750000000001,10.5124835742444,1.134365,-50.875,1.13253,39.1250038146973,130,1.132095,-36.4062538146973,1.14846,-54.6875038146973,3.31806110503012
"942",165.931616,230.044677853584,0.0323442555963993,-98.4375,-73.2083282470703,79.9791692097982,"Excitatory",0.0183919874829413,58.0516666666667,0.199214145383104,0.0578400000000001,17.2260342798082,1.82151,-48.5,1.81878,37.5312538146973,50,1.818325,-36.1562538146973,1.84859,-55.90625,3.52229179453099
"944",93.896816,131.406247615814,0.0534133799374104,-90.5000076293945,-75.3521347045898,98.7968788146972,"Excitatory",0.0219884409981403,87.1515,0.16846592421374,0.0771500000000001,11.474271814025,1.331955,-39,1.32885,32.0312538146973,110,1.328305,-25.3750019073486,1.37118,-50.15625,2.59377667135113
"951",184.239136,167.008861899376,0.121829211711884,-92.3125076293945,-72.6638336181641,96.4921932220459,"Inhibitory",0.302196627118039,15.505,0.0544477234401349,0.0275000000000001,64.4953240890035,1.09162,-62.5312538146973,1.09088,29.59375,80,1.09052,-45.3125,1.09166,-62.59375,1.56039545356107
"952",124.346704,96.8749225139618,0.0689584165811539,-80.7187576293945,-69.5428619384766,87.3515648841858,"Inhibitory",0.000456017813240277,74.6216666666667,0.196428548547687,0.040775,13.400933598374,1.65969,-54.5312538146973,1.65523,21.5,209.999984741211,1.654815,-33,1.66305,-56.875,3.41061798353909
"954",176.425456,164.687469601631,0.0220953691750765,-99.6250076293945,-70.6443405151367,86.693754196167,"Inhibitory",0.0187283963351565,9.03874999999998,1.47236471674603,0.00595500000000015,110.634766975522,1.031155,-60.1562538146973,1.03054,22.0000019073486,290,1.03027,-32.0312538146973,1.03118,-60.2500038146973,1.26391558451577
"957",163.21872,109.843865036964,0.0344318971037865,-98.5625,-75.1213531494141,79.6750049591065,"Inhibitory",0.00152476145731147,9.51684466019417,1.44168562419896,0.00892500000000007,105.076843818064,1.03714,-58.8125038146973,1.036365,5.18750047683716,240.000015258789,1.03598,-34.2500038146973,1.037185,-58.9687538146973,1.09113195614032
"962",152.97048,104.374997317791,0.012180145829916,-91.03125,-79.1691741943359,88.5312528610229,"Inhibitory",0.0175217291624686,75.90375,0.139999982636552,0.041045,13.1745796485681,1.294615,-57.5,1.28843,17.3125,249.999984741211,1.28792,-41.1875038146973,1.298405,-59.0000038146973,4.1838029922995
"963",121.202512,105.468638241291,0.0845737978816032,-91.875,-68.5879287719727,77.4750038146973,"Inhibitory",0.0249372726983506,12.5417647058824,0.917168674698795,0.01024,79.7335959851786,1.036765,-52.5000038146973,1.03606,15.625,270,1.035755,-30.6875019073486,1.036815,-52.5937538146973,1.22859535258045
"964",226.31464,104.687884449959,0.0233173258602619,-87.3125076293945,-72.1359558105469,100.656253814697,"Inhibitory",0.00275832721013023,12.570641025641,0.542210144927536,0.00673500000000016,79.5504380373481,1.033565,-65.8125,1.032785,27.4062519073486,270,1.03247,-32.53125,1.03366,-65.875,1.26367732153947
