"","adaptation","avg_isi","f_i_curve_slope","fast_trough_t_long_square","fast_trough_t_ramp","fast_trough_t_short_square","fast_trough_v_long_square","fast_trough_v_ramp","fast_trough_v_short_square","input_resistance_mohm","latency","peak_t_long_square","peak_t_ramp","peak_t_short_square","peak_v_long_square","peak_v_ramp","peak_v_short_square","ri","sag","slow_trough_t_short_square","slow_trough_v_short_square","threshold_i_long_square","threshold_i_ramp","threshold_i_short_square","threshold_t_long_square","threshold_t_ramp","threshold_t_short_square","threshold_v_long_square","threshold_v_ramp","threshold_v_short_square","trough_t_long_square","trough_t_ramp","trough_t_short_square","trough_v_long_square","trough_v_ramp","trough_v_short_square","upstroke_downstroke_ratio_long_square","upstroke_downstroke_ratio_ramp","upstroke_downstroke_ratio_short_square","vm_for_sag","vrest","height","binary_neuron","firing_rate"
"3",0.0422146009409484,81.3945454545455,0.162729374902656,1.08975,2.33642666666667,1.027302,-48.90625,-51.0833346048991,-55.8000022888184,289.12208,0.027555,1.086395,2.33322833333333,1.023475,33.28125,38.8229179382324,29.0875011444092,266.406327486038,0.0415404625236988,1.691744,-73.3375,110,32.8333333333333,469.999969482422,1.085825,2.332735,1.023001,-38.1562538146973,-40.1666692097982,-46.1250007629395,1.099575,2.36177833333333,1.691744,-52.09375,-57.6145858764648,-73.3375,4.20848539986433,4.27415082236767,4.09637162919967,-99.0937576293945,-72.174674987793,84.8875034332276,"Excitatory",12.2858355485067
"5",0.542357967302534,307.1,0.155346607523105,1.08516,8.53670666666667,1.02542666666667,-47,-46.9270858764648,-55.0937525431315,209.971936,0.0337800000000001,1.08298,8.53443333333333,1.02356,40.7812538146973,42.7291692097982,42.3229179382324,136.562421917915,0.132638186216354,1.1305,-81.250005086263,210,187.833333333333,860,1.08244,8.53384666666667,1.02312,-33.96875,-33.7604179382324,-46.9375025431315,1.08612,8.55396666666667,1.1305,-47.8750038146973,-49.7291679382324,-81.250005086263,2.71890141223514,2.52813735284161,3.06070724707307,-95.5000076293945,-80.0506210327148,97.4166704813639,"Excitatory",3.25626831650928
"8",0.0347760085193906,30.73375,0.631220715270749,1.53444,17.0385683333333,1.024103,-57.6875038146973,-56.6250012715658,-59.8312522888184,105.196152,0.126335,1.53362,17.0374733333333,1.023311,13.5,14.5833339691162,25.0187511444092,64.5312517881393,0.0449956208467484,1.456287,-77.8812530517578,350,400.416676839193,900,1.5333,17.0371366666667,1.023032,-34.9062538146973,-31.4375025431315,-44.8625015258789,1.53463,17.0396683333333,1.456287,-57.8437538146973,-57.5208358764648,-77.8812530517578,1.20454709560304,1.26777826495465,1.37752586261736,-92.5,-76.9548568725586,84.8500034332276,"Inhibitory",32.5375198275511
"9",0.0259499525080395,79.6,0.164054054054054,1.18334,4.31303333333333,1.02487,-47.4375038146973,-49.3854192097982,-50.7812519073486,148.06432,0.0438400000000001,1.18142,4.31129333333333,1.02339,43,44.5104166666667,44.21875,153.74992787838,0.103811219334602,1.50935,-68.9218788146973,70,82.25,0,1.181,4.31088,1.02301,-33.1250038146973,-33.5104192097982,-48.2812519073486,1.2207,4.33916666666667,1.50935,-56.5625038146973,-55.9791692097982,-68.9218788146973,3.38933208949961,3.23845608594034,3.66900647880166,-85.2187576293945,-68.5057373046875,95.0000019073486,"Excitatory",12.5628140703518
"10",0.00928929266442473,60.1843333333333,0.217394919622208,1.46886,6.24119666666667,1.025506,-49.53125,-49.2604192097982,-56.5875038146973,126.870208,0.06071,1.46659,6.23951333333333,1.02357,25.5312519073486,42.0104192097982,26.5125011444092,151.562616229057,0.149849534034729,1.251151,-77.4000030517578,120.000007629395,130.458333333333,0,1.466065,6.23904833333333,1.023142,-39.5312538146973,-40.4895833333333,-46.8125022888184,1.49474,6.27193166666667,1.251151,-55.0937538146973,-54.4479192097982,-77.4000030517578,2.43199779540174,2.5716143936217,2.38278113917378,-93.6562576293945,-76.2948379516602,83.1000049591065,"Excitatory",16.6156197903109
"13",0.0479778872438261,50.6313888888889,0.291294653444569,1.078045,4.11961333333333,1.02419583333333,-62.3437538146973,-59.4375012715658,-63.0104198455811,254.30064,0.02136,1.07737,4.11890666666667,1.02350833333333,27.9375019073486,28.6458346048991,28.0208349227905,188.749924302101,0.0210860185325146,1.39762166666667,-77.2135454813639,90,77.5,71.6666717529297,1.07699,4.11852833333333,1.02315,-49.78125,-48.5416692097982,-50.6250019073486,1.07807,4.11968166666667,1.39762166666667,-62.4375038146973,-59.5625025431315,-77.2135467529297,1.51451050493651,1.61299789157978,1.50889352274576,-97.53125,-76.1265106201172,91.0312547683716,"Inhibitory",19.7505938893857
"29",0.026013695360957,84.2527272727273,0.174621213842028,1.2,8.54379333333334,1.02574,-46.90625,-46.9166679382324,-53.8250015258789,162.225472,0.0424800000000001,1.1975,8.54131333333333,1.023672,33.3750038146973,37.34375,35.9000022888184,160.156279802322,0.164622649550438,1.117364,-76.8000045776367,170,188,0,1.19684,8.54063333333333,1.023168,-33.65625,-32.0625006357829,-46.5312515258789,1.22254,8.57222666666667,1.117364,-48.03125,-49.7083346048991,-76.8000045776367,2.45921838308283,2.37927339507517,2.88725853272408,-93.9687576293945,-76.3359832763672,89.7250038146973,"Excitatory",11.8690519864477
"50",0.00680395272305974,16.5130508474576,0.834196332837647,1.056225,8.50692166666667,1.02425,-56.71875,-51.5416704813639,-58.8697954813639,238.507488,0.012335,1.055135,8.50547833333333,1.02334666666667,16.9687519073486,7.46875055631002,25.0260429382324,136.406257748604,0.0212017614394426,1.57356083333333,-79.7708358764648,140,187.125,520,1.05476,8.50501166666667,1.02303833333333,-36.5000038146973,-27.1458346048991,-45.817710240682,1.056485,8.50796333333333,1.57356083333333,-56.9375038146973,-52.2395871480306,-79.7708358764648,1.51400652653294,1.12385979067463,1.65729675534852,-94.3750076293945,-79.3803024291992,83.8958384195963,"Inhibitory",60.5581614952735
"57",0.0200593683442852,61.381,0.199621220808492,1.11842,3.69296166666667,1.02569125,-48.34375,-45.8437525431315,-51.7734384536743,244.460368,0.0443550000000001,1.11556,3.69031,1.02349375,33.8125,37.8958358764648,36.0937519073486,178.281173110008,0.0534816235303879,1.62694375,-79.8984394073486,90,66.75,820,1.1151,3.689865,1.023105,-34.9687538146973,-32.3958339691162,-42.8437519073486,1.13946,3.73089666666667,1.62694375,-54.40625,-57.1666679382324,-79.8984394073486,3.33455174256993,3.38663802001272,3.61953651154426,-96.09375,-79.4305877685547,87.8671903610229,"Excitatory",16.2916863524543
"58",0.100490290119311,80.4504545454545,0.222144679258464,1.126865,5.30663666666667,1.02546375,-43.6562538146973,-45.4062525431315,-46.8437528610229,132.65108,0.0490000000000002,1.124815,5.30440833333333,1.0235475,26.1875019073486,34.5833333333333,25.0078129768372,197.812542319298,0.024099737405777,1.6290325,-82.2890644073486,90,107.083333333333,920,1.124285,5.30390333333333,1.02311625,-39.1875038146973,-36.3541666666667,-34.1250014305115,1.137835,5.35615166666667,1.6290325,-44.28125,-52.5729179382324,-82.2890644073486,3.2999292533846,3.36622334208887,2.86063858686084,-100.468757629395,-81.92041015625,71.8515658378601,"Excitatory",12.430010565509
"62",0.118855154862113,67.3333333333333,0.144956789297024,1.15987,5.108525,1.0248575,-53.6562538146973,-52.2812538146973,-57.5781269073486,154.351296,0.0348550000000001,1.157765,5.1066725,1.023105,40.0625038146973,43.9062519073486,38.3437519073486,158.593788743019,0.0306478515267372,1.6588925,-82.1406288146973,110,102.1875,720,1.157325,5.1062325,1.0227175,-40.7812538146973,-38.890625,-54.1406269073486,1.180555,5.1340425,1.6588925,-58.2812538146973,-56.90625,-82.1406288146973,3.32895698549413,3.49582551361315,3.8665216990509,-96.71875,-81.6837158203125,95.9218788146972,"Excitatory",14.8514851485149
"66",0.0313114024926393,43.6734090909091,0.442857142857143,1.131345,2.02568833333333,1.026495,-39.875,-49.7604204813639,-50.4687519073486,252.332384,0.02949,1.128695,2.02199833333333,1.0236825,14.375,9.03125063578288,2.84375,274.062603712082,0.00390733359381557,1.606105,-64.3125,50,25.0416666666667,0,1.12805,2.021205,1.0231175,-37.09375,-46.2187525431315,-39.5625,1.179765,2.055805,1.606105,-46.5,-52.3854179382324,-64.3125,2.75354843311988,3.28433034732306,2.84107387810398,-94.53125,-64.5871353149414,53.3125019073486,"Inhibitory",22.8972278742526
"77",0.129197871310126,50.5925,0.12352940356703,1.081785,4.66026833333333,1.029433,-49.6562538146973,-47.9583346048991,-59.5562530517578,182.50048,0.0300800000000001,1.077925,4.65592,1.023451,29.59375,33.8541692097982,38.1750022888184,124.062463641167,0.0150359999388456,1.349609,-80.4687530517578,190,90.875,344.000024414063,1.07737,4.65539166666667,1.023016,-37.5,-35.7916679382324,-49.2875015258789,1.09428,4.69577666666667,1.349609,-54.1875038146973,-55.0208371480306,-80.4687530517578,3.88957261019803,3.99815449895296,4.76659225074045,-94.7187576293945,-80.3704452514648,97.7312553405762,"Excitatory",19.7657755596185
"81",0.0333492132819316,50.6811111111111,-0.0202702670574538,1.25462,2.19852,1.0253,-51.28125,-52.1145858764648,-54.9062538146973,455.143616,0.0319400000000001,1.25308,2.19707333333333,1.02412,14.2812509536743,18.3958346048991,14.1875009536743,338.593661785126,0.0336970798671246,1.91014,-66.28125,29.9999980926514,29.4166673024495,340,1.25264,2.19663333333333,1.02372,-42.1562538146973,-43.1666679382324,-49.4375,1.2859,2.23019333333333,1.91014,-54.25,-54.5000025431315,-66.28125,2.59684825476686,2.59930540266775,2.15837934727449,-96.78125,-65.1880950927734,69.0937547683716,"Inhibitory",19.731216977616
"88",0.11050577897634,90.435,0.12183908045977,1.19673,3.46798,1.02533125,-47.9375,-48.65625,-50.6171894073486,160.389952,0.0553700000000001,1.19386,3.46545,1.02350375,35.90625,37.53125,37.296875,186.875000596046,0.0202918145805597,1.82248375,-74.8984394073486,90,61.125,830,1.19338,3.46498,1.02309125,-33.5625,-33.6875038146973,-43.09375,1.22511,3.49128,1.82248375,-54.40625,-55,-74.8984394073486,3.1423566242206,3.03067999474725,3.4011178458165,-95.6875,-75.2422332763672,87.9140644073486,"Excitatory",11.0576657267651
"93",0.0752613537360421,109.455,0.159665089188205,1.202305,3.22784666666667,1.025206,-46.0625038146973,-47.2291692097982,-49.1562522888184,182.719216,0.0643450000000001,1.199685,3.22557333333333,1.023385,46.03125,47.7812525431315,45.0875022888184,233.281329274178,0.118305526673794,1.568509,-74.4437561035156,50,55.125,800,1.199225,3.22509666666667,1.022991,-37.40625,-37.7916679382324,-44.7500022888184,1.275735,3.27282166666667,1.568509,-55.6875038146973,-56.1458371480306,-74.4437561035156,3.62362487329577,3.51354013501952,3.95198373464481,-94.2812576293945,-73.0314865112305,94.2437545776368,"Excitatory",9.13617468365995
"96",0.00837115840464048,138.005,0.167996124448892,1.107815,4.39875,1.02482333333333,-50.34375,-51.3593769073486,-53.7187531789144,137.701248,0.0531900000000001,1.10579,4.3970425,1.02329333333333,37.7812538146973,41.875,39.5468762715658,85.9374776482582,0.108218982815742,1.20909916666667,-70.9062525431315,130,84.375,920,1.10539,4.396665,1.02296666666667,-42.03125,-42.7187519073486,-48.9583346048991,1.139105,4.435555,1.20909916666667,-58.21875,-58.3906288146973,-70.9062525431315,3.5580965198161,3.22682225612339,3.63033145863779,-78.21875,-70.4233016967773,93.2656294504802,"Excitatory",7.24611427122206
"100",0.00843448985920636,36.0992592592593,0.480000012676526,1.04764,7.64292666666667,1.027312,-47.4375038146973,-46.3958358764648,-56.9812530517578,191.749056,0.0142800000000001,1.04602,7.6399,1.02294,25,23.3125006357829,27.5625011444092,134.843826293945,0.0294129494577646,1.340548,-73.2375,190,165.5,700,1.04564,7.63940666666667,1.022612,-31.5937519073486,-33.03125,-35.4812522888184,1.04916,7.64702666666667,1.340548,-48.0625038146973,-48.1041679382324,-73.2375,2.78068767410302,3.08943045861507,2.60104616618189,-88.5312576293945,-72.8857345581055,84.543754196167,"Excitatory",27.7013994336602
"108",0.0506358445444906,94.6985,0.194509345794393,1.11824,3.73406833333333,1.02536125,-46.46875,-47.5625025431315,-47.515625,197.70776,0.03979,1.115335,3.73038833333333,1.0235225,35.4375038146973,37.5208346048991,31.1328129768372,183.750033378601,0.0408375635743141,1.58389,-79.5234394073486,70,67.7916666666667,860,1.11488,3.72990666666667,1.02309875,-36.7187538146973,-36.1979192097982,-42.5234375,1.14744,3.76155333333333,1.58389,-56.8125038146973,-56.4687512715658,-79.5234394073486,3.7967368984653,3.63734001792571,3.48663141428794,-98.96875,-78.2534942626953,78.6484379768372,"Excitatory",10.5598293531577
"109",0.0306957107006016,71.0076923076923,0.300697674418605,1.14794,4.73448333333333,1.02438083333333,-50.71875,-51.0416679382324,-52.2656256357829,211.051296,0.036845,1.14686,4.73341666666667,1.0234,36.59375,38.0729179382324,38.9583346048991,211.87499165535,0.25926661491394,1.3634375,-71.3437512715658,90,92.8333333333333,720,1.14651,4.73305833333333,1.02307583333333,-42.4687538146973,-41.2083346048991,-45.421875,1.17504,4.75296166666667,1.3634375,-54.15625,-54.4062525431315,-71.3437512715658,2.20564036427941,2.14800327235213,2.15262037030336,-94.9062576293945,-70.3972854614258,91.223960240682,"Inhibitory",14.0829812588019
"119",0.0135167677268518,56.1635294117647,0.223913043478261,1.25394,2.5405,1.024584,-48.5625,-50.2500025431315,-55.5375030517578,321.108416,0.0402200000000001,1.25092,2.53783333333333,1.022812,44.125,45.2916692097982,43.5625030517578,217.187687754631,0.0523097552359104,1.558484,-69.5125045776367,50,37.9583333333333,600,1.25048,2.53738666666667,1.02244,-33.6875038146973,-35.8437525431315,-44.6812515258789,1.27852,2.56206666666667,1.558484,-56.46875,-58.1562512715658,-69.5125045776367,3.80478953174667,3.96411148360654,4.17296804038893,-90.4687576293945,-70.7851715087891,99.1000061035156,"Excitatory",17.805148830097
"126",0.0795338248995217,110.256,0.11249998978206,1.123885,4.83492666666667,1.027921,-46.4375,-48.6666692097982,-53.3000030517578,147.576528,0.0583050000000001,1.119275,4.83095833333333,1.023456,24.53125,33.3020846048991,29.1500015258789,160.000115633011,0.0200274847447872,1.755804,-77.8250030517578,209.999984741211,95.2499974568685,852,1.118755,4.830475,1.023021,-33.6250038146973,-36.1979179382324,-40.8875030517578,1.140605,4.86961,1.755804,-51.7812538146973,-57.2916692097982,-77.8250030517578,4.15566216659159,4.01972245422219,3.70945765542083,-91.96875,-77.0050354003906,82.4500045776367,"Excitatory",9.06980118995792
"131",0.0233020464716072,56.7364705882353,0.186829278533363,1.15678,3.62646166666667,1.025062,-47.2812538146973,-47.8541692097982,-52.8125038146973,141.152544,0.0297050000000001,1.154755,3.624465,1.023392,46.03125,46.6875025431315,46.9062522888184,136.718794703484,0.0877228975296021,1.08181,-61.9750015258789,70,65.1250012715658,540,1.15435,3.62405333333333,1.023055,-37.3750038146973,-37.5104204813639,-45.2312522888184,1.18777,3.660065,1.08181,-53.7812538146973,-52.9166679382324,-61.9750015258789,3.53909845229126,3.59375301748887,3.56616982370624,-75.9687576293945,-61.491153717041,99.7187561035157,"Excitatory",17.6253473230208
"133",0.00591471569951447,15.7613541666667,0.985833333333333,1.034245,13.6153533333333,1.024267,-60.59375,-58.0937525431315,-63.3500030517578,155.591856,0.00924500000000017,1.033355,13.6143733333333,1.023362,13.25,17.5416673024495,23.3937503814697,92.3437848687172,0.0547689869999886,1.657443,-74.9000015258789,270,314.833333333333,114,1.03303,13.61399,1.023061,-37.5937538146973,-32.5104173024495,-45.0437515258789,1.03427,13.6154233333333,1.657443,-60.75,-58.1770846048991,-74.9000015258789,1.44779023654326,1.35671305388324,1.56444239219254,-84.78125,-74.04443359375,86.7437534332275,"Inhibitory",63.44632506989
"135",0.0472376080557392,11.16875,1.44336501231961,1.02968,16.60688,1.024076,-65.3125076293945,-61.2812538146973,-66.6125030517578,148.943296,0.00610500000000003,1.02903,16.60613,1.023409,16.5,14.75,23.3875007629395,81.2499970197678,0.00915148854255676,1.224035,-75.7250015258789,290,389.625,530,1.02875,16.605785,1.023139,-46.90625,-32.9687538146973,-50.11875,1.02969,16.606875,1.224035,-65.375,-61.2812538146973,-75.7250015258789,1.40570901300871,1.14400571400627,1.39723656145842,-85.03125,-74.6396560668945,90.0000038146973,"Inhibitory",89.5355344152211
"138",0.209255162241887,54.2400000000001,0.0526760563380282,1.085835,7.506305,1.0250025,-46.03125,-46.5104166666667,-48.5703144073486,200.678192,0.035925,1.083655,7.50380166666667,1.0233175,37.0625,44.4583346048991,41.5078144073486,148.437365889549,0.046664297580719,1.54085,-77.4843769073486,150,162.125,900,1.08322,7.50336333333333,1.022955,-35.03125,-32.1145846048991,-43.828125,1.09986,7.51918666666667,1.54085,-50.09375,-51.7708346048991,-77.4843769073486,3.63082310287827,3.69068134078344,4.17585052515827,-96.375,-76.7660217285156,90.0781288146972,"Excitatory",18.4365781710914
"147",0.017156113629541,53.4020588235294,0.244488197869513,1.774925,3.98277666666667,1.02493125,-49.0312538146973,-49.1458346048991,-52.4687528610229,190.287488,0.0352250000000001,1.77302,3.98097333333333,1.02346375,44.6250038146973,48.1250038146973,45.2812538146973,144.062504172325,0.268266767263412,1.1009775,-70.6718769073486,80,74.0416641235352,610,1.77259,3.98056333333333,1.02310875,-40.28125,-38.9895846048991,-45.6093778610229,1.827815,4.03179,1.1009775,-56.0625,-52.8333371480306,-70.6718769073486,3.48796293873898,3.66351348037154,3.47141272835902,-84.96875,-68.8367080688477,97.7500066757202,"Excitatory",18.7258697891137
"150",0.00865127294142931,32.9784482758621,0.33130844953652,1.04258,4.59096,1.02671,-50.9062538146973,-52.0625038146973,-57.5062522888184,338.230464,0.00818500000000011,1.040455,4.58795166666667,1.023252,28.2812519073486,27.9270846048991,35.9250022888184,214.843794703484,0.0324125289916992,1.042814,-66.7750015258789,120.000007629395,89.1666641235352,360,1.040015,4.58738666666667,1.02287,-34.59375,-32.8750012715658,-38.1000022888184,1.043295,4.59320333333333,1.042814,-51.6250038146973,-53.0833346048991,-66.7750015258789,2.52540744172461,2.49505567584291,2.63125434753618,-88.3437576293945,-65.2329788208008,93.4312545776368,"Inhibitory",30.3228336165207
"156",0.0233147925123534,72.1273076923077,0.178253437476391,1.19066,5.73030166666667,1.024895,-48.8437538146973,-49.1250012715658,-51.0468769073486,135.071536,0.0601750000000001,1.18838,5.72795833333333,1.0234075,39.9062538146973,35.5104166666667,43.921875,150.312572717667,0.0128363044932485,1.9102275,-85.0625038146973,110,117.708335876465,1030,1.18798,5.72751833333333,1.0230625,-36.28125,-36.1458358764648,-50.3281269073486,1.21617,5.75187333333333,1.9102275,-57.40625,-56.1354179382324,-85.0625038146973,3.13302037984184,2.79303798950382,3.70482436200491,-97.3750076293945,-82.9683837890625,94.9687519073486,"Excitatory",13.8643744234287
"159",0.0489789939637175,74.37875,0.242635658914728,1.17219,2.91856,1.02565416666667,-51.6562538146973,-49.1875,-55.0677108764648,171.60632,0.0470250000000001,1.17017,2.916345,1.023565,46.5,48.9270871480306,47.8541685740153,190.937504172325,0.0479762889444828,1.51758333333333,-72.6093788146973,50,47.4166666666667,520,1.16972,2.91589333333333,1.023155,-43.40625,-42.3020858764648,-48.5677096048991,1.213115,2.964955,1.51758333333333,-56.0625,-54.5416704813639,-72.6093788146973,3.89097900341029,4.26943608218418,4.20822914240582,-90.2812576293945,-71.7251586914062,102.92187945048,"Excitatory",13.4447002672134
"160",0.0583637422520784,16.679,0.249959658912174,1.065245,10.145285,1.024368,-53.4687538146973,-48.46875,-60.3687515258789,235.689568,0.013055,1.064215,10.14418,1.023239,7.6875,7.06250047683716,7.92500038146973,189.531251788139,0.0383005104959011,1.754065,-76.1562530517578,160,228.125,570,1.06383,10.14368,1.022903,-35.5625,-25.0625019073486,-40.3562507629395,1.06533,10.14537,1.754065,-53.6875,-48.625,-76.1562530517578,1.41302972422023,0.961897252244322,1.50009864447969,-96.59375,-75.6874694824219,68.2937519073486,"Inhibitory",59.9556328317045
"161",0.0481019466166628,76.1216666666667,0.189556532353824,1.228135,3.43572333333333,1.025315,-50,-49.4375012715658,-51.6875025431315,165.977264,0.050805,1.225325,3.43328833333333,1.02338666666667,36.0937538146973,42.4687525431315,41.1562525431315,181.093752384186,0.040950171649456,1.49569666666667,-83.2916692097982,110,60.3333333333333,920,1.224875,3.43286666666667,1.02300666666667,-33.8437538146973,-34.8958333333333,-48.1562525431315,1.24699,3.46269833333333,1.49569666666667,-57.34375,-56.6979192097982,-83.2916692097982,3.13334429730832,3.52571343523956,3.85286825276062,-100.031257629395,-82.3311004638672,92.843755086263,"Excitatory",13.1368642305082
"165",0.0168134899207553,117.521428571429,0.175363992064466,1.276875,14.490275,1.029535,-51.53125,-52.3125038146973,-66.5125045776367,86.305232,0.0697700000000001,1.272995,14.48495,1.023371,23.125,28.3958346048991,28.7312507629395,72.1874982118607,0.0210853274911642,1.385703,-77.5375030517578,310,336.625,1060,1.272535,14.4845016666667,1.023016,-34.71875,-34.7916666666667,-40.4437530517578,1.28338,14.4951933333333,1.385703,-54.9687538146973,-54.6770858764648,-77.5375030517578,3.38815811623948,4.08968804304455,2.6635729426358,-83.7812576293945,-76.1771469116211,95.2437553405762,"Inhibitory",8.50908648878621
"166",0.0368844851294716,65.8692307692308,0.233664021164021,1.21072,3.05370833333333,1.02508375,-48.8750038146973,-47.4166692097982,-50.1484394073486,296.814144,0.06385,1.2088,3.051765,1.0234075,46.3750038146973,45.8229204813639,43.8125038146973,241.406247019768,0.0152476401999593,1.785885,-79.7421913146973,50,50.7916666666667,750,1.208385,3.05135,1.02303375,-41.09375,-38.4687538146973,-47.8593769073486,1.240675,3.08824666666667,1.785885,-55.8750038146973,-53.7187512715658,-79.7421913146973,4.02763322204473,4.00039259830761,3.99639218013956,-98.3750076293945,-78.1602478027344,93.9609432220459,"Excitatory",15.1815952353147
"173",0.0167704502862876,64.4128571428571,0.175000009621892,1.19094,4.47104666666667,1.025776,-56.9062538146973,-53.0937538146973,-58.4000030517578,294.03296,0.04234,1.1868,4.46743333333333,1.023428,25.5000019073486,26.7604179382324,29.2812511444092,192.455351352692,0.047018401324749,1.400732,-75.2812545776367,110,86.1666666666667,520,1.18634,4.4669,1.023048,-36.6562538146973,-34.7708358764648,-38.1625015258789,1.19644,4.47865333333333,1.400732,-59.0625038146973,-57.2812538146973,-75.2812545776367,4.47381298910879,4.22485123751265,2.9167237540295,-96.28125,-75.0899429321289,87.681254196167,"Inhibitory",15.5248508505401
"178",0.194776278318071,143.756666666667,0.0336691217576919,1.28197,5.51915833333333,1.025369,-46.1250038146973,-46.2604192097982,-51.5937538146973,114.021752,0.0739050000000001,1.27858,5.51670833333333,1.023435,39.46875,42.5104179382324,43.1187515258789,127.812504768372,0.106968931853771,1.279397,-75.2312561035156,150,112.416669209798,1040,1.27816,5.51631666666667,1.023089,-38.4375,-37.9791679382324,-47.6250015258789,1.32517,5.56878666666667,1.279397,-55.7187538146973,-54.9583358764648,-75.2312561035156,3.81240136904405,3.81526438759158,3.7815717030159,-88.3437576293945,-74.2105255126953,94.7125053405762,"Excitatory",6.95619913279383
"182",0.0221943325698944,61.623,0.198121648756083,1.22343,3.6376,1.02496166666667,-32.5625,-39.2708346048991,-40.8229179382324,227.302992,0.0606450000000001,1.220875,3.63566,1.0233875,47.0937538146973,41.9791666666667,42.2864583333333,202.812537550926,0.0736343935132027,1.57914666666667,-70.4583333333333,70,65.375,310,1.220435,3.63520333333333,1.02300916666667,-21.25,-27.1250006357829,-27.5104173024495,1.260615,3.664705,1.57914666666667,-41.84375,-46.5104166666667,-70.4583333333333,2.89381750180098,2.9337051575482,2.7353519152839,-89.4687576293945,-66.8419036865234,83.1093762715657,"Excitatory",16.2277071872515
"184",0.0232530314783377,86.6536363636364,0.14080310880829,1.139955,4.89379166666667,1.02576375,-58.46875,-57.3854192097982,-61.0546903610229,201.381808,0.044805,1.13746,4.89116833333333,1.02352625,34.7500038146973,40.1979192097982,36.2890663146973,171.093553304672,0.100417703390121,1.114405,-77.8515644073486,90,96.7499974568685,630,1.136925,4.890665,1.0230775,-45.2812538146973,-41.8020846048991,-49.1093788146973,1.17643,4.93345,1.114405,-62.21875,-62.1979192097982,-77.8515644073486,3.47131380407153,3.59954959511677,3.39348736881678,-97.09375,-77.6002655029297,97.3437566757202,"Excitatory",11.5401966029858
"188",0.000218586486882157,14.223768115942,0.8020833478592,1.03245,8.80981333333334,1.02355416666667,-64.03125,-56.5312512715658,-63.0260461171468,154.334944,0.0106600000000001,1.03167,8.80868666666667,1.02264833333333,22.125,7.72916714350383,22.2656262715658,156.874999403954,0.0633858293294907,1.4629325,-71.046880086263,150,194.749994913737,509.999969482422,1.031345,8.80825333333333,1.022355,-41.15625,-28.3958333333333,-45.536460240682,1.03254,8.80990333333333,1.4629325,-64.21875,-56.6354192097982,-71.046880086263,1.40168865713143,1.02624893434709,1.53325578536478,-99.96875,-70.5464935302734,85.2916723887126,"Inhibitory",70.3048581675906
"190",0.0690320929070083,95.628,0.132248521681253,1.2145,6.74135333333333,1.02523833333333,-43.1875038146973,-45.6875012715658,-50.1093769073486,103.000992,0.038815,1.21211,6.73920833333333,1.02338916666667,45,47.71875,45.4114615122477,90.1562497019768,0.17621211707592,1.09744416666667,-72.5052121480306,160,142.95832824707,1170,1.21172,6.73883333333333,1.02303916666667,-40.6250038146973,-40.8958346048991,-48.3177108764648,1.26768,6.81011666666667,1.09744416666667,-55.5000038146973,-53.6979204813639,-72.5052121480306,4.48914108025743,4.29805269945845,4.05831911335641,-82.7812576293945,-71.9120330810547,95.5208384195963,"Excitatory",10.4571882712176
"196",-0.0176142753370159,36.248,1.14705882352941,1.16972,9.73396,1.023995,-57.1562538146973,-54.4843769073486,-60.9609403610229,204.242384,0.08348,1.16908,9.73326,1.023375,12.71875,12.5937509536743,19.5312509536743,121.874995529652,0.0165599696338177,1.56886,-75.1484432220459,270,217.8125,0,1.16878,9.73294,1.02309,-38.78125,-35.015625,-46.8515663146973,1.16974,9.73403,1.56886,-57.2187538146973,-54.5625038146973,-75.1484432220459,1.28914899161535,1.29314377256342,1.32918289311177,-88.0312576293945,-73.5458374023438,80.4921913146972,"Inhibitory",27.5877289781505
"222",-0.0206421902807908,161.302,0.191622884276279,1.428065,4.271255,1.02709,-52.40625,-53.2187538146973,-54.71875,172.376336,0.16219,1.42471,4.267035,1.023555,29.5625019073486,31.5,22.3125019073486,118.906289339066,0.0781399831175804,1.04764,-66.71875,60.0000038146973,81.125,460,1.424255,4.26659,1.023145,-41.40625,-38.28125,-42.65625,1.441885,4.28027,1.04764,-59.8125,-59.4375038146973,-66.71875,2.62587241895937,2.9690248500699,1.90921637444645,-77.7187576293945,-63.9528121948242,77.0312519073486,"Inhibitory",6.19955115249656
"225",-0.0122857423963326,12.7480434782609,1.59947780678851,1.9799,15.8707716666667,1.02392416666667,-56.3437538146973,-56.3229166666667,-63.2135423024495,123.666592,0.11981,1.979185,15.8700666666667,1.02328833333333,6.21875,9.48958333333333,12.1041669845581,93.3592766523361,0.0421907342970371,1.56075916666667,-75.9479192097982,290,371.25,540,1.978835,15.86973,1.02302166666667,-38.1875,-32.2500006357829,-52.6770846048991,1.979935,15.8708083333333,1.56075916666667,-56.5000038146973,-56.4062525431315,-75.9479192097982,1.20017291751089,1.0870592944353,1.38061165415109,-84.09375,-75.7731857299805,75.3177092870076,"Inhibitory",78.4434099009224
"244",0.0358613138775196,107.61,0.14633490137479,1.19494,4.87002,1.025344,-46.1250038146973,-47.4062525431315,-51.4375022888184,94.737656,0.0769600000000001,1.19188,4.86752666666667,1.023356,40.5,45.5416692097982,46.4687538146973,160.312458872795,0.0773743540048599,1.585836,-74.9875030517578,90,96.1666666666667,949.999938964844,1.1914,4.86709333333333,1.02298,-35.7812538146973,-36.3541679382324,-47.9625007629395,1.2331,4.91137333333333,1.585836,-54.9375038146973,-54.4270858764648,-74.9875030517578,4.14364361028495,4.49389023800007,4.327547015049,-91.0000076293945,-74.1493377685547,97.9062561035157,"Excitatory",9.29281665272744
"247",0.0320481522715745,63.9953571428572,0.152976201640235,1.125425,5.47531,1.024975,-49.34375,-49.0729192097982,-51.7708358764648,105.3152,0.0505500000000001,1.123485,5.47343833333333,1.02346833333333,34,33.9791666666667,31.7708326975505,155.781254172325,0.0507714226841927,1.67486833333333,-81.4479166666667,110,111.333333333333,343.333333333333,1.12306,5.473,1.02308166666667,-36.1562538146973,-36.7083333333333,-44.5416692097982,1.139325,5.49510666666667,1.67486833333333,-53.6875,-53.9583346048991,-81.4479166666667,3.05444884735435,2.77346932764719,2.96563140841215,-99.0625,-81.7539978027344,83.5416685740153,"Excitatory",15.6261335922807
"248",-0.204913283975279,51.342,0.980531777657708,1.315315,12.2612966666667,1.023797,-64.84375,-62.7187525431315,-65.9625,144.4344,0.00982000000000016,1.314795,12.26076,1.023285,20.6875,25.4895846048991,32.2875007629395,93.5937836766243,0.0973421111702919,1.274855,-73.9187515258789,320,281,112,1.31453,12.260485,1.023042,-36.78125,-33.8229179382324,-45.2687515258789,1.31535,12.2613366666667,1.274855,-64.9375,-62.8333371480306,-73.9187515258789,1.04926692352641,1.12846119733216,1.22354413001674,-83.59375,-72.8668365478516,98.2500007629395,"Inhibitory",19.4772311168244
"256",0.0406693969221849,65.5535714285714,0.218604651162791,1.524835,1.97948,1.0248425,-54.9062538146973,-54.7812519073486,-56.8593769073486,159.277248,0.02257,1.523005,1.97783,1.0233875,33.1250038146973,42.5937538146973,35.4375019073486,268.359363079071,0.0222496464848518,1.9499175,-69.9062538146973,40,23.9375,350,1.522495,1.9773975,1.0229775,-42.5,-42.875,-48.3593769073486,1.54891,2.016675,1.9499175,-60.1562538146973,-60.0156288146973,-69.9062538146973,2.44642500073718,2.98105657598326,2.8866537995651,-96.9375076293945,-66.9598922729492,92.2968788146972,"Excitatory",15.2546989921003
"257",0.130370892947596,74.37,0.0313543562831141,1.09552,5.12645333333333,1.02486666666667,-47.78125,-49.4166692097982,-51.6718775431315,217.039808,0.0410600000000001,1.0935,5.12449333333333,1.02335,40.28125,44.3854179382324,45.8958346048991,134.687542915344,0.0297235641628504,1.58754,-81.8697967529297,150,102.5,850,1.0931,5.12409333333333,1.02302,-36.1562538146973,-35.1145858764648,-46.5729192097982,1.10526,5.14694666666667,1.58754,-51.0312538146973,-54.5937512715658,-81.8697967529297,3.63151189770886,3.51441913294978,4.30041403575102,-96.59375,-81.1610488891602,97.5677121480306,"Excitatory",13.4462821029985
"263",0.0235217354638565,65.4935714285714,0.219878048780488,1.20667,2.663435,1.02530333333333,-49.9375,-50.96875,-53.1822929382324,184.926912,0.0560200000000002,1.204295,2.66092666666667,1.02346166666667,42.5,44.3645858764648,44.7656262715658,196.874961256981,0.0152577310800552,1.45273333333333,-73.8958346048991,50,41,650,1.203895,2.66052333333333,1.02311083333333,-37.5937538146973,-36.9479166666667,-46.1458333333333,1.23051,2.68478666666667,1.45273333333333,-56.5000038146973,-56.28125,-73.8958346048991,4.13520298008773,4.39985141343124,4.42052621972629,-94.7187576293945,-73.4410629272461,97.9479192097982,"Excitatory",15.2686741337754
"264",0.0740124609041962,98.3183333333333,0.202867397397492,1.21906,2.98922666666667,1.025479,-50.7812538146973,-49.4687512715658,-54.9687515258789,370.4088,0.0565250000000002,1.21526,2.98661,1.022873,43.375,47.3541692097982,43.5937515258789,201.874971389771,0.0250958018004894,1.796269,-77.9875045776367,70,49.1666666666667,680,1.214875,2.986245,1.022551,-38.2500038146973,-37.625,-49.7437530517578,1.253845,3.01825333333333,1.796269,-58.375,-56.3541704813639,-77.9875045776367,4.81694493563415,5.11827208902667,5.22847801960714,-100.625007629395,-77.4324569702148,98.5625030517578,"Excitatory",10.1710430404638
"269",0.00249241034067271,22.5242682926829,0.697302184475846,1.86291,10.706405,1.024045,-57.8125038146973,-58.6041679382324,-62.2109413146973,147.043344,0.062405,1.86217,10.705705,1.023345,13,21.6041679382324,21.0937504768372,106.40636831522,0.0415983870625496,1.36684125,-78.9609375,240.000015258789,242.124994913737,0,1.861885,10.7054116666667,1.02308875,-36.21875,-34.1875012715658,-42.1250009536743,1.862925,10.7064683333333,1.36684125,-57.9687538146973,-58.7291692097982,-78.9609375,1.32695477422044,1.25661200501408,1.35143242285189,-95.8437576293945,-79.3194808959961,83.3046917915345,"Inhibitory",44.3965587252774
"282",0.00831017441763653,40.6706521739131,0.555,1.155185,4.15844666666667,1.024465,-51.1562538146973,-50.5208358764648,-55.2656288146973,213.602096,0.03868,1.154185,4.15730666666667,1.023405,7.8125,7.32291698455811,9.50000047683716,242.1875,0.19055113196373,1.1802575,-73.4218826293945,70,78.4583333333333,0,1.153855,4.15696666666667,1.0231525,-33.9375038146973,-33.8333346048991,-32.0000019073486,1.15528,4.16836,1.1802575,-51.28125,-51.5208371480306,-73.4218826293945,1.53965880902987,1.5403400673035,1.4910164838967,-98.96875,-72.1569137573242,64.7656292915345,"Inhibitory",24.587754229361
"299",0.0649189348589349,91.3371428571429,0.186301381769177,1.080395,3.3602,1.024796,-47.8125038146973,-51.0208358764648,-52.2750015258789,228.0352,0.0307650000000002,1.078715,3.35851,1.023356,23.1562519073486,32.1458339691162,32.0875011444092,263.437449932098,0.0362643152475357,1.740169,-74.8562545776367,90,58.4166666666667,440,1.078225,3.35802333333333,1.022989,-33.59375,-34.1875,-47.0937522888184,1.08042,3.38436,1.740169,-47.9062538146973,-52.7500025431315,-74.8562545776367,2.39621090667168,2.43180274702506,3.08848794720137,-97.9062576293945,-73.1930770874023,84.3625026702881,"Excitatory",10.9484484484484
"303",0.0362956774343218,74.8225,0.217897727272727,1.13828,3.947355,1.0251175,-45.625,-45.5416666666667,-50,161.413456,0.05097,1.13606,3.94547333333333,1.023525,32.21875,33.6875012715658,35.7968769073486,210.93738079071,0.0616592243313789,1.7273975,-78.453125,90,73.125,0,1.135575,3.944985,1.02313,-33.09375,-31.40625,-42.0156288146973,1.162095,3.98051666666667,1.7273975,-50.5,-53.6979179382324,-78.453125,2.6507909929418,2.45615225102943,3.06313817275363,-98.46875,-77.8417892456055,85.7968769073486,"Excitatory",13.3649637475358
"312",0.0217096944330674,59.4376666666667,0.221875,1.14444,2.80304,1.02448625,-44.8750038146973,-45.7812525431315,-50.5546894073486,177.694592,0.05243,1.14237,2.80130666666667,1.023155,35.40625,36.4791692097982,36.3437509536743,210.93761920929,0.0096952049061656,1.669525,-69.8125019073486,50,44.5416641235352,300,1.14202,2.80094333333333,1.02285375,-32.7500038146973,-31.6250012715658,-41.9453134536743,1.16599,2.83243166666667,1.669525,-50.71875,-52.8020858764648,-69.8125019073486,2.984997702843,2.81616016808406,2.89471416009332,-93.1250076293945,-69.4225387573242,86.8984403610229,"Excitatory",16.8243481967103
"315",0.0296417934625899,62.0183333333333,0.252310924369748,1.101605,4.21157833333333,1.02540083333333,-49,-47.03125,-53.333335240682,437.222848,0.0297150000000002,1.09909,4.20865166666667,1.0234875,35.8437538146973,36.1458333333333,42.7031256357829,144.687533378601,0.010155126452446,1.28397916666667,-62.1406243642171,70,79.7083333333333,380,1.098585,4.20814333333333,1.0231175,-34.6875,-33.625,-46.8697923024495,1.112695,4.22866,1.28397916666667,-53.28125,-52.5937512715658,-62.140625,3.09143553990118,3.06799985461329,3.92889394870915,-78.96875,-61.4261207580566,96.0364608764649,"Excitatory",16.1242643304399
"322",0.00534252401808136,15.3210714285714,1.05167322834646,1.651235,23.36902,1.023738,-66.8437576293945,-65.7187525431315,-69.1937530517578,74.373624,0.13388,1.650615,23.3684566666667,1.023214,7.15625047683716,18.9791673024495,25.7750011444092,36.5624614059925,0.0477078333497047,1.367656,-76.8062515258789,620,558.708333333333,498,1.650275,23.368165,1.022966,-35.1250038146973,-37.6770858764648,-50.1875022888184,1.65126,23.369045,1.367656,-66.9687576293945,-65.8020884195964,-76.8062515258789,0.862726109512871,1.10199412915138,1.16193521863957,-88.96875,-77.0860366821289,94.968754196167,"Inhibitory",65.2695867036529
"325",-0.0252933361032462,94.7677777777778,0.170311867136421,1.48934,13.4380416666667,1.028951,-54.9062538146973,-55.2395846048991,-68.7312515258789,102.521304,0.090435,1.48466,13.432845,1.023318,19.90625,23.0416673024495,22.7000003814697,61.5624599158764,0.0321450121700764,1.400833,-81.6125015258789,350,310.291666666667,1140,1.48418,13.4323783333333,1.022966,-35.8437538146973,-35.8541692097982,-45.0812507629395,1.49345,13.442365,1.400833,-56.46875,-57.3229166666667,-81.6125015258789,3.69412993885016,3.87924762704849,2.12020705486799,-89.3125,-80.8448028564453,91.4312519073486,"Inhibitory",10.5521098357388
"332",0.00472531752435087,12.5802702702703,0.844981139469947,1.7741,20.7813533333333,1.024004,-60.1250038146973,-60.1770858764648,-66.00625,107.425568,0.0608200000000001,1.77342,20.7806533333333,1.02342,14.7187509536743,18.7604173024495,29.1500007629395,55.1562495529652,0.034227941185236,1.555728,-81.5937530517578,520,494.000010172526,0,1.77308,20.78032,1.023124,-39,-37.2083346048991,-52.4062538146973,1.77416,20.78138,1.555728,-60.2812538146973,-60.25,-81.5937530517578,1.28281784644514,1.20659145145467,1.28214227778747,-87.6250076293945,-81.5586090087891,95.1562507629395,"Inhibitory",79.4895481985948
"344",0.0979197864960095,67.1592857142857,0.0200000078201297,1.05858,3.30494833333333,1.02514333333333,-48.25,-49.0625012715658,-52.7500012715658,210.964864,0.0196500000000002,1.0559,3.302935,1.02352166666667,35.40625,49.6770846048991,47.5,151.562497019768,0.0824915841221809,1.50902833333333,-73.2708333333333,190,57.0416679382324,0,1.05544,3.302535,1.02317166666667,-38.78125,-37.6041679382324,-44.5208333333333,1.06787,3.34561166666667,1.50902833333333,-50.5937538146973,-57.3020846048991,-73.2708333333333,3.66136832151455,4.16009729039956,4.00184455370721,-88.8125,-71.391845703125,100.250001271566,"Excitatory",14.8899737298321
"345",0.0233129948063642,41.5130434782609,0.295427440343588,1.07449,2.275845,1.02533166666667,-50.96875,-48.4062525431315,-51.6666698455811,214.675552,0.017215,1.07209,2.27294333333333,1.02329416666667,45.3125,44.3645846048991,50.3697942097982,332.477658987045,0.0149144968017936,1.71261916666667,-69.9062525431315,50,31.2916666666667,419.999969482422,1.07168,2.27248166666667,1.02296666666667,-36.7187538146973,-30.8958346048991,-43.7291679382324,1.085105,2.29829666666667,1.71261916666667,-54.4375038146973,-55.7812525431315,-69.9062525431315,3.80951991624795,3.1854421568008,4.55989961992818,-101.093757629395,-67.9460296630859,102.036464055379,"Excitatory",24.088814411395
"346",0.103914187597798,153.395,0.0683593821525545,1.17049,5.68086166666667,1.026055,-45,-45.5729204813639,-49.5390653610229,102.552104,0.0811250000000001,1.166895,5.67806333333333,1.02351125,36.0000038146973,42.0416679382324,41.0625038146973,125.937506556511,0.0573241859674454,1.56938,-78.8906269073486,150,116.416669209798,1320,1.166425,5.67761333333333,1.0230975,-35.8437538146973,-36.5208346048991,-48.0859403610229,1.21119,5.730415,1.56938,-54.6875038146973,-56.8854204813639,-78.8906269073486,3.95220515218526,3.78665267985868,4.01837869434169,-92.0625,-78.1010055541992,90.6015691757202,"Excitatory",6.51911731151602
"348",0.00134575928166883,20.4914444444444,0.903794794523542,1.839055,15.6194016666667,1.023969,-62.375,-60.7291679382324,-65.5062545776367,115.145696,0.0712700000000002,1.83828,15.61867,1.023333,8.12500095367432,19.2187519073486,26.6750015258789,71.8751177191734,0.0232932921499014,1.655788,-82.0562530517578,390,364.958312988281,880,1.83793,15.6183483333333,1.023065,-34.7500038146973,-34.8750038146973,-48.7375022888184,1.83908,15.61947,1.655788,-62.5,-60.8437525431315,-82.0562530517578,1.05581799194346,1.22077108937814,1.3162588242171,-88.96875,-80.8073272705078,92.1812561035156,"Inhibitory",48.8008545571866
"351",0.0544789975287089,164.649,0.0344696971043411,1.157125,2.0666,1.02462333333333,-58.8750038146973,-58.0312512715658,-61.5416692097982,311.605952,0.04545,1.155575,2.065065,1.02331666666667,36.75,40.0416692097982,32.6250025431315,485.000014305115,0.0322718136012554,1.58587333333333,-68.1041692097982,30.0000019073486,26.1250006357829,279.999979654948,1.155115,2.06459833333333,1.022955,-37.34375,-36.1666679382324,-41.6354192097982,1.15717,2.06674666666667,1.58587333333333,-58.9375,-58.2083371480306,-68.1041692097982,2.45739275705611,2.4737935320407,2.35634662617868,-102.15625,-67.0113220214844,94.1666717529297,"Inhibitory",6.07352610705197
"353",0.0255161594574623,76.3208333333333,0.179905338021957,1.11488,7.45594333333333,1.025355,-47.5937538146973,-48.5625038146973,-54.2008961268834,128.255456,0.0544250000000002,1.112805,7.45390833333333,1.02351357142857,40.9375038146973,41.2812525431315,43.7633950369699,134.21867787838,0.0976739972829819,1.37495214285714,-78.0401796613421,190,160.791666666667,930,1.112255,7.45335333333333,1.02304714285714,-31.40625,-31.864585240682,-47.2723246983119,1.135235,7.47882333333333,1.37495214285714,-49.125,-52.2187512715658,-78.0401796613421,2.36174356883988,2.20608960208409,2.52586235590447,-91.8125076293945,-76.8444442749023,97.9642911638533,"Excitatory",13.1025823005951
"356",0.0131235670638737,60.1221875,0.269935686069357,1.083365,8.48237,1.028193,-46.6250038146973,-48.5625,-58.3125030517578,123.479544,0.0242200000000001,1.08135,8.47848,1.023395,28.9062519073486,32.109375,31.3312515258789,112.187504768372,0.0678921714425087,1.49588,-71.7000030517578,190,186.4375,640,1.08092,8.47799,1.02299,-39.6875038146973,-38.5468769073486,-41.4625015258789,1.091605,8.4894575,1.49588,-50.8125,-51.7812519073486,-71.7000030517578,3.02183142612864,3.2456711884546,2.25568777571419,-83.4375,-70.7862167358398,89.6437545776367,"Inhibitory",16.6327946733475
"363",0.0442867069260407,92.924,0.299532101877648,1.14152,4.56934,1.02461666666667,-61.5937538146973,-61.8229204813639,-62.6979198455811,188.7088,0.0473000000000001,1.14006,4.56775333333333,1.02350666666667,42.5,43.6354204813639,38.2135435740153,216.718822717667,0.0732740610837936,1.49781333333333,-72.8750038146973,110,88.7083333333333,700,1.13956,4.56725333333333,1.02308333333333,-43.8125038146973,-41.1979179382324,-45.4062519073486,1.1417,4.56954666666667,1.49781333333333,-61.8437538146973,-62.0104192097982,-72.8750038146973,2.42819456470156,2.43772068685903,2.06886589564789,-95.375,-71.9751281738281,100.911463419596,"Inhibitory",10.7614825018295
"373",0.0112589502031591,95.0088888888889,0.152747249209409,1.25092,3.48384666666667,1.02594,-51.1875038146973,-52.7604192097982,-55.2291679382324,249.948128,0.0546200000000001,1.24742,3.48072,1.02361333333333,46.5,47.0729179382324,44.7708358764648,203.906327486038,0.0947432816028595,1.78088666666667,-71.8750025431315,90,61.5000025431315,0,1.24698,3.48028666666667,1.02323333333333,-42.9375038146973,-43.2500012715658,-47.375,1.28714,3.52321333333333,1.78088666666667,-56.9062538146973,-58.7604204813639,-71.8750025431315,4.98288455754513,4.82387475876423,4.41016020533869,-93.625,-71.2786102294922,100.000003814697,"Excitatory",10.5253309631847
"380",0.0180102392902815,111.531875,0.142837036333493,1.245585,4.98653,1.0256175,-45.9375,-48.4166666666667,-53.4453153610229,124.02236,0.0886900000000002,1.2426,4.98455,1.02355125,17.2812519073486,31.4166673024495,20.625,154.687494039536,0.0369148589670658,1.6340775,-82.1562519073486,90,99.0833333333333,0,1.24208,4.98409166666667,1.02313875,-34.59375,-35.625,-38.2734394073486,1.29539,5.02648833333333,1.6340775,-58.8750038146973,-58.6145858764648,-82.1562519073486,2.67829625928504,2.86203534577025,2.60300539271555,-98.90625,-81.3229217529297,74.0703153610229,"Excitatory",8.96604670189576
"399",0.030713633529638,75.905,0.214566475868779,1.1403,2.42207166666667,1.024683,-46.5312538146973,-48.6250012715658,-52.7375030517578,189.376096,0.03189,1.138445,2.42017666666667,1.023213,47.125,48.7604192097982,48.8750030517578,232.812494039536,0.100696012377739,1.5582,-65.2875030517578,50,35,251.999981689453,1.138035,2.419785,1.022883,-36.4062538146973,-35.5625,-44.1812515258789,1.173395,2.44637666666667,1.5582,-55.7187538146973,-55.96875,-65.2875030517578,3.27865883713732,3.36306624653769,3.53498059523366,-91.2812576293945,-64.3289031982422,101.612506103516,"Excitatory",13.1743626902049
"403",0.00174079361419356,13.7625,0.664687481187279,1.15813,10.1581075,1.02423166666667,-58.6562538146973,-57.1250019073486,-61.9270858764648,117.1574,0.035345,1.157175,10.1571925,1.02342833333333,8.75,17.7187509536743,18.1979179382324,95.9821417927742,0.0352624356746674,1.44715333333333,-75.7395833333333,209.999984741211,228.437515258789,0,1.15682,10.1568575,1.02315333333333,-33.34375,-32.7187519073486,-44.3333371480306,1.158345,10.15871,1.44715333333333,-58.9375,-57.5781269073486,-75.7395833333333,1.16045998777225,1.23771311954198,1.3460910208496,-95.5000076293945,-75.1253509521484,80.1250038146972,"Inhibitory",72.661217075386
"410",-0.03144103939383,77.7916666666667,0.222767857142857,2.01116,3.77542,1.02602,-43.21875,-44.2031269073486,-51.0156288146973,297.908576,0.0138,2.00888,3.77326,1.02375,32.15625,35.1250019073486,33.7187519073486,195.089280605316,0.0982809737324715,1.3868,-71.1093826293945,90,68.875,320,2.00828,3.77272,1.0233,-34.59375,-38.2343769073486,-44.421875,2.01964,3.79903,1.3868,-44.28125,-45.6093769073486,-71.1093826293945,2.56555384631101,3.28733519380531,3.34566362873336,-93.0625076293945,-70.4354019165039,84.7343807220459,"Inhibitory",12.8548473486877
"423",0.00208934252760291,29.6682142857143,0.819338261358163,1.675855,10.3233925,1.023857,-64.3125,-59.6718769073486,-64.8937515258789,133.1606,0.16467,1.67516,10.322595,1.023301,8.90625095367432,7.90625071525574,19.525,109.999999403954,0.0915253385901451,1.431222,-75.0250015258789,200,232.562515258789,104,1.674865,10.322265,1.023068,-37.6875038146973,-32.3750028610229,-45.9187522888184,1.675865,10.3234875,1.431222,-64.40625,-59.7812538146973,-75.0250015258789,1.13899407731033,1.02494205259121,1.23136699597308,-85.71875,-74.1160736083984,84.4187515258789,"Inhibitory",33.7061068242828
"424",0.0190160693201317,29.948125,0.696521724154683,1.118335,2.20775833333333,1.03151166666667,-58.9062538146973,-58.4895858764648,-59.1562525431315,441.202464,0.017455,1.117305,2.206655,1.03045833333333,25.6562519073486,29.5729173024495,27.9687512715658,380.781233310699,0.218152210116386,1.30766166666667,-69.7187525431315,29.9999980926514,29.625,300,1.11694,2.20626333333333,1.030115,-41.5312538146973,-39.5833358764648,-39.8958346048991,1.118435,2.20788666666667,1.30766166666667,-59.0625038146973,-58.6875012715658,-69.7187525431315,1.6689931708412,1.69030579443248,1.66107738416876,-98.65625,-69.4236221313477,87.1250038146973,"Inhibitory",33.3910720621074
"438",0.216747636176369,73.2266666666666,0.25240826786994,1.08556,4.01382,1.02489,-45.0937538146973,-45.7187525431315,-50.2343778610229,213.1416,0.0355400000000001,1.08376,4.01178,1.023515,37.5,37.7187512715658,40.7343769073486,242.031246423721,0.0318112708628178,1.58474,-73.7031288146973,130,74.75,580,1.0833,4.01131333333333,1.023135,-33.40625,-33.1041679382324,-46.1484394073486,1.10056,4.03241333333333,1.58474,-45.9062538146973,-51.3750025431315,-73.7031288146973,3.44128567900907,3.11140790899051,3.7711756856801,-101,-73.0221557617188,90.9687547683715,"Excitatory",13.6562272396213
"440",0.00354742616062102,11.949156626506,1.1672134045558,1.03235,8.56719666666667,1.02394166666667,-76.84375,-65.6979192097982,-71.7083358764648,181.62328,0.00569500000000001,1.031775,8.5666,1.02336833333333,17,14.5104166666667,15.8333336512248,99.0623831748962,0.0307512935250998,1.18674,-76.9583333333333,220,188.666666666667,0,1.031445,8.56630333333333,1.02308833333333,-53.1562538146973,-40.21875,-54.1145858764648,1.03241,8.567225,1.18674,-76.96875,-65.8229192097982,-76.9583333333333,1.05306573761373,1.12733126458272,1.17417565844725,-100.28125,-76.7705001831055,87.5416695276896,"Inhibitory",83.687914658493
"453",0.000475832032125765,75.3683333333333,0.237473393888109,1.821585,4.697935,1.025089,-51.6875,-49.8020871480306,-54.2812530517578,117.050672,0.0510650000000001,1.82,4.69633166666667,1.023526,50.71875,52.7812525431315,50.4625030517578,137.812420725822,0.174926429986954,1.102866,-69.21875,70,91.9166666666667,580,1.81954,4.69589,1.02311,-46.34375,-45.7500038146973,-48.8125015258789,1.8884,4.75611333333333,1.102866,-57.3750038146973,-52.9270871480306,-69.21875,3.16394709064793,3.3472189683371,3.11458237089219,-83.5937576293945,-68.4113006591797,104.743756103516,"Excitatory",13.2681718670529
"461",-0.0259170338785166,79.5145454545455,0.257084543871694,1.85968,9.41548666666667,1.02766,-52.40625,-49.7395846048991,-58.5625038146973,153.942848,0.10944,1.85422,9.41114,1.0235,13.8750009536743,17.8750019073486,28.9687519073486,103.749997913837,0.0643111392855644,1.22984,-76.4062576293945,239.999984741211,209.75,780,1.85366,9.41056666666667,1.02312,-35.7812538146973,-36.6979166666667,-44.1875,1.86364,9.42148666666667,1.22984,-54,-53.0520871480306,-76.4062576293945,3.787363979762,3.86380649894892,2.87560361362339,-88.15625,-75.7403869628906,87.5312557220459,"Excitatory",12.5763153682574
"481",0.0239902801889654,68.4515384615384,0.175628625271099,1.43816,4.21721333333333,1.02555916666667,-46.5,-46.8229179382324,-50.1458346048991,182.226272,0.0603850000000001,1.43568,4.21386166666667,1.023475,41.40625,32.6979166666667,42.0260423024495,150.624990463257,0.0503459088504314,1.43144583333333,-72.8750012715658,59.9999961853027,79.8333333333333,0,1.435225,4.21333333333333,1.02308083333333,-38.59375,-37.8020846048991,-46.7291685740153,1.52861,4.257195,1.43144583333333,-58.0937538146973,-54.5625012715658,-72.8750012715658,3.50266862659223,3.39683266860018,3.80484670802065,-87.84375,-72.6047592163086,92.1718769073486,"Excitatory",14.608875453718
"483",0.0349288596863164,49.1228947368421,0.469480537621079,1.096375,4.50351166666667,1.026745,-50.5937538146973,-51.4791692097982,-56.828125,189.404256,0.0251700000000001,1.09406,4.501265,1.023645,0.5,6.64583365122477,3.21875011920929,214.464262127876,0.0666440650820732,1.62802625,-71.9375057220459,90,87,0,1.093555,4.500765,1.0232225,-42.8125038146973,-42.6979179382324,-39.4140653610229,1.09799,4.51684666666667,1.62802625,-51.1875038146973,-52.5833358764648,-71.9375057220459,2.37617779852011,2.20819307107133,2.03861412116981,-96.1250076293945,-71.5020294189453,60.0468751192093,"Inhibitory",20.357106505167
"485",0.0309422388763456,186.84,0.285845295919668,1.21848,3.47225333333333,1.025564,-51.5000038146973,-51.6562538146973,-53.1937515258789,156.455232,0.0743200000000002,1.2165,3.47008,1.023572,47.6875,51.3125025431315,47.4062515258789,162.968754768372,0.0657943487167358,1.11708,-66.4312530517578,70,61.25,380,1.21596,3.46956,1.023108,-44.125,-42.8125025431315,-44.9062515258789,1.24242,3.50162666666667,1.11708,-55.0000038146973,-54.8229204813639,-66.4312530517578,3.42859266736376,3.70330766143544,3.71302672526674,-84.0937576293945,-66.1220245361328,100.600003051758,"Excitatory",5.35217298223079
"486",0.00196813292358195,12.2290476190476,0.331223855146699,1.03418,3.6849,1.02404166666667,-57.34375,-56.0937538146973,-61.7083371480306,380.892416,0.00867499999999999,1.03327,3.68387,1.023245,7.6875,13,20.1250006357829,291.406184434891,0.0525948405265808,1.454635,-70.0520858764648,120.000007629395,66.625,350,1.032945,3.68341,1.02295333333333,-36.9375,-32.53125,-42.1354179382324,1.03422,3.68499,1.454635,-57.4687538146973,-56.2187538146973,-70.0520858764648,1.38501499277202,1.02734656430858,1.40004273298898,-97.84375,-68.7102890014648,81.8333377838135,"Inhibitory",81.7725166465482
"493",0.0687944492266756,121.9,0.252464788732394,1.10346,2.69528,1.02532,-45.0312538146973,-43.4166692097982,-51.7343781789144,247.932016,0.02302,1.10062,2.69332,1.02343333333333,25.25,33.3229179382324,26.927085240682,320.468693971634,0.0631639063358307,1.34011333333333,-62.6979211171468,50,41.7916666666667,370,1.10002,2.69273333333333,1.02297666666667,-32.9687538146973,-34.0000012715658,-37.2135435740153,1.12486,2.72340666666667,1.34011333333333,-49.7500038146973,-50.9583371480306,-62.6979211171468,2.66891142694365,2.71310353345737,2.70366396802564,-96.5,-61.7753524780273,78.6614634195964,"Inhibitory",8.20344544708778
"511",0.107110300820422,10.97,0.976904181845225,1.036345,11.9573316666667,1.02393666666667,-64.03125,-55.5625038146973,-64.3437525431315,166.71384,0.0081,1.035485,11.9560283333333,1.02302666666667,19.1250019073486,8.75000047683716,22.0312506357829,135.156214237213,0.054915577173233,1.62691666666667,-76.8333384195964,170,273.375,469.999969482422,1.035165,11.9554983333333,1.02274,-39.65625,-32.1041685740153,-43.2916704813639,1.036395,11.9574533333333,1.62691666666667,-64.0625076293945,-55.6666704813639,-76.8333384195964,1.47169806818435,1.14586533586799,1.60057244845268,-90.9062576293945,-76.0302276611328,86.3750031789144,"Inhibitory",91.1577028258888
"512",0.000995636865190832,13.9058333333333,0.806666708373966,1.14671,16.2125883333333,1.0241125,-52.9062538146973,-52.5833346048991,-60.125,159.05984,0.067455,1.145955,16.211815,1.02342,4.28125047683716,5.17708333333333,9.890625,97.3437875509262,0.0529963411390781,1.5300075,-76.28125,390,379.791666666667,0,1.14565,16.2114733333333,1.023165,-33.03125,-30.9062512715658,-46.703125,1.146725,16.2126316666667,1.5300075,-52.96875,-52.6875012715658,-76.28125,1.26697155497082,1.13465058076896,1.42416409159059,-86.8125,-76.2736892700195,70.015625,"Inhibitory",71.9122670342184
"520",0.244985703323246,38.42,0.342829939429929,1.09482,2.37724666666667,1.040945,-55.5312538146973,-54.2916692097982,-56.1562538146973,427.492704,0.02302,1.09392,2.37633333333333,1.04008,31.7500019073486,33.6458333333333,34.0859394073486,286.718547344208,0.0590216480195522,1.769555,-68.0781288146973,50,33.9166666666667,410,1.0935,2.3759,1.03968,-42.28125,-41.3229166666667,-43.2734384536743,1.09484,2.39183333333333,1.769555,-55.5625038146973,-54.6145858764648,-68.0781288146973,1.65496471287911,1.69272556528625,1.66053756941548,-98.34375,-66.9790344238281,90.2421932220459,"Inhibitory",26.0281103591879
"525",0.0192024243537816,112.095,0.121205357516906,1.328,8.68765333333334,1.025776,-46.34375,-45.9270871480306,-50.6312515258789,80.862096,0.09148,1.32524,8.68510666666667,1.023576,33.5625,36.8645846048991,36.2562507629395,87.1874615550041,0.0472240559756756,1.690548,-79.3812530517578,190,191.625,1730,1.32472,8.6846,1.023132,-38.9687538146973,-37.8541679382324,-47.1562530517578,1.36154,8.72202666666667,1.690548,-56.1250038146973,-54.0104192097982,-79.3812530517578,3.66987014197864,3.52334597803049,3.81620598022092,-87.9375076293945,-79.1463012695312,86.8875022888184,"Excitatory",8.92100450510728
"526",-0.000413758522399191,31.9321428571429,0.391825989813301,1.96766,6.44764666666667,1.02571666666667,-50.65625,-51.5416692097982,-55.0885442097982,203.957264,0.0976000000000001,1.96524,6.44504,1.02354333333333,18.0000019073486,18.1041679382324,23.7239592870076,147.812530398369,0.0149024743586779,1.69095666666667,-65.8802134195964,160,135.625,469.999969482422,1.96474,6.44448,1.02315,-38.5000038146973,-39.8437538146973,-41.2083346048991,1.96876,6.44924,1.69095666666667,-51.0625038146973,-52.3541704813639,-65.8802134195964,3.02315267324257,3.0611178429856,2.40899633449915,-81.5312576293945,-65.2453231811523,78.8125034968058,"Excitatory",31.3164075606755
"528",-0.00953521566790418,10.5101818181818,1.30783621800145,1.023905,13.0889833333333,1.023212,-64.6875,-59.3645846048991,-64.5687515258789,100.862056,0.00212000000000012,1.023475,13.0883916666667,1.022786,21.3125019073486,11.8333333333333,22.5,69.0625384449959,0.0332983806729317,1.03299,-61.20625,370,301.708333333333,400,1.02324,13.0880816666667,1.02257,-46.0625,-35.5104166666667,-46.6750015258789,1.02392,13.0889983333333,1.023245,-64.78125,-59.4270858764648,-64.6562522888184,1.12771323720163,0.958977654468233,1.1292471686794,-68.9062576293945,-60.5382995605469,87.0687515258789,"Inhibitory",95.1458326125317
"529",0.192964373214647,20.51,0.0500000039430766,1.08434,3.137055,1.02412625,-59.9375038146973,-58.8541704813639,-59.8984403610229,253.042464,0.0326950000000001,1.08356,3.13618333333333,1.02337625,37.8125,32.1354185740153,35.7265644073486,324.218779802322,0.185133472084999,1.66241625,-72.0546894073486,70,52.8749987284342,270,1.083195,3.135785,1.0230425,-42.5,-39.2291679382324,-45.0468769073486,1.08435,3.13708166666667,1.66241625,-60.0312538146973,-58.9270871480306,-72.0546894073486,1.65190662895813,1.51888513565692,1.59439545297364,-98.84375,-71.4000549316406,95.6250047683715,"Inhibitory",48.7567040468064
"531",0.0674525337142351,92.256,0.1741641329067,1.26484,1.97142666666667,1.02524,-50.0312538146973,-50.4166666666667,-56.0625038146973,233.522944,0.0364800000000001,1.26326,1.96985333333333,1.02353333333333,35.40625,41.7187512715658,33.6666704813639,305.937498807907,0.0182690694928169,1.61310666666667,-61.9062525431315,29.9999980926514,23.75,440,1.26276,1.96936,1.02310666666667,-38.125,-37.8750025431315,-42.46875,1.28842,1.98784666666667,1.61310666666667,-52.875,-52.6875025431315,-61.9062538146973,3.01279078806937,3.0436094276275,2.92363883787167,-95.5000076293945,-61.8339958190918,89.7291742960612,"Excitatory",10.8394033992369
"536",0.0665747129799389,72.7015384615385,0.285459940652819,1.05932,4.05799,1.026092,-46.5,-47.90625,-55.9812538146973,397.379712,0.01352,1.05716,4.05603,1.02368,16,25.4218759536743,25.2875007629395,243.906363844872,0.0763629674911499,1.434804,-75.1125045776367,90,75.625,340,1.05668,4.05553,1.02326,-37.7812538146973,-36.765625,-47.0250030517578,1.079,4.05823,1.434804,-48.09375,-48.0468788146973,-75.1125045776367,2.98291006527449,2.73371841967335,2.8413088088654,-99.96875,-74.2015075683594,81.2687545776368,"Inhibitory",13.7548671068224
"549",0.0348404831371907,74.0158333333333,0.200632929244955,1.212375,6.15862833333333,1.024719,-46.40625,-47.0833371480306,-51.0500022888184,98.831296,0.0490900000000001,1.210835,6.15701666666667,1.02334,47.5937538146973,49.8958371480306,44.5062522888184,119.553573429585,0.168598279356956,1.106155,-69.2750015258789,90,128.416669209798,810.000061035156,1.21046,6.15663833333333,1.023004,-39.625,-39.4895858764648,-43.2375015258789,1.28316,6.20799333333333,1.106155,-53.2187538146973,-51.1770858764648,-69.2750015258789,3.37492997339038,3.37070423257741,3.01688781138853,-82.09375,-68.1433715820312,95.5562545776368,"Excitatory",13.5106227271192
"558",0.0432236599634345,101.972222222222,0.170886088170944,1.105335,3.94075166666667,1.0247075,-45.9062538146973,-49.3020846048991,-52.5703134536743,152.76072,0.0454000000000001,1.1032,3.939005,1.02336,32.6562538146973,34.5000025431315,34.1562519073486,180.625081062317,0.0832769647240639,1.53366875,-71.2500019073486,90,72.9583333333333,167.5,1.102785,3.93857,1.02302,-34.71875,-36.9270833333333,-46.2109375,1.138025,3.968415,1.53366875,-53.75,-56.7395871480306,-71.2500019073486,3.00014366303744,2.70286516879029,2.93900979827599,-91.0000076293945,-70.3280029296875,86.7265653610229,"Excitatory",9.80659220920732
"560",-0.0496944984392585,70.9369230769231,0.255779919835828,1.6502,13.7987333333333,1.028988,-46.8750038146973,-48.7395833333333,-65.3312530517578,95.661408,0.0745400000000001,1.64776,13.7953866666667,1.023448,20.90625,18.9166685740153,21.8000007629395,80.6251466274261,0.0181947629898787,1.350528,-79.6812530517578,370,319.375,989.999938964844,1.64728,13.7949133333333,1.023096,-40.2500038146973,-38.5937525431315,-43.5562522888184,1.65572,13.8034333333333,1.350528,-49.78125,-51.3750025431315,-79.6812530517578,3.16321164892641,3.57043441257982,2.3214358303258,-89,-79.0847549438477,87.1312538146973,"Inhibitory",14.0970309484049
"565",0.178353474570218,75.043,0.104446466946574,1.10682,5.54190666666667,1.02569125,-47.0625,-47.5000012715658,-51.3046903610229,127.714456,0.0407550000000001,1.104135,5.53940833333333,1.0235325,32.4375038146973,41.3020858764648,39.234375,130.156129598618,0.0427862033247948,1.47658625,-79.8828144073486,150,112.958333333333,960.000061035156,1.10363,5.53894833333333,1.023115,-36.75,-35.9687512715658,-47.7187519073486,1.98961,5.57958833333333,1.47658625,-54.9062538146973,-54.0104192097982,-79.8828144073486,3.31307617303112,3.56671555998304,3.73416754338606,-94.0937576293945,-79.26220703125,90.5390653610229,"Excitatory",13.3256932691923
"572",0.0362030288764047,77.0054545454546,0.182480310921601,1.28346,3.07141333333333,1.025995,-47,-48.9479204813639,-53.4062528610229,216.749616,0.05864,1.28006,3.0687,1.02353,32.5000038146973,38.4270846048991,35.5937519073486,213.750079274178,0.0653698220849037,1.62769,-72.1718769073486,59.9999961853027,51.25,640,1.27958,3.06821333333333,1.0231,-36.7187538146973,-36.7291692097982,-44.4140634536743,1.34496,3.10121333333333,1.62769,-54.4375038146973,-52.7500038146973,-72.1718769073486,4.45577223102647,4.10791743464667,4.03760145047525,-94.3125076293945,-70.9606094360352,89.0000047683715,"Excitatory",12.9860930748707
"573",0.0212711487514929,50.1411111111111,0.454066265060241,1.08768,3.71755333333333,1.02451,-64.7812576293945,-62.9791704813639,-65.8671913146973,315.241184,0.0192600000000001,1.08652,3.71628666666667,1.023415,38.3125038146973,31.5208333333333,39.1953144073486,234.218791127205,0.0632673725485802,1.424395,-73.9375038146973,90,67.4166666666667,440,1.08616,3.7159,1.02308,-45.53125,-46.7187512715658,-47.4218778610229,1.08768,3.71772666666667,1.424395,-64.7812576293945,-63.1458358764648,-73.9375038146973,2.4154843157415,2.33332503482845,2.48985342611704,-97.5937576293945,-73.0428314208984,105.062505722046,"Inhibitory",19.9437144060097
"578",0.0181273967255069,77.06875,0.180681824452071,1.124575,6.85470833333333,1.024748,-48.4687538146973,-48.4166704813639,-51.2750015258789,140.227936,0.049725,1.123305,6.853335,1.023468,47.0000038146973,43.4375025431315,45.5562530517578,109.843634068966,0.188126638531685,1.120443,-76.3062530517578,150,145.833323160807,1080,1.12291,6.85290166666667,1.023086,-41.3750038146973,-40.3125025431315,-48.6687522888184,1.176575,6.9385,1.120443,-53.3125038146973,-51.6770871480306,-76.3062530517578,3.02696976894383,2.74711994964641,2.9593617083176,-88.2187576293945,-75.0866622924805,96.8312545776367,"Excitatory",12.9754277836347
"581",0.00144221272673892,7.22187499999999,1.20503963714057,1.028245,15.5710166666667,1.02394583333333,-70.40625,-64.9062576293945,-69.8333346048991,152.807744,0.00551500000000016,1.02766,15.5702883333333,1.0232725,23,17.1875,24.40625,82.031175494194,0.041891623288393,1.56001833333333,-79.0677108764648,320,363.749989827474,186.666666666667,1.02738,15.5699466666667,1.02300416666667,-48.375,-34.4791679382324,-47.7708358764648,1.028285,15.571045,1.56001833333333,-70.46875,-64.9687525431315,-79.0677108764648,1.26545909063819,1.05537166544857,1.28804637922439,-89.21875,-78.3183364868164,94.2395846048991,"Inhibitory",138.468195586326
"584",0.0218098585195589,52.8622222222222,0.233333333333333,1.143,3.0754175,1.02508,-43.84375,-43.890625,-48.8125,151.294432,0.0340550000000002,1.141105,3.0736975,1.02356375,34.53125,39.2031269073486,38.2968769073486,304.6875,0.08212810754776,1.7404875,-67.640625,50,51.375,0,1.14067,3.073305,1.02320875,-35.34375,-33.671875,-40.5390634536743,1.18138,3.1129325,1.7404875,-53.75,-55.9062519073486,-67.640625,2.9467601521652,3.10679680654001,3.05068179167867,-79.71875,-65.3980865478516,87.1093769073486,"Excitatory",18.9171010593577
"585",0.0249703832123373,65.9067857142857,0.218132910924442,1.087045,6.47648666666667,1.02529666666667,-44.65625,-41.0833358764648,-53.5520871480306,145.408496,0.0365600000000001,1.084125,6.47339833333333,1.0235025,23.5937519073486,19.8854173024495,35.4427108764648,159.531101584435,0.0436736829578876,1.58327583333333,-75.0260480244954,190,136.291666666667,690,1.08339,6.47261166666667,1.02311,-32.9062538146973,-29.7395846048991,-48.2187525431315,1.099135,6.50404333333333,1.58327583333333,-48.8437538146973,-49.9583358764648,-75.0260480244954,2.57946920310765,2.22466770534556,3.56855983099956,-92.5312576293945,-75.1710586547852,88.9947980244954,"Excitatory",15.1729444724421
"594",0.0170197336637812,45.68575,0.302980122326769,1.157415,2.593655,1.02504166666667,-44.5,-46.6041666666667,-52.2968756357829,233.829504,0.0405,1.15487,2.591625,1.023485,34,42.25,37.1458346048991,293.437510728836,0.0731709823012352,1.68344583333333,-66.6927108764648,59.9999961853027,39.25,0,1.154435,2.591235,1.0231575,-33.8437538146973,-33.7395846048991,-42.4322929382324,1.17474,2.61422666666667,1.68344583333333,-50.15625,-52.9270846048991,-66.6927108764648,3.41944095937166,3.48667730176299,3.31286180605533,-97.875,-64.6614532470703,89.442710240682,"Excitatory",21.8886633140531
"596",0.106631552338029,82.5872727272727,0.0867187746148537,1.0766,4.95270666666667,1.024804,-46.2812538146973,-45.0416666666667,-47.5687530517578,188.335168,0.03,1.07448,4.95040666666667,1.023296,41.3750038146973,42.1979192097982,45.9812522888184,138.906165957451,0.048504825681448,1.449436,-74.5437545776367,170,98.25,900,1.07406,4.94994666666667,1.02296,-32.6875,-27.7604185740153,-45.3812530517578,1.08392,4.97199333333333,1.449436,-48.90625,-52.6562538146973,-74.5437545776367,3.53595023311579,3.11726803050644,4.21135890147548,-91.9062576293945,-75.1282043457031,93.5500053405762,"Excitatory",12.1084032318429
"606",0.0379231040747975,77.4708333333333,0.199999999999999,1.13556,5.00411666666667,1.024842,-50.5312538146973,-50.0104204813639,-53.9750022888184,135.672768,0.0530650000000001,1.133745,5.00249,1.023344,44.125,49.5208358764648,49.0187530517578,165.625035762787,0.0391024574637413,1.37175,-75.7875045776367,90,99.5833307902018,284,1.133375,5.002145,1.023037,-38.9687538146973,-35.0312512715658,-46.8125022888184,1.15967,5.03869166666667,1.37175,-55.8750038146973,-55.1458358764648,-75.7875045776367,3.76529838331895,3.73929702573754,3.97097143350273,-93.4375076293945,-75.4109802246094,102.993755340576,"Excitatory",12.9080836874092
"610",0.00342587053042371,16.3288333333333,0.916071428242983,1.044145,8.53784833333333,1.023586,-64.65625,-62.4375038146973,-65.2437515258789,135.434912,0.01156,1.04339,8.53716333333333,1.022889,14,19.0625012715658,16.9625007629395,128.906175494194,0.0333370417356491,1.417368,-76.7500030517578,170,187.875,509.999969482422,1.043095,8.53684333333334,1.022624,-41.8125,-41.1666679382324,-47.0750030517578,1.044225,8.53788833333333,1.417368,-64.84375,-62.5208371480306,-76.7500030517578,1.26784118682138,1.17711676778191,1.28375751421433,-99.7500076293945,-75.9636688232422,82.2062522888184,"Inhibitory",61.241362416176
"613",0.107473087130815,13.88,0.670603764971045,1.05602,6.03288,1.02414666666667,-54.40625,-49.6562512715658,-56.4218769073486,263.33368,0.01508,1.0552,6.03170666666667,1.02337666666667,23.4687519073486,15.6562503178914,31.0572932561239,166.093781590462,0.0261067450046539,1.15440666666667,-75.3645871480306,130,125.291664123535,460,1.05484,6.03126,1.02306666666667,-33.90625,-30.1354179382324,-41.8125025431315,1.05608,6.03328666666667,1.15440666666667,-54.4375038146973,-49.8437525431315,-75.3645871480306,1.42049879181607,1.28879433409241,1.51524625073717,-92.28125,-74.4759140014648,87.4791701634725,"Inhibitory",72.0461095100865
"624",0.00999083140636763,22.2632926829268,0.641293686581129,1.15321,12.061205,1.023939,-67.40625,-59.1354179382324,-68.3875015258789,119.377832,0.027555,1.152455,12.06024,1.023146,15.65625,13.7291666666667,17.7750003814697,105.156324803829,0.0372542142868042,1.47963,-77.8500015258789,220,276,570,1.152155,12.0599033333333,1.022872,-44.65625,-36.8645833333333,-48.1875007629395,1.153235,12.0612683333333,1.47963,-67.53125,-59.2604166666667,-77.8500015258789,1.3771929054698,1.40739590358128,1.40589312660979,-99.1875,-77.0609741210938,86.1625019073486,"Inhibitory",44.9169857415959
"626",0.025906509249976,93.429,0.162266361848559,1.12877,6.04271,1.02543375,-49.4375,-49.9166666666667,-56.3906278610229,139.463376,0.0517350000000001,1.12646,6.04053166666667,1.02351125,30.375,34.9479166666667,33.4140634536743,172.343745827675,0.166858181357384,1.10760875,-73.6250038146973,130,125.500002543132,650,1.12592,6.03997,1.02307125,-33.9375,-34.4375,-46.9296884536743,1.1596,6.074515,1.10760875,-53.40625,-54.1875012715658,-73.6250038146973,2.45581435056075,2.31031739602234,2.54269881563111,-92.4375076293945,-72.8521041870117,89.8046913146972,"Excitatory",10.7033148165987
"630",0.184095859714528,78.5966666666667,0.356932773109244,1.17338,6.23983833333333,1.02453375,-55.71875,-54.8958346048991,-60.3671884536743,318.976576,0.0515950000000001,1.17225,6.23876333333333,1.02345375,18.1875,19.7708339691162,25.2187509536743,203.906252980232,0.0408348329365253,1.5955325,-76.0625,90,130.458335876465,520,1.17188,6.238325,1.02311125,-36.1875,-31.3333346048991,-44.5937509536743,1.173675,6.23992333333333,1.5955325,-55.90625,-55.0312525431315,-76.0625,1.59851245587693,1.28506222740161,1.64651237470799,-98.0937576293945,-75.6354217529297,85.5859394073486,"Inhibitory",12.7231858857458
"637",-0.0250006163243819,27.1840277777778,0.760072823130854,1.69447,12.5974166666667,1.023817,-54.9687538146973,-53.2604192097982,-60.2125038146973,98.610328,0.0132050000000001,1.693705,12.59662,1.023215,16,18.8125,33.0812515258789,84.3750387430191,0.0347299464046955,1.235076,-73.6625015258789,300,289.375,480,1.69338,12.596275,1.022965,-32.375,-30.9479173024495,-44.9187515258789,1.694505,12.59754,1.235076,-55.0937538146973,-53.4687525431315,-73.6625015258789,1.24252225220557,1.25043340350496,1.43805476133536,-82.6562576293945,-73.9697494506836,93.2937553405762,"Inhibitory",36.7863073189424
"643",0.0286463871499541,64.1967857142857,0.24776537810083,1.146705,3.43503833333333,1.024865,-46.9375038146973,-48.2083333333333,-50.6875,183.174256,0.0557800000000002,1.14449,3.43269833333333,1.02328625,47.6562538146973,48.5208358764648,47.6718778610229,195.000037550926,0.0501077026128769,1.4708175,-78.1796894073486,70,60.2916615804036,790,1.14413,3.43233833333333,1.02297875,-34.46875,-34.9687512715658,-43.5000028610229,1.165255,3.46090166666667,1.4708175,-52.4687538146973,-54.0625025431315,-78.1796894073486,4.21718782098238,4.0672399779027,4.41716588570523,-98.0000076293945,-76.7340316772461,98.3593778610229,"Excitatory",15.5771038825931
"644",0.00879903622228364,45.4195238095238,0.373477420980493,1.258995,4.89014666666667,1.024631,-59.5312538146973,-61.5833358764648,-64.19375,173.9668,0.0426300000000002,1.257775,4.88876,1.023521,32.6562538146973,37.9479192097982,31.0187519073486,212.499886751175,0.274229347705841,1.373265,-74.2125045776367,90,96.7083333333333,610,1.25737,4.88836,1.023179,-42.34375,-41.7083371480306,-48.0187522888184,1.25905,4.89039666666667,1.373265,-59.6250038146973,-61.8854204813639,-74.2125045776367,2.14101512756319,2.44026517213615,2.06676826086013,-97.4687576293945,-73.6112442016602,95.2125019073486,"Inhibitory",22.0169635461989
"648",0.324858079475495,31.2675,0.0881493506493507,1.163055,4.829315,1.024288,-56.78125,-50.5833346048991,-58.4625038146973,257.175168,0.02668,1.162135,4.82840333333333,1.023468,27.3125,23.9791666666667,29.2375015258789,258.281290531158,0.00630711810663342,1.631453,-72.2437515258789,70,95.2083307902018,92,1.161785,4.82801833333333,1.023148,-44.4375,-38.0729166666667,-47.5187530517578,1.16318,4.83935,1.631453,-56.8437538146973,-51.2083358764648,-72.2437515258789,1.79592868602401,1.58175980648235,1.77867599748135,-98.3750076293945,-71.5616683959961,87.7000053405762,"Inhibitory",31.9820900295834
"661",0.00561773403088217,18.0111111111111,0.78122528346768,1.04068,8.426665,1.024098,-54.9062538146973,-54.9687525431315,-54.8625015258789,143.034544,0.0108550000000001,1.039945,8.42592166666667,1.023294,33.5312538146973,34.7395846048991,30.01875,103.080354630947,0.127682700753212,1.377402,-68.525,220,185.125,220,1.039645,8.42560166666667,1.023014,-33.65625,-30.1979173024495,-36.48125,1.040715,8.42672333333334,1.377402,-55.09375,-55.0833346048991,-68.525,1.55539775517461,1.46273816935492,1.58780057889587,-79.03125,-68.0096206665039,84.8812515258789,"Inhibitory",55.5212831585441
"662",0.00530148594828014,20.4194791666667,0.831349226791482,1.053435,8.86389833333333,1.024141,-58.46875,-53.6041704813639,-59.9125030517578,177.422192,0.015385,1.052545,8.86269833333333,1.023305,20.09375,11.3645842870077,28.3000011444092,135.312393307686,0.055235281586647,1.529222,-76.6812530517578,150,196.041666666667,550,1.05221,8.86226,1.023024,-35.34375,-29.739585240682,-44.9875022888184,1.053545,8.864115,1.529222,-58.5937538146973,-53.7395871480306,-76.6812530517578,1.50947902349892,1.25748458402459,1.77701855770976,-99.9375076293945,-76.0004272460938,88.212504196167,"Inhibitory",48.9728455773949
"666",0.00852896340518281,26.0156756756757,0.269980314384391,1.14772,1.72536666666667,1.025376,-52.15625,-52.2916692097982,-56.9375022888184,462.096832,0.0140200000000001,1.14548,1.72304,1.023252,38.2500038146973,45.2291679382324,42.6187507629395,413.437455892563,0.090062290430069,1.875384,-69.9375030517578,20,17.5416666666667,239.999984741211,1.14498,1.72254,1.022832,-42.9375038146973,-43.0729192097982,-45.6687530517578,1.17122,1.7459,1.875384,-54.9375038146973,-53.8854204813639,-69.9375030517578,3.2085565206005,3.6467127703571,3.47214017822618,-103.000007629395,-68.5833206176758,99.5562530517579,"Excitatory",38.4383635645868
"678",0.0062299763256167,58.665625,0.305833348832306,1.16492,4.54663166666667,1.02517125,-66.5625,-61.6354179382324,-66.1796875,154.854688,0.0369350000000002,1.163295,4.54501333333333,1.02360125,31.65625,40.5104192097982,29.9062504768372,192.812457680702,0.222997888922691,1.81289375,-73.6875,90,88.125,540,1.16285,4.54453,1.02318,-49.125,-46.4895846048991,-47.140625,1.16531,4.54697166666667,1.81289375,-66.78125,-61.8958346048991,-73.6875,2.29137261770694,2.58582181636365,2.09637258316313,-94.84375,-73.0367202758789,96.0859379768372,"Excitatory",17.0457572044958
"686",0.0260752598017492,66.0242857142857,0.287,1.21846,1.71487333333333,1.02504,-47.7500038146973,-49.9895871480306,-51.4375012715658,249.672928,0.02468,1.21538,1.71261333333333,1.02325333333333,26.5000019073486,35.6041692097982,34.3437525431315,249.218702316284,0.0317335948348045,1.07366,-60.7500012715658,40,17.2916666666667,186.666666666667,1.21484,1.71213333333333,1.02283333333333,-39.9062538146973,-38.8437525431315,-43.4166692097982,1.23838,1.74142666666667,1.07366,-55.0000038146973,-55.7291666666667,-60.7500025431315,3.31894589619244,3.41177362452505,3.31497543366008,-87.2812576293945,-59.6444473266602,85.7812538146973,"Excitatory",15.1459419694052
"695",0.0526763296410991,105.542222222222,0.0708333343551264,1.1182,6.5404,1.025284,-44.4062538146973,-42.8437519073486,-47.4500007629395,144.406752,0.0465200000000001,1.11558,6.53735,1.023472,47.4375038146973,43.46875,46.1062530517578,129.799082875252,0.0137624591588974,1.813144,-77.9437545776367,150,137.9375,949.999938964844,1.11516,6.53684,1.023048,-37.2812538146973,-34.8281269073486,-49.3687515258789,1.14896,6.57274,1.813144,-50.15625,-50.4218769073486,-77.9437545776367,4.66653740674142,3.95624542189668,4.55479312028866,-90.53125,-77.2036209106445,93.5562538146973,"Excitatory",9.47488103760477
"700",0.0144015670229356,58.2290625,0.291149069575366,1.2955,2.3637125,1.02466625,-50.8125,-49.4062538146973,-55.7031278610229,161.39776,0.062265,1.293855,2.3620925,1.02323,38.0625,42.671875,39.7968759536743,278.906285762787,0.0573231093585491,1.46908875,-68.8906307220459,30.0000019073486,33.4999990463257,390,1.29342,2.361655,1.02287,-37,-36.609375,-46.234375,1.33551,2.3948725,1.46908875,-55.4062538146973,-52.0625019073486,-68.8906307220459,2.93865475492602,3.22697253501901,3.11649306182754,-96.375,-67.0109786987305,95.5000038146972,"Excitatory",17.1735548721912
"709",0.00196876907163959,118.630714285714,0.193605868302471,1.750325,7.84938333333333,1.024648,-48.4375038146973,-50.6041692097982,-53.1312507629395,96.906576,0.066365,1.748685,7.84801,1.023308,42.8750038146973,45.6875012715658,43.7312507629395,80.312579870224,0.170850917696953,1.085203,-72.8812515258789,190,170.666666666667,1170,1.74832,7.84767166666667,1.023001,-41.1875038146973,-40.8437525431315,-48.6437522888184,1.778765,7.88077833333333,1.085203,-55.0625038146973,-55.1458346048991,-72.8812530517578,3.08486070955679,3.03863210895324,2.99578769370462,-80.65625,-71.4556655883789,96.862501525879,"Excitatory",8.42952017966922
"716",0.0117399269680463,37.1746153846154,0.4016,1.102,4.46286,1.024155,-61.7500038146973,-58.0000038146973,-62.1171894073486,407.429664,0.0149000000000001,1.1009,4.4618,1.023155,27.875,30.5625019073486,35.2812519073486,525.0004529953,0.0300615541636944,1.391435,-60.7656278610229,50,86,280,1.10048,4.46134,1.022765,-41,-32.0312538146973,-44.5000019073486,1.1021,4.46292,1.024245,-61.8437538146973,-58.0937538146973,-62.2421894073486,1.69816055791214,1.42362281023858,1.76712980516764,-80.1875076293945,-63.0599975585938,97.3984413146972,"Inhibitory",26.9000765617564
"726",0.126456179056598,98.4862500000001,0.107494143057481,1.11219,5.62819666666667,1.025156,-48.7500038146973,-49.0416692097982,-51.0562515258789,171.95176,0.0545,1.109175,5.62514333333333,1.023235,36.78125,39.71875,38.25,126.406282186508,0.0134337106719613,1.62177,-82.6250030517578,190,115.124997456868,1250,1.108785,5.62474166666667,1.022898,-36.0000038146973,-34.6875,-47.325,1.12611,5.65136666666667,1.62177,-54.84375,-56.6666692097982,-82.6250030517578,3.72470463003835,3.29351629740172,3.70842932645849,-97.03125,-83.3443069458008,89.3062515258789,"Excitatory",10.153701658861
"730",0.0267437901275671,112.6075,0.100499994331359,1.14497,13.0321166666667,1.02631666666667,-43.9375,-55.8229179382324,-58.8906262715658,105.146456,0.0312000000000001,1.141835,13.0267716666667,1.02309,45.15625,26.7291666666667,29.9322923024495,106.250002980232,0.0521581023931503,1.61646,-78.4479179382324,230,300.166666666667,725,1.141285,13.0263983333333,1.0228,-31.21875,-35.0416679382324,-38.234375,1.15828,13.036455,1.61646,-48.46875,-57.9583346048991,-78.4479179382324,4.84387142104251,3.65674264834874,2.26151610389816,-83.6875,-78.2598419189453,88.8229185740153,"Inhibitory",8.88040317030393
"736",0.0197051633573115,61.6253333333333,0.200471698113208,1.12056,3.39264,1.025225,-48.0625038146973,-49.4270846048991,-51.640625,232.935984,0.05464,1.11808,3.39060666666667,1.02353,37.46875,39.1458346048991,40.8046903610229,166.562423110008,0.0347785614430904,1.60728,-80.7421913146973,90,59.2083333333333,850,1.11762,3.39013333333333,1.023125,-31.96875,-33.4583346048991,-44.8046884536743,1.12964,3.41874666666667,1.60728,-52.2812538146973,-55.6562512715658,-80.7421913146973,3.56395514684948,3.35595926139583,3.78290784280254,-98.5937576293945,-79.3605117797852,92.4453153610229,"Excitatory",16.2270927540622
"741",0.0116379770001146,21.6885294117647,0.15625,1.058375,1.307655,1.02408,-59.1875,-55.4166692097982,-58.0937538146973,575.424768,0.00624500000000006,1.05737,1.30681,1.02322,9.15625,20.6979166666667,17.15625,567.968785762787,0.0613370798528194,1.36021,-59.9375038146973,10,7.125,160,1.05696,1.30639833333333,1.02288,-45.6875,-40.8854179382324,-42.6875,1.058425,1.30769333333333,1.36021,-59.2500038146973,-55.5312525431315,-59.9375038146973,1.39616320238207,1.35728074033382,1.39469161346917,-95.7187576293945,-59.9404830932617,75.2500038146973,"Inhibitory",46.107321571446
"751",0.0833337734985903,131.882857142857,0.0857142931425651,1.14958,5.50128,1.026455,-42.4375,-43.7187525431315,-44.9687509536743,143.434624,0.0533000000000001,1.1439,5.49460666666667,1.02337875,45,48.7708346048991,45.4921884536743,148.437514901161,0.110607907176018,1.43168625,-72.6953144073486,130,111.833333333333,1230,1.14328,5.49403,1.0228825,-36.625,-34.6875012715658,-44.2578144073486,1.181375,5.53536,1.43168625,-48.2812538146973,-49.3958333333333,-72.6953144073486,4.70933606031171,5.19421673438386,4.42598042790119,-79.125,-72.2378997802734,90.4609394073486,"Excitatory",7.58248662232718
"752",0.0339354608644929,105.8175,0.149813432835821,1.12402,4.10813,1.02475,-43.875,-45.5468788146973,-50.7968788146973,201.991712,0.05054,1.12206,4.10654,1.02336,38.8750038146973,42.2656269073486,47.3828144073486,176.339313387871,0.131825149059296,1.447575,-69.9687538146973,90,77.1875,700,1.12164,4.10611,1.023035,-31.0000019073486,-30.8281269073486,-45.1796903610229,1.15058,4.13735,1.447575,-54.5000038146973,-55.4843788146973,-69.9687538146973,3.18007043200252,3.06992178956465,4.06238562452193,-86.84375,-69.7545013427734,98.1796932220459,"Excitatory",9.45023271198053
"753",0.0500393596799969,45.90425,0.282712785762942,1.32582,3.628725,1.0248775,-47.5000038146973,-49.7187525431315,-49.645835240682,98.462824,0.046195,1.324045,3.62722,1.02334,27.5312519073486,47.6250038146973,39.630210240682,237.65629529953,0.113893173635006,1.6665075,-76.6197967529297,60.0000038146973,65.1666653951009,610,1.32352,3.62678166666667,1.02293166666667,-42.28125,-41.1458346048991,-44.8281269073486,1.38385,3.666955,1.6665075,-54.3437538146973,-51.4166692097982,-76.6197967529297,2.46940161349742,3.11805869430908,3.03803728923763,-96.9375076293945,-75.7492904663086,89.276045481364,"Excitatory",21.784475293682
"776",0.0155496076007924,67.9057692307692,0.186029411764706,1.358785,4.02341,1.025135,-48.4375038146973,-50.4687512715658,-52.0703144073486,238.746368,0.06271,1.356945,4.02173,1.02354375,35.3125,43.1770846048991,38.5078125,146.562427282333,0.0326740965247154,1.67244375,-78.9453144073486,90,75.0416666666667,0,1.35645,4.02127,1.0231225,-37.21875,-38.3333346048991,-44.6562519073486,1.390685,4.05562333333333,1.67244375,-54.28125,-54.8541666666667,-78.9453144073486,2.61800515066,2.97955125396681,3.07553796778515,-95.3125,-78.1255340576172,90.5781269073486,"Excitatory",14.7262892583048
"799",0.00523644428043449,3.82833333333332,1.64510904338246,1.024975,14.96924,1.02374625,-66.0625,-59.6666704813639,-65.8125019073486,132.16292,0.00295500000000004,1.024425,14.9685383333333,1.02310125,-0.281250029802322,3.42708337306976,5.22656279802322,85.1562470197678,0.0184759330004454,1.2943275,-72.4609413146973,400,348.708323160807,367.499977111816,1.02419,14.9682216666667,1.0228675,-50,-35.0625019073486,-51.0937509536743,1.02498,14.9692683333333,1.2943275,-66.09375,-59.7604179382324,-72.4609413146973,1.30883421463085,1.07256611111902,1.31154245460862,-91.7187576293945,-72.20556640625,71.0390647053718,"Inhibitory",261.210274270789
"806",0.154108538307031,19.5716666666666,0.037280701754386,1.09148,3.35389833333333,1.024079,-55.8125038146973,-53.7500038146973,-57.7250022888184,242.403264,0.0156850000000002,1.0905,3.35283666666667,1.023063,19.46875,20.7291673024495,17.6187515258789,251.562505960464,0.00831763353198767,1.680035,-67.2750030517578,50,58.3333333333333,370,1.090175,3.352475,1.022771,-43.4375038146973,-41.4062538146973,-44.5812522888184,1.091545,3.35853166666667,1.680035,-55.9375038146973,-53.9375012715658,-67.2750030517578,1.84254829149242,1.83794187245824,1.86401367038289,-93.21875,-65.2991027832031,75.3437538146973,"Inhibitory",51.094268926169
"807",0.00868533126736537,56.3541176470588,0.206735156052271,1.18676,3.62367333333333,1.025185,-51.0937538146973,-50.7916704813639,-53.7343769073486,176.097296,0.0412000000000001,1.18434,3.62139333333333,1.02334,40.3125038146973,46.3125025431315,43.2187528610229,192.499995231628,0.0993435382843018,1.44385,-74.8437538146973,59.9999961853027,65.0416666666667,740,1.18392,3.62098666666667,1.022975,-42.34375,-41.9791679382324,-47.4921884536743,1.23316,3.66254666666667,1.44385,-60.1562538146973,-58.2500025431315,-74.8437538146973,4.35224143264445,4.76681620646043,4.34851421911695,-94.96875,-74.2431030273438,96.9531297683715,"Excitatory",17.7449322561116
"812",0.00354384724544078,46.95675,0.331399328120076,1.28047,6.067455,1.02688833333333,-56.21875,-56.5000019073486,-60.5625038146973,170.031024,0.0208950000000001,1.27798,6.0645425,1.02328666666667,26.5625,30.2812509536743,30.2083346048991,148.43761920929,0.0929054990410805,1.04333,-70.0729217529297,110,126.125,143.333333333333,1.277625,6.0641925,1.02299666666667,-42.6250038146973,-41.34375,-44.6875,1.286525,6.0728,1.04333,-60.1875,-60.1875,-70.0729217529297,2.83443865609318,2.85101383177596,2.5331659331849,-85.34375,-69.4498291015625,90.7708384195964,"Inhibitory",21.296192773137
"819",0.0657434948074315,85.2555555555556,0.125000004584971,1.079445,3.81061666666667,1.026475,-52.2187538146973,-52.4270858764648,-56.1406288146973,162.631536,0.028605,1.076465,3.80716833333333,1.0235025,32.2500038146973,35.5104179382324,38.0625019073486,144.375011324883,0.0486131235957146,1.72200125,-79.4765682220459,130,69.7083333333333,660,1.07594,3.80666333333333,1.0230775,-43.875,-41.3645858764648,-51.4609384536743,1.089625,3.83911833333333,1.72200125,-55.6562538146973,-58.5833358764648,-79.4765682220459,3.97662406702031,3.81185482957992,4.60156698329901,-95.4375076293945,-79.6181793212891,94.2031307220459,"Excitatory",11.7294408966506
"827",0.0248265692196223,85.355,0.230329467701112,1.209005,3.03675333333333,1.02563666666667,-57.2500038146973,-57.6145858764648,-61.1875025431315,259.75872,0.05396,1.20534,3.03378,1.02354666666667,28.5312519073486,32.6458339691162,28.3854185740153,218.593791127205,0.028987430036068,1.48167833333333,-82.500005086263,90,50.3749987284342,610,1.20479,3.03328333333333,1.02311,-42.65625,-45.1562538146973,-53.4270871480306,1.23015,3.06877833333333,1.48167833333333,-62.3125038146973,-63.9270858764648,-82.500005086263,3.51427387467621,3.85410220879125,3.94991310198529,-102.000007629395,-81.9060440063477,89.5729211171468,"Excitatory",11.7157752914299
"836",0.010100823006438,79.6781818181818,0.198333333333333,1.27482,3.53325,1.024884,-49.9062538146973,-49.3750038146973,-54.3000022888184,182.068352,0.0614600000000001,1.27298,3.53147,1.023424,40.6250038146973,46.3593788146973,41.4875007629395,146.562576293945,0.1617561429739,1.739848,-76.0500030517578,90,62.75,730,1.27252,3.53102,1.023044,-38.4062538146973,-36.09375,-43.9812530517578,1.30178,3.55983,1.739848,-59.4375038146973,-55.3281288146973,-76.0500045776367,2.82957970265656,3.36264537545997,3.26526319368701,-89.7500076293945,-75.5517425537109,95.7875030517579,"Excitatory",12.5504871870935
"840",0.00850120368496213,12.7682,1.05178557957922,1.038155,11.09721,1.0240025,-59.0625038146973,-52.1770846048991,-59.1406288146973,150.988096,0.0115500000000002,1.03759,11.0964583333333,1.023475,17.15625,13.4583342870077,27.0937519073486,105.223104357719,0.032452080398798,1.0911675,-76.9843826293945,249.999984741211,251.916661580404,0,1.03731,11.0961183333333,1.0231975,-33.90625,-29.7187519073486,-43.4375038146973,1.03818,11.0972316666667,1.0911675,-59.1250038146973,-52.3020858764648,-76.9843826293945,1.12118035989565,1.08180195911181,1.19463832153368,-88.1250076293945,-75.9377136230469,86.2343807220459,"Inhibitory",78.3195751946241
"842",0.00579257303428945,64.7871428571429,0.255468744705431,1.19218,1.96206666666667,1.02676,-53.7812538146973,-55.1250038146973,-55.9583371480306,344.80784,0.0363200000000001,1.18876,1.95879333333333,1.02350666666667,41.25,34.4791679382324,35.927085240682,280.000001192093,0.082919679582119,1.86789333333333,-67.2395858764648,29.9999980926514,23.3333333333333,330,1.1882,1.95815333333333,1.02300666666667,-46.8437538146973,-48.5000025431315,-48.3229204813639,1.21744,2.02385333333333,1.86789333333333,-58.0000038146973,-61.9791704813639,-67.2395858764648,4.28281630663457,3.70048778344251,4.14831523339337,-98.3750076293945,-67.2280197143555,91.8854223887126,"Excitatory",15.4351612974355
"858",0.00293727828676858,13.8805633802817,1.15778875379939,1.06382,5.2328,1.02439,-59.0625038146973,-54.5312538146973,-59.7500019073486,309.51232,0.0137200000000002,1.06282,5.23154,1.02351,20.78125,16.90625,31.8281264305115,186.250001192093,0.0178365595638752,1.428905,-77.4453163146973,90,105.249992370605,380,1.0624,5.23104,1.02313,-38.375,-35.96875,-45.9296903610229,1.06388,5.23288,1.428905,-59.1562538146973,-54.6562538146973,-77.4453163146973,1.47224602902524,1.41987386924416,1.59053457929171,-96.78125,-76.9175567626953,91.5781283378601,"Inhibitory",72.043185323484
"860",0.126489563122086,57.3463636363636,0.675045132117845,1.0732,6.47829666666667,1.02440833333333,-62.1875,-59.7916704813639,-63.1927096048991,183.80992,0.01989,1.07229,6.47727,1.02350833333333,35.71875,29.9791673024495,38.7500006357829,195.624992251396,0.0780669972300529,1.52352083333333,-74.281255086263,100,136.416666666667,183.333333333333,1.07191,6.476795,1.02312916666667,-37.5625,-30.8020839691162,-46.5260416666667,1.073275,6.47837333333333,1.52352083333333,-62.3125038146973,-59.9479192097982,-74.281255086263,1.42197805158807,1.20058601380398,1.45000933049663,-95.71875,-73.6294555664062,101.942710240682,"Inhibitory",17.4378973066375
"909",0.0140651737649222,43.6254545454545,0.34024390631244,1.202165,2.057005,1.024335,-46.9375038146973,-49.4218769073486,-50.9609394073486,330.074464,0.0315000000000001,1.200425,2.055605,1.0231475,35.0625038146973,55.8593769073486,50.9218778610229,330.312430858612,0.0188371781259775,1.4567075,-63.8515644073486,30.0000019073486,25.8750009536743,290,1.199905,2.0552125,1.02282375,-33.90625,-34.0312519073486,-38.9218769073486,1.225895,2.05709,1.4567075,-49.0937538146973,-49.5000038146973,-63.8515644073486,2.19324704218313,2.88340684856677,2.85000599422386,-92.15625,-61.6267166137695,101.882817268371,"Excitatory",22.9223972659832
"913",0.586460945133253,115.595,0.0435267868820497,1.04151,13.058565,1.02452,-50.2187538146973,-37.6250025431315,-51.4437522888184,221.14912,0.00899000000000005,1.04038,13.0570866666667,1.02325,36.0937538146973,17.6562509536743,37.2812515258789,165.468797087669,0.0257941968739033,1.662055,-69.9375045776367,130,300.875,380,1.039935,13.05602,1.022809,-48.6875038146973,-21.5520839691162,-51.5875022888184,1.041645,13.0587966666667,1.662055,-50.40625,-37.7916679382324,-69.9375045776367,1.97352828093711,1.18530404485867,2.04595813491595,-88.0312576293945,-69.4596481323242,88.7250038146973,"Inhibitory",8.65089320472339
"914",0.0103034531451905,63.6757142857143,0.204884111543265,1.13456,5.21642,1.024836,-46.1562538146973,-48.8750012715658,-52.7500030517578,191.35904,0.0539400000000001,1.13266,5.21482666666667,1.023464,36.7187538146973,41.2708358764648,40.7750015258789,159.374848008156,0.0329797305166721,1.49896,-80.9562515258789,110,104.833333333333,870,1.1322,5.21438,1.023092,-32.875,-33.2708333333333,-46.5250030517578,1.15344,5.23824,1.49896,-53.5000038146973,-55.7604204813639,-80.9562515258789,2.79948709889435,2.75478167502772,3.27354344415617,-96.9687576293945,-80.3756484985352,93.5250045776367,"Excitatory",15.7045745182061
"921",0.0219904320171965,53.9873529411765,0.28202614379085,1.176795,2.92574166666667,1.02464,-46.7812538146973,-46.5520846048991,-51.4812530517578,158.85984,0.0577800000000002,1.1747,2.92400333333333,1.023282,44.7187538146973,37.6458358764648,34.1187507629395,248.125001788139,0.0537547953426838,1.603381,-75.9250045776367,50,47.5833320617676,680,1.17435,2.92358666666667,1.022924,-32.78125,-33.7083346048991,-43.1062522888184,1.201805,2.9585,1.603381,-52.5937538146973,-52.3437538146973,-75.9250045776367,3.6461133101277,2.84556825431012,2.80324024750673,-96.2187576293945,-73.4638595581055,85.6000038146973,"Excitatory",18.5228566603289
"925",0.0122443751468445,66.1728571428571,0.2499850701702,1.08936,4.32714666666667,1.02529,-50.40625,-51.6250012715658,-53.6562519073486,189.283568,0.0396400000000001,1.08686,4.32447333333333,1.02346,39.7500038146973,40.59375,43.5520846048991,163.593858480453,0.0291495863348246,1.78625666666667,-80.1614621480306,170,82.5833333333333,949.999938964844,1.08644,4.32403333333333,1.02307666666667,-36.9375,-35.0208346048991,-48.817710240682,1.0987,4.34536666666667,1.78625666666667,-54,-58.1666679382324,-80.1614621480306,3.91666800578186,3.70143030909423,4.30097854922825,-97.2500076293945,-79.1894683837891,97.2083365122477,"Excitatory",15.1119362708059
"928",0.0083090205859109,41.7331818181818,0.269510582010582,1.175595,2.58404,1.02510875,-45.1250038146973,-45.9479166666667,-54.3203153610229,144.937296,0.0420050000000001,1.17349,2.58198333333333,1.0233325,28.2812519073486,30.9270846048991,33.7500019073486,206.718668341637,0.215651631355286,1.12268625,-62.1562519073486,50,39,360,1.172935,2.58141,1.02294375,-31.96875,-34.9375025431315,-43.3125038146973,1.201125,2.62079333333333,1.12268625,-48.25,-50.1458358764648,-62.1562519073486,2.3183181118337,2.35233854246593,2.6229912994121,-86.4687576293945,-61.2651138305664,88.0703172683715,"Excitatory",23.9617483362923
"940",0.0733398425836583,95.125,0.278774436215177,1.134365,4.67331833333333,1.024815,-50.875,-48.6041679382324,-53.4843769073486,177.710032,0.0418750000000001,1.13253,4.67154666666667,1.02343,39.1250038146973,42.5937525431315,42.7343756357829,168.437391519547,0.0177898649126291,1.689315,-77.4843775431315,130,91.2916666666667,670,1.132095,4.67113666666667,1.023055,-36.4062538146973,-35.6770846048991,-51.9322948455811,1.14846,4.695095,1.689315,-54.6875038146973,-54.5520871480306,-77.4843775431315,3.31806110503012,3.21103256220048,3.86855935296588,-93.3750076293945,-75.8291931152344,96.2187525431315,"Excitatory",10.5124835742444
"942",0.0183919874829413,58.0516666666667,0.199214145383104,1.82151,3.174485,1.02500666666667,-48.5,-48.5416666666667,-49.8020846048991,165.931616,0.0578400000000001,1.81878,3.172455,1.023365,37.5312538146973,33.9375012715658,30.1770846048991,230.044677853584,0.0323442555963993,1.70996333333333,-74.2916717529297,50,53.7916679382324,700,1.818325,3.17197666666667,1.02294833333333,-36.1562538146973,-37.0520858764648,-42.6458358764648,1.84859,3.19822666666667,1.70996333333333,-55.90625,-54.1770858764648,-74.2916717529297,3.52229179453099,3.13235424317262,2.98939106121672,-98.4375,-73.2083282470703,79.9791692097982,"Excitatory",17.2260342798082
"944",0.0219884409981403,87.1515,0.16846592421374,1.331955,6.64007666666667,1.0250325,-39,-44.4479192097982,-49.5156269073486,93.896816,0.0771500000000001,1.32885,6.63764,1.02342,32.0312538146973,42.4791692097982,49.2812519073486,131.406247615814,0.0534133799374104,1.466345,-75.4218826293945,110,140.416666666667,0,1.328305,6.63721,1.0230925,-25.3750019073486,-30.0104185740153,-42.3593788146973,1.37118,6.67425166666667,1.466345,-50.15625,-50.2916692097982,-75.4218826293945,2.59377667135113,3.35121024543803,3.85810205906734,-90.5000076293945,-75.3521347045898,98.7968788146972,"Excitatory",11.474271814025
"951",0.302196627118039,15.505,0.0544477234401349,1.09162,7.22661333333333,1.02413,-62.5312538146973,-60.6354204813639,-64.4765682220459,184.239136,0.0275000000000001,1.09088,7.22576666666667,1.023385,29.59375,26.489585240682,32.015625,167.008861899376,0.121829211711884,1.247725,-73.6484413146973,80,155.08332824707,590,1.09052,7.22536,1.023055,-45.3125,-39.6354192097982,-47.1640644073486,1.09166,7.22664666666667,1.247725,-62.59375,-60.6875012715658,-73.6484413146973,1.56039545356107,1.35927571942686,1.55135604916924,-92.3125076293945,-72.6638336181641,96.4921932220459,"Inhibitory",64.4953240890035
"952",0.000456017813240277,74.6216666666667,0.196428548547687,1.65969,9.03180166666667,1.028495,-54.5312538146973,-56.2604192097982,-62.8828144073486,124.346704,0.040775,1.65523,9.02699,1.0233425,21.5,26.8958339691162,24.4687504768372,96.8749225139618,0.0689584165811539,1.19967875,-70.3671894073486,209.999984741211,200.208333333333,660,1.654815,9.02662166666667,1.02304,-33,-34.3541666666667,-39.1562528610229,1.66305,9.03506333333333,1.19967875,-56.875,-57.9062525431315,-70.3671894073486,3.41061798353909,3.89269120522529,2.54022789309226,-80.7187576293945,-69.5428619384766,87.3515648841858,"Inhibitory",13.400933598374
"954",0.0187283963351565,9.03874999999998,1.47236471674603,1.031155,10.2728583333333,1.023877,-60.1562538146973,-57.6145858764648,-62.1125030517578,176.425456,0.00595500000000015,1.03054,10.2720816666667,1.023227,22.0000019073486,16.7083342870076,24.5812511444092,164.687469601631,0.0220953691750765,1.632955,-71.4125045776367,290,231.291666666667,312,1.03027,10.2717583333333,1.022994,-32.0312538146973,-28.9479185740153,-41.4812507629395,1.03118,10.27291,1.632955,-60.2500038146973,-57.7604192097982,-71.4125045776367,1.26391558451577,1.17593769494179,1.39711739038265,-99.6250076293945,-70.6443405151367,86.693754196167,"Inhibitory",110.634766975522
"957",0.00152476145731147,9.51684466019417,1.44168562419896,1.03714,9.15767,1.023969,-58.8125038146973,-53.0104192097982,-62.2687538146973,163.21872,0.00892500000000007,1.036365,9.15675666666667,1.023315,5.18750047683716,2.33333333333333,17.4062511444092,109.843865036964,0.0344318971037865,1.581903,-75.2375030517578,240.000015258789,203.416666666667,187.999987792969,1.03598,9.15633,1.023053,-34.2500038146973,-31.7604166666667,-48.71875,1.037185,9.15772333333333,1.581903,-58.9687538146973,-53.0625025431315,-75.2375030517578,1.09113195614032,1.006944495452,1.37492444615886,-98.5625,-75.1213531494141,79.6750049591065,"Inhibitory",105.076843818064
"962",0.0175217291624686,75.90375,0.139999982636552,1.294615,9.03805,1.02913125,-57.5,-58.9843788146973,-70.2500019073486,152.97048,0.041045,1.28843,9.0321625,1.0234475,17.3125,26.359375,18.2812509536743,104.374997317791,0.012180145829916,1.532405,-79.515625,249.999984741211,200.312507629395,740,1.28792,9.03173,1.0230775,-41.1875038146973,-39.2343788146973,-43.6953134536743,1.298405,9.04306,1.532405,-59.0000038146973,-61.7031288146973,-79.515625,4.1838029922995,4.6594114848741,2.17458570179484,-91.03125,-79.1691741943359,88.5312528610229,"Inhibitory",13.1745796485681
"963",0.0249372726983506,12.5417647058824,0.917168674698795,1.036765,15.2687575,1.023975,-52.5000038146973,-42.8125038146973,-53.4187522888184,121.202512,0.01024,1.03606,15.267635,1.023303,15.625,1.1875,24.0562515258789,105.468638241291,0.0845737978816032,1.088214,-69.4187515258789,270,356.1875,124,1.035755,15.2671675,1.023033,-30.6875019073486,-24.1875019073486,-42.0062515258789,1.036815,15.2699175,1.088214,-52.5937538146973,-43.109375,-69.4187515258789,1.22859535258045,0.979926334238866,1.46440365804323,-91.875,-68.5879287719727,77.4750038146973,"Inhibitory",79.7335959851786
"964",0.00275832721013023,12.570641025641,0.542210144927536,1.033565,9.869315,1.0242925,-65.8125,-61.7343769073486,-67.6718788146973,226.31464,0.00673500000000016,1.032785,9.8682575,1.02349375,27.4062519073486,17.5312509536743,32.984375,104.687884449959,0.0233173258602619,1.04629125,-73.7109394073486,270,221.187492370605,0,1.03247,9.86785,1.0231925,-32.53125,-26.53125,-40.6562509536743,1.03366,9.869345,1.04629125,-65.875,-61.828125,-73.7109394073486,1.26367732153947,1.09599206910889,1.34870402836754,-87.3125076293945,-72.1359558105469,100.656253814697,"Inhibitory",79.5504380373481
