"","input_resistance_mohm","ri","sag","vm_for_sag","vrest","transgenic_line","firing_rate","adaptation","avg_isi","f_i_curve_slope","latency","height","fast_trough_t_long_square","fast_trough_v_long_square","peak_t_long_square","peak_v_long_square","threshold_i_long_square","threshold_t_long_square","threshold_v_long_square","trough_t_long_square","trough_v_long_square","upstroke_downstroke_ratio_long_square"
"9",148.06432,153.749927878,0.103811219335,-85.2187576294,-68.5057373047,"Scnn1a-Tg3-Cre",12.5628140704,0.025949952508,79.6,0.164054054054,0.04384,95.0000019073,1.18334,-47.4375038147,1.18142,43,70,1.181,-33.1250038147,1.2207,-56.5625038147,3.3893320895
"10",126.870208,151.562616229,0.149849534035,-93.6562576294,-76.2948379517,"Ntsr1-Cre_GN220",16.6156197903,0.00928929266442,60.1843333333,0.217394919622,0.06071,83.1000049591,1.46886,-49.53125,1.46659,25.5312519073,120.000007629,1.466065,-39.5312538147,1.49474,-55.0937538147,2.4319977954
"11",190.866704,170.625045896,0.0146091291681,-94.0000076294,-75.3428726196,"Rbp4-Cre_KL100",14.264317809,0.251829867569,70.105,0.0900793674157,0.029535,80.9375045776,1.08307,-50.3125038147,1.079695,25.7500019073,150,1.079065,-43.3125,1.73933,-55.7812538147,2.84228464688
"16",173.447264,210.468634963,0.0526439473033,-97.21875,-75.3036117554,"Nr5a1-Cre",15.8997678634,0.0476945778402,62.894,0.159469707443,0.04292,88.2562530518,1.118395,-45.6875,1.11636,37.71875,70,1.11585,-37.7812538147,1.139235,-48.25,3.23716786738
"24",169.609664,123.906247318,0.0693726539612,-92.0625,-77.8588638306,"Scnn1a-Tg3-Cre",13.9766911796,0.0154623126733,71.5476923077,0.141274452748,0.05996,88.7375045776,1.23948,-48.5312538147,1.23638,32,100,1.23594,-38.21875,1.27496,-59.2500038147,3.82407298378
"26",250.077936,133.437380195,0.0483482480049,-96.5,-80.5925750732,"Nr5a1-Cre",15.6187246196,0.0238049459206,64.0257142857,0.192937236984,0.05254,96.1953163147,1.15694,-47.84375,1.15528,45.3437538147,110,1.15486,-37.40625,1.18186,-52.4375038147,3.56934188396
"31",243.125056,187.343835831,0.0894831418991,-96.5312576294,-78.4394836426,"Rbp4-Cre_KL100",11.9405577326,0.0423226332033,83.7481818182,0.190044256197,0.054805,72.3593772252,1.20621,-44.28125,1.2022,18.78125,90,1.201635,-36.46875,1.25133,-55.7812538147,2.67899593469
"32",338.62912,339.620679617,0.0263885930181,-101.906257629,-72.08177948,"Slc17a6-IRES-Cre",16.0008533788,0.0311050607805,62.4966666667,0.285904390113,0.041805,92.2312553406,1.269505,-52.09375,1.267385,39.6875038147,30.0000019073,1.2669,-42.8125038147,1.3053,-57.5,3.70159492503
"42",184.994368,184.843823314,0.137442618608,-94.5000076294,-76.536239624,"Rorb-IRES2-Cre",9.6396898162,0.0399574817659,103.737777778,0.135894039735,0.05102,91.3437530518,1.17924,-52.4687538147,1.17666,37.875,70,1.17622,-41.46875,1.22168,-63.3125,4.03911833869
"48",222.037824,197.187453508,0.00515500456095,-81.84375,-57.1328697205,"Rorb-IRES2-Cre",8.25883178824,0.150594535912,121.0825,0.115141955836,0.028715,88.687505722,1.08542,-44.5,1.080925,36.6875,90,1.080455,-32.375,1.09912,-49.59375,3.70913756481
"56",245.483136,342.343896627,0.0631874278188,-97.7812576294,-71.8004760742,"Rorb-IRES2-Cre",18.9069672174,0.0182063105843,52.8905555556,0.19941263941,0.03879,85.6937526703,1.1107,-47.0000038147,1.10867,24.25,50,1.108095,-37.40625,1.133555,-51.1562538147,2.6471854084
"60",89.69156,116.718634963,0.101548105478,-86.96875,-73.244430542,"Scnn1a-Tg2-Cre",10.2228583112,0.0265356304415,97.82,0.115714285714,0.073615,76.2031254768,1.15001,-44.75,1.14605,24.84375,130,1.145605,-34.9687538147,1.18508,-54.0312538147,3.11670159398
"61",141.49072,136.87504828,0.204059511423,-82.21875,-68.0052108765,"Rbp4-Cre_KL100",8.58774528747,0.0763599330869,116.445,0.154166675288,0.047445,90.3812561035,1.13998,-46.6250038147,1.13732,38.1562538147,70,1.136845,-43.7500038147,1.21286,-56.78125,3.88627159221
"62",154.351296,158.593788743,0.0306478515267,-96.71875,-81.6837158203,"Cux2-CreERT2",14.8514851485,0.118855154862,67.3333333333,0.144956789297,0.034855,95.9218788147,1.15987,-53.6562538147,1.157765,40.0625038147,110,1.157325,-40.7812538147,1.180555,-58.2812538147,3.32895698549
"63",121.629184,114.375077188,0.00830821041018,-87.96875,-74.8086242676,"Rorb-IRES2-Cre",7.93416906581,0.0411127831953,126.037142857,0.18643412269,0.08262,92.8875038147,1.16198,-43.375,1.15966,38.5625038147,110,1.15912,-35.34375,1.1891,-48.4375038147,3.41610739183
"69",190.300928,200.468793511,0.0824973285198,-88.1875,-67.3841094971,"Ctgf-T2A-dgCre",13.4174158057,0.0584582705371,74.53,0.21075794621,0.05854,91.6250061035,1.44828,-46.8437538147,1.44532,35.40625,70,1.44484,-38.03125,1.47166,-54.2812538147,3.69751323564
"70",264.798528,149.151861668,0.12802401185,-89.5312576294,-73.0108566284,"Ntsr1-Cre_GN220",10.6301556255,0.045550395712,94.072,0.20833333868,0.05872,101.562507629,1.27352,-52.5000038147,1.27162,46.5,150,1.27118,-34.0312538147,1.27972,-53.03125,2.83299305354
"72",99.352144,153.437390924,0.0158438868821,-94.4375,-78.2422027588,"Cux2-CreERT2",12.6846063242,0.0527321787203,78.8357142857,0.156818187519,0.05146,93.8875053406,1.102505,-47.9062538147,1.10078,41.78125,130,1.100455,-36.4062538147,1.929355,-50.7500038147,3.6315394591
"76",259.181008,202.812537551,0.0622826330364,-98.4687576294,-77.232673645,"Cux2-CreERT2",13.0483262556,0.0503965891606,76.6381818182,0.121361509016,0.05434,94.5781326294,1.12204,-46.59375,1.11818,36.375,130,1.11772,-32.21875,1.13768,-51.375,4.26427145436
"77",182.50048,124.062463641,0.0150359999388,-94.7187576294,-80.3704452515,"Cux2-CreERT2",19.7657755596,0.12919787131,50.5925,0.123529403567,0.03008,97.7312553406,1.081785,-49.6562538147,1.077925,29.59375,190,1.07737,-37.5,1.09428,-54.1875038147,3.8895726102
"84",109.64168,122.812502086,0.0203067641705,-93.90625,-80.4940795898,"Scnn1a-Tg2-Cre",12.7629975176,0.0490471431928,78.3515,0.249999987284,0.04684,94.6718759537,1.1334,-49.3125038147,1.128615,25.15625,230,1.127945,-38.28125,1.14623,-52.8125,3.71727316392
"87",201.156832,208.906248212,0.0733392834663,-94.96875,-72.9885177612,"Cux2-CreERT2",10.1971447995,0.0640748558794,98.0666666667,0.179113935955,0.061335,92.6979204814,1.180315,-47.5937538147,1.175715,35.6250038147,70,1.17515,-37.40625,1.22455,-53.6562538147,4.19675057621
"88",160.389952,186.875000596,0.0202918145806,-95.6875,-75.2422332764,"Nr5a1-Cre",11.0576657268,0.110505778976,90.435,0.12183908046,0.05537,87.9140644073,1.19673,-47.9375,1.19386,35.90625,90,1.19338,-33.5625,1.22511,-54.40625,3.14235662422
"89",116.282496,109.218865633,0.0487773641944,-82.3437576294,-69.3731918335,"Cux2-CreERT2",13.8007176373,0.227778150963,72.46,0.0696428441264,0.024765,97.1354192098,1.10916,-50.2812538147,1.107395,41.1250038147,170,1.10697,-39.1250038147,1.129015,-53.84375,3.2390660332
"93",182.719216,233.281329274,0.118305526674,-94.2812576294,-73.0314865112,"Rorb-IRES2-Cre",9.13617468366,0.075261353736,109.455,0.159665089188,0.064345,94.2437545776,1.202305,-46.0625038147,1.199685,46.03125,50,1.199225,-37.40625,1.275735,-55.6875038147,3.6236248733
"95",124.2884,121.562540531,0.192191585898,-84.34375,-70.8589324951,"Rbp4-Cre_KL100",12.9066953482,0.0543448401758,77.4791666667,0.173876419927,0.048245,100.725003052,1.17568,-46.5625038147,1.17384,44.1875,120.000007629,1.173435,-43,1.226765,-57.0000038147,3.7168961468
"96",137.701248,85.9374776483,0.108218982816,-78.21875,-70.4233016968,"Rbp4-Cre_KL100",7.24611427122,0.00837115840464,138.005,0.167996124449,0.05319,93.2656294505,1.107815,-50.34375,1.10579,37.7812538147,130,1.10539,-42.03125,1.139105,-58.21875,3.55809651982
"97",197.458272,148.437619209,0.0588746517897,-95.5000076294,-78.7241210938,"Rorb-IRES2-Cre",15.2025192746,0.0201171852255,65.7785714286,0.189066190314,0.05602,89.7916704814,1.55956,-52.6562538147,1.55656,37.0625038147,59.9999961853,1.55598,-41.0312538147,1.62666,-62.375,3.68525685395
"98",188.39744,248.125046492,0.178474470973,-99.8437576294,-72.4742507935,"Rorb-IRES2-Cre",3.40170765724,0.59575851654,293.97,0.203861264416,0.02812,91.1937538147,1.0839,-46.6875038147,1.08137,37.25,90,1.080745,-37,1.093475,-48.4687538147,2.75426103202
"99",272.356064,195.937529206,0.0292322263122,-100.8125,-78.8551330566,"Scnn1a-Tg3-Cre",20.2200796033,0.0187310267332,49.4557894737,0.245974814527,0.03755,94.2604173024,1.419255,-54.3125,1.417325,39.625,50,1.41683,-41.5000038147,1.460715,-61.1875038147,3.34823501509
"101",148.17216,154.218822718,0.174613907933,-83.53125,-66.1993484497,"Rbp4-Cre_KL100",7.47700819979,0.186436397421,133.743333333,0.118261920504,0.04158,87.3500061035,1.116105,-42.0937538147,1.11444,37.8125,70,1.114035,-40.1562538147,1.116235,-42.28125,3.34548206295
"106",107.266272,91.2500023842,0.0420052446425,-88.5,-78.7921066284,"Rbp4-Cre_KL100",11.7208560913,0.0152264710262,85.318,0.159429313503,0.06217,83.3515663147,1.21119,-43.1250038147,1.207475,35.6875038147,209.999984741,1.207025,-39.71875,1.252915,-52.5312538147,3.9278155439
"107",282.708064,215.000107884,0.068071834743,-96.5,-72.8924713135,"Ctgf-T2A-dgCre",18.7496093831,0.0202565351683,53.3344444444,0.227808988764,0.0383,94.5125038147,1.28144,-49.6562538147,1.27822,38.3125038147,40,1.27778,-40.53125,1.31686,-57.9375038147,4.59012616183
"108",197.70776,183.750033379,0.0408375635743,-98.96875,-78.2534942627,"Nr5a1-Cre",10.5598293532,0.0506358445445,94.6985,0.194509345794,0.03979,78.6484379768,1.11824,-46.46875,1.115335,35.4375038147,70,1.11488,-36.7187538147,1.14744,-56.8125038147,3.79673689847
"111",285.755872,267.96874404,0.162377104163,-103.59375,-73.1547622681,"Scnn1a-Tg3-Cre",20.1671752687,0.0297156416156,49.5855263158,0.205737704918,0.021885,83.572918574,1.07379,-50.7500038147,1.071875,26.84375,50,1.07138,-41.6562538147,1.080365,-51.6875,2.6286820771
"113",110.029904,99.06257689,0.0279425401241,-86.1562576294,-75.1433410645,"Ctgf-T2A-dgCre",6.59404425923,0.0278465493189,151.652,0.10744520285,0.08578,89.6041717529,1.2812,-49.4062538147,1.27704,40.03125,130,1.27648,-39.7500038147,1.327,-57.59375,4.06153700281
"114",117.547536,150.468826294,0.0630087703466,-90.3125,-74.7002639771,"Ctgf-T2A-dgCre",13.6230502009,0.0246543952305,73.405,0.173333345317,0.07042,84.312505722,1.42986,-50.71875,1.42574,35.34375,110,1.42524,-43.9062538147,1.46778,-58.4062538147,4.76141683234
"115",112.069712,58.2812875509,0.0498790591955,-70.90625,-63.5755844116,"Scnn1a-Tg2-Cre",6.76635766967,0.288858288978,147.79,0.162138728324,0.01549,97.78125,1.051765,-49.1875,1.046835,33,190,1.046235,-40.34375,1.057575,-50.875,5.26116617726
"116",184.10248,189.107134938,0.0259323790669,-96,-77.3416595459,"Scnn1a-Tg3-Cre",21.6614318206,0.0127354027722,46.165,0.284980613222,0.05064,85.9375022888,1.22632,-48.5,1.22451,31.6875019073,59.9999961853,1.22404,-39.4375038147,1.263295,-55.15625,2.93783926901
"119",321.108416,217.187687755,0.0523097552359,-90.4687576294,-70.7851715088,"Cux2-CreERT2",17.8051488301,0.0135167677269,56.1635294118,0.223913043478,0.04022,99.1000061035,1.25394,-48.5625,1.25092,44.125,50,1.25048,-33.6875038147,1.27852,-56.46875,3.80478953175
"125",153.991008,250.468790531,0.154492259026,-89.28125,-66.1167221069,"Scnn1a-Tg3-Cre",11.8563229231,0.0739083082789,84.3431818182,0.122235031175,0.03987,103.156253815,1.145775,-44.8125,1.143875,47.125,80,1.143395,-35.3125,1.19079,-50.25,2.92694392633
"126",147.576528,160.000115633,0.0200274847448,-91.96875,-77.0050354004,"Cux2-CreERT2",9.06980118996,0.0795338248995,110.256,0.112499989782,0.058305,82.4500045776,1.123885,-46.4375,1.119275,24.53125,209.999984741,1.118755,-33.6250038147,1.140605,-51.7812538147,4.15566216659
"132",159.014672,180.625006557,0.0429490320385,-100.968757629,-78.7545089722,"Nr5a1-Cre",23.1109430315,0.0229875044412,43.2695454545,0.27609375,0.03684,72.2000022888,1.249415,-48.8750038147,1.247485,20.2812519073,50,1.24701,-35.65625,1.349965,-58.0937538147,2.29730040649
"137",176.9292,123.281359673,0.0316939763725,-99.6562576294,-85.1570739746,"Nr5a1-Cre",11.0791048083,0.0450018072272,90.26,0.172321437682,0.04582,88.890627861,1.12969,-53.03125,1.12778,33.15625,110,1.12727,-45.28125,1.175875,-59.09375,3.52442479462
"138",200.678192,148.43736589,0.0466642975807,-96.375,-76.7660217285,"Nr5a1-Cre",18.4365781711,0.209255162242,54.24,0.052676056338,0.035925,90.0781288147,1.085835,-46.03125,1.083655,37.0625,150,1.08322,-35.03125,1.09986,-50.09375,3.63082310288
"140",293.105056,170.31249404,0.0473887436092,-97.21875,-78.7213439941,"Nr5a1-Cre",10.0096760202,0.0557216459252,99.9033333333,0.157034060743,0.05736,95.8854166667,1.191825,-47.75,1.189375,40.25,110,1.18897,-34.4062538147,1.219855,-54.9062538147,2.87455060291
"146",198.265632,191.093742847,0.13133738935,-96.59375,-76.037902832,"Rorb-IRES2-Cre",16.2555810828,0.0176063190668,61.5173333333,0.197579525315,0.05122,82.6937534332,1.32958,-54.3125,1.32576,28.3125,50,1.3252,-45.4062538147,1.38632,-62.5625038147,4.07398239148
"153",130.769056,139.375120401,0.0630606859922,-96,-79.9310379028,"Rorb-IRES2-Cre",12.2561035396,0.0348483049965,81.592,0.21314699623,0.06443,93.546875,1.16381,-46.75,1.16144,35.6875038147,210,1.16098,-32.0625,1.17558,-49.7187538147,3.13197601882
"155",151.449984,156.874880195,0.0137283848599,-83.4687576294,-67.0353393555,"Ctgf-T2A-dgCre",14.6017376068,0.0268691568529,68.485,0.191269851802,0.064,89.4791692098,1.14864,-48.4687538147,1.14488,38.375,110,1.14444,-42.7187538147,1.15974,-53.0625038147,6.09655607294
"156",135.071536,150.312572718,0.0128363044932,-97.3750076294,-82.9683837891,"Rorb-IRES2-Cre",13.8643744234,0.0233147925124,72.1273076923,0.178253437476,0.060175,94.9687519073,1.19066,-48.8437538147,1.18838,39.9062538147,110,1.18798,-36.28125,1.21617,-57.40625,3.13302037984
"159",171.60632,190.937504172,0.0479762889445,-90.2812576294,-71.7251586914,"Rorb-IRES2-Cre",13.4447002672,0.0489789939637,74.37875,0.242635658915,0.047025,102.92187945,1.17219,-51.6562538147,1.17017,46.5,50,1.16972,-43.40625,1.213115,-56.0625,3.89097900341
"161",165.977264,181.093752384,0.0409501716495,-100.031257629,-82.3311004639,"Nr5a1-Cre",13.1368642305,0.0481019466167,76.1216666667,0.189556532354,0.050805,92.8437550863,1.228135,-50,1.225325,36.0937538147,110,1.224875,-33.8437538147,1.24699,-57.34375,3.13334429731
"166",296.814144,241.40624702,0.0152476402,-98.3750076294,-78.1602478027,"Rorb-IRES2-Cre",15.1815952353,0.0368844851295,65.8692307692,0.233664021164,0.06385,93.960943222,1.21072,-48.8750038147,1.2088,46.3750038147,50,1.208385,-41.09375,1.240675,-55.8750038147,4.02763322204
"167",116.338568,137.968748808,0.0681690126657,-95.15625,-79.8806610107,"Rbp4-Cre_KL100",9.43741226156,0.038669015805,105.96125,0.165981021063,0.07976,88.9312553406,1.15895,-47.0000038147,1.15591,34.8125038147,130,1.15548,-38.03125,1.19906,-54.9687538147,4.19580585905
"168",173.020224,158.125042915,0.0363949500024,-89.28125,-72.2956085205,"Scnn1a-Tg2-Cre",13.9428130162,0.0273849560216,71.7215384615,0.172544649826,0.06211,98.6484413147,1.158605,-41.5937538147,1.15489,35.71875,90,1.15435,-32.46875,1.19447,-47.9375,4.15000956924
"170",248.194624,214.531287551,0.0620325468481,-97.5937576294,-74.4105987549,"Rorb-IRES2-Cre",13.0785201654,0.036128323443,76.46125,0.222500015577,0.04385,94.3500038147,1.177535,-54.5937538147,1.175845,41.9062538147,70,1.1754,-42.59375,1.2241,-59.6875038147,2.70989768298
"172",181.365824,180.468738079,0.0440940260887,-97.3437576294,-79.6418533325,"Ctgf-T2A-dgCre",16.9760072431,0.0225671905206,58.9066666667,0.256476938175,0.05304,105.168754578,1.32106,-57.4375,1.31756,49.1562538147,70,1.31714,-49.0000038147,1.34992,-61.96875,6.0116548083
"175",200.82352,188.90632689,0.0176209826022,-96.0312576294,-75.0912857056,"Rorb-IRES2-Cre",14.9713405766,0.0148346835805,66.7942857143,0.188099915801,0.04922,100.052090963,1.15476,-51.5000038147,1.15244,44.7812538147,70,1.15204,-39.09375,1.17128,-58.0937538147,3.89180896842
"178",114.021752,127.812504768,0.106968931854,-88.3437576294,-74.2105255127,"Cux2-CreERT2",6.95619913279,0.194776278318,143.756666667,0.0336691217577,0.073905,94.7125053406,1.28197,-46.1250038147,1.27858,39.46875,150,1.27816,-38.4375,1.32517,-55.7187538147,3.81240136904
"179",111.783512,96.4062511921,0.128462821245,-87.3750076294,-77.0904159546,"Rorb-IRES2-Cre",8.03973928274,0.0522637766145,124.382142857,0.0959208319257,0.06746,96.1125045776,1.219805,-45.6875,1.217015,42.90625,200,1.216545,-36.75,1.27502,-55.8750038147,3.59497527738
"180",237.443072,210.000112653,0.0674153268337,-96.8437576294,-76.3125610352,"Rorb-IRES2-Cre",19.0524577671,0.0207115104577,52.4866666667,0.234375,0.0413,90.9687538147,1.14872,-50.96875,1.14634,38.625,50,1.1459,-41.21875,1.1694,-56.9062538147,4.73045641379
"181",130.625632,156.875044107,0.0385764725506,-97,-80.403678894,"Cux2-CreERT2",5.00625782228,0.261085381153,199.75,0.132974923204,0.059995,99.890630722,1.232035,-52.09375,1.22902,45,110,1.22858,-44.1875,1.89333,-61.5,4.58670600204
"190",103.000992,90.156249702,0.176212117076,-82.7812576294,-71.9120330811,"Rbp4-Cre_KL100",10.4571882712,0.069032092907,95.628,0.132248521681,0.038815,95.5208384196,1.2145,-43.1875038147,1.21211,45,160,1.21172,-40.6250038147,1.26768,-55.5000038147,4.48914108026
"191",99.909832,101.562425494,0.0296605732292,-85.90625,-74.6041259766,"Ctgf-T2A-dgCre",11.1482720178,0.307380597938,89.7,0.0691854233655,0.0465,92.5312545776,1.14458,-46.90625,1.14062,35.5625,270,1.14,-38.03125,1.15164,-48.96875,4.14310603148
"193",147.077856,151.093795896,0.0657483264804,-90.125,-73.7776107788,"Scnn1a-Tg3-Cre",9.98820143705,0.0398470683757,100.118125,0.150351705904,0.074265,84.6437530518,1.145525,-41.46875,1.143455,36.625,70,1.14314,-32.5937538147,1.19225,-53.0625038147,3.34308573334
"194",169.12584,151.56288445,0.112007252872,-97.6875076294,-78.5200042725,"Ntsr1-Cre_GN220",22.1675656846,0.0320279014471,45.110952381,0.209302336128,0.017515,71.4375030518,1.063195,-47.5625038147,1.06079,20.3125019073,180,1.06016,-37.7812538147,1.063195,-47.5625038147,2.52499615406
"195",181.7188,150.468751788,0.0196336731315,-92.5625076294,-75.2881317139,"Cux2-CreERT2",11.88001188,0.0629883953441,84.175,0.111323543104,0.04478,98.6375045776,1.15056,-47.53125,1.14772,38.4062538147,130,1.1473,-33.8437538147,1.1657,-54.875,3.80198692872
"200",136.608464,118.750378489,0.072341106832,-89.8750076294,-71.7197418213,"Rorb-IRES2-Cre",5.94802614752,0.0774982509295,168.123,0.12,0.0984,78.1250025431,1.279825,-43.40625,1.27459,21.5625019073,110,1.27394,-34.59375,1.32694,-51.53125,4.51326297413
"203",151.260384,136.250004172,0.00724146328866,-84.0625,-69.0978317261,"Scnn1a-Tg2-Cre",10.667349377,0.0789860800127,93.744,0.190340908032,0.04332,89.531255722,1.1138,-43,1.11106,38.21875,190,1.11064,-31.0625,1.12652,-47.9375,4.68628759374
"206",374.962944,356.249958277,0.0765689760447,-98.0625076294,-59.0870780945,"Rbp4-Cre_KL100",11.1366015547,0.0458341390824,89.794,0.189784945528,0.02694,82.234377861,1.15932,-47.3125,1.15614,34.9062538147,29.9999980927,1.15562,-34.5000038147,1.18402,-54.9687538147,3.43763381446
"208",180.567264,181.718721986,0.0295567587018,-100.562507629,-80.5188903809,"Scnn1a-Tg3-Cre",16.7167239679,0.0222699100319,59.8203333333,0.213071905479,0.05286,89.5375053406,1.13689,-49.2500038147,1.135005,36.3125,90,1.134625,-38.9375,1.15348,-54.5625,3.40622953397
"210",459.790784,263.593733311,0.0127053381875,-101.250007629,-77.0944213867,"Scnn1a-Tg3-Cre",19.8050304777,0.0141302591784,50.4922222222,0.235368659209,0.03494,98.5437522888,1.13964,-51.9062538147,1.13752,44.8437538147,50,1.13712,-36.21875,1.15494,-57.0000038147,3.73799735184
"215",204.612864,182.031333447,0.0285894460976,-93.5,-74.3327331543,"Cux2-CreERT2",6.83772372177,0.152785551722,146.2475,0.262312731919,0.062435,89.5500053406,1.21408,-45.1875038147,1.212065,42.125,90,1.211685,-32.625,1.239075,-53.6250038147,2.98037206534
"219",152.558272,251.874893904,0.15363804996,-97.7812576294,-69.9340515137,"Rbp4-Cre_KL100",17.5662990553,0.0185935976251,56.9271875,0.255769246118,0.032505,92.2656294505,1.1525,-51.0312538147,1.150855,28.1250019073,60.0000038147,1.150305,-43.2812538147,1.18056,-54.5000038147,2.38290651106
"221",98.927008,102.656133473,0.0125178266317,-76.25,-66.1836395264,"Rorb-IRES2-Cre",7.9965881224,0.123807141256,125.053333333,0.0793956034712,0.069145,87.2875038147,1.16029,-48.2812538147,1.15483,32.9062538147,190,1.154285,-35.5,1.183625,-53.53125,3.22492062389
"224",186.281984,188.593819737,0.048895534128,-94.9375,-74.1413345337,"Rorb-IRES2-Cre",17.3415416631,0.00864494338129,57.665,0.234375009916,0.05036,92.4437538147,1.13602,-48.3750038147,1.13368,36.1562538147,130,1.13322,-37.6875038147,1.14524,-55.03125,3.84101257293
"229",150.04936,193.281367421,0.0975460112095,-87.0937576294,-65.6994934082,"Rorb-IRES2-Cre",10.4575770956,0.0116282761169,95.6244444444,0.154140380759,0.07504,98.9312538147,1.231895,-46.9375038147,1.2292,46.34375,50,1.22882,-36.75,1.270865,-57.0000038147,3.9711315285
"234",253.899536,331.250011921,0.14223715663,-101.84375,-61.3951797485,"Rorb-IRES2-Cre",8.7973475997,0.0921209855272,113.670625,0.124170617715,0.04587,82.1250038147,1.147385,-43.0312538147,1.14374,31.0000019073,30.0000019073,1.14305,-34.3437538147,1.19788,-50.34375,2.85344748318
"239",354.501888,248.571425676,0.103792816401,-99.3437576294,-75.8354644775,"Scnn1a-Tg2-Cre",19.1366195162,0.00710291180966,52.2558333333,0.271951219512,0.047835,88.3250022888,1.15829,-49.8750038147,1.156405,32.0625,50,1.15598,-36.46875,1.1891,-59.8437538147,3.00179795556
"245",205.579328,214.84375,0.0380297340453,-94.625,-62.6768341064,"Scnn1a-Tg3-Cre",11.592858799,0.0394658867123,86.26,0.162322274882,0.043375,85.8437530518,1.11183,-48.4375038147,1.10734,34.0937538147,50,1.10685,-33.5,1.13387,-55.34375,3.92076141919
"250",215.196992,254.062503576,0.289511501789,-95.28125,-77.1006546021,"Rbp4-Cre_KL100",16.1412683809,0.0101593608978,61.953,0.235501066098,0.0387,83.820315361,1.118045,-53.8125,1.115835,29.375,70,1.11537,-42.4687538147,1.13476,-58.9375,2.92140439502
"251",134.68496,146.093830466,0.0842964947224,-89.21875,-73.2192153931,"Ntsr1-Cre_GN220",12.4513971034,0.0314171806017,80.3122727273,0.149529071575,0.046135,77.5812545776,1.09785,-44.3750038147,1.095845,30.0937519073,190,1.095375,-32.2500038147,1.110815,-45.53125,2.35459221302
"256",159.277248,268.359363079,0.0222496464849,-96.9375076294,-66.9598922729,"Nr5a1-Cre",15.2546989921,0.0406693969222,65.5535714286,0.218604651163,0.02257,92.2968788147,1.524835,-54.9062538147,1.523005,33.1250038147,40,1.522495,-42.5,1.54891,-60.1562538147,2.44642500074
"258",199.163616,128.78613174,0.103579640388,-86.5625076294,-74.2342147827,"Rbp4-Cre_KL100",16.6680556713,0.00857220641801,59.995,0.206250010984,0.03832,89.6328163147,1.12592,-50.4687538147,1.12408,36.75,110,1.12364,-41.09375,1.16458,-59.1250038147,2.95575700219
"260",121.16748,115.468673408,0.122788280249,-90.3125,-75.9193191528,"Ntsr1-Cre_GN220",14.113828023,0.0214200304135,70.8525,0.192025071449,0.057935,96.7312530518,1.136395,-48.34375,1.13424,44.8125,209.999984741,1.133805,-33.34375,1.147955,-48.96875,2.80983249761
"263",184.926912,196.874961257,0.0152577310801,-94.7187576294,-73.4410629272,"Rorb-IRES2-Cre",15.2686741338,0.0235217354639,65.4935714286,0.21987804878,0.05602,97.9479192098,1.20667,-49.9375,1.204295,42.5,50,1.203895,-37.5937538147,1.23051,-56.5000038147,4.13520298009
"266",300.17504,216.562509537,0.0540811754763,-91.875,-71.4015350342,"Cux2-CreERT2",16.2601626016,0.0144138953618,61.5,0.214845275827,0.03966,98.6484413147,1.1034,-50.34375,1.0995,40.6562538147,110,1.09902,-36.5625038147,1.11356,-54.875,4.24038494249
"272",176.646384,231.562495232,0.0547779798508,-99,-74.4558258057,"Rorb-IRES2-Cre",12.2174031354,0.025948571503,81.8504545455,0.183333333333,0.06451,84.6062515259,1.24339,-45.875,1.24039,37.78125,70,1.239875,-35.65625,1.276835,-54.5937538147,3.60986538484
"273",168.066432,163.28124702,0.0542853847146,-97.03125,-78.5653686523,"Nr5a1-Cre",12.3357799297,0.0846362768506,81.065,0.19986666464,0.03991,99.7062538147,1.111025,-49.7187538147,1.10924,45,90,1.1089,-38.09375,1.13772,-53.84375,3.66027827049
"275",110.627536,129.687696695,0.0590607635677,-89.0312576294,-74.278503418,"Cux2-CreERT2",12.4749084228,0.0287486662834,80.1609090909,0.1875,0.07257,80.8125038147,1.25709,-44.8437538147,1.254395,29.8437519073,110,1.2539,-38.59375,1.290045,-52.9062538147,3.51973004806
"276",181.728032,210.937574506,0.0956082567573,-86.9687576294,-61.8505935669,"Ntsr1-Cre_GN220",12.2680228408,0.0143658817897,81.5127272727,0.185,0.0274,101.731255341,1.16434,-51.9062538147,1.16154,45.875,50,1.16106,-41.0312538147,1.18266,-56.4062538147,3.3301299366
"287",150.403872,82.9688236117,0.0387163348496,-83.7187576294,-73.0732498169,"Cux2-CreERT2",73.346644391,0.00109740614937,13.6338888889,0.900601872492,0.0124,73.1562540054,1.0406,-53.125,1.03972,10.8750009537,270,1.0394,-31.65625,1.04062,-53.2187538147,1.40581027765
"290",158.798208,153.124794364,0.0595687665045,-89,-73.5985412598,"Cux2-CreERT2",11.8862378976,0.0136482228917,84.1309090909,0.127651515152,0.05754,100.012504578,1.13612,-49.6875,1.13372,43.875,90,1.1333,-38.90625,1.16742,-56.9375038147,3.64700237106
"294",168.499824,219.999998808,0.112370699644,-96.1875,-75.9695968628,"Rorb-IRES2-Cre",10.707338691,0.00683330501294,93.3938888889,0.172619047619,0.089995,87.7083346049,1.25013,-49.0625,1.2467,33.625,70,1.24616,-34.5,1.274825,-54.9375,3.29829897803
"295",197.584736,167.96875,0.0941582620144,-94.4062576294,-77.261932373,"Rbp4-Cre_KL100",14.8696673655,0.0688026186588,67.251,0.102876104691,0.040295,94.0937538147,1.086995,-45.8437538147,1.083635,31.6250019073,190,1.08313,-32.28125,1.09844,-48.7500038147,2.87589437518
"297",151.12976,166.718706489,0.0119197703898,-94.34375,-77.0500564575,"Nr5a1-Cre",19.7180321404,0.0691117026521,50.715,0.104477610039,0.04087,99.6437538147,1.127835,-45.5625038147,1.125725,43.6562538147,170,1.125355,-27.4687519073,1.13988,-51.0000038147,2.83859727146
"299",228.0352,263.437449932,0.0362643152475,-97.9062576294,-73.1930770874,"Rorb-IRES2-Cre",10.9484484484,0.0649189348589,91.3371428571,0.186301381769,0.030765,84.3625026703,1.080395,-47.8125038147,1.078715,23.1562519073,90,1.078225,-33.59375,1.08042,-47.9062538147,2.39621090667
"303",161.413456,210.937380791,0.0616592243314,-98.46875,-77.8417892456,"Nr5a1-Cre",13.3649637475,0.0362956774343,74.8225,0.217897727273,0.05097,85.7968769073,1.13828,-45.625,1.13606,32.21875,90,1.135575,-33.09375,1.162095,-50.5,2.65079099294
"308",211.474736,162.812456489,0.114322602749,-91.5625,-75.4487686157,"Ntsr1-Cre_GN220",2.05854502038,-0.192844497509,485.78,0.120921985328,0.01792,95.2062561035,1.06978,-46,1.0676,41.5625,210,1.06706,-35.34375,1.0701,-46.25,2.83104411665
"310",194.35896,160.044744611,0.0414860658348,-97.625,-80.5922088623,"Rbp4-Cre_KL100",8.46704203886,0.0714051949104,118.105,0.0890624996088,0.075645,92.421880722,1.22873,-46.03125,1.22496,37,90,1.224445,-32.375,1.279525,-55.4062538147,3.80076772997
"311",181.261088,226.874992251,0.0378647483885,-96.59375,-72.0163574219,"Nr5a1-Cre",14.2015195626,0.016471084038,70.415,0.213515309063,0.055965,84.2500019073,1.32115,-48.375,1.3185,33.3125,50,1.318005,-36.78125,1.353655,-57.5312538147,3.038636214
"312",177.694592,210.937619209,0.00969520490617,-93.1250076294,-69.4225387573,"Scnn1a-Tg3-Cre",16.8243481967,0.0217096944331,59.4376666667,0.221875,0.05243,86.898440361,1.14444,-44.8750038147,1.14237,35.40625,50,1.14202,-32.7500038147,1.16599,-50.71875,2.98499770284
"319",106.392456,69.2187920213,0.173849254847,-88.1875,-80.2801742554,"Rbp4-Cre_KL100",8.60626859088,0.034951930331,116.194375,0.155555594857,0.032215,90.7062545776,1.078225,-46.8437538147,1.07574,35.875,370,1.07522,-45.8125038147,1.11354,-55.4062538147,3.31427309769
"320",173.540128,241.562604904,0.0302673820406,-101.343757629,-76.6850128174,"Ctgf-T2A-dgCre",16.6569501124,0.0166821998492,60.035,0.246291560102,0.03694,96.4687545776,1.26138,-55.5000038147,1.25842,44.28125,40,1.25796,-49.8125038147,1.33028,-63.5937538147,5.34480257803
"321",274.895488,192.18750298,0.222719267011,-97.875,-78.7448654175,"Nr5a1-Cre",15.3974748141,0.00950869213187,64.9457142857,0.2125,0.031335,91.6354179382,1.155165,-54.21875,1.15233,30.46875,50,1.15185,-41.40625,1.183585,-65.0000076294,2.7644424544
"323",126.105232,108.593635261,0.155113935471,-86.4687576294,-75.1248931885,"Ctgf-T2A-dgCre",13.9511922904,0.00848211075351,71.6784615385,0.170570870384,0.05194,91.0703163147,1.18754,-48.4687538147,1.18554,31.34375,140,1.18504,-42.4687538147,1.24128,-57.5625038147,3.12803712498
"326",363.180928,205.758854747,0.0131401903927,-95.4375076294,-75.356300354,"Scnn1a-Tg3-Cre",22.758306782,0.122768771465,43.94,0.151253127282,0.01753,92.1562509537,1.052765,-46.25,1.049045,25.75,230,1.04846,-34.75,1.057425,-48.21875,3.61729895259
"329",138.22736,131.093755364,0.0597853958607,-92.1875,-77.7642974854,"Rbp4-Cre_KL100",10.6944881796,0.0158222799954,93.5061111111,0.12842377261,0.07467,98.2083358765,1.249365,-52.6562538147,1.24528,39.3437538147,90,1.24483,-38.78125,1.291675,-62.34375,4.40807384253
"333",120.818576,197.142958641,0.0730278193951,-96.3125076294,-76.7895889282,"Nr5a1-Cre",20.2851757626,0.0376878658407,49.2970833333,0.224731192479,0.022735,87.2687553406,1.07677,-47.5000038147,1.07531,38.7187538147,90,1.074955,-33.6250038147,1.089595,-51.6875,3.03996835612
"334",120.156424,139.543265104,0.0414347499609,-83.625,-67.8305053711,"Scnn1a-Tg3-Cre",9.58588957055,0.0587541872663,104.32,0.0961538496472,0.0544,83.5729198456,1.13586,-49.9062538147,1.13068,27.3750019073,130,1.13004,-34.9687538147,1.15452,-54.2187538147,4.07653039898
"336",216.366,200.156211853,0.0591901093721,-95.15625,-72.7270736694,"Rorb-IRES2-Cre",13.0933676142,0.0088135923795,76.3745454545,0.190265483378,0.0713,89.0312530518,1.51356,-47.4062538147,1.51004,35.4687538147,50,1.50954,-37,1.55174,-58.4062538147,3.28955350544
"338",114.36252,132.142856717,0.082345187664,-87.75,-72.100112915,"Rbp4-Cre_KL100",6.38320960545,0.193592090156,156.661,0.0347826104984,0.050415,97.9562545776,1.100325,-47.3125,1.09802,44.5,130,1.09766,-36.28125,1.13169,-54.3437538147,4.03217087008
"341",98.023232,134.843751788,0.102739222348,-92.53125,-77.1888580322,"Scnn1a-Tg2-Cre",12.0526811737,0.0407697151732,82.9690909091,0.143132411067,0.05849,95.7291679382,1.19031,-47.9687538147,1.18744,42.34375,80,1.18699,-37.875,1.233785,-58.0937538147,4.01158988946
"344",210.964864,151.56249702,0.0824915841222,-88.8125,-71.3918457031,"Rorb-IRES2-Cre",14.8899737298,0.097919786496,67.1592857143,0.0200000078201,0.01965,100.250001272,1.05858,-48.25,1.0559,35.40625,190,1.05544,-38.78125,1.06787,-50.5937538147,3.66136832151
"345",214.675552,332.477658987,0.0149144968018,-101.093757629,-67.9460296631,"Rorb-IRES2-Cre",24.0888144114,0.0233129948064,41.5130434783,0.295427440344,0.017215,102.036464055,1.07449,-50.96875,1.07209,45.3125,50,1.07168,-36.7187538147,1.085105,-54.4375038147,3.80951991625
"346",102.552104,125.937506557,0.0573241859674,-92.0625,-78.1010055542,"Rbp4-Cre_KL100",6.51911731152,0.103914187598,153.395,0.0683593821526,0.081125,90.6015691757,1.17049,-45,1.166895,36.0000038147,150,1.166425,-35.8437538147,1.21119,-54.6875038147,3.95220515219
"350",226.603888,232.968792319,0.0223539154977,-99.3125,-76.3015518188,"Nr5a1-Cre",11.9847902117,0.0283625815479,83.4390909091,0.183333333333,0.04224,90.4375007629,1.172045,-47.90625,1.170355,37,70,1.1699,-34.34375,1.20172,-57.03125,3.00120223155
"353",128.255456,134.218677878,0.097673997283,-91.8125076294,-76.8444442749,"Ntsr1-Cre_GN220",13.1025823006,0.0255161594575,76.3208333333,0.179905338022,0.054425,97.9642911639,1.11488,-47.5937538147,1.112805,40.9375038147,190,1.112255,-31.40625,1.135235,-49.125,2.36174356884
"354",192.859488,97.187384963,0.195660501719,-81.9375076294,-70.7032394409,"Rbp4-Cre_KL100",13.5330968801,0.0295945765119,73.8929166667,0.198890327782,0.029175,86.1312538147,1.088555,-46,1.08654,34,140,1.086055,-39.7500038147,1.1273,-56,3.16396862775
"359",158.36096,159.531250596,0.0344274789095,-98.5000076294,-79.6815643311,"Scnn1a-Tg2-Cre",12.2121133062,0.0269525532911,81.8859090909,0.180023364486,0.075775,88.3187530518,1.54823,-51.03125,1.543555,33.875,50,1.54299,-35.96875,1.598325,-60.4375,4.08431444731
"360",206.043216,151.562511921,0.0181719250977,-91.96875,-76.6518173218,"Nr5a1-Cre",14.355440712,0.205976048983,69.66,0.0678571428571,0.03454,95.8875030518,1.133495,-48.09375,1.13138,42.2187538147,130,1.13096,-37.5,1.16181,-52.6250038147,3.62132283055
"366",95.065896,146.406248212,0.0493269562721,-94.7187576294,-77.6622772217,"Rbp4-Cre_KL100",11.5809100279,0.113440201826,86.349,0.206060631588,0.050605,94.7578163147,1.163575,-43.8125038147,1.16186,46.90625,110,1.161445,-37.71875,1.208845,-51.375,3.61761814539
"368",162.721248,144.53125,0.0176777113229,-91.8125076294,-75.2367324829,"Scnn1a-Tg3-Cre",26.101141925,0.129724789499,38.3125,0.113616070221,0.02713,99.2109413147,1.06821,-48.3125038147,1.065685,40.5625038147,190,1.065345,-34,1.9823,-50.96875,3.54719087818
"372",129.956112,93.75,0.175925269723,-87.4375,-76.0012969971,"Rbp4-Cre_KL100",16.3303521368,0.0168667895387,61.2356666667,0.154761898218,0.04051,89.5187545776,1.092845,-47.3437538147,1.091085,40.0000038147,170,1.090685,-42.0000038147,1.126075,-54,3.24653010466
"375",138.359216,156.562507153,0.0194823537022,-91.78125,-76.8808288574,"Scnn1a-Tg3-Cre",9.6902041726,0.0825362574141,103.197,0.0942528731338,0.057055,106.150004578,1.230375,-47.8125038147,1.227885,53.7187538147,130,1.227485,-38.1875,1.271375,-55.6250038147,4.5042944831
"376",88.841184,163.671776652,0.0431517995894,-83.65625,-64.7870788574,"Scnn1a-Tg3-Cre",11.6176402249,0.0607535815263,86.076,0.23705752648,0.061395,92.8750038147,1.251505,-41.78125,1.250055,43,50,1.24971,-30.0625019073,1.292135,-51.6250038147,2.63907718847
"379",148.071152,208.281219006,0.0155193535611,-94.2812576294,-74.9811172485,"Scnn1a-Tg2-Cre",22.8056362501,0.017026569329,43.8488095238,0.348888888889,0.05157,75.8437538147,1.168905,-46.0625038147,1.166515,20.0625,50,1.16604,-40.8125038147,1.18338,-50.2187538147,2.95832148519
"380",124.02236,154.68749404,0.0369148589671,-98.90625,-81.3229217529,"Scnn1a-Tg3-Cre",8.9660467019,0.0180102392903,111.531875,0.142837036333,0.08869,74.070315361,1.245585,-45.9375,1.2426,17.2812519073,90,1.24208,-34.59375,1.29539,-58.8750038147,2.67829625929
"381",121.527552,146.093860269,0.0295471437275,-95.4375076294,-78.6970443726,"Scnn1a-Tg3-Cre",15.6016671496,0.0180393820231,64.0957142857,0.202551020408,0.04502,90.4937561035,1.2241,-49.4687538147,1.22202,35.09375,70,1.2215,-36.5000038147,1.26098,-58.5937538147,2.99661581524
"384",263.157632,267.96874404,0.105482265353,-103.343757629,-80.1675643921,"Rbp4-Cre_KL100",12.0621441667,0.173939331193,82.904,0.122536873156,0.0343,85.6406288147,1.14358,-48.1562538147,1.1409,33.59375,70,1.14032,-35.03125,1.17794,-57.03125,2.77178770434
"385",134.792592,162.343785167,0.0409739390016,-91.15625,-73.3130340576,"Cux2-CreERT2",10.8662580954,0.0617952113889,92.028,0.166977619064,0.04695,96.039068222,1.143035,-47.5000038147,1.140325,42.6250038147,90,1.13992,-36.8125038147,1.16707,-53.28125,3.5048731339
"387",188.3976,157.343789935,0.0458727478981,-98.9062576294,-81.4509658813,"Scnn1a-Tg3-Cre",12.5547845142,0.0421622045455,79.6509090909,0.228389830508,0.07392,74.2250026703,1.2629,-49.4062538147,1.26106,25.0937519073,70,1.26063,-40.03125,1.31922,-61.7187538147,2.99388529098
"388",139.190112,149.999842048,0.0183797534555,-85.3125,-68.3788757324,"Ctgf-T2A-dgCre",10.4539330019,0.0122806422724,95.6577777778,0.17,0.0905,77.1687530518,1.4249,-47.3125,1.4205,21.8750019073,70,1.41992,-42.3750038147,1.45866,-56,5.07647773466
"389",199.343808,198.906213045,0.00907935388386,-99.15625,-77.2901382446,"Cux2-CreERT2",15.3532729044,0.0239146105739,65.1326923077,0.271875018411,0.048075,99.1562538147,1.33184,-52.5312538147,1.32954,44.25,70,1.329025,-49.78125,1.979785,-56.7500038147,4.57573245258
"390",168.74608,119.374968112,0.125625133514,-93.625,-79.4126281738,"Ntsr1-Cre_GN220",7.37133078847,0.0537100687824,135.660714286,0.191477254851,0.03096,95.7343794505,1.08648,-51.4375,1.08376,34.5625038147,230,1.083255,-38.03125,1.099085,-54.5000038147,2.94976247369
"391",115.44172,215.624928474,0.0188374985009,-94.25,-71.1050338745,"Rorb-IRES2-Cre",9.86744729139,0.0929322942815,101.343333333,0.154761904762,0.04745,89.5500038147,1.15105,-49.7187538147,1.14827,33.5625,90,1.14783,-36.5,1.1712,-54.40625,3.38751999898
"393",175.722784,141.562610865,0.0726919919252,-92.6562576294,-76.4054412842,"Rorb-IRES2-Cre",11.396011396,0.279829059829,87.75,0.0444444402732,0.05044,91.0250038147,1.125385,-44.5625038147,1.121465,36.1562538147,190,1.12102,-32.0312538147,1.15058,-51.53125,3.44732087547
"395",210.940528,191.718757153,0.0411933287978,-89.8750076294,-67.5364532471,"Rorb-IRES2-Cre",19.2752505783,0.0123755954075,51.88,0.280147737765,0.04168,91.7437545776,1.13126,-47.46875,1.129405,40.5625038147,70,1.12903,-39.5,1.152485,-50.9062538147,3.69286340669
"405",195.855552,193.593636155,0.0834234952927,-90.53125,-75.9269332886,"Rorb-IRES2-Cre",12.2571551143,0.088290884134,81.585,0.111953834882,0.027675,91.4250053406,1.102865,-44.8125,1.098285,39.0625,150,1.09779,-32.40625,1.123905,-49.4687538147,4.10429652913
"406",306.74016,192.18711555,0.0813830122352,-97.71875,-73.3546524048,"Cux2-CreERT2",17.2630511364,0.0299897223933,57.9271875,0.211721419947,0.03647,70.9218797684,1.15495,-41.6562538147,1.1525,18.9375,80,1.151955,-32.375,1.186025,-50.6875038147,2.46117445082
"409",257.315936,260.781347752,0.0842232331634,-98.8125076294,-74.8125076294,"Scnn1a-Tg3-Cre",13.9111080198,0.034131533137,71.885,0.177380952381,0.037245,71.5000047684,1.890585,-48.96875,1.88741,22.28125,70,1.886675,-39.09375,1.91119,-54.3125,2.48716082977
"412",123.66616,74.9998837709,0.0403347201645,-86.75,-78.1814880371,"Cux2-CreERT2",7.242003621,0.0473092916966,138.083333333,0.0230841104874,0.08198,94.7125038147,1.2741,-47.1562538147,1.26956,40.6562538147,190,1.269,-38.1562538147,1.31292,-55.3125038147,4.71834075116
"415",169.58944,126.71867013,0.0435944460332,-89.9687576294,-76.2541275024,"Ctgf-T2A-dgCre",12.5441897594,0.0305429514575,79.7181818182,0.168080359164,0.0668,93.3750038147,1.70436,-46.96875,1.69888,45.53125,170,1.69838,-37,1.72012,-52.25,5.37153078797
"417",123.484768,72.6563259959,0.0517423599958,-92.875,-84.1187515259,"Cux2-CreERT2",10.3514906146,0.0284241611215,96.6044444444,0.100673226308,0.07058,90.7968797684,1.36686,-46.1875,1.3643,42.28125,210,1.36378,-40.0937538147,1.4068,-55.5000038147,3.74284168634
"418",177.283872,137.343794107,0.0292228590697,-94.34375,-76.8331451416,"Scnn1a-Tg3-Cre",23.4091114646,0.0185858153596,42.7184090909,0.215904945814,0.03673,82.7812553406,1.13402,-41.4375038147,1.13225,33.90625,90,1.131865,-31.1562519073,1.158625,-49.4375,2.66898127634
"421",116.090224,128.90625,0.0993512868881,-88.875,-73.0203781128,"Scnn1a-Tg2-Cre",8.47768954701,0.150681930305,117.956666667,0.104545458766,0.059775,73.5062530518,1.12224,-45.03125,1.11816,22.0312519073,130,1.11764,-34.4062538147,1.15761,-53.71875,2.89373239204
"425",165.873248,158.035814762,0.068392239511,-87.4062576294,-71.477355957,"Rorb-IRES2-Cre",9.63649017613,0.052125199507,103.772222222,0.221153846154,0.034375,92.9583358765,1.150435,-46.15625,1.148655,38.5625038147,130,1.148245,-33.3750038147,1.168685,-52.4375038147,2.72254906501
"427",210.079488,223.43750298,0.0120425289497,-95.65625,-72.1348800659,"Rorb-IRES2-Cre",13.7552370199,0.0436978474861,72.6995833333,0.208157894737,0.043385,79.7937526703,1.115275,-47.65625,1.112065,27,90,1.111555,-33.46875,1.12483,-51.59375,2.8617082227
"431",153.632064,154.107108712,0.0759375318885,-94.625,-78.5531539917,"Scnn1a-Tg3-Cre",9.54274353877,0.258176905721,104.791666667,-0.00338052300968,0.06184,84.4296913147,1.18913,-46,1.18253,24,110,1.18185,-31.9375019073,1.236585,-56.15625,3.13929932545
"433",165.520208,161.250039935,0.0677762702107,-93.1562576294,-76.4173431396,"Scnn1a-Tg2-Cre",10.8273281763,0.020983867868,92.3588888889,0.147991077281,0.08169,90.3203172684,1.286835,-43.0937538147,1.283345,38.7187538147,90,1.28269,-36.5625038147,1.363635,-53.84375,3.45563788197
"438",213.1416,242.031246424,0.0318112708628,-101,-73.0221557617,"Nr5a1-Cre",13.6562272396,0.216747636176,73.2266666667,0.25240826787,0.03554,90.9687547684,1.08556,-45.0937538147,1.08376,37.5,130,1.0833,-33.40625,1.10056,-45.9062538147,3.44128567901
"444",178.177008,166.250005364,0.166221499443,-88.40625,-69.4028549194,"Scnn1a-Tg3-Cre",10.6119373683,0.0267317211648,94.2335,0.164285714286,0.056125,94.7968781789,1.197855,-47.75,1.196355,43.9375,70,1.19593,-36.84375,1.237065,-57.2812538147,2.97419423436
"446",150.047936,129.776865244,0.138412699103,-91.5000076294,-78.4465026855,"Scnn1a-Tg2-Cre",12.6161257025,0.0330282831042,79.2636363636,0.175892863979,0.06008,84.7031288147,1.226505,-48.03125,1.223965,33.3125038147,90,1.223585,-35.34375,1.27259,-59.7812538147,3.12470760569
"447",196.804416,339.062571526,0.0973013043404,-97.5000076294,-67.7243728638,"Rbp4-Cre_KL100",20.5818154244,0.0271043009545,48.5865789474,0.316355653128,0.02448,82.0187522888,1.147535,-48.0625038147,1.14539,31.7500019073,40,1.144935,-38.9375,1.191365,-54.5937538147,2.66426048964
"448",198.054528,106.250196695,0.135729268193,-85.7812576294,-71.9202270508,"Ntsr1-Cre_GN220",23.5280277631,0.231574613258,42.5025,0.0759016427134,0.02055,90.5625038147,1.06842,-43.0937538147,1.067075,32.1875038147,350,1.06656,-28.5312519073,1.0685,-43.2812538147,2.01361734221
"450",170.937824,126.718744636,0.0246091373265,-88.6562576294,-76.2288208008,"Cux2-CreERT2",14.8294330023,0.0290599191253,67.4334615385,0.219167872994,0.03169,93.8020877838,1.11256,-52.1875038147,1.11072,33.5312538147,110,1.110285,-44.7812538147,1.132755,-57.9375038147,3.4604709322
"453",117.050672,137.812420726,0.174926429987,-83.5937576294,-68.4113006592,"Rbp4-Cre_KL100",13.2681718671,0.000475832032126,75.3683333333,0.237473393888,0.051065,104.743756104,1.821585,-51.6875,1.82,50.71875,70,1.81954,-46.34375,1.8884,-57.3750038147,3.16394709065
"454",127.279,76.4062851667,0.052710428834,-88.28125,-79.4310836792,"Cux2-CreERT2",9.79695804453,0.0273124144791,102.0725,0.117499999827,0.07214,101.67708842,1.19122,-46.8437538147,1.18892,49.7187538147,210,1.18848,-38.78125,1.21696,-54.15625,3.94039962765
"455",159.772032,99.06257689,0.0131795164198,-77.3437576294,-65.9213867188,"Scnn1a-Tg3-Cre",10.5224391014,0.200067807617,95.035,0.0861344513403,0.048005,95.5703144073,1.176415,-49.4687538147,1.171295,32.875,230,1.17078,-31.3125,1.18668,-53.2187538147,3.9532771964
"459",381.6368,245.55298686,0.0131556671113,-102.093757629,-82.9349517822,"Slc17a6-IRES-Cre",14.340634187,0.0339882253896,69.7319230769,0.247727272727,0.05479,97.9140672684,1.169665,-55.5312538147,1.167735,40.59375,50,1.167315,-45.53125,1.18702,-60.6562538147,3.97512135478
"467",153.395168,136.250078678,0.00684092659503,-84.6875,-70.2135238647,"Scnn1a-Tg3-Cre",14.7268175347,0.117267300541,67.9033333333,0.202651514639,0.033955,92.71875,1.088835,-48.78125,1.086475,32.1875,210,1.08603,-33.9375,1.098495,-51.21875,3.26675297741
"470",134.760864,170.156210661,0.0559369772673,-90.71875,-72.9973297119,"Nr5a1-Cre",14.658150979,0.0224810319965,68.2214285714,0.19520295203,0.04422,93.1562576294,1.15884,-50.0312538147,1.15662,41.3750038147,50,1.1562,-36.1875038147,1.18434,-58.0625,3.83463193241
"473",102.12096,125.000193715,0.141033068299,-89.5,-75.3490219116,"Ntsr1-Cre_GN220",13.1116015821,0.0540873886153,76.2683333333,0.211742415433,0.031835,100.682296117,1.078175,-51.0312538147,1.076345,43.8437538147,209.999984741,1.07592,-34.875,1.078535,-51.3125038147,2.79220077201
"474",133.680704,162.343755364,0.0750596448779,-89.9687576294,-72.1620178223,"Rbp4-Cre_KL100",7.86797537324,0.122799425638,127.0975,0.0742187544703,0.056675,95.4437530518,1.18394,-43.5000038147,1.179605,40.375,150,1.179155,-29.1875,1.21353,-52.6875038147,3.67893673818
"475",201.752208,193.437546492,0.0190457105637,-98.8125076294,-80.5246505737,"Cux2-CreERT2",18.5937645264,0.0329465394915,53.7814705882,0.271532343424,0.051805,100.337504578,1.34504,-54.9687538147,1.343025,40.0625038147,80,1.342595,-40.7812538147,1.376505,-56.46875,3.36966127737
"481",182.226272,150.624990463,0.0503459088504,-87.84375,-72.6047592163,"Scnn1a-Tg2-Cre",14.6088754537,0.023990280189,68.4515384615,0.175628625271,0.060385,92.1718769073,1.43816,-46.5,1.43568,41.40625,59.9999961853,1.435225,-38.59375,1.52861,-58.0937538147,3.50266862659
"485",156.455232,162.968754768,0.0657943487167,-84.0937576294,-66.1220245361,"Rbp4-Cre_KL100",5.35217298223,0.0309422388763,186.84,0.28584529592,0.07432,100.600003052,1.21848,-51.5000038147,1.2165,47.6875,70,1.21596,-44.125,1.24242,-55.0000038147,3.42859266736
"488",205.452864,187.656283379,0.0240895766765,-99.3125076294,-80.8980407715,"Nr5a1-Cre",20.3513281919,0.0121176654694,49.1368421053,0.207303370787,0.05534,92.3593788147,1.19036,-51.7187538147,1.18876,39.2187538147,70,1.1883,-41.3125,1.2124,-54.2812538147,3.16529186747
"491",119.350064,170.781180263,0.0273176431656,-91.375,-72.5783004761,"Cux2-CreERT2",10.220478432,0.074486195342,97.8427777778,0.2,0.0464,81.7812544505,1.120275,-45.4375038147,1.11737,34.15625,90,1.116855,-34.625,1.1463,-49.5000038147,3.79532217176
"494",258.823712,248.125046492,0.0593741945922,-95.5625,-72.4813919067,"Cux2-CreERT2",19.171411591,0.0571274005696,52.161,0.229553588131,0.015515,82.8020877838,1.0701,-54.3437538147,1.0663,18.0000019073,90,1.065725,-45.6562538147,1.07877,-58.21875,3.22668387539
"499",103.040064,98.3444213867,0.192859947681,-79.4375,-68.2019271851,"Rbp4-Cre_KL100",19.8522574106,0.00320796351829,50.3721052632,0.210344907237,0.025115,90.7187507629,1.07715,-51.9687538147,1.07575,23.5937519073,150,1.075295,-43.78125,1.10737,-55.7187538147,2.09432821724
"500",206.467488,146.87499404,0.0278807431459,-90.4062576294,-82.7248153687,"Rorb-IRES2-Cre",11.1075848937,0.1436420944,90.0285714286,0.212341765625,0.02079,93.1250047684,1.109095,-53.59375,1.105695,28.2812519073,209.999984741,1.10514,-39.0625,1.12346,-57.2812538147,3.58361232715
"502",201.297152,244.375005364,0.0143414670601,-96.40625,-70.5972824097,"Scnn1a-Tg3-Cre",10.0569221795,0.151628667332,99.434,0.127029369383,0.03375,100.587503815,1.19811,-48.90625,1.19497,45.875,70,1.194545,-38.3125038147,1.225065,-56,3.72175347457
"504",120.129272,225.000008941,0.117309264839,-93.5937576294,-69.0845108032,"Rorb-IRES2-Cre",16.38001638,0.0219615694984,61.05,0.193048780488,0.03964,81.4791711171,1.13176,-47.5625038147,1.129945,33.3125038147,50,1.12942,-41.0625,1.163305,-53.7812538147,2.95970401174
"517",124.466544,233.750000596,0.130449637771,-93.40625,-67.0954437256,"Nr5a1-Cre",18.6008851833,0.0157644676721,53.7608823529,0.229100529101,0.03667,87.1875049591,1.18639,-49.0000038147,1.184695,34.6875,50,1.18419,-35.5312538147,1.222395,-53.1562538147,2.44332851245
"521",115.119888,108.437538147,0.0948032438755,-84.9062576294,-72.2610549927,"Cux2-CreERT2",12.5172111654,0.227813243209,79.89,0.0670785096947,0.03829,95.0750053406,1.099515,-46.96875,1.09631,40.4375,209.999984741,1.09589,-37.6250038147,1.1256,-53.5625038147,4.21405011942
"524",157.999552,196.406245232,0.00857331603765,-100.90625,-80.7700653076,"Cux2-CreERT2",8.80719170111,0.0828730521023,113.543571429,0.173261205564,0.05755,95.5750038147,1.156355,-48.34375,1.154675,43.40625,70,1.154215,-40.21875,1.203015,-56.5937538147,3.84261426505
"525",80.862096,87.187461555,0.0472240559757,-87.9375076294,-79.1463012695,"Cux2-CreERT2",8.92100450511,0.0192024243538,112.095,0.121205357517,0.09148,86.8875022888,1.328,-46.34375,1.32524,33.5625,190,1.32472,-38.9687538147,1.36154,-56.1250038147,3.66987014198
"527",156.43096,146.093562245,0.0724782198668,-93.09375,-77.5240783691,"Scnn1a-Tg2-Cre",11.4979533643,0.0192199943907,86.972,0.149388592958,0.06236,97.9062538147,1.30824,-46.4687538147,1.30576,45.375,100,1.30532,-34.9375,1.35272,-57.8750038147,3.95666715272
"532",238.875312,204.374998808,0.100718051195,-87.4375,-67.8072128296,"Scnn1a-Tg2-Cre",8.43271894952,0.0637968971946,118.585714286,0.195454545455,0.08357,96.1500068665,1.23422,-35.59375,1.23202,49.625,50,1.23165,-28.15625,1.29769,-49.0000038147,3.53604880389
"533",202.98656,268.415033817,0.122360110283,-101.75,-75.5874557495,"Ctgf-T2A-dgCre",14.36813369,0.017931250743,69.5984615385,0.228333333333,0.05622,91.375002861,1.22514,-52.0625038147,1.22158,31.4687519073,50,1.221,-43.40625,1.25778,-57.4687538147,3.62204094091
"537",205.253008,365.000069141,0.143308147788,-98.0625076294,-76.1378860474,"Rorb-IRES2-Cre",11.1369426308,0.193661454698,89.79125,0.135984851449,0.051915,73.1145858765,1.13254,-44.6250038147,1.12917,24.6562519073,50,1.12851,-37.7812538147,1.164955,-49.5937538147,2.99479341854
"538",215.524288,135.468870401,0.0208985544741,-95.5312576294,-80.2579421997,"Rorb-IRES2-Cre",18.3241426305,0.0228414567868,54.5728125,0.250221267912,0.045005,95.9635461171,1.13827,-50.0312538147,1.13641,42.90625,110,1.136015,-41.6562538147,1.15852,-55.1875,3.59154402172
"540",281.09088,164.218783379,0.0750427693129,-93.53125,-76.1374206543,"Cux2-CreERT2",10.1919483608,0.22480694614,98.1166666667,0.0969737788852,0.045665,95.8359413147,1.120255,-44.7812538147,1.11661,42.1875,130,1.11618,-34.875,1.15856,-53.0000038147,3.61218281525
"541",130.133128,104.843787849,0.0371695309877,-86.4687576294,-74.8752670288,"Scnn1a-Tg2-Cre",8.38981476488,0.138777955466,119.192142857,0.137754043741,0.043765,87.9375053406,1.125735,-47.21875,1.12212,24.1562519073,230,1.121565,-41.09375,1.57173,-52.5625,3.59336884516
"544",151.11048,228.515625,0.0570130385458,-98.25,-75.684387207,"Nr5a1-Cre",17.4547676061,0.0263349865081,57.2909375,0.23011810556,0.04043,91.8250022888,1.220605,-48.71875,1.218545,34.75,59.9999961853,1.218095,-38.65625,1.2472,-57.5625,3.23786450233
"545",100.032672,115.781329572,0.113775357604,-87.84375,-75.1748199463,"Rorb-IRES2-Cre",9.06731346836,0.0360390730986,110.28625,0.121212128481,0.073425,83.1484398842,1.18315,-43.6875038147,1.18073,32.71875,130,1.180275,-37.34375,1.235,-53.9375038147,3.20487887251
"546",243.334,171.718671918,0.0210417602211,-100.843757629,-81.4805679321,"Rorb-IRES2-Cre",14.3608324864,0.0201766758817,69.6338461538,0.215560161259,0.07022,96.2250045776,1.42388,-51.4687538147,1.42066,40.3125038147,50,1.42016,-38.5000038147,1.4463,-58.6562538147,4.2211474584
"548",195.07008,199.375003576,0.0103877270594,-97.9687576294,-76.3757705688,"Scnn1a-Tg3-Cre",17.3902647124,0.0229916740475,57.5034375,0.236150239018,0.06152,94.1500053406,1.196295,-44.5,1.19391,47.0625,50,1.193545,-32.8125038147,1.21955,-50.8125,4.75638382584
"549",98.831296,119.55357343,0.168598279357,-82.09375,-68.143371582,"Rbp4-Cre_KL100",13.5106227271,0.0348404831372,74.0158333333,0.200632929245,0.04909,95.5562545776,1.212375,-46.40625,1.210835,47.5937538147,90,1.21046,-39.625,1.28316,-53.2187538147,3.37492997339
"554",225.165888,162.656202912,0.00851554609835,-93.5,-75.2355270386,"Rorb-IRES2-Cre",17.0394036209,0.0179674667311,58.6875,0.257843149097,0.02762,99.2250030518,1.07716,-50.40625,1.07488,42.2500038147,130,1.07446,-39.5937538147,1.08482,-54.5937538147,4.14659621988
"556",295.526688,171.2500453,0.0251490939409,-97.40625,-78.4160385132,"Cux2-CreERT2",13.2611338269,0.0455405854122,75.4083333333,0.151875007803,0.053705,92.5052134196,1.154605,-47.2812538147,1.15115,35.2812538147,110,1.150655,-38.5000038147,1.186065,-53.59375,4.19230516979
"557",442.347744,487.96877265,0.216317743063,-90.9375,-67.8327102661,"Ctgf-T2A-dgCre",16.13146065,0.0109126744555,61.9906666667,0.369364162028,0.05038,83.4250049591,1.50124,-54.9687538147,1.49684,21.8125,10,1.49614,-43.3125,1.55642,-63.4687538147,3.32627898852
"558",152.76072,180.625081062,0.0832769647241,-91.0000076294,-70.3280029297,"Rbp4-Cre_KL100",9.80659220921,0.0432236599634,101.972222222,0.170886088171,0.0454,86.726565361,1.105335,-45.9062538147,1.1032,32.6562538147,90,1.102785,-34.71875,1.138025,-53.75,3.00014366304
"563",142.898272,179.687470198,0.0325120091438,-99.1875076294,-80.1294937134,"Scnn1a-Tg3-Cre",16.3793009314,0.0284172256614,61.0526666667,0.227150547426,0.037945,91.0500045776,1.13955,-54.0937538147,1.13748,35.1875,100,1.13709,-42.28125,1.156085,-60.6562538147,3.27833411953
"564",145.423488,188.12507391,0.137190982699,-96.1875,-74.7404403687,"Ntsr1-Cre_GN220",10.8419300804,0.0122753506322,92.2345,0.191723362697,0.037875,99.9687563578,1.08524,-54.8125038147,1.08311,45.6562538147,70,1.08258,-46.2812538147,1.09923,-55.5312538147,3.62346697024
"565",127.714456,130.156129599,0.0427862033248,-94.0937576294,-79.2622070312,"Nr5a1-Cre",13.3256932692,0.17835347457,75.043,0.104446466947,0.040755,90.539065361,1.10682,-47.0625,1.104135,32.4375038147,150,1.10363,-36.75,1.98961,-54.9062538147,3.31307617303
"569",257.497024,244.687616825,0.14827914536,-95.1875076294,-67.9803619385,"Ctgf-T2A-dgCre",12.8893159289,0.0333816133004,77.5836363636,0.18885209713,0.1441,90.317712148,1.38662,-48.8125,1.38228,34.1875038147,90,1.38178,-39.3750038147,1.4014,-54,4.6809277135
"571",188.272848,144.531220198,0.0557366125286,-96.8437576294,-79.9532012939,"Rbp4-Cre_KL100",10.5379630117,0.0881545318642,94.895,0.139383318258,0.045505,90.3250041962,1.11241,-53.28125,1.110005,33.09375,170,1.10955,-46.34375,1.12607,-57.7812538147,4.0242855437
"572",216.749616,213.750079274,0.0653698220849,-94.3125076294,-70.960609436,"Scnn1a-Tg2-Cre",12.9860930749,0.0362030288764,77.0054545455,0.182480310922,0.05864,89.0000047684,1.28346,-47,1.28006,32.5000038147,59.9999961853,1.27958,-36.7187538147,1.34496,-54.4375038147,4.45577223103
"574",204.922064,436.71888113,0.0639035105705,-103.312507629,-58.3095245361,"Rbp4-Cre_KL100",10.6704606082,0.189233638238,93.7166666667,0.170120898951,0.024975,79.7109408379,1.08467,-50.9062538147,1.081245,23.125,30.0000019073,1.080635,-32.78125,1.10677,-55.34375,2.20965047743
"579",243.38256,157.187581062,0.0274023879319,-95.59375,-78.2233123779,"Scnn1a-Tg3-Cre",13.6879567039,0.0440022494772,73.0569230769,0.221829278936,0.04204,98.4804711342,1.141805,-53.40625,1.139235,39.1875038147,130,1.13871,-41.53125,1.1511,-56.9062538147,3.7451433995
"580",182.229104,189.062491059,0.0512830764055,-97,-75.5707397461,"Nr5a1-Cre",16.2234509984,0.0165695667007,61.6391666667,0.200630260728,0.02215,82.4151785714,1.08333,-47.4062538147,1.081445,31.8437519073,130,1.08102,-35.96875,1.094285,-51.7812538147,3.13266530006
"584",151.294432,304.6875,0.0821281075478,-79.71875,-65.3980865479,"Scnn1a-Tg2-Cre",18.9171010594,0.0218098585196,52.8622222222,0.233333333333,0.034055,87.1093769073,1.143,-43.84375,1.141105,34.53125,50,1.14067,-35.34375,1.18138,-53.75,2.94676015217
"585",145.408496,159.531101584,0.0436736829579,-92.5312576294,-75.1710586548,"Rbp4-Cre_KL100",15.1729444724,0.0249703832123,65.9067857143,0.218132910924,0.03656,88.9947980245,1.087045,-44.65625,1.084125,23.5937519073,190,1.08339,-32.9062538147,1.099135,-48.8437538147,2.57946920311
"589",330.564992,203.571513295,0.0266704410315,-88.5312576294,-66.6489105225,"Scnn1a-Tg3-Cre",15.620728707,0.0508931889838,64.0175,0.0833333390857,0.03237,87.8984422684,1.11085,-42.5625038147,1.10799,38.8750038147,70,1.10742,-33.8750038147,1.122555,-46.96875,3.39098615126
"591",229.789904,243.749886751,0.036178778857,-93.1875,-75.3940582275,"Cux2-CreERT2",15.7884765173,0.0224147991835,63.3373333333,0.271845144702,0.04018,89.3125030518,1.1408,-46.8750038147,1.13814,38.375,110,1.1377,-33.1875,1.15326,-51.21875,3.63182083981
"592",245.20992,211.250036955,0.05200971663,-99.09375,-82.4907913208,"Nr5a1-Cre",13.9717341072,0.0447834448143,71.5730769231,0.233596825096,0.037405,91.3187522888,1.16951,-48.78125,1.167415,40.125,119.999992371,1.167085,-33.5,1.187105,-56.625,3.54170620216
"593",332.606144,208.593711257,0.0560376010835,-83.03125,-60.6267623901,"Ctgf-T2A-dgCre",16.4989275697,0.0230086409369,60.61,0.223648645418,0.02398,93.8515691757,1.10562,-50.5312538147,1.10278,39.46875,29.9999980927,1.10234,-41.1875038147,1.12964,-56.9375038147,4.43749488474
"594",233.829504,293.437510729,0.0731709823012,-97.875,-64.6614532471,"Rorb-IRES2-Cre",21.8886633141,0.0170197336638,45.68575,0.302980122327,0.0405,89.4427102407,1.157415,-44.5,1.15487,34,59.9999961853,1.154435,-33.8437538147,1.17474,-50.15625,3.41944095937
"596",188.335168,138.906165957,0.0485048256814,-91.9062576294,-75.1282043457,"Nr5a1-Cre",12.1084032318,0.106631552338,82.5872727273,0.0867187746149,0.03,93.5500053406,1.0766,-46.2812538147,1.07448,41.3750038147,170,1.07406,-32.6875,1.08392,-48.90625,3.53595023312
"597",93.798776,145.312458277,0.0214718915522,-95.34375,-79.2950744629,"Scnn1a-Tg2-Cre",17.4561958585,0.0304625428816,57.28625,0.21512195122,0.05378,88.8000030518,1.16777,-48.375,1.16526,34.78125,70,1.16485,-38.125,1.198195,-54.1875038147,3.87780593933
"598",170.094048,315.156310797,0.0342812910676,-99.8437576294,-72.1856307983,"Ntsr1-Cre_GN220",19.1627986203,0.00894271502084,52.1844444444,0.219034621874,0.01946,75.031255722,1.08392,-44.5,1.0817,28,110,1.08104,-35,1.0842,-44.7187538147,2.24132711242
"599",107.965952,220.781207085,0.211056739092,-94.1875076294,-70.1241836548,"Ntsr1-Cre_GN220",25.3534964056,0.0106580756677,39.4422916667,0.305681836353,0.043795,80.6927134196,1.14684,-47.84375,1.144695,31.1875,70,1.144175,-31.8437519073,1.166935,-49.6875,2.55338234496
"601",112.104168,113.281257451,0.080784894526,-91.4062576294,-77.2494049072,"Rbp4-Cre_KL100",9.91981483012,0.026630593109,100.808333333,0.119642863371,0.07263,85.0000019073,1.16219,-49.0625,1.15889,31.0000019073,110,1.15843,-37.71875,1.203735,-57.34375,3.66071324298
"605",181.749024,245.312705636,0.119957461953,-83.0000076294,-65.2310028076,"Ntsr1-Cre_GN220",18.6788555355,0.0150098762621,53.5364705882,0.213888897999,0.065525,78.0937538147,1.454135,-50.34375,1.451385,19.53125,30.0000019073,1.45087,-40.53125,1.491615,-57.0937538147,2.7584284824
"606",135.672768,165.625035763,0.0391024574637,-93.4375076294,-75.4109802246,"Nr5a1-Cre",12.9080836874,0.0379231040748,77.4708333333,0.2,0.053065,102.993755341,1.13556,-50.5312538147,1.133745,44.125,90,1.133375,-38.9687538147,1.15967,-55.8750038147,3.76529838332
"608",173.434528,188.90632689,0.020155986771,-98.8125076294,-81.2816925049,"Rorb-IRES2-Cre",13.9165435588,0.0394389224493,71.8569230769,0.164285714286,0.04536,81.1687519073,1.12173,-52.28125,1.11996,26,90,1.119435,-40.96875,1.13824,-53.2187538147,2.33152056821
"609",199.441536,242.812424898,0.0293579883873,-94.0937576294,-67.4911956787,"Cux2-CreERT2",21.15596175,0.0112850119062,47.268,0.28888889923,0.03281,80.7031284968,1.22797,-52.3437538147,1.2258,36.125,30.0000019073,1.225265,-43.2812538147,1.275275,-58.1875038147,3.45303561224
"611",93.690328,82.4553444982,0.0686581209302,-86.5000076294,-76.0950698853,"Rbp4-Cre_KL100",8.39419121968,0.30109963905,119.13,0.0560643479768,0.057985,95.0312519073,1.150335,-46.7812538147,1.14643,36.3125,209.999984741,1.145925,-36.2500038147,1.61825,-52.71875,3.78140148581
"612",161.915424,167.031258345,0.0678625926375,-89.7500076294,-72.4311676025,"Rorb-IRES2-Cre",13.517242933,0.0279520346915,73.9795833333,0.167217853603,0.063885,99.6302140554,1.189405,-46.1562538147,1.18641,47.5000038147,90,1.18605,-35.3750038147,1.230255,-53.84375,4.69751712504
"616",150.261648,157.500043511,0.0933771505952,-92.2187576294,-74.5154037476,"Rorb-IRES2-Cre",12.2627164369,0.158751623493,81.548,0.110212429059,0.04437,97.8250038147,1.11382,-48.4687538147,1.110735,38.8750038147,110,1.110265,-37.5,1.133875,-52.2187538147,4.01534790924
"619",138.300544,164.375007153,0.0463079325855,-94.34375,-76.0636901855,"Cux2-CreERT2",7.56067441216,0.109352401957,132.263333333,0.111904767527,0.071775,86.3750019073,1.192225,-43.78125,1.18856,33.40625,90,1.18801,-32.15625,1.23695,-52.6875038147,3.3632520096
"622",133.659704,219.374895096,0.0632189065218,-98.53125,-75.6800003052,"Nr5a1-Cre",15.4328642845,0.0190914818604,64.7967857143,0.252984134979,0.046875,76.1875026703,1.188955,-51.5625038147,1.187355,20.5625019073,70,1.186895,-42.0937538147,1.216455,-57.0937538147,2.32871052576
"626",139.463376,172.343745828,0.166858181357,-92.4375076294,-72.852104187,"Ntsr1-Cre_GN220",10.7033148166,0.02590650925,93.429,0.162266361849,0.051735,89.8046913147,1.12877,-49.4375,1.12646,30.375,130,1.12592,-33.9375,1.1596,-53.40625,2.45581435056
"627",190.267616,346.986591816,0.0401627756655,-98.34375,-71.6418075562,"Rorb-IRES2-Cre",19.1250298829,0.0229502288531,52.2875,-0.0431506897044,0.041565,83.6354207993,1.14944,-49.0312538147,1.147565,26.7500019073,30.0000019073,1.14709,-38.78125,1.179605,-55.0937538147,2.82273307786
"628",342.799552,160.624995828,0.0299075189978,-98.96875,-80.7081985474,"Nr5a1-Cre",12.2687754089,0.0388419782222,81.5077272727,0.266666678919,0.03919,89.5260429382,1.17048,-48.7500038147,1.168185,30.53125,130,1.167565,-36.78125,1.2026,-54,2.6878557105
"629",212.91936,113.125033677,0.0203711818904,-94.53125,-81.2334823608,"Rorb-IRES2-Cre",15.0463211745,0.0243390348693,66.4614285714,0.19867022138,0.043,86.5000038147,1.17156,-52.25,1.16938,31.65625,130,1.1689,-38.9375,1.18742,-57.03125,3.45558685249
"633",141.496464,76.8750756979,0.00463343644515,-93.4687576294,-83.517868042,"Cux2-CreERT2",11.1086425239,0.0148977870874,90.02,0.163157897505,0.08728,92.5312576294,1.48054,-47.7187538147,1.47824,36.6875,150,1.47772,-39.0312538147,1.5187,-55.6562538147,3.70304789684
"634",111.610112,130.312532187,0.032966453582,-82.3437576294,-67.2591934204,"Scnn1a-Tg3-Cre",12.5127971789,0.00950730863274,79.9181818182,0.16960950764,0.06408,91.1640691757,1.95282,-50.15625,1.94988,37.5625,70,1.94942,-39.15625,1.98146,-58.15625,3.92567257616
"641",359.487168,217.85710752,0.155089214444,-89.3125,-65.5099563599,"Ctgf-T2A-dgCre",17.1548655487,0.0562160499965,58.2925,0.25,0.02208,95.1937538147,1.16848,-50.71875,1.16578,40.6875,40,1.16536,-41.7500038147,1.20676,-55.5000038147,4.35152353559
"643",183.174256,195.000037551,0.0501077026129,-98.0000076294,-76.7340316772,"Rorb-IRES2-Cre",15.5771038826,0.02864638715,64.1967857143,0.247765378101,0.05578,98.359377861,1.146705,-46.9375038147,1.14449,47.6562538147,70,1.14413,-34.46875,1.165255,-52.4687538147,4.21718782098
"651",305.580096,181.249991059,0.0185740925372,-95.34375,-75.099899292,"Scnn1a-Tg3-Cre",9.1818933064,0.299873232108,108.91,0.0785526377575,0.04457,100.462501526,1.109425,-46.2187538147,1.10614,46.5625,110,1.105655,-32.125,1.127505,-49.03125,3.98555621875
"652",264.56688,202.5000453,0.0303479786962,-90.03125,-71.7186203003,"Rorb-IRES2-Cre",12.960992812,0.0287884758153,77.1545833333,0.184251981469,0.056655,88.1875038147,1.303105,-45,1.29959,20.4062519073,60.0000038147,1.299005,-38.0000038147,1.336895,-54,3.48236869736
"653",292.185408,215.312495828,0.0222956389189,-96.9687576294,-75.3039245605,"Nr5a1-Cre",9.90120794737,0.124168573312,100.997777778,0.0801075268817,0.0409,96.5520846049,1.106405,-50.9375,1.10425,45.34375,70,1.103785,-40.5,1.121575,-55.34375,3.96295005722
"655",139.463376,172.343745828,0.166858181357,-92.4375076294,-72.852104187,"Ntsr1-Cre_GN220",10.7033148166,0.02590650925,93.429,0.162266361849,0.051735,89.8046913147,1.12877,-49.4375,1.12646,30.375,130,1.12592,-33.9375,1.1596,-53.40625,2.45581435056
"656",161.91344,348.437339067,0.152092039585,-95.15625,-71.2270584106,"Rorb-IRES2-Cre",12.5906923307,0.0429870482886,79.42375,0.264285714286,0.0294,82.1666711171,1.110735,-53.3437538147,1.108425,23.0000019073,50,1.107875,-42.03125,1.151485,-57.5625038147,2.74371666567
"659",218.400176,230.468705297,0.0170810017735,-100.75,-75.8962249756,"Rorb-IRES2-Cre",16.706954792,0.0361167845635,59.8553125,0.242547660312,0.0406,96.0989602407,1.189465,-51.7187538147,1.18706,40.125,50,1.186625,-39.6875,1.213215,-57.5,3.57332217164
"665",256.575312,181.25012517,0.0314755551517,-92.7187576294,-75.177406311,"Scnn1a-Tg3-Cre",22.1947869994,0.0794005506301,45.055625,0.167357913729,0.018035,104.312503815,1.065605,-52,1.062905,47.0312538147,180,1.062475,-40.125,1.0741,-53.7812538147,4.43597062201
"666",462.096832,413.437455893,0.0900622904301,-103.000007629,-68.5833206177,"Ctgf-T2A-dgCre",38.4383635646,0.00852896340518,26.0156756757,0.269980314384,0.01402,99.5562530518,1.14772,-52.15625,1.14548,38.2500038147,20,1.14498,-42.9375038147,1.17122,-54.9375038147,3.2085565206
"670",180.1348,231.081172398,0.0272550601512,-96.6875,-78.2009353638,"Cux2-CreERT2",5.70803405794,0.212369051451,175.191666667,0.100645584272,0.10397,88.6484394073,1.26598,-45.0625,1.261605,33.59375,70,1.261075,-33.0625038147,1.32212,-55.34375,4.11490052704
"672",149.070016,191.406175494,0.0643628686666,-93.5625076294,-71.1436080933,"Ntsr1-Cre_GN220",10.5140309743,0.109118860694,95.111,0.20146104425,0.03914,82.7562515259,1.120885,-41.8125,1.11908,29.3125,150,1.11862,-28.4687519073,1.15067,-43.9687538147,2.71433835394
"679",105.98664,95.1785519719,0.0316205210984,-87.0000076294,-75.0661315918,"Scnn1a-Tg3-Cre",8.82712702236,0.0986648819093,113.287142857,0.139336926027,0.059385,90.2875053406,1.151005,-44.4687538147,1.14822,35.7812538147,130,1.147855,-36.6562538147,1.185285,-54.2812538147,3.38631659246
"680",164.149488,137.544646859,0.132470294833,-87.8125076294,-71.6495666504,"Ntsr1-Cre_GN220",7.17061767701,0.188154310954,139.458,0.168630573248,0.024655,89.2250053406,1.06115,-43.2812538147,1.059165,35.40625,270,1.058645,-30.5312519073,1.06118,-43.375,2.61520872505
"681",189.12608,183.281138539,0.0208022743464,-94.7812576294,-74.2386169434,"Cux2-CreERT2",17.0140365802,0.0207695335396,58.775,0.282196969697,0.03318,95.4500045776,1.24514,-50.9062538147,1.24206,32,90,1.24152,-35.5,1.25904,-57.5,3.12011059565
"689",216.38368,140.468791127,0.0548031926155,-91.4375,-75.9048919678,"Scnn1a-Tg2-Cre",7.62645617648,0.0846457178659,131.1225,0.166258184553,0.090405,85.1812530518,1.238145,-44.1562538147,1.2344,31.5,110,1.23394,-31.0937519073,1.284625,-52.9062538147,3.8572879747
"690",235.72216,176.651805639,0.0342785231769,-80.5625,-60.4437866211,"Ntsr1-Cre_GN220",7.75159461375,0.138954708036,129.005714286,0.169703103914,0.00978,95.1500061035,1.05622,-50.6875038147,1.05418,35.2812538147,110,1.05364,-34.46875,1.0565,-50.875,2.40765834481
"693",133.23188,164.218708873,0.0255275797099,-98.7812576294,-83.154548645,"Nr5a1-Cre",11.5607604668,0.0648533743859,86.4995,0.22063707893,0.04484,104.300006104,1.11045,-54.40625,1.10893,46.90625,110,1.10857,-42.2500038147,1.110525,-54.5000038147,4.27888604084
"694",139.61728,193.281248212,0.0893409028649,-98.34375,-77.2745437622,"Rbp4-Cre_KL100",13.5178520133,0.0917128298825,73.97625,0.208169305909,0.0443,83.6250038147,1.15357,-48.8437538147,1.152145,37.4375038147,100,1.15173,-37.5937538147,1.214985,-53.4687538147,2.81076460518
"695",144.406752,129.799082875,0.0137624591589,-90.53125,-77.2036209106,"Cux2-CreERT2",9.4748810376,0.0526763296411,105.542222222,0.0708333343551,0.04652,93.5562538147,1.1182,-44.4062538147,1.11558,47.4375038147,150,1.11516,-37.2812538147,1.14896,-50.15625,4.66653740674
"700",161.39776,278.906285763,0.0573231093585,-96.375,-67.0109786987,"Rbp4-Cre_KL100",17.1735548722,0.0144015670229,58.2290625,0.291149069575,0.062265,95.5000038147,1.2955,-50.8125,1.293855,38.0625,30.0000019073,1.29342,-37,1.33551,-55.4062538147,2.93865475493
"707",141.880352,125.781327486,0.138712525368,-86.7812576294,-72.150680542,"Scnn1a-Tg2-Cre",8.76358355451,0.0157505755574,114.108571429,0.157618215458,0.08362,88.164065361,1.19478,-43.6562538147,1.19182,38.84375,110,1.19138,-34.78125,1.24618,-56,4.13375710505
"709",96.906576,80.3125798702,0.170850917697,-80.65625,-71.4556655884,"Rbp4-Cre_KL100",8.42952017967,0.00196876907164,118.630714286,0.193605868302,0.066365,96.8625015259,1.750325,-48.4375038147,1.748685,42.8750038147,190,1.74832,-41.1875038147,1.778765,-55.0625038147,3.08486070956
"713",296.802496,332.812458277,0.0559259317815,-99.0000076294,-74.8909378052,"Rorb-IRES2-Cre",12.0994797224,0.100740400517,82.6481818182,0.18,0.031125,75.4250026703,1.083525,-46.7187538147,1.08105,22.8750019073,70,1.08047,-40.21875,1.12316,-48.2187538147,2.77629954589
"714",193.118864,155.312567949,0.105902209878,-89,-71.3704452515,"Rbp4-Cre_KL100",8.5640268054,0.0947445591218,116.7675,0.154053271569,0.04566,93.6937545776,1.14254,-44.5,1.14056,44.28125,90,1.14016,-39.9062538147,1.21824,-55.4687538147,4.12809915642
"717",96.449552,162.499919534,0.104034505785,-88.3125076294,-71.9448699951,"Rbp4-Cre_KL100",8.25442496138,0.0641239861782,121.147142857,0.123454160361,0.060525,94.140627861,1.12338,-38.1875,1.120815,44.03125,150,1.120315,-26.9062519073,1.152115,-45.0312538147,3.30243964606
"722",145.290432,187.656208873,0.016466235742,-95.2187576294,-77.76537323,"Scnn1a-Tg3-Cre",14.4344205413,0.0241698568125,69.2788461538,0.189822595705,0.063615,93.7375053406,1.200035,-46.78125,1.197745,42.84375,70,1.197325,-41.21875,1.22805,-55.40625,3.72673894515
"723",206.28736,127.34374404,0.178190752864,-83.875,-69.2325592041,"Rbp4-Cre_KL100",16.7903203803,0.0142793479805,59.558125,0.230699494849,0.0368,83.773440361,1.093855,-47.625,1.09211,34.6562538147,110,1.091725,-38.6562538147,1.13142,-53.5000038147,3.00764127377
"726",171.95176,126.406282187,0.013433710672,-97.03125,-83.3443069458,"Rorb-IRES2-Cre",10.1537016589,0.126456179057,98.48625,0.107494143057,0.0545,89.3062515259,1.11219,-48.7500038147,1.109175,36.78125,190,1.108785,-36.0000038147,1.12611,-54.84375,3.72470463004
"731",194.791392,131.790757179,0.160916790366,-91.9375076294,-77.4934310913,"Ntsr1-Cre_GN220",8.57688101722,0.120438046972,116.5925,0.1838624339,0.027465,95.1197948456,1.078705,-48.9375038147,1.076915,34.1875038147,190,1.07645,-32.28125,1.097405,-50.8125,2.20498476977
"736",232.935984,166.56242311,0.0347785614431,-98.5937576294,-79.3605117798,"Cux2-CreERT2",16.2270927541,0.0197051633573,61.6253333333,0.200471698113,0.05464,92.445315361,1.12056,-48.0625038147,1.11808,37.46875,90,1.11762,-31.96875,1.12964,-52.2812538147,3.56395514685
"737",123.602304,183.906242251,0.0519988760352,-87.6875076294,-66.8875732422,"Ctgf-T2A-dgCre",16.3712564394,0.0453230754382,61.0826666667,0.239955357143,0.05336,85.3020884196,1.25514,-44.90625,1.25178,36.1875038147,50,1.25114,-42.7812538147,1.30714,-50.6875038147,3.93278943782
"739",209.560032,251.093864441,0.0188205521554,-101.156257629,-77.4727020264,"Rorb-IRES2-Cre",16.595674061,0.0338428288372,60.2566666667,0.176119406883,0.043775,66.3937534332,1.139075,-46.8437538147,1.13713,42.7812538147,70,1.136775,-34.9375,1.15181,-52.0625038147,4.0443187921
"750",179.43104,218.437537551,0.0321931913495,-99.0312576294,-75.7922058105,"Nr5a1-Cre",21.8775295894,0.0160230597651,45.709,0.272047238529,0.03448,95.9375068665,1.28116,-49.5000038147,1.2785,38.0000038147,59.9999961853,1.27802,-35.8125,1.30922,-56.46875,3.40503956214
"751",143.434624,148.437514901,0.110607907176,-79.125,-72.2378997803,"Rbp4-Cre_KL100",7.58248662233,0.0833337734986,131.882857143,0.0857142931426,0.0533,90.4609394073,1.14958,-42.4375,1.1439,45,130,1.14328,-36.625,1.181375,-48.2812538147,4.70933606031
"752",201.991712,176.339313388,0.131825149059,-86.84375,-69.7545013428,"Rbp4-Cre_KL100",9.45023271198,0.0339354608645,105.8175,0.149813432836,0.05054,98.179693222,1.12402,-43.875,1.12206,38.8750038147,90,1.12164,-31.0000019073,1.15058,-54.5000038147,3.180070432
"753",98.462824,237.6562953,0.113893173635,-96.9375076294,-75.7492904663,"Rbp4-Cre_KL100",21.7844752937,0.05003935968,45.90425,0.282712785763,0.046195,89.2760454814,1.32582,-47.5000038147,1.324045,27.5312519073,60.0000038147,1.32352,-42.28125,1.38385,-54.3437538147,2.4694016135
"756",165.662592,144.531324506,0.0423685796559,-89.9687576294,-74.2315673828,"Rorb-IRES2-Cre",16.8143527315,0.162879692616,59.473,0.0945304313149,0.03129,91.0078191757,1.066025,-50.1875038147,1.06367,30.03125,290,1.063315,-34.6562538147,1.070085,-51.6250038147,3.7580794376
"757",221.250032,154.68749404,0.0473360866308,-96,-78.1916351318,"Rorb-IRES2-Cre",9.82961992136,0.0483952062204,101.733333333,0.119021745413,0.0481,98.3750038147,1.10932,-50.96875,1.10634,33.5625,130,1.10582,-38.78125,1.12934,-55.9687538147,4.52003667599
"761",200.47112,143.348321319,0.11294259131,-93.4687576294,-77.2986679077,"Rbp4-Cre_KL100",10.4132919887,0.0677642414053,96.0311111111,0.174759631662,0.032395,98.1718788147,1.08303,-56.9375038147,1.08133,39.4375038147,110,1.080895,-45.3437538147,1.10762,-59.3750038147,3.47943533123
"769",497.134656,184.062585235,0.0286597423255,-97.8750076294,-79.03540802,"Cux2-CreERT2",8.26592666942,0.045775323721,120.978571429,0.188541684084,0.061705,92.7437538147,1.195455,-49,1.191235,32,110,1.19073,-38.2500038147,1.23011,-55.5312538147,4.09060406197
"772",95.299752,127.031207085,0.162562116981,-90.9687576294,-78.6349716187,"Ntsr1-Cre_GN220",12.8760891025,0.0153300746726,77.6633333333,0.158258925308,0.053785,95.0000038147,1.11379,-49.6562538147,1.111745,38.0000038147,190,1.1113,-38.625,1.138955,-54.0312538147,2.69773016239
"773",218.161152,133.616149426,0.0384177193046,-85.03125,-69.9344177246,"Rorb-IRES2-Cre",15.9058374423,0.0203495168144,62.87,0.193181818182,0.04736,95.8046875,1.36837,-47.5,1.3644,42.25,50,1.36398,-36.28125,1.426805,-57.5312538147,3.98920783498
"776",238.746368,146.562427282,0.0326740965247,-95.3125,-78.1255340576,"Scnn1a-Tg2-Cre",14.7262892583,0.0155496076008,67.9057692308,0.186029411765,0.06271,90.5781269073,1.358785,-48.4375038147,1.356945,35.3125,90,1.35645,-37.21875,1.390685,-54.28125,2.61800515066
"777",192.487728,178.437530994,0.0934729278088,-95.9375076294,-77.0473403931,"Rbp4-Cre_KL100",10.0166944908,0.0259653066792,99.8333333333,0.160416666667,0.0742,86.6875042915,1.21878,-49.5000038147,1.21516,31.65625,90,1.21466,-39.3125,1.2611,-57.8437538147,4.05927709693
"778",110.134448,95.6248864532,0.15598757565,-84.6250076294,-73.8727722168,"Rbp4-Cre_KL100",7.84916154135,0.0484987687811,127.402142857,0.124193546641,0.048485,97.2312530518,1.11826,-42.8125038147,1.11633,44.03125,190,1.115995,-35.15625,1.163135,-54.0937538147,4.28057418683
"781",264.565616,174.375072122,0.0902883186936,-93.6562576294,-74.5719604492,"Rorb-IRES2-Cre",11.9901462798,0.0241194554219,83.4018181818,0.209598225462,0.06478,86.8437538147,1.221745,-43.375,1.218805,39.5,70,1.21837,-36.84375,1.29973,-57.0000038147,3.46056001527
"787",175.084272,133.281290531,0.0781460627913,-94.0937576294,-78.923828125,"Ntsr1-Cre_GN220",6.65893490336,0.194479783619,150.174166667,0.170432877061,0.03744,93.7500030518,1.09724,-48.71875,1.094965,36.4062538147,230,1.094445,-37.65625,1.11494,-51.4062538147,3.00435007761
"789",170.608896,154.374957085,0.00876290537417,-95.5312576294,-78.7234420776,"Rorb-IRES2-Cre",12.4495792042,0.152610683505,80.324,0.135750236609,0.025485,102.507818222,1.070485,-53.90625,1.06863,44.7187538147,209.999984741,1.06821,-38.90625,1.070635,-54.1250038147,3.77524219551
"792",174.659088,214.062571526,0.0316042676568,-94.0000076294,-70.1578445435,"Rorb-IRES2-Cre",12.8032776391,0.0248267549402,78.105,0.15546875,0.04306,86.2312522888,1.11184,-51.375,1.10922,33.1875,90,1.10878,-38.1875,1.12684,-55.0000038147,3.94022133203
"796",204.189664,213.124960661,0.029558127746,-101,-76.9283905029,"Cux2-CreERT2",17.8906878969,0.0323396179505,55.895,0.25,0.038685,91.697921435,1.112495,-49.0000038147,1.109795,17.2500019073,70,1.109235,-40.6250038147,1.13907,-54.0312538147,3.0429334796
"798",118.516856,132.031321526,0.028946140781,-93.8437576294,-79.4617538452,"Nr5a1-Cre",18.5099490976,0.357149467839,54.025,0.0724405394286,0.040275,96.9625038147,1.095555,-50.875,1.09353,40.1875,170,1.093105,-38.8125038147,2.019915,-56,3.43350180354
"802",143.48216,141.473218799,0.0265936478972,-93.4687576294,-77.3999786377,"Cux2-CreERT2",8.42803163321,0.135458458244,118.651666667,0.0942164223102,0.054255,92.2500053406,1.154945,-46.7187538147,1.15214,38.3125038147,130,1.15169,-34.5625038147,1.17525,-52.5000038147,3.5208900258
"805",171.58592,197.968706489,0.125142410398,-88.875,-70.4693603516,"Scnn1a-Tg2-Cre",12.8787524001,0.0165394608014,77.6472727273,0.182812509515,0.06025,89.5156275431,1.20331,-44.28125,1.200985,36.75,70,1.200535,-36.6875,1.24358,-54.8125038147,3.09207511735
"807",176.097296,192.499995232,0.0993435382843,-94.96875,-74.2431030273,"Cux2-CreERT2",17.7449322561,0.00868533126737,56.3541176471,0.206735156052,0.0412,96.9531297684,1.18676,-51.0937538147,1.18434,40.3125038147,59.9999961853,1.18392,-42.34375,1.23316,-60.1562538147,4.35224143264
"809",172.576816,164.531290531,0.0583837293088,-100.781257629,-82.5241928101,"Rorb-IRES2-Cre",14.367498508,0.037503555057,69.6015384615,0.156308657979,0.05263,99.437502861,1.15076,-46.15625,1.148475,43,90,1.14804,-34.125,1.173395,-52.9062538147,3.3615732663
"816",157.672416,241.562500596,0.0291162785143,-97.7812576294,-71.7120742798,"Nr5a1-Cre",13.7490481428,0.0408295722979,72.7323076923,0.25842217484,0.047055,67.1250030518,1.125645,-45.9687538147,1.12275,18.75,70,1.122205,-39,1.149525,-51.28125,3.20729175609
"819",162.631536,144.375011325,0.0486131235957,-95.4375076294,-79.6181793213,"Rorb-IRES2-Cre",11.7294408967,0.0657434948074,85.2555555556,0.125000004585,0.028605,94.203130722,1.079445,-52.2187538147,1.076465,32.2500038147,130,1.07594,-43.875,1.089625,-55.6562538147,3.97662406702
"820",225.403856,172.656178474,0.16649068892,-95.9375076294,-77.4682312012,"Scnn1a-Tg3-Cre",10.9815979794,0.0696908626249,91.0614285714,0.177272731115,0.056105,101.875005341,1.12887,-55.28125,1.12654,41.25,150,1.126025,-38.0000038147,1.12893,-55.3750038147,2.81659096076
"822",113.807184,117.968633771,0.0710932537913,-91.0625,-78.1322631836,"Cux2-CreERT2",11.2804430958,0.0228542237975,88.649,0.127967100872,0.05405,98.0500038147,1.16396,-45.15625,1.161625,47.53125,150,1.16123,-34.78125,1.195805,-53.9687538147,4.06783285977
"824",163.894976,173.124969006,0.091422341764,-97.1562576294,-77.813873291,"Rbp4-Cre_KL100",12.6159086608,0.0207597174198,79.265,0.154196438486,0.07411,93.171880722,1.187885,-46.25,1.18232,38.0000038147,90,1.18172,-37.7812538147,1.22611,-52.3125,4.16579224559
"825",206.452464,195.3125,0.0442003123462,-101.593757629,-79.6588592529,"Nr5a1-Cre",28.4798860805,0.272196511214,35.1125,0.140144236395,0.01915,102.036461512,1.07389,-55.4687538147,1.07235,41.0312538147,130,1.071965,-40.8750038147,1.881865,-58.0937538147,3.62366785185
"830",163.486304,163.906291127,0.133777648211,-94.1875076294,-75.3721694946,"Ntsr1-Cre_GN220",15.5263430287,0.0181605132987,64.4066666667,0.228257749007,0.02634,103.337504578,1.08316,-50.5,1.08046,43.5000038147,130,1.08002,-34.0312538147,1.0934,-53.125,3.06651968293
"833",181.868128,152.500003576,0.0536783263087,-88.9375076294,-74.0730209351,"Scnn1a-Tg3-Cre",10.712454759,0.131189698648,93.3492857143,0.111507948325,0.03046,98.8984422684,1.10099,-48.1250038147,1.09864,44.3125038147,130,1.098195,-40.4375,1.12073,-54.2187538147,3.29935650231
"834",244.7336,230.46875,0.0601955093443,-93.53125,-68.2306518555,"Ctgf-T2A-dgCre",12.2718550582,0.0139533912985,81.4872727273,0.206439393939,0.02802,99.9937568665,1.10644,-54.5937538147,1.10376,44.6875038147,70,1.10324,-39.8437538147,1.1171,-56.3125,3.52223161041
"836",182.068352,146.562576294,0.161756142974,-89.7500076294,-75.5517425537,"Rorb-IRES2-Cre",12.5504871871,0.0101008230064,79.6781818182,0.198333333333,0.06146,95.7875030518,1.27482,-49.9062538147,1.27298,40.6250038147,90,1.27252,-38.4062538147,1.30178,-59.4375038147,2.82957970266
"844",194.330576,256.562560797,0.0209606457502,-100.156257629,-72.633605957,"Nr5a1-Cre",10.6753967689,0.145804842185,93.6733333333,0.194859813084,0.03298,88.3437515259,1.11839,-46.03125,1.11606,33.1250038147,70,1.11556,-34.1875,1.137935,-50.34375,2.63304079954
"845",371.338176,312.343776226,0.0848674550653,-94.5937576294,-59.3667678833,"Ctgf-T2A-dgCre",10.4051776164,0.128018278591,96.106,0.155023640198,0.00948,97.2437538147,1.27322,-56.4375038147,1.26914,37.71875,20,1.26868,-43.15625,1.2889,-61.25,4.39791366253
"846",244.943888,221.250116825,0.0833893492818,-98.5625,-74.6492538452,"Ctgf-T2A-dgCre",11.8581762125,0.0177381056739,84.33,0.212423830876,0.08588,98.5859441757,1.86078,-53,1.85646,41.15625,50,1.85598,-43.3125,1.91556,-61.3750038147,4.68985697278
"847",338.927264,191.562384367,0.0298675894737,-97.7812576294,-76.0891113281,"Rorb-IRES2-Cre",10.8481930978,0.260165058509,92.18125,0.146842113114,0.040535,93.6953134537,1.13181,-45.3125,1.12942,41.625,110,1.12898,-36.4375,1.93878,-54.6875,3.9183698788
"848",109.92988,105.000078678,0.0216580908746,-89.0312576294,-77.271156311,"Scnn1a-Tg3-Cre",7.25097434968,0.0198464248225,137.9125,0.0997193035106,0.120345,100.182296753,1.288115,-47.0000038147,1.284295,49.0937538147,130,1.2839,-37.1250038147,1.33406,-58.15625,4.67720208233
"849",136.612704,80.4688632488,0.0389747396111,-86.5000076294,-77.819480896,"Cux2-CreERT2",6.93462039888,0.24635798879,144.204,0.0523752180208,0.02936,100.375006104,1.10384,-47.46875,1.10158,40.9375038147,310,1.10108,-40.84375,1.12278,-52.3125,3.69733237866
"850",155.321072,156.093791127,0.0351201109588,-95.8125076294,-78.3591156006,"Rorb-IRES2-Cre",10.1752402487,0.0771844224327,98.2777777778,0.130130357304,0.03926,102.406253815,1.096755,-49.0000038147,1.094075,46.5625038147,110,1.09369,-39.0312538147,1.11664,-52.1875038147,4.40104738116
"854",269.900832,299.196541309,0.0677318796515,-99.3125076294,-72.3506011963,"Cux2-CreERT2",31.2690545801,0.0110782776136,31.9805,0.32,0.01688,95.578130722,1.095435,-47.0625,1.093835,39.1250038147,70,1.09346,-35.8437538147,1.11032,-51.9687538147,2.93198915638
"857",138.9192,183.593720198,0.0271508954465,-95.65625,-76.0058441162,"Nr5a1-Cre",29.385836027,0.152209340666,34.03,0.099841769082,0.0229,83.8625045776,1.06422,-47.5000038147,1.062235,28.1250019073,230,1.06178,-33.9375038147,1.92024,-49.6875,2.30125013235
"859",303.312192,259.28580761,0.0217895861715,-100.28125,-72.3453674316,"Nr5a1-Cre",12.2057541412,0.102500475926,81.9285714286,0.248937908497,0.0254,98.0375022888,1.09868,-53.0625038147,1.09616,41.2812538147,90,1.09568,-39.3750038147,1.11286,-56.78125,3.97986829824
"861",106.975416,155.156210065,0.0340365059674,-90.4062576294,-74.0390396118,"Rorb-IRES2-Cre",7.87069571328,0.02833605914,127.053571429,0.161904769117,0.098,80.4062541326,1.252775,-44.7187538147,1.250675,28.6562519073,90,1.250175,-34.6562538147,1.314205,-55.9375038147,2.84639135324
"863",145.749248,125.669509172,0.110391393304,-93.71875,-80.1582565308,"Rorb-IRES2-Cre",11.0290062865,0.366383588839,90.67,0.110156239886,0.04177,97.6000045776,1.12283,-53.5625038147,1.12084,32.125,290,1.120305,-39.15625,1.13938,-53.90625,2.99895275122
"866",234.291488,155.781134963,0.0176409464329,-92.875,-76.8596801758,"Rorb-IRES2-Cre",12.0157646833,0.0923111539152,83.224,0.144128788874,0.03486,93.8312561035,1.08822,-50.0312538147,1.08442,36.5000038147,170,1.08388,-38.03125,1.0997,-54,4.15487544576
"868",140.3648,141.718834639,0.0218500662595,-89.5,-73.443939209,"Rorb-IRES2-Cre",10.2499055087,0.097020786134,97.561875,0.165401792105,0.047135,101.581254578,1.12339,-45.6562538147,1.12101,43.5937538147,90,1.120515,-39.96875,1.16858,-51.2500038147,3.52744738335
"869",167.254656,233.437612653,0.0222372673452,-97.09375,-72.7411804199,"Rorb-IRES2-Cre",17.8698072853,0.0319918127862,55.9603125,0.224621225279,0.054435,98.5500053406,1.15534,-44.3125038147,1.153115,49.625,70,1.15273,-32.3125,1.17498,-48.03125,3.97583650205
"872",91.85272,124.955430627,0.0801045447588,-88.90625,-75.4485092163,"Nr5a1-Cre",10.8098759026,0.0431775031049,92.508,0.147222229905,0.073575,85.8187545776,1.281135,-45.3125,1.278155,42,100,1.277745,-38.4687538147,1.36132,-58.84375,3.93466110766
"877",286.964288,206.87507093,0.00387014262378,-90.03125,-67.1831893921,"Rorb-IRES2-Cre",17.9196416072,0.042682860202,55.8046875,0.260722966328,0.01994,78.104171435,1.087275,-51.59375,1.083995,21.34375,80,1.08343,-37.9375038147,1.09458,-55.0000038147,2.92414700974
"879",160.450448,290.468782187,0.124691918492,-89.21875,-58.9267463684,"Rorb-IRES2-Cre",9.2192805888,0.0967998277941,108.468333333,0.0501028806584,0.05877,78.7812530518,1.810425,-40.53125,1.803665,34,50,1.80306,-29.3750019073,1.85345,-49.0000038147,3.98136491135
"886",129.452272,178.125008941,0.0289575643837,-91.375,-70.5754852295,"Nr5a1-Cre",15.7719585092,0.0299218854808,63.4036666667,0.241366916488,0.037775,102.331254578,1.188715,-51.28125,1.18746,50.1250038147,90,1.187085,-40.125,1.210595,-52.71875,3.25732699485
"887",110.793784,145.625084639,0.0313746854663,-81.6562576294,-67.9644393921,"Ntsr1-Cre_GN220",11.8484816171,0.0841486553963,84.399,0.147894359436,0.03683,83.4895877838,1.10193,-44.9375038147,1.100725,25.28125,150,1.10032,-29.7812519073,1.118125,-49.0000038147,1.94683080598
"890",166.255824,143.593862653,0.0808621942997,-92.4062576294,-77.3134155273,"Scnn1a-Tg2-Cre",12.8030044384,0.0269213212558,78.1066666667,0.168602370471,0.05536,85.3812549591,1.21016,-47.0937538147,1.208,35.4375038147,100,1.20754,-38.3437538147,1.25026,-57.5625038147,3.41154972402
"894",264.328544,171.093955636,0.0318340621889,-93.1562576294,-76.1808242798,"Cux2-CreERT2",10.9990430833,0.0507697406013,90.917,0.195067788493,0.05846,92.2760461171,1.12619,-48.03125,1.123515,39.0625,110,1.12309,-37.2187538147,1.14204,-53.1562538147,3.9266693843
"896",138.224288,151.093780994,0.0345000289381,-87.53125,-69.4515762329,"Rorb-IRES2-Cre",11.5300357431,0.307736653984,86.73,0.117904755264,0.02232,82.3937507629,1.072875,-38.6875,1.069085,29.5,249.999984741,1.068335,-30.8437519073,1.084025,-41.59375,3.39868072602
"899",146.736672,125.781208277,0.0596978142858,-93.0312576294,-80.3194351196,"Cux2-CreERT2",7.71475962095,0.0970233486595,129.621666667,0.124416425566,0.064515,88.1625053406,1.2228,-46.8750038147,1.21881,33.3125038147,160,1.218355,-37.3125,1.26306,-54.3437538147,4.07171527166
"903",205.990976,174.99999702,0.0227014329284,-85.4687576294,-66.6081771851,"Rorb-IRES2-Cre",10.1686872225,0.00405714351947,98.3411111111,0.140324963072,0.03601,84.2500045776,1.34392,-51.03125,1.3387,31.1250019073,90,1.338195,-31.5,1.35203,-56.78125,2.82105465226
"906",139.138,189.687535167,0.146253287792,-95.65625,-75.4081039429,"Rorb-IRES2-Cre",3.78334068983,0.382877382755,264.316666667,0.153571435275,0.046585,65.8250041962,1.1342,-39,1.131835,22.0625,110,1.13137,-30.90625,1.163735,-50.9062538147,2.51740696562
"909",330.074464,330.312430859,0.018837178126,-92.15625,-61.6267166138,"Rorb-IRES2-Cre",22.922397266,0.0140651737649,43.6254545455,0.340243906312,0.0315,101.882817268,1.202165,-46.9375038147,1.200425,35.0625038147,30.0000019073,1.199905,-33.90625,1.225895,-49.0937538147,2.19324704218
"914",191.35904,159.374848008,0.0329797305167,-96.9687576294,-80.3756484985,"Rorb-IRES2-Cre",15.7045745182,0.0103034531452,63.6757142857,0.204884111543,0.05394,93.5250045776,1.13456,-46.1562538147,1.13266,36.7187538147,110,1.1322,-32.875,1.15344,-53.5000038147,2.79948709889
"915",235.951264,232.031360269,0.0108916340396,-99.40625,-75.2405853271,"Scnn1a-Tg3-Cre",8.56787902155,0.251519266109,116.715,0.0672619047619,0.046655,90.6812530518,1.184135,-51.40625,1.18118,35.03125,70,1.18061,-40.03125,1.20086,-56.4375,3.46990871297
"921",158.85984,248.125001788,0.0537547953427,-96.2187576294,-73.4638595581,"Rorb-IRES2-Cre",18.5228566603,0.0219904320172,53.9873529412,0.282026143791,0.05778,85.6000038147,1.176795,-46.7812538147,1.1747,44.7187538147,50,1.17435,-32.78125,1.201805,-52.5937538147,3.64611331013
"925",189.283568,163.59385848,0.0291495863348,-97.2500076294,-79.1894683838,"Nr5a1-Cre",15.1119362708,0.0122443751468,66.1728571429,0.24998507017,0.03964,97.2083365122,1.08936,-50.40625,1.08686,39.7500038147,170,1.08644,-36.9375,1.0987,-54,3.91666800578
"926",161.193248,147.187545896,0.0363216288388,-90.03125,-74.2206802368,"Rorb-IRES2-Cre",13.8294194303,0.0306227483982,72.3096153846,0.26568627451,0.04176,103.368756104,1.190455,-51.28125,1.188825,51.28125,70,1.188465,-42.03125,1.236825,-58.9375,4.29004221241
"927",125.622,199.062541127,0.00188777619042,-90.0937576294,-69.7152557373,"Nr5a1-Cre",20.6074870254,0.0330766321578,48.5260526316,0.372828784119,0.02432,83.8385461171,1.113275,-51,1.11164,38.4375,70,1.111215,-39.09375,1.130865,-52.0312538147,3.4000943397
"928",144.937296,206.718668342,0.215651631355,-86.4687576294,-61.2651138306,"Ntsr1-Cre_GN220",23.9617483363,0.00830902058591,41.7331818182,0.269510582011,0.042005,88.0703172684,1.175595,-45.1250038147,1.17349,28.2812519073,50,1.172935,-31.96875,1.201125,-48.25,2.31831811183
"929",178.199488,225.937500596,0.0250830817968,-93.6875076294,-77.0405426025,"Nr5a1-Cre",8.56352260502,0.139288214949,116.774375,0.204470217759,0.0344,77.9062544505,1.1035,-47.2500038147,1.10163,27.5625,90,1.101135,-37.9375038147,1.12135,-51.8750038147,2.65122431713
"939",119.131568,107.343748212,0.0506856925786,-83.5937576294,-70.3413925171,"Nr5a1-Cre",18.6889688361,0.020571736118,53.5075,0.261079560021,0.028535,91.5104217529,1.1207,-49.53125,1.1193,42.3125038147,130,1.11889,-39.5937538147,1.13373,-53.0937538147,2.78839539286
"940",177.710032,168.43739152,0.0177898649126,-93.3750076294,-75.8291931152,"Rorb-IRES2-Cre",10.5124835742,0.0733398425837,95.125,0.278774436215,0.041875,96.2187525431,1.134365,-50.875,1.13253,39.1250038147,130,1.132095,-36.4062538147,1.14846,-54.6875038147,3.31806110503
"942",165.931616,230.044677854,0.0323442555964,-98.4375,-73.2083282471,"Rorb-IRES2-Cre",17.2260342798,0.0183919874829,58.0516666667,0.199214145383,0.05784,79.9791692098,1.82151,-48.5,1.81878,37.5312538147,50,1.818325,-36.1562538147,1.84859,-55.90625,3.52229179453
"944",93.896816,131.406247616,0.0534133799374,-90.5000076294,-75.3521347046,"Scnn1a-Tg2-Cre",11.474271814,0.0219884409981,87.1515,0.168465924214,0.07715,98.7968788147,1.331955,-39,1.32885,32.0312538147,110,1.328305,-25.3750019073,1.37118,-50.15625,2.59377667135
"945",140.444576,174.218848348,0.0638275370002,-89.6875076294,-73.7013092041,"Nr5a1-Cre",14.3383407231,0.0434096205589,69.7430769231,0.218259541985,0.040105,84.5125015259,1.187515,-48.5312538147,1.18546,32,90,1.18506,-35.25,1.21696,-58.4375,2.95947109906
"946",130.50368,157.031327486,0.00593568105251,-86.125,-68.5474395752,"Rorb-IRES2-Cre",13.7857900318,0.00482178044449,72.5384615385,0.15508929327,0.028025,85.554693222,1.127045,-53.7812538147,1.12062,27.6250019073,110,1.12016,-35.5625,1.13431,-56.8125038147,3.71647010681
"947",106.513552,129.843786359,0.119937628508,-82.9375,-68.9887924194,"Rorb-IRES2-Cre",7.80218851388,0.0251319275325,128.169166667,0.08769018204,0.097435,96.4437553406,1.215205,-42.8125038147,1.210995,48.5,110,1.210575,-34.6875,1.272035,-53.6875,4.11118103724
"949",352.271168,369.218885899,0.0484769903123,-101.406257629,-71.9150695801,"Rorb-IRES2-Cre",29.7796307326,0.0139529334471,33.58,0.401593624162,0.02352,104.664066315,1.33742,-55.4375,1.33586,47.21875,20,1.3355,-42.0000038147,1.3762,-60.0937538147,4.32916523433
"955",227.410944,167.343750596,0.0222554951906,-98.03125,-78.7549057007,"Scnn1a-Tg3-Cre",11.2363057524,0.05342741945,88.9972222222,0.111111111111,0.06294,91.3705384391,1.15808,-46.65625,1.154115,37.65625,90,1.15347,-36.4375,1.195375,-53.125,4.37520683742
"956",237.4744,135.312497616,0.114090159535,-82.03125,-69.0844650269,"Scnn1a-Tg3-Cre",6.60095053688,0.199393342765,151.493333333,0.136379309735,0.0501,89.3828134537,1.118815,-43.2500038147,1.11631,36.25,210,1.11585,-27.3750019073,1.13807,-48.90625,3.13639518111
"958",200.776256,171.562463045,0.00302252266556,-97.09375,-79.3514709473,"Nr5a1-Cre",16.8086060063,0.13121198102,59.4933333333,0.0748974366767,0.03448,84.7437553406,1.13022,-44.5,1.12794,30.03125,150,1.12744,-34.3125,1.14796,-48.03125,2.93216892873
"959",129.13652,137.500077486,0.0892390981317,-90.5937576294,-75.5594406128,"Scnn1a-Tg2-Cre",9.11307042125,0.00851028655863,109.7325,0.16250484684,0.0922,96.5375038147,1.38794,-51.6250038147,1.38538,41.3125,70,1.38496,-44.3750038147,1.44696,-62.2812538147,4.6748068812
"960",147.9972,243.750065565,0.111824981868,-100.3125,-81.1754684448,"Ntsr1-Cre_GN220",14.5756250701,0.0244104558706,68.6076923077,0.202789116895,0.038125,94.7890672684,1.118235,-55.84375,1.11626,38.53125,50,1.115845,-44.9375038147,1.153875,-56.2812538147,3.56419271962
"966",204.26136,133.593708277,0.0484857745469,-96.1250076294,-81.4397125244,"Scnn1a-Tg3-Cre",11.4573785518,0.0108898144591,87.28,0.146149143864,0.07182,94.4000030518,1.31552,-49.1875038147,1.31282,39.09375,90,1.3123,-36.0937538147,1.35088,-59.3125038147,3.34522670412
"967",182.000352,167.656168342,0.056440487504,-94.28125,-73.415802002,"Nr5a1-Cre",16.6083528943,0.0371403162878,60.2106666667,0.244980314961,0.033,81.1328148842,1.114445,-48.0625,1.11281,31.46875,80,1.11245,-35.1250038147,1.128095,-53,2.95878916329
"968",251.63056,162.968829274,0.0304045584053,-96.78125,-78.2592773438,"Scnn1a-Tg3-Cre",17.9026988318,0.0213311008117,55.8575,0.12619047619,0.04898,89.1953163147,1.14522,-46.09375,1.14316,39.5937538147,90,1.14274,-35.875,1.15672,-51.0625038147,3.54172328053
"969",165.862832,119.687534869,0.0475014671683,-93,-79.3867645264,"Rorb-IRES2-Cre",11.8478307699,0.0282925608156,84.4036363636,0.122825156327,0.05648,92.6875053406,1.13298,-44.125,1.13018,30.90625,130,1.12968,-35.71875,1.16882,-52.4687538147,3.91154616197
