"","input_resistance_mohm","ri","sag","vm_for_sag","vrest","transgenic_line","firing_rate","fast_trough_t_short_square","fast_trough_v_short_square","peak_t_short_square","peak_v_short_square","slow_trough_t_short_square","slow_trough_v_short_square","threshold_i_short_square","threshold_t_short_square","threshold_v_short_square","trough_t_short_square","trough_v_short_square","upstroke_downstroke_ratio_short_square"
"3",289.12208,266.406327486,0.0415404625237,-99.0937576294,-72.1746749878,"Cux2-CreERT2",12.2858355485,1.027302,-55.8000022888,1.023475,29.0875011444,1.691744,-73.3375,469.999969482,1.023001,-46.1250007629,1.691744,-73.3375,4.0963716292
"5",209.971936,136.562421918,0.132638186216,-95.5000076294,-80.0506210327,"Ntsr1-Cre_GN220",3.25626831651,1.02542666667,-55.0937525431,1.02356,42.3229179382,1.1305,-81.2500050863,860,1.02312,-46.9375025431,1.1305,-81.2500050863,3.06070724707
"9",148.06432,153.749927878,0.103811219335,-85.2187576294,-68.5057373047,"Scnn1a-Tg3-Cre",12.5628140704,1.02487,-50.7812519073,1.02339,44.21875,1.50935,-68.9218788147,0,1.02301,-48.2812519073,1.50935,-68.9218788147,3.6690064788
"11",190.866704,170.625045896,0.0146091291681,-94.0000076294,-75.3428726196,"Rbp4-Cre_KL100",14.264317809,1.025854,-54.6375030518,1.023478,26.3000015259,1.57757,-75.2062545776,780,1.022943,-49.9000030518,1.57757,-75.2062545776,2.91999029842
"24",169.609664,123.906247318,0.0693726539612,-92.0625,-77.8588638306,"Scnn1a-Tg3-Cre",13.9766911796,1.025428,-51.8750022888,1.02346,36.8625022888,1.605676,-78.3750045776,1080,1.023104,-45.3062515259,1.605676,-78.3750045776,3.83065047134
"26",250.077936,133.437380195,0.0483482480049,-96.5,-80.5925750732,"Nr5a1-Cre",15.6187246196,1.024895,-50.8593769073,1.023525,45.3359394073,1.53851,-81.1953125,0,1.023155,-47.9765644073,1.53851,-81.1953125,4.01802602132
"29",162.225472,160.156279802,0.16462264955,-93.9687576294,-76.3359832764,"Ntsr1-Cre_GN220",11.8690519864,1.02574,-53.8250015259,1.023672,35.9000022888,1.117364,-76.8000045776,0,1.023168,-46.5312515259,1.117364,-76.8000045776,2.88725853272
"31",243.125056,187.343835831,0.0894831418991,-96.5312576294,-78.4394836426,"Rbp4-Cre_KL100",11.9405577326,1.02513166667,-50.9895846049,1.02339666667,21.3697926203,1.53387083333,-79.255212148,758.333384196,1.0229425,-41.8593775431,1.53387083333,-79.255212148,2.67732104721
"32",338.62912,339.620679617,0.0263885930181,-101.906257629,-72.08177948,"Slc17a6-IRES-Cre",16.0008533788,1.02511,-54.0437530518,1.023375,38.1875022888,1.719038,-74.9750045776,450,1.02296,-48.4062507629,1.719038,-74.9750045776,3.67776544233
"39",190.132208,150.156363845,0.0869927704334,-83.9375,-66.0966186523,"Ctgf-T2A-dgCre",18.0065671009,1.02632,-51.7395858765,1.02359333333,41.1458346049,1.84056666667,-66.3125025431,300,1.02313333333,-47.0208346049,1.84056666667,-66.3125025431,4.13871992427
"42",184.994368,184.843823314,0.137442618608,-94.5000076294,-76.536239624,"Rorb-IRES2-Cre",9.6396898162,1.025356,-55.8750015259,1.023528,35.4687515259,1.260108,-77.075,780,1.023136,-47.4312507629,1.260108,-77.0750015259,3.54005132791
"43",364.885504,169.999882579,0.0129319084808,-96.6562576294,-78.5291442871,"Rorb-IRES2-Cre",8.03944688605,1.02513875,-52.671875,1.0234075,42.3359375,1.63630625,-79.0546894073,880,1.02305125,-48.0390644073,1.63630625,-79.0546894073,4.29680332701
"48",222.037824,197.187453508,0.00515500456095,-81.84375,-57.1328697205,"Rorb-IRES2-Cre",8.25883178824,1.02533,-50.2812538147,1.023385,38.4062519073,1.079095,-58.6718769073,225,1.02298,-41.5781288147,1.079095,-58.6718769073,3.26975156341
"51",149.066784,118.080377579,0.0944587662816,-80.6250076294,-68.4131774902,"Rbp4-Cre_KL100",9.84871282795,1.025401,-48.7375015259,1.023547,23.7625015259,1.682607,-68.5937530518,630,1.023114,-47.4000022888,1.682607,-68.5937545776,3.01403181074
"57",244.460368,178.28117311,0.0534816235304,-96.09375,-79.4305877686,"Rbp4-Cre_KL100",16.2916863525,1.02569125,-51.7734384537,1.02349375,36.0937519073,1.62694375,-79.8984394073,820,1.023105,-42.8437519073,1.62694375,-79.8984394073,3.61953651154
"58",132.65108,197.812542319,0.0240997374058,-100.468757629,-81.9204101562,"Rorb-IRES2-Cre",12.4300105655,1.02546375,-46.843752861,1.0235475,25.0078129768,1.6290325,-82.2890644073,920,1.02311625,-34.1250014305,1.6290325,-82.2890644073,2.86063858686
"61",141.49072,136.87504828,0.204059511423,-82.21875,-68.0052108765,"Rbp4-Cre_KL100",8.58774528747,1.025515,-52.1375038147,1.02338,38.2437522888,1.110434,-69.3875061035,780,1.022979,-49.8625022888,1.110434,-69.3875061035,3.97220715053
"63",121.629184,114.375077188,0.00830821041018,-87.96875,-74.8086242676,"Rorb-IRES2-Cre",7.93416906581,1.0248,-48.8562522888,1.022992,44.0312515259,1.647676,-74.3375061035,900,1.022572,-46.9562515259,1.647676,-74.3375061035,4.59851350234
"69",190.300928,200.468793511,0.0824973285198,-88.1875,-67.3841094971,"Ctgf-T2A-dgCre",13.4174158057,1.025776,-53.2812538147,1.023288,38.3437522888,1.407764,-68.8625045776,550,1.022912,-44.3062515259,1.407764,-68.8625045776,3.946979417
"71",222.887792,179.53132093,0.0298339929432,-86.7812576294,-67.0462722778,"Ndnf-IRES2-dgCre",19.4865299362,1.02504,-56.5750015259,1.022852,29.5312511444,1.242056,-68.1375061035,499.999969482,1.022484,-43.0687522888,1.242056,-68.1375061035,2.61938132981
"75",210.982144,189.374998212,0.113283351064,-92.78125,-72.2372360229,"Rorb-IRES2-Cre",9.40225183932,1.02581,-51.1562519073,1.023365,49.296877861,1.32048875,-72.2734451294,700,1.02301,-46.445315361,1.32048875,-72.2734451294,4.53861343004
"76",259.181008,202.812537551,0.0622826330364,-98.4687576294,-77.232673645,"Cux2-CreERT2",13.0483262556,1.0256,-54.0625038147,1.02325,40.5156288147,1.52288,-78.0781288147,800,1.02287,-47.0156288147,1.52288,-78.0781288147,4.13659617716
"77",182.50048,124.062463641,0.0150359999388,-94.7187576294,-80.3704452515,"Cux2-CreERT2",19.7657755596,1.029433,-59.5562530518,1.023451,38.1750022888,1.349609,-80.4687530518,344.000024414,1.023016,-49.2875015259,1.349609,-80.4687530518,4.76659225074
"84",109.64168,122.812502086,0.0203067641705,-93.90625,-80.4940795898,"Scnn1a-Tg2-Cre",12.7629975176,1.026725,-56.21875,1.0235875,38.4531259537,1.7471675,-80.3515625,959.999938965,1.02311375,-54.6250009537,1.7471675,-80.3515625,4.67807273498
"87",201.156832,208.906248212,0.0733392834663,-94.96875,-72.9885177612,"Cux2-CreERT2",10.1971447995,1.02645666667,-52.9791679382,1.02352,39.7187525431,1.31331833333,-74.9270858765,770,1.02304166667,-46.5520858765,1.31331833333,-74.9270858765,3.95726501364
"88",160.389952,186.875000596,0.0202918145806,-95.6875,-75.2422332764,"Nr5a1-Cre",11.0576657268,1.02533125,-50.6171894073,1.02350375,37.296875,1.82248375,-74.8984394073,830,1.02309125,-43.09375,1.82248375,-74.8984394073,3.40111784582
"93",182.719216,233.281329274,0.118305526674,-94.2812576294,-73.0314865112,"Rorb-IRES2-Cre",9.13617468366,1.025206,-49.1562522888,1.023385,45.0875022888,1.568509,-74.4437561035,800,1.022991,-44.7500022888,1.568509,-74.4437561035,3.95198373464
"96",137.701248,85.9374776483,0.108218982816,-78.21875,-70.4233016968,"Rbp4-Cre_KL100",7.24611427122,1.02482333333,-53.7187531789,1.02329333333,39.5468762716,1.20909916667,-70.9062525431,920,1.02296666667,-48.9583346049,1.20909916667,-70.9062525431,3.63033145864
"99",272.356064,195.937529206,0.0292322263122,-100.8125,-78.8551330566,"Scnn1a-Tg3-Cre",20.2200796033,1.02527666667,-54.4010416667,1.02343833333,39.8593756358,1.47204,-80.1718762716,105,1.0230325,-42.651043574,1.47204,-80.1718762716,3.48244378937
"101",148.17216,154.218822718,0.174613907933,-83.53125,-66.1993484497,"Rbp4-Cre_KL100",7.47700819979,1.024762,-47.3062530518,1.02328,40.0437530518,1.190634,-67.4312515259,568,1.02293,-43.2062507629,1.190634,-67.4312515259,3.44253349275
"107",282.708064,215.000107884,0.068071834743,-96.5,-72.8924713135,"Ctgf-T2A-dgCre",18.7496093831,1.026236,-54.3562522888,1.023512,40.1562515259,1.520652,-73.3500045776,479.999969482,1.023132,-45.3687522888,1.520652,-73.3500045776,4.30908829996
"108",197.70776,183.750033379,0.0408375635743,-98.96875,-78.2534942627,"Nr5a1-Cre",10.5598293532,1.02536125,-47.515625,1.0235225,31.1328129768,1.58389,-79.5234394073,860,1.02309875,-42.5234375,1.58389,-79.5234394073,3.48663141429
"113",110.029904,99.06257689,0.0279425401241,-86.1562576294,-75.1433410645,"Ctgf-T2A-dgCre",6.59404425923,1.02605333333,-48.3541704814,1.02361333333,41.2500012716,1.64114666667,-75.7083384196,1190,1.02315333333,-42.0416692098,1.64114666667,-75.7083384196,4.034912342
"119",321.108416,217.187687755,0.0523097552359,-90.4687576294,-70.7851715088,"Cux2-CreERT2",17.8051488301,1.024584,-55.5375030518,1.022812,43.5625030518,1.558484,-69.5125045776,600,1.02244,-44.6812515259,1.558484,-69.5125045776,4.17296804039
"123",202.347344,212.031289935,0.0468316674232,-97.84375,-73.9191589355,"Cux2-CreERT2",21.4795085488,1.02490666667,-50.6875038147,1.02336166667,33.9791692098,1.79030166667,-75.9791692098,690,1.02300833333,-44.1979179382,1.79030166667,-75.9791692098,3.23600092112
"124",104.156048,162.812381983,0.116804018617,-94.5937576294,-73.9795761108,"Rorb-IRES2-Cre",16.0848421809,1.024631,-53.7062530518,1.023265,40.5125015259,1.804775,-75.0187515259,378,1.022924,-46.3312522888,1.804775,-75.0187515259,2.85398766645
"125",153.991008,250.468790531,0.154492259026,-89.28125,-66.1167221069,"Scnn1a-Tg3-Cre",11.8563229231,1.024991,-51.2812515259,1.023265,51.8750022888,1.176302,-66.8750015259,530,1.022887,-41.4687515259,1.176302,-66.8750015259,3.04810752539
"126",147.576528,160.000115633,0.0200274847448,-91.96875,-77.0050354004,"Cux2-CreERT2",9.06980118996,1.027921,-53.3000030518,1.023456,29.1500015259,1.755804,-77.8250030518,852,1.023021,-40.8875030518,1.755804,-77.8250030518,3.70945765542
"129",146.92272,103.90625149,0.0919351428747,-84.6875,-72.3729629517,"Nr5a1-Cre",79.5289439474,1.0242125,-61.1875009537,1.02312625,17.6562514305,1.55408875,-72.3828163147,397.5,1.02281875,-42.3515625,1.55408875,-72.3828163147,1.64806893554
"131",141.152544,136.718794703,0.0877228975296,-75.9687576294,-61.491153717,"Rorb-IRES2-Cre",17.625347323,1.025062,-52.8125038147,1.023392,46.9062522888,1.08181,-61.9750015259,540,1.023055,-45.2312522888,1.08181,-61.9750015259,3.56616982371
"132",159.014672,180.625006557,0.0429490320385,-100.968757629,-78.7545089722,"Nr5a1-Cre",23.1109430315,1.025061,-51.2125015259,1.023392,20.9875007629,1.352554,-78.8250061035,670,1.022978,-44.8187507629,1.352554,-78.8250061035,2.57040958273
"136",100.70636,147.499918938,0.137995809317,-90.9062576294,-74.173248291,"Ntsr1-Cre_GN220",19.5723442775,1.025126,-56.0312515259,1.023595,43.2750030518,1.123507,-75.1000045776,509.999969482,1.023175,-51.4937538147,1.123507,-75.1000045776,2.75114308122
"137",176.9292,123.281359673,0.0316939763725,-99.6562576294,-85.1570739746,"Nr5a1-Cre",11.0791048083,1.02522375,-52.9687519073,1.02349125,35.9218759537,1.72551,-84.7109375,840,1.0230625,-46.2031259537,1.72551,-84.7109375,3.54903700403
"138",200.678192,148.43736589,0.0466642975807,-96.375,-76.7660217285,"Nr5a1-Cre",18.4365781711,1.0250025,-48.5703144073,1.0233175,41.5078144073,1.54085,-77.4843769073,900,1.022955,-43.828125,1.54085,-77.4843769073,4.17585052516
"146",198.265632,191.093742847,0.13133738935,-96.59375,-76.037902832,"Rorb-IRES2-Cre",16.2555810828,1.026192,-56.6062522888,1.02354,26.0875011444,1.312492,-76.1250045776,800,1.023036,-45.5375030518,1.312492,-76.1250061035,3.4921580779
"147",190.287488,144.062504172,0.268266767263,-84.96875,-68.8367080688,"Rbp4-Cre_KL100",18.7258697891,1.02493125,-52.468752861,1.02346375,45.2812538147,1.1009775,-70.6718769073,610,1.02310875,-45.609377861,1.1009775,-70.6718769073,3.47141272836
"152",227.508608,197.343707085,0.0717815309763,-91.03125,-72.4250030518,"Cux2-CreERT2",10.7931334085,1.02461333333,-50.9010454814,1.02327083333,42.2187519073,1.44612583333,-73.4531300863,575,1.022955,-45.2031275431,1.44612583333,-73.4531300863,3.45025455965
"153",130.769056,139.375120401,0.0630606859922,-96,-79.9310379028,"Rorb-IRES2-Cre",12.2561035396,1.02511375,-52.546875,1.02338875,41,1.43922,-79.3359413147,1170,1.02301625,-46.1718769073,1.43922,-79.3359413147,3.45457088034
"155",151.449984,156.874880195,0.0137283848599,-83.4687576294,-67.0353393555,"Ctgf-T2A-dgCre",14.6017376068,1.02670333333,-52.3177089691,1.02348666667,37.1614602407,1.78405333333,-68.0208346049,530,1.02310333333,-48.182293574,1.78405333333,-68.0208346049,5.18909898526
"156",135.071536,150.312572718,0.0128363044932,-97.3750076294,-82.9683837891,"Rorb-IRES2-Cre",13.8643744234,1.024895,-51.0468769073,1.0234075,43.921875,1.9102275,-85.0625038147,1030,1.0230625,-50.3281269073,1.9102275,-85.0625038147,3.704824362
"159",171.60632,190.937504172,0.0479762889445,-90.2812576294,-71.7251586914,"Rorb-IRES2-Cre",13.4447002672,1.02565416667,-55.0677108765,1.023565,47.854168574,1.51758333333,-72.6093788147,520,1.023155,-48.5677096049,1.51758333333,-72.6093788147,4.20822914241
"161",165.977264,181.093752384,0.0409501716495,-100.031257629,-82.3311004639,"Nr5a1-Cre",13.1368642305,1.025315,-51.6875025431,1.02338666667,41.1562525431,1.49569666667,-83.2916692098,920,1.02300666667,-48.1562525431,1.49569666667,-83.2916692098,3.85286825276
"166",296.814144,241.40624702,0.0152476402,-98.3750076294,-78.1602478027,"Rorb-IRES2-Cre",15.1815952353,1.02508375,-50.1484394073,1.0234075,43.8125038147,1.785885,-79.7421913147,750,1.02303375,-47.8593769073,1.785885,-79.7421913147,3.99639218014
"167",116.338568,137.968748808,0.0681690126657,-95.15625,-79.8806610107,"Rbp4-Cre_KL100",9.43741226156,1.025399,-51.9875015259,1.023264,36.9437538147,1.623481,-80.8000030518,1310,1.022898,-51.1000022888,1.623481,-80.8000030518,4.45109383231
"172",181.365824,180.468738079,0.0440940260887,-97.3437576294,-79.6418533325,"Ctgf-T2A-dgCre",16.9760072431,1.026156,-58.1500030518,1.023328,47.0187515259,1.552472,-80.1062530518,499.999969482,1.02298,-52.8437530518,1.552472,-80.1062530518,5.10970698642
"175",200.82352,188.90632689,0.0176209826022,-96.0312576294,-75.0912857056,"Rorb-IRES2-Cre",14.9713405766,1.02508,-54.0625038147,1.02343333333,45.989587148,1.41766666667,-76.1875050863,760,1.02308,-47.1666704814,1.41766666667,-76.1875050863,4.11386181967
"179",111.783512,96.4062511921,0.128462821245,-87.3750076294,-77.0904159546,"Rorb-IRES2-Cre",8.03973928274,1.025618,-52.4000030518,1.023623,43.7125015259,1.151585,-77.7000015259,1180,1.023198,-48.0125030518,1.151585,-77.7000015259,3.53051666206
"180",237.443072,210.000112653,0.0674153268337,-96.8437576294,-76.3125610352,"Rorb-IRES2-Cre",19.0524577671,1.02546,-51.53125,1.02346,39.4375038147,1.99028,-77.0312576294,650,1.02304,-47.6562538147,1.99028,-77.0312576294,4.54456475539
"181",130.625632,156.875044107,0.0385764725506,-97,-80.403678894,"Cux2-CreERT2",5.00625782228,1.02573125,-53.945315361,1.02345875,45.945315361,1.68241875,-80.8281269073,870,1.023055,-48.6953163147,1.68241875,-80.8281269073,4.85402070255
"182",227.302992,202.812537551,0.0736343935132,-89.4687576294,-66.8419036865,"Scnn1a-Tg2-Cre",16.2277071873,1.02496166667,-40.8229179382,1.0233875,42.2864583333,1.57914666667,-70.4583333333,310,1.02300916667,-27.5104173024,1.57914666667,-70.4583333333,2.73535191528
"184",201.381808,171.093553305,0.10041770339,-97.09375,-77.6002655029,"Rbp4-Cre_KL100",11.540196603,1.02576375,-61.054690361,1.02352625,36.2890663147,1.114405,-77.8515644073,630,1.0230775,-49.1093788147,1.114405,-77.8515644073,3.39348736882
"190",103.000992,90.156249702,0.176212117076,-82.7812576294,-71.9120330811,"Rbp4-Cre_KL100",10.4571882712,1.02523833333,-50.1093769073,1.02338916667,45.4114615122,1.09744416667,-72.505212148,1170,1.02303916667,-48.3177108765,1.09744416667,-72.505212148,4.05831911336
"191",99.909832,101.562425494,0.0296605732292,-85.90625,-74.6041259766,"Ctgf-T2A-dgCre",11.1482720178,1.026608,-54.2937515259,1.023364,38.2375030518,1.57106,-75.0062530518,840,1.022944,-48.2250030518,1.57106,-75.0062530518,4.52125691308
"193",147.077856,151.093795896,0.0657483264804,-90.125,-73.7776107788,"Scnn1a-Tg3-Cre",9.98820143705,1.02448,-46.8312515259,1.023342,37.8125015259,1.236623,-75.2937545776,1030,1.02305,-45.3937522888,1.236623,-75.2937545776,3.30677019094
"194",169.12584,151.56288445,0.112007252872,-97.6875076294,-78.5200042725,"Ntsr1-Cre_GN220",22.1675656846,1.026102,-54.7187522888,1.023705,16.7187507629,1.121797,-79.4312530518,720,1.023187,-41.4875030518,1.121797,-79.4312530518,2.32978840263
"195",181.7188,150.468751788,0.0196336731315,-92.5625076294,-75.2881317139,"Cux2-CreERT2",11.88001188,1.025128,-53.6500030518,1.023336,44.9875015259,1.636216,-75.5937530518,680,1.023016,-47.2750038147,1.636216,-75.5937530518,4.25483504934
"200",136.608464,118.750378489,0.072341106832,-89.8750076294,-71.7197418213,"Rorb-IRES2-Cre",5.94802614752,1.027125,-49.3541679382,1.02358833333,28.7708346049,1.495545,-72.0520858765,393.333333333,1.02308833333,-40.9270858765,1.495545,-72.0520858765,4.17656173182
"203",151.260384,136.250004172,0.00724146328866,-84.0625,-69.0978317261,"Scnn1a-Tg2-Cre",10.667349377,1.02561,-48.648440361,1.02344,40.882815361,1.89403,-68.695318222,999.999938965,1.02303,-44.2578134537,1.89403,-68.695318222,4.29124756572
"206",374.962944,356.249958277,0.0765689760447,-98.0625076294,-59.0870780945,"Rbp4-Cre_KL100",11.1366015547,1.02554,-49.2343769073,1.023435,33.0000009537,1.07468,-59.890627861,340,1.02303,-40.0625009537,1.07468,-59.8906288147,3.41301858326
"208",180.567264,181.718721986,0.0295567587018,-100.562507629,-80.5188903809,"Scnn1a-Tg3-Cre",16.7167239679,1.024975,-51.9250030518,1.023232,37.6125022888,1.61256,-82.0750015259,910.000061035,1.022883,-46.2562522888,1.61256,-82.0750015259,3.87170453891
"209",86.395136,138.258814812,0.118607446551,-88.1250076294,-72.4948730469,"Ntsr1-Cre_GN220",13.5212138187,1.02518916667,-53.0572942098,1.02336583333,47.8177102407,1.32346666667,-72.786462148,770,1.02294916667,-45.0312519073,1.32346666667,-72.786462148,2.75261395643
"210",459.790784,263.593733311,0.0127053381875,-101.250007629,-77.0944213867,"Scnn1a-Tg3-Cre",19.8050304777,1.024896,-54.6250015259,1.023352,43.9187507629,1.80228,-78.2437515259,489.999969482,1.022988,-45.0062522888,1.80228,-78.2437515259,4.01986657942
"215",204.612864,182.031333447,0.0285894460976,-93.5,-74.3327331543,"Cux2-CreERT2",6.83772372177,1.024465,-46.5000030518,1.023173,43.0500022888,1.801213,-75.1250045776,820,1.022869,-46.8187530518,1.801213,-75.1250045776,3.74238864489
"219",152.558272,251.874893904,0.15363804996,-97.7812576294,-69.9340515137,"Rbp4-Cre_KL100",17.5662990553,1.02492416667,-56.119793574,1.02345083333,36.1458358765,1.73394416667,-71.0572942098,61.6666666667,1.02301166667,-51.1614608765,1.73394416667,-71.0572942098,2.45313286739
"221",98.927008,102.656133473,0.0125178266317,-76.25,-66.1836395264,"Rorb-IRES2-Cre",7.9965881224,1.026058,-51.7500015259,1.023562,35.5375022888,1.096808,-67.20625,1150,1.02309,-50.7562522888,1.096808,-67.20625,3.15220099828
"224",186.281984,188.593819737,0.048895534128,-94.9375,-74.1413345337,"Rorb-IRES2-Cre",17.3415416631,1.024356,-55.2500022888,1.022852,37.1937515259,1.438652,-74.5625030518,700,1.02252,-51.0125030518,1.438652,-74.5625030518,4.06816412857
"229",150.04936,193.281367421,0.0975460112095,-87.0937576294,-65.6994934082,"Rorb-IRES2-Cre",10.4575770956,1.025501,-51.3312522888,1.023336,47.6000015259,1.480013,-66.9625045776,296,1.022992,-44.6125022888,1.480013,-66.9625045776,3.84556386044
"231",158.781888,175.000041723,0.036180742085,-95.4062576294,-78.5516433716,"Rorb-IRES2-Cre",7.07284440332,1.024589,-52.0750038147,1.023051,44.0187515259,1.681236,-79.8937530518,930,1.022738,-49.2312530518,1.681236,-79.8937530518,4.48030398561
"234",253.899536,331.250011921,0.14223715663,-101.84375,-61.3951797485,"Rorb-IRES2-Cre",8.7973475997,1.0254,-46.8750038147,1.02323,35.25,1.18117,-61,509.999969482,1.022695,-42.1875,1.18117,-61.0000038147,3.12193365557
"239",354.501888,248.571425676,0.103792816401,-99.3437576294,-75.8354644775,"Scnn1a-Tg2-Cre",19.1366195162,1.025063,-55.8312522888,1.023403,32.49375,1.270807,-77.0937545776,224,1.023033,-45.9500007629,1.270807,-77.0937545776,2.88323944805
"240",215.525728,180.46875298,0.165725931525,-98.1875076294,-77.5682601929,"Rbp4-Cre_KL100",8.08283287126,1.02497916667,-47.5260429382,1.023435,35.5677108765,1.579935,-77.8750025431,989.999938965,1.02304666667,-42.9062519073,1.579935,-77.8750025431,3.3109276703
"244",94.737656,160.312458873,0.0773743540049,-91.0000076294,-74.1493377686,"Rorb-IRES2-Cre",9.29281665273,1.025344,-51.4375022888,1.023356,46.4687538147,1.585836,-74.9875030518,949.999938965,1.02298,-47.9625007629,1.585836,-74.9875030518,4.32754701505
"251",134.68496,146.093830466,0.0842964947224,-89.21875,-73.2192153931,"Ntsr1-Cre_GN220",12.4513971034,1.025195,-52.8250030518,1.02345,24.7562515259,1.103703,-73.5625045776,144,1.023049,-39.7375007629,1.103703,-73.5625045776,2.21985885676
"256",159.277248,268.359363079,0.0222496464849,-96.9375076294,-66.9598922729,"Nr5a1-Cre",15.2546989921,1.0248425,-56.8593769073,1.0233875,35.4375019073,1.9499175,-69.9062538147,350,1.0229775,-48.3593769073,1.9499175,-69.9062538147,2.88665379957
"257",217.039808,134.687542915,0.0297235641629,-96.59375,-81.1610488892,"Cux2-CreERT2",13.446282103,1.02486666667,-51.6718775431,1.02335,45.8958346049,1.58754,-81.8697967529,850,1.02302,-46.5729192098,1.58754,-81.8697967529,4.30041403575
"258",199.163616,128.78613174,0.103579640388,-86.5625076294,-74.2342147827,"Rbp4-Cre_KL100",16.6680556713,1.02512,-54.3984394073,1.023475,35.2343769073,1.245045,-75.007818222,810,1.023085,-50.101565361,1.245045,-75.007818222,3.17560412493
"259",201.29512,82.6562866569,0.0443052984774,-85.28125,-76.6352844238,"Ndnf-IRES2-dgCre",19.0822557471,1.02733666667,-60.0364615122,1.02343333333,29.8125009537,1.37446,-76.6562512716,750,1.02306666667,-41.8333346049,1.37446,-76.6562525431,2.57533224406
"260",121.16748,115.468673408,0.122788280249,-90.3125,-75.9193191528,"Ntsr1-Cre_GN220",14.113828023,1.025059,-53.0062515259,1.023485,43.7250015259,1.117463,-76.8750030518,0,1.02311,-44.8125022888,1.117463,-76.8750030518,2.62786801807
"263",184.926912,196.874961257,0.0152577310801,-94.7187576294,-73.4410629272,"Rorb-IRES2-Cre",15.2686741338,1.02530333333,-53.1822929382,1.02346166667,44.7656262716,1.45273333333,-73.8958346049,650,1.02311083333,-46.1458333333,1.45273333333,-73.8958346049,4.42052621973
"264",370.4088,201.87497139,0.0250958018005,-100.625007629,-77.4324569702,"Rorb-IRES2-Cre",10.1710430405,1.025479,-54.9687515259,1.022873,43.5937515259,1.796269,-77.9875045776,680,1.022551,-49.7437530518,1.796269,-77.9875045776,5.22847801961
"265",187.116976,182.81237781,0.117170937359,-89.4687576294,-69.3327636719,"Ndnf-IRES2-dgCre",36.7985280589,1.024668,-55.6750022888,1.023388,32.7000007629,1.05246,-70.3875030518,390,1.02308,-42.1687522888,1.05246,-70.3875030518,2.56836759615
"273",168.066432,163.28124702,0.0542853847146,-97.03125,-78.5653686523,"Nr5a1-Cre",12.3357799297,1.024668,-50.7500022888,1.023317,48.9562515259,1.418655,-79.0000030518,750,1.02301,-49.19375,1.418655,-79.0000030518,4.25413685648
"275",110.627536,129.687696695,0.0590607635677,-89.0312576294,-74.278503418,"Cux2-CreERT2",12.4749084228,1.025385,-49.5937519073,1.0234475,31.2187519073,1.6319925,-74.8593826294,860.000061035,1.023055,-42.59375,1.6319925,-74.8593826294,3.25268357751
"284",116.738032,182.968750596,0.0105836531147,-95.0312576294,-76.0704803467,"Nr5a1-Cre",12.8828248521,1.02486833333,-47.1979204814,1.023465,31.0312512716,1.488845,-76.9895858765,1050,1.02312166667,-35.4791692098,1.488845,-76.9895858765,2.80144732119
"287",150.403872,82.9688236117,0.0387163348496,-83.7187576294,-73.0732498169,"Cux2-CreERT2",73.346644391,1.024292,-56.8375022888,1.023364,16.3187517166,1.59108,-73.8437515259,600,1.023084,-45.0625030518,1.59108,-73.8437515259,1.65733573907
"290",158.798208,153.124794364,0.0595687665045,-89,-73.5985412598,"Cux2-CreERT2",11.8862378976,1.024904,-52.8312522888,1.023148,47.1812522888,1.286644,-73.7937515259,800,1.022788,-48.15,1.286644,-73.7937515259,3.87221611025
"294",168.499824,219.999998808,0.112370699644,-96.1875,-75.9695968628,"Rorb-IRES2-Cre",10.707338691,1.025545,-57.5729179382,1.02350666667,30.1354166667,1.49982,-76.9270909627,0,1.02307833333,-42.6979179382,1.49982,-76.9270909627,2.81020990393
"295",197.584736,167.96875,0.0941582620144,-94.4062576294,-77.261932373,"Rbp4-Cre_KL100",14.8696673655,1.02527875,-51.4375019073,1.02341125,42.6562519073,1.33708375,-77.8359375,960.000061035,1.02304625,-46.15625,1.33708375,-77.8359375,3.35591294459
"297",151.12976,166.718706489,0.0119197703898,-94.34375,-77.0500564575,"Nr5a1-Cre",19.7180321404,1.02461,-50.7937515259,1.023346,48.8500022888,1.752269,-78.3312545776,880,1.023045,-44.1312515259,1.752269,-78.3312545776,3.35054869594
"299",228.0352,263.437449932,0.0362643152475,-97.9062576294,-73.1930770874,"Rorb-IRES2-Cre",10.9484484484,1.024796,-52.2750015259,1.023356,32.0875011444,1.740169,-74.8562545776,440,1.022989,-47.0937522888,1.740169,-74.8562545776,3.0884879472
"303",161.413456,210.937380791,0.0616592243314,-98.46875,-77.8417892456,"Nr5a1-Cre",13.3649637475,1.0251175,-50,1.023525,35.7968769073,1.7273975,-78.453125,0,1.02313,-42.0156288147,1.7273975,-78.453125,3.06313817275
"308",211.474736,162.812456489,0.114322602749,-91.5625,-75.4487686157,"Ntsr1-Cre_GN220",2.05854502038,1.02542,-52.6250030518,1.02354,42.5812530518,1.40114,-76.0687545776,600,1.023092,-47.6375022888,1.40114,-76.0687561035,3.16440863465
"310",194.35896,160.044744611,0.0414860658348,-97.625,-80.5922088623,"Rbp4-Cre_KL100",8.46704203886,1.025865,-51.9479198456,1.02349833333,40.4739608765,1.644205,-82.4791704814,1120,1.0230425,-46.8489596049,1.644205,-82.4791704814,4.16979177065
"311",181.261088,226.874992251,0.0378647483885,-96.59375,-72.0163574219,"Nr5a1-Cre",14.2015195626,1.02554,-50.9062519073,1.0237,33.34375,1.7676375,-73.28125,660,1.023285,-41.9375,1.7676375,-73.28125,3.11829820864
"312",177.694592,210.937619209,0.00969520490617,-93.1250076294,-69.4225387573,"Scnn1a-Tg3-Cre",16.8243481967,1.02448625,-50.5546894073,1.023155,36.3437509537,1.669525,-69.8125019073,300,1.02285375,-41.9453134537,1.669525,-69.8125019073,2.89471416009
"315",437.222848,144.687533379,0.0101551264524,-78.96875,-61.4261207581,"Scnn1a-Tg3-Cre",16.1242643304,1.02540083333,-53.3333352407,1.0234875,42.7031256358,1.28397916667,-62.1406243642,380,1.0231175,-46.8697923024,1.28397916667,-62.140625,3.92889394871
"317",296.119104,240.624904633,0.0472334884107,-99.9062576294,-81.4488296509,"Nr5a1-Cre",20.9593563149,1.024645,-51.8671913147,1.02339,43.3359375,1.76476875,-82.0312538147,670,1.0230875,-45.2968759537,1.76476875,-82.0312538147,3.45047104063
"320",173.540128,241.562604904,0.0302673820406,-101.343757629,-76.6850128174,"Ctgf-T2A-dgCre",16.6569501124,1.026684,-56.2625022888,1.02348,40.2062522888,1.77576,-77.51875,101.999993896,1.023076,-48.4937522888,1.77576,-77.5187515259,5.04095443346
"321",274.895488,192.18750298,0.222719267011,-97.875,-78.7448654175,"Nr5a1-Cre",15.3974748141,1.02552416667,-57.8125006358,1.02345666667,33.8229173024,1.64383083333,-78.6354179382,91.6666666667,1.02305333333,-45.2552089691,1.64383083333,-78.6354179382,2.77571540345
"326",363.180928,205.758854747,0.0131401903927,-95.4375076294,-75.356300354,"Scnn1a-Tg3-Cre",22.758306782,1.030105,-60.2500006358,1.02338,31.9062503179,1.38498833333,-76.1510442098,616.666666667,1.02291916667,-34.9479179382,1.38498833333,-76.1510442098,3.59813870785
"334",120.156424,139.543265104,0.0414347499609,-83.625,-67.8305053711,"Scnn1a-Tg3-Cre",9.58588957055,1.02721333333,-53.9375025431,1.02340666667,29.6354173024,1.10369333333,-68.2291717529,800,1.02288666667,-43.3125025431,1.10369333333,-68.2291717529,3.774782498
"341",98.023232,134.843751788,0.102739222348,-92.53125,-77.1888580322,"Scnn1a-Tg2-Cre",12.0526811737,1.02544833333,-50.5208333333,1.02344166667,45.2083346049,1.552925,-77.1875025431,1090,1.02305333333,-47.4895846049,1.552925,-77.1875025431,4.04653998451
"345",214.675552,332.477658987,0.0149144968018,-101.093757629,-67.9460296631,"Rorb-IRES2-Cre",24.0888144114,1.02533166667,-51.6666698456,1.02329416667,50.3697942098,1.71261916667,-69.9062525431,419.999969482,1.02296666667,-43.7291679382,1.71261916667,-69.9062525431,4.55989961993
"350",226.603888,232.968792319,0.0223539154977,-99.3125,-76.3015518188,"Nr5a1-Cre",11.9847902117,1.024841,-50.09375,1.023453,40.3437507629,1.840658,-76.4312545776,0,1.023087,-43.1125007629,1.840658,-76.4312545776,3.68112189453
"353",128.255456,134.218677878,0.097673997283,-91.8125076294,-76.8444442749,"Ntsr1-Cre_GN220",13.1025823006,1.025355,-54.2008961269,1.02351357143,43.763395037,1.37495214286,-78.0401796613,930,1.02304714286,-47.2723246983,1.37495214286,-78.0401796613,2.5258623559
"354",192.859488,97.187384963,0.195660501719,-81.9375076294,-70.7032394409,"Rbp4-Cre_KL100",13.5330968801,1.025077,-51.7937522888,1.02343,34.3375015259,1.091027,-71.4875061035,870,1.023042,-48.0312530518,1.091027,-71.4875061035,3.39470105796
"358",144.356976,215.468749404,0.0110207870603,-93.4375076294,-69.870262146,"Rorb-IRES2-Cre",17.8009539217,1.02483166667,-55.4375012716,1.02345166667,48.25,1.77270333333,-70.46875,0,1.02314166667,-48.625,1.77270333333,-70.46875,3.81661259655
"359",158.36096,159.531250596,0.0344274789095,-98.5000076294,-79.6815643311,"Scnn1a-Tg2-Cre",12.2121133062,1.026641,-53.075,1.023597,35.2437530518,1.734425,-80.3875045776,0,1.023116,-45.1875,1.734425,-80.3875045776,4.26166687762
"360",206.043216,151.562511921,0.0181719250977,-91.96875,-76.6518173218,"Nr5a1-Cre",14.355440712,1.025276,-50.5625007629,1.023423,45.3250022888,1.682619,-77.7750015259,180,1.023051,-48.9062522888,1.682619,-77.7750015259,3.89266252825
"366",95.065896,146.406248212,0.0493269562721,-94.7187576294,-77.6622772217,"Rbp4-Cre_KL100",11.5809100279,1.02485,-46.7968769073,1.0234125,47.9609394073,1.64056,-77.9296913147,230,1.0230375,-45.8281288147,1.64056,-77.9296913147,3.77325650572
"368",162.721248,144.53125,0.0176777113229,-91.8125076294,-75.2367324829,"Scnn1a-Tg3-Cre",26.101141925,1.02489125,-53.0312519073,1.02329875,46.1796894073,1.63081625,-76.1953201294,192.5,1.02303,-44.5937509537,1.63081625,-76.1953201294,3.60474228651
"372",129.956112,93.75,0.175925269723,-87.4375,-76.0012969971,"Rbp4-Cre_KL100",16.3303521368,1.024926,-51.2125030518,1.023463,38.3062515259,1.220258,-76.9750030518,240,1.023088,-50.7187522888,1.220258,-76.9750030518,3.11972250594
"373",249.948128,203.906327486,0.0947432816029,-93.625,-71.2786102295,"Ctgf-T2A-dgCre",10.5253309632,1.02594,-55.2291679382,1.02361333333,44.7708358765,1.78088666667,-71.8750025431,0,1.02323333333,-47.375,1.78088666667,-71.8750025431,4.41016020534
"375",138.359216,156.562507153,0.0194823537022,-91.78125,-76.8808288574,"Scnn1a-Tg3-Cre",9.6902041726,1.025631,-48.6312507629,1.023339,57.5187538147,1.530126,-76.6812561035,889.999938965,1.022999,-45.2500022888,1.530126,-76.6812561035,5.38612395267
"379",148.071152,208.281219006,0.0155193535611,-94.2812576294,-74.9811172485,"Scnn1a-Tg2-Cre",22.8056362501,1.02581166667,-51.3437531789,1.02331166667,24.5000006358,1.65111833333,-76.317712148,700,1.02288833333,-43.0208365122,1.65111833333,-76.317712148,2.90108081832
"380",124.02236,154.68749404,0.0369148589671,-98.90625,-81.3229217529,"Scnn1a-Tg3-Cre",8.9660467019,1.0256175,-53.445315361,1.02355125,20.625,1.6340775,-82.1562519073,0,1.02313875,-38.2734394073,1.6340775,-82.1562519073,2.60300539272
"381",121.527552,146.093860269,0.0295471437275,-95.4375076294,-78.6970443726,"Scnn1a-Tg3-Cre",15.6016671496,1.025088,-52.0062530518,1.023352,38.4875030518,1.822308,-78.8687530518,528,1.022932,-48.0312522888,1.822308,-78.8687530518,3.92975442357
"385",134.792592,162.343785167,0.0409739390016,-91.15625,-73.3130340576,"Cux2-CreERT2",10.8662580954,1.02514125,-50.2734413147,1.023455,45.7656269073,1.481115,-74.1328163147,0,1.02309625,-47.437502861,1.481115,-74.1328163147,3.65020536916
"387",188.3976,157.343789935,0.0458727478981,-98.9062576294,-81.4509658813,"Scnn1a-Tg3-Cre",12.5547845142,1.025179,-50.2937522888,1.023427,23.9312503815,1.566673,-82.5062530518,714,1.023036,-36.0312530518,1.566673,-82.5062530518,2.59475022795
"388",139.190112,149.999842048,0.0183797534555,-85.3125,-68.3788757324,"Ctgf-T2A-dgCre",10.4539330019,1.026452,-52.2875022888,1.02346,24.8812507629,1.236256,-69.3562530518,112,1.023048,-44.2000030518,1.236256,-69.3562530518,3.99247896355
"389",199.343808,198.906213045,0.00907935388386,-99.15625,-77.2901382446,"Cux2-CreERT2",15.3532729044,1.0259825,-54.679690361,1.02352625,44.4765634537,1.35528875,-78.171880722,580,1.0230975,-47.125002861,1.35528875,-78.171880722,4.65618262055
"390",168.74608,119.374968112,0.125625133514,-93.625,-79.4126281738,"Ntsr1-Cre_GN220",7.37133078847,1.025665,-59.1197942098,1.02348833333,36.6145852407,1.09608333333,-80.1927108765,790,1.0230575,-51.9583352407,1.09608333333,-80.1927108765,2.69040925833
"391",115.44172,215.624928474,0.0188374985009,-94.25,-71.1050338745,"Rorb-IRES2-Cre",9.86744729139,1.025053,-52.5125022888,1.023388,37.0375015259,1.318017,-72.9125,280,1.023024,-47.15625,1.318017,-72.9125,3.53883044978
"395",210.940528,191.718757153,0.0411933287978,-89.8750076294,-67.5364532471,"Rorb-IRES2-Cre",19.2752505783,1.024867,-52.4500030518,1.023203,39.2937515259,1.433395,-69.2687545776,450,1.02287,-44.7375022888,1.433395,-69.2687545776,3.54963134163
"400",195.639696,186.562463641,0.0307361148298,-98.2812576294,-77.5233535767,"Cux2-CreERT2",15.3067360572,1.025042,-53.2437530518,1.023263,42.6875030518,1.680027,-78.4312530518,509.999969482,1.022914,-46.8125,1.680027,-78.4312530518,4.05441270954
"405",195.855552,193.593636155,0.0834234952927,-90.53125,-75.9269332886,"Rorb-IRES2-Cre",12.2571551143,1.025558,-52.2375030518,1.023384,39.1875022888,1.541413,-76.9250015259,889.999938965,1.022993,-47.2062530518,1.541413,-76.9250015259,4.33922568807
"406",306.74016,192.18711555,0.0813830122352,-97.71875,-73.3546524048,"Cux2-CreERT2",17.2630511364,1.025295,-50.0781288147,1.02359,20.8437509537,1.8131075,-75.9843788147,0,1.02315,-41.078125,1.8131075,-75.9843788147,2.43229330873
"409",257.315936,260.781347752,0.0842232331634,-98.8125076294,-74.8125076294,"Scnn1a-Tg3-Cre",13.9111080198,1.026295,-51.5937538147,1.02381,19.9062509537,1.185775,-76,509.999969482,1.023205,-41.9375019073,1.185775,-76,2.66815490671
"412",123.66616,74.9998837709,0.0403347201645,-86.75,-78.1814880371,"Cux2-CreERT2",7.242003621,1.027352,-51.6187507629,1.023456,43.0937530518,1.664192,-79.0000030518,1550,1.022988,-49.4687530518,1.664192,-79.0000030518,5.06213382228
"414",157.871936,152.499973774,0.0793471187353,-91.78125,-75.5931091309,"Scnn1a-Tg3-Cre",13.8442205704,1.02495333333,-52.6250038147,1.02324666667,41.8958358765,1.68605333333,-76.0833384196,870,1.02288666667,-47.052087148,1.68605333333,-76.0833384196,4.09151184691
"418",177.283872,137.343794107,0.0292228590697,-94.34375,-76.8331451416,"Scnn1a-Tg3-Cre",23.4091114646,1.024417,-47.0625022888,1.023263,35.7187530518,1.589736,-77.7750015259,850,1.02296,-43.7000022888,1.589736,-77.7750015259,2.80134274166
"419",281.314944,123.906247318,0.119535215199,-95.0312576294,-79.6576766968,"Scnn1a-Tg3-Cre",13.5611608354,1.0249,-51.2916679382,1.02344666667,42.9687512716,1.14363333333,-79.8541717529,860,1.02306666667,-47.2083346049,1.14363333333,-79.8541717529,3.89081309141
"421",116.090224,128.90625,0.0993512868881,-88.875,-73.0203781128,"Scnn1a-Tg2-Cre",8.47768954701,1.025438,-49.5562522888,1.023604,23.9500007629,1.632421,-74.5125,1280,1.023161,-46.1750015259,1.632421,-74.5125,3.00245718782
"425",165.873248,158.035814762,0.068392239511,-87.4062576294,-71.477355957,"Rorb-IRES2-Cre",9.63649017613,1.02492166667,-53.2500012716,1.023515,39.7083346049,1.53048166667,-72.0208358765,0,1.02317,-46.0833346049,1.53048166667,-72.0208358765,3.02034283219
"427",210.079488,223.43750298,0.0120425289497,-95.65625,-72.1348800659,"Rorb-IRES2-Cre",13.7552370199,1.025122,-52.7375022888,1.023377,27.0562503815,1.677795,-72.8250015259,730,1.022995,-43.4937507629,1.677795,-72.8250015259,3.04358907613
"431",153.632064,154.107108712,0.0759375318885,-94.625,-78.5531539917,"Scnn1a-Tg3-Cre",9.54274353877,1.02684125,-52.023440361,1.02352375,32.4062509537,1.3520825,-78.8984375,460,1.0230525,-49.1171894073,1.3520825,-78.8984375,3.89394743488
"432",83.012416,118.750080466,0.094195432961,-83.5937576294,-70.9766464233,"Rbp4-Cre_KL100",9.84106677164,1.024872,-51.5750015259,1.023363,37.3562522888,1.438612,-71.8687530518,969.999938965,1.022972,-44.5000015259,1.438612,-71.8687530518,3.03701490131
"433",165.520208,161.250039935,0.0677762702107,-93.1562576294,-76.4173431396,"Scnn1a-Tg2-Cre",10.8273281763,1.02616875,-48.546877861,1.023585,41.7734394073,1.25027,-77.6171894073,979.999938965,1.0230725,-37.757815361,1.25027,-77.6171894073,3.43339608818
"441",217.930304,177.031293511,0.0687024816871,-93,-73.6229324341,"Cux2-CreERT2",11.3271449365,1.02503333333,-51.7656275431,1.02339333333,43.2083352407,1.700825,-74.3854230245,690,1.0230325,-47.5677096049,1.700825,-74.3854230245,4.09388337584
"444",178.177008,166.250005364,0.166221499443,-88.40625,-69.4028549194,"Scnn1a-Tg3-Cre",10.6119373683,1.02448916667,-53.2083352407,1.02310833333,41.5885429382,1.31704166667,-70.2187512716,750,1.02275833333,-43.1093756358,1.31704166667,-70.2187512716,2.94646278377
"446",150.047936,129.776865244,0.138412699103,-91.5000076294,-78.4465026855,"Scnn1a-Tg2-Cre",12.6161257025,1.0249475,-51.8437538147,1.023505,32.859375,1.2169825,-79.4375,999.999938965,1.0231525,-48.0937519073,1.2169825,-79.4375,3.12833783722
"447",196.804416,339.062571526,0.0973013043404,-97.5000076294,-67.7243728638,"Rbp4-Cre_KL100",20.5818154244,1.024947,-50.4000015259,1.023337,31.6187507629,1.493736,-69.8500030518,276,1.022951,-44.1750015259,1.493736,-69.8500030518,2.86223135585
"448",198.054528,106.250196695,0.135729268193,-85.7812576294,-71.9202270508,"Ntsr1-Cre_GN220",23.5280277631,1.02508,-48.8437538147,1.02351,41.71875,1.11899,-72.125,0,1.023045,-45,1.11899,-72.125,2.41970289617
"450",170.937824,126.718744636,0.0246091373265,-88.6562576294,-76.2288208008,"Cux2-CreERT2",14.8294330023,1.02526083333,-56.3697942098,1.02335833333,37.432293574,1.53976,-76.8437525431,590,1.02299166667,-43.9166698456,1.53976,-76.8437525431,3.29364039278
"453",117.050672,137.812420726,0.174926429987,-83.5937576294,-68.4113006592,"Rbp4-Cre_KL100",13.2681718671,1.025089,-54.2812530518,1.023526,50.4625030518,1.102866,-69.21875,580,1.02311,-48.8125015259,1.102866,-69.21875,3.11458237089
"454",127.279,76.4062851667,0.052710428834,-88.28125,-79.4310836792,"Cux2-CreERT2",9.79695804453,1.02535333333,-51.4166704814,1.02358666667,50.2604179382,1.44694666667,-79.6562576294,1190,1.02314,-48.4895858765,1.44694666667,-79.6562576294,3.92780558266
"457",183.09056,143.90617609,0.0263401363045,-88.4062576294,-72.5579910278,"Ndnf-IRES2-dgCre",35.5715511289,1.02616,-55.9750015259,1.023452,33.1062515259,1.343004,-72.4250030518,520,1.023076,-40.9000015259,1.343004,-72.4250030518,2.54660063846
"459",381.6368,245.55298686,0.0131556671113,-102.093757629,-82.9349517822,"Slc17a6-IRES-Cre",14.340634187,1.02504375,-57.7890644073,1.02337125,40.125002861,1.73726625,-86.4921894073,630,1.0229925,-51.2734394073,1.73726625,-86.4921894073,4.12002317162
"461",153.942848,103.749997914,0.0643111392856,-88.15625,-75.7403869629,"Ndnf-IRES2-dgCre",12.5763153683,1.02766,-58.5625038147,1.0235,28.9687519073,1.22984,-76.4062576294,780,1.02312,-44.1875,1.22984,-76.4062576294,2.87560361362
"470",134.760864,170.156210661,0.0559369772673,-90.71875,-72.9973297119,"Nr5a1-Cre",14.658150979,1.02448666667,-52.1666704814,1.02283333333,40.989587148,1.79303333333,-74.7083384196,890,1.02243333333,-46.0104179382,1.79303333333,-74.7083384196,4.04110677323
"473",102.12096,125.000193715,0.141033068299,-89.5,-75.3490219116,"Ntsr1-Cre_GN220",13.1116015821,1.0250725,-56.5468781789,1.02338166667,44.1354179382,1.45007,-76.052087148,860.000061035,1.02301333333,-45.0729179382,1.45007,-76.0520884196,3.04831670038
"474",133.680704,162.343755364,0.0750596448779,-89.9687576294,-72.1620178223,"Rbp4-Cre_KL100",7.86797537324,1.025425,-48.8875007629,1.023324,46.5562522888,1.411602,-72.9750045776,920,1.022959,-45.3937515259,1.411602,-72.9750045776,4.12866326355
"479",165.120592,142.968714237,0.00469936151057,-93.5625076294,-78.8050384521,"Nr5a1-Cre",6.70825786543,1.025244,-55.3187522888,1.023396,40.7750022888,1.69178,-78.9937545776,989.999938965,1.022992,-49.1812515259,1.69178,-78.9937545776,4.16069890847
"480",100.953352,180.937469006,0.00467415805906,-81,-62.4188423157,"Scnn1a-Tg3-Cre",6.82419175979,1.024074,-48.8562522888,1.022867,44.9250015259,1.44348,-63.8375045776,580,1.022596,-42.6062522888,1.44348,-63.8375045776,3.62822275451
"481",182.226272,150.624990463,0.0503459088504,-87.84375,-72.6047592163,"Scnn1a-Tg2-Cre",14.6088754537,1.02555916667,-50.1458346049,1.023475,42.0260423024,1.43144583333,-72.8750012716,0,1.02308083333,-46.729168574,1.43144583333,-72.8750012716,3.80484670802
"485",156.455232,162.968754768,0.0657943487167,-84.0937576294,-66.1220245361,"Rbp4-Cre_KL100",5.35217298223,1.025564,-53.1937515259,1.023572,47.4062515259,1.11708,-66.4312530518,380,1.023108,-44.9062515259,1.11708,-66.4312530518,3.71302672527
"488",205.452864,187.656283379,0.0240895766765,-99.3125076294,-80.8980407715,"Nr5a1-Cre",20.3513281919,1.0249,-54.6875019073,1.02346,37.6718769073,1.43024,-81.703125,670,1.02306,-48.21875,1.43024,-81.703125,3.43352630209
"494",258.823712,248.125046492,0.0593741945922,-95.5625,-72.4813919067,"Cux2-CreERT2",19.171411591,1.02617333333,-57.1510448456,1.0234175,25.6510429382,1.5859325,-73.8072942098,410,1.02294166667,-47.8437525431,1.5859325,-73.8072954814,3.16323937961
"499",103.040064,98.3444213867,0.192859947681,-79.4375,-68.2019271851,"Rbp4-Cre_KL100",19.8522574106,1.024629,-55.3500007629,1.023392,35.36875,1.078044,-69.13125,690,1.023034,-47.3625022888,1.078044,-69.1312515259,2.25290812791
"500",206.467488,146.87499404,0.0278807431459,-90.4062576294,-82.7248153687,"Rorb-IRES2-Cre",11.1075848937,1.025845,-59.007815361,1.023395,34.1171894073,1.56654875,-83.976568222,390,1.0229775,-51.5468788147,1.56654875,-83.976568222,4.22206045684
"509",150.380464,171.093717217,0.0406936816871,-95.3125076294,-76.9504776001,"Rorb-IRES2-Cre",18.2363321372,1.0248525,-51.0156288147,1.0234025,43.3437509537,1.5580525,-77.335943222,720,1.02306375,-45.3046913147,1.5580525,-77.335943222,3.78006123927
"517",124.466544,233.750000596,0.130449637771,-93.40625,-67.0954437256,"Nr5a1-Cre",18.6008851833,1.024651,-53.8812515259,1.023147,33.3062534332,1.393486,-67.7812530518,352,1.022756,-43.1062515259,1.393486,-67.7812530518,2.79545865638
"521",115.119888,108.437538147,0.0948032438755,-84.9062576294,-72.2610549927,"Cux2-CreERT2",12.5172111654,1.025371,-50.9187530518,1.023407,44.1562522888,1.146741,-73.3500015259,939.999938965,1.023047,-48.0375022888,1.146741,-73.3500015259,3.95966330602
"522",120.899968,121.093638241,0.0830635204911,-86.8125,-73.8577346802,"Scnn1a-Tg2-Cre",6.66715559141,1.02593,-51.7312530518,1.023504,37.6062507629,1.381116,-74.3687530518,1130,1.023081,-49.6562530518,1.381116,-74.3687530518,4.05904545191
"524",157.999552,196.406245232,0.00857331603765,-100.90625,-80.7700653076,"Cux2-CreERT2",8.80719170111,1.025144,-51.7062530518,1.023316,43.8687507629,1.7463,-80.7687530518,760,1.022922,-48.7625007629,1.7463,-80.7687530518,4.43392718432
"525",80.862096,87.187461555,0.0472240559757,-87.9375076294,-79.1463012695,"Cux2-CreERT2",8.92100450511,1.025776,-50.6312515259,1.023576,36.2562507629,1.690548,-79.3812530518,1730,1.023132,-47.1562530518,1.690548,-79.3812530518,3.81620598022
"526",203.957264,147.812530398,0.0149024743587,-81.5312576294,-65.2453231812,"Ndnf-IRES2-dgCre",31.3164075607,1.02571666667,-55.0885442098,1.02354333333,23.723959287,1.69095666667,-65.8802134196,469.999969482,1.02315,-41.2083346049,1.69095666667,-65.8802134196,2.4089963345
"527",156.43096,146.093562245,0.0724782198668,-93.09375,-77.5240783691,"Scnn1a-Tg2-Cre",11.4979533643,1.025152,-50.4750022888,1.023488,47.4312515259,1.185196,-77.3812530518,999.999938965,1.02312,-45.7437522888,1.185196,-77.3812530518,4.15715441542
"531",233.522944,305.937498808,0.0182690694928,-95.5000076294,-61.8339958191,"Ctgf-T2A-dgCre",10.8394033992,1.02524,-56.0625038147,1.02353333333,33.6666704814,1.61310666667,-61.9062525431,440,1.02310666667,-42.46875,1.61310666667,-61.9062538147,2.92363883787
"532",238.875312,204.374998808,0.100718051195,-87.4375,-67.8072128296,"Scnn1a-Tg2-Cre",8.43271894952,1.024652,-43.6750030518,1.02326,52.4750038147,1.294076,-68.1687545776,790,1.022954,-40.7000015259,1.294076,-68.1687545776,4.13321367695
"533",202.98656,268.415033817,0.122360110283,-101.75,-75.5874557495,"Ctgf-T2A-dgCre",14.36813369,1.02675,-55.367190361,1.02351,36.0078125,1.710095,-75.7500019073,630,1.023015,-43.9687509537,1.710095,-75.7500019073,3.50302186369
"534",412.559424,238.593742251,0.0209839530289,-99.5000076294,-76.0615768433,"Rorb-IRES2-Cre",22.3947446999,1.025685,-57.195315361,1.023595,34.7812519073,1.64818,-76.2421913147,370,1.02313,-45.593752861,1.64818,-76.2421913147,3.17970873123
"535",189.824944,237.500116229,0.0383980758488,-95.6250076294,-69.4436645508,"Scnn1a-Tg2-Cre",18.4002597684,1.024808,-52.1375030518,1.02338,29.3375019073,1.689944,-73.2375015259,620,1.022972,-41.8687507629,1.689944,-73.2375015259,2.6407572563
"537",205.253008,365.000069141,0.143308147788,-98.0625076294,-76.1378860474,"Rorb-IRES2-Cre",11.1369426308,1.02630833333,-49.6041679382,1.02375666667,23.5104179382,1.822585,-78.1458333333,730,1.02320833333,-42.9687512716,1.822585,-78.1458333333,2.94168577063
"540",281.09088,164.218783379,0.0750427693129,-93.53125,-76.1374206543,"Cux2-CreERT2",10.1919483608,1.02539375,-50.8906269073,1.0234925,44.9453144073,1.55035375,-77.1015663147,939.999938965,1.02310875,-45.250002861,1.55035375,-77.1015663147,3.42642420867
"541",130.133128,104.843787849,0.0371695309877,-86.4687576294,-74.8752670288,"Scnn1a-Tg2-Cre",8.38981476488,1.026055,-53.0437530518,1.023454,34.8937522888,1.280139,-75.2187530518,1060,1.023055,-50.0812522888,1.280139,-75.2187530518,3.34932878333
"545",100.032672,115.781329572,0.113775357604,-87.84375,-75.1748199463,"Rorb-IRES2-Cre",9.06731346836,1.0251,-50.9453144073,1.0234175,32.2031254768,1.29507,-76.2265644073,1190,1.0230325,-49.0546884537,1.29507,-76.2265663147,3.19414348632
"546",243.334,171.718671918,0.0210417602211,-100.843757629,-81.4805679321,"Rorb-IRES2-Cre",14.3608324864,1.025736,-53.7562530518,1.023508,42.4687515259,1.649524,-81.7875045776,760,1.023088,-47.7125015259,1.649524,-81.7875045776,4.43564062426
"548",195.07008,199.375003576,0.0103877270594,-97.9687576294,-76.3757705688,"Scnn1a-Tg3-Cre",17.3902647124,1.025166,-47.5062530518,1.023377,46.6437522888,1.795278,-78.8000030518,839.999938965,1.023044,-41.3187522888,1.795278,-78.8000030518,4.38497425263
"549",98.831296,119.55357343,0.168598279357,-82.09375,-68.143371582,"Rbp4-Cre_KL100",13.5106227271,1.024719,-51.0500022888,1.02334,44.5062522888,1.106155,-69.2750015259,810.000061035,1.023004,-43.2375015259,1.106155,-69.2750015259,3.01688781139
"550",154.061072,226.562425494,0.0979147925973,-97.5937576294,-73.26587677,"Rbp4-Cre_KL100",9.75371860522,1.02482,-52.4062530518,1.023142,31.3750011444,1.304073,-73.2812515259,830,1.022717,-40.0562522888,1.304073,-73.2812515259,2.63116667949
"557",442.347744,487.96877265,0.216317743063,-90.9375,-67.8327102661,"Ctgf-T2A-dgCre",16.13146065,1.026992,-58.0125030518,1.02346,25.4125019073,1.117856,-69.2125045776,186,1.022916,-41.4562507629,1.117856,-69.2125045776,3.11894942362
"558",152.76072,180.625081062,0.0832769647241,-91.0000076294,-70.3280029297,"Rbp4-Cre_KL100",9.80659220921,1.0247075,-52.5703134537,1.02336,34.1562519073,1.53366875,-71.2500019073,167.5,1.02302,-46.2109375,1.53366875,-71.2500019073,2.93900979828
"563",142.898272,179.687470198,0.0325120091438,-99.1875076294,-80.1294937134,"Scnn1a-Tg3-Cre",16.3793009314,1.025102,-53.9375030518,1.023376,37.1125015259,1.495018,-80.8625015259,900,1.023034,-50.2500022888,1.495018,-80.8625015259,3.71275261041
"564",145.423488,188.12507391,0.137190982699,-96.1875,-74.7404403687,"Ntsr1-Cre_GN220",10.8419300804,1.0254725,-53.5000031789,1.02347583333,46.4687531789,1.51520666667,-75.0937538147,530,1.02302416667,-47.9739602407,1.51520666667,-75.0937538147,3.77040856211
"565",127.714456,130.156129599,0.0427862033248,-94.0937576294,-79.2622070312,"Nr5a1-Cre",13.3256932692,1.02569125,-51.304690361,1.0235325,39.234375,1.47658625,-79.8828144073,960.000061035,1.023115,-47.7187519073,1.47658625,-79.8828144073,3.73416754339
"571",188.272848,144.531220198,0.0557366125286,-96.8437576294,-79.9532012939,"Rbp4-Cre_KL100",10.5379630117,1.025786,-57.5625022888,1.02349,32.7625019073,1.671767,-80.4312530518,870,1.023066,-53.6562530518,1.671767,-80.4312530518,3.8768130787
"574",204.922064,436.71888113,0.0639035105705,-103.312507629,-58.3095245361,"Rbp4-Cre_KL100",10.6704606082,1.0257,-52.5937519073,1.02317625,27.1171889305,1.075175,-61.8046913147,292.5,1.0227125,-41.328127861,1.075175,-61.8046913147,2.64757081189
"575",291.213024,250.468701124,0.0763098150492,-96.78125,-71.8065567017,"Ndnf-IRES2-dgCre",31.830783448,1.025248,-51.3437515259,1.023496,26.9562515259,1.056428,-72.4312545776,390,1.023132,-42.1375022888,1.056428,-72.4312545776,2.35821252658
"578",140.227936,109.843634069,0.188126638532,-88.2187576294,-75.0866622925,"Rbp4-Cre_KL100",12.9754277836,1.024748,-51.2750015259,1.023468,45.5562530518,1.120443,-76.3062530518,1080,1.023086,-48.6687522888,1.120443,-76.3062530518,2.95936170832
"579",243.38256,157.187581062,0.0274023879319,-95.59375,-78.2233123779,"Scnn1a-Tg3-Cre",13.6879567039,1.025470625,-56.9648451805,1.023555625,41.5156259537,1.4789625,-77.527346611,630,1.023124375,-51.1484389305,1.4789625,-77.527346611,4.18329269246
"580",182.229104,189.062491059,0.0512830764055,-97,-75.5707397461,"Nr5a1-Cre",16.2234509984,1.02482071429,-49.3928571429,1.02329357143,33.0223214286,1.32912642857,-76.0223246983,630,1.02292,-46.3303576878,1.32912642857,-76.0223246983,3.46647861227
"583",113.789904,122.656323016,0.141528874636,-88.5312576294,-74.2980117798,"Scnn1a-Tg2-Cre",12.8040973111,1.025316,-53.2625015259,1.02334,40.5625022888,1.333496,-74.5375030518,999.999938965,1.022952,-49.2187522888,1.333496,-74.5375030518,4.54719973931
"584",151.294432,304.6875,0.0821281075478,-79.71875,-65.3980865479,"Scnn1a-Tg2-Cre",18.9171010594,1.02508,-48.8125,1.02356375,38.2968769073,1.7404875,-67.640625,0,1.02320875,-40.5390634537,1.7404875,-67.640625,3.05068179168
"589",330.564992,203.571513295,0.0266704410315,-88.5312576294,-66.6489105225,"Scnn1a-Tg3-Cre",15.620728707,1.02591125,-47.1328144073,1.02347125,40.765627861,1.62441125,-68.3906269073,265,1.02302,-39.5781259537,1.62441125,-68.3906269073,3.72138972813
"591",229.789904,243.749886751,0.036178778857,-93.1875,-75.3940582275,"Cux2-CreERT2",15.7884765173,1.024988,-50.8000007629,1.023272,38.5125022888,1.743228,-75.6437545776,800,1.022908,-41.8375022888,1.743228,-75.6437545776,3.57041424578
"593",332.606144,208.593711257,0.0560376010835,-83.03125,-60.6267623901,"Ctgf-T2A-dgCre",16.4989275697,1.02632,-53.0625038147,1.023495,40.789065361,1.074225,-62.3046913147,249.999984741,1.02311,-43.9609394073,1.074225,-62.3046913147,4.25334611847
"594",233.829504,293.437510729,0.0731709823012,-97.875,-64.6614532471,"Rorb-IRES2-Cre",21.8886633141,1.02504166667,-52.2968756358,1.023485,37.1458346049,1.68344583333,-66.6927108765,0,1.0231575,-42.4322929382,1.68344583333,-66.6927108765,3.31286180606
"596",188.335168,138.906165957,0.0485048256814,-91.9062576294,-75.1282043457,"Nr5a1-Cre",12.1084032318,1.024804,-47.5687530518,1.023296,45.9812522888,1.449436,-74.5437545776,900,1.02296,-45.3812530518,1.449436,-74.5437545776,4.21135890148
"597",93.798776,145.312458277,0.0214718915522,-95.34375,-79.2950744629,"Scnn1a-Tg2-Cre",17.4561958585,1.025184,-49.6000022888,1.023366,39.2000007629,1.77021,-79.74375,890,1.023006,-51.1687507629,1.77021,-79.74375,4.42711987398
"598",170.094048,315.156310797,0.0342812910676,-99.8437576294,-72.1856307983,"Ntsr1-Cre_GN220",19.1627986203,1.02628,-53.4687538147,1.02366,21.5625019073,1.10968,-72.5625,520,1.02314,-31.2812519073,1.10968,-72.5625,1.93566776653
"599",107.965952,220.781207085,0.211056739092,-94.1875076294,-70.1241836548,"Ntsr1-Cre_GN220",25.3534964056,1.02523583333,-53.9427115122,1.02348833333,26.7500019073,1.11303416667,-70.5312512716,530,1.023075,-42.4114596049,1.11303416667,-70.5312512716,2.48119498302
"601",112.104168,113.281257451,0.080784894526,-91.4062576294,-77.2494049072,"Rbp4-Cre_KL100",9.91981483012,1.02557,-52.84375,1.0235325,32.1562519073,1.3589625,-77.328125,1140,1.023125,-47.2812519073,1.3589625,-77.328125,3.47805184378
"605",181.749024,245.312705636,0.119957461953,-83.0000076294,-65.2310028076,"Ntsr1-Cre_GN220",18.6788555355,1.0251025,-56.4375038147,1.023135,21.65625,1.3978575,-66.75,460,1.022735,-46.3125019073,1.3978575,-66.75,2.60110356913
"606",135.672768,165.625035763,0.0391024574637,-93.4375076294,-75.4109802246,"Nr5a1-Cre",12.9080836874,1.024842,-53.9750022888,1.023344,49.0187530518,1.37175,-75.7875045776,284,1.023037,-46.8125022888,1.37175,-75.7875045776,3.9709714335
"608",173.434528,188.90632689,0.020155986771,-98.8125076294,-81.2816925049,"Rorb-IRES2-Cre",13.9165435588,1.025153,-55.2812507629,1.023592,25.8875011444,1.637852,-81.8437545776,640,1.023154,-43.83125,1.637852,-81.8437545776,2.41312311767
"609",199.441536,242.812424898,0.0293579883873,-94.0937576294,-67.4911956787,"Cux2-CreERT2",21.15596175,1.02617666667,-54.0781275431,1.02377083333,26.6250009537,1.48093416667,-68.1718788147,410,1.02323833333,-44.1927108765,1.48093416667,-68.1718788147,2.96414864499
"611",93.690328,82.4553444982,0.0686581209302,-86.5000076294,-76.0950698853,"Rbp4-Cre_KL100",8.39419121968,1.026515,-50.984375,1.0235075,44.0468769073,1.74825,-76.7968788147,1250,1.0230825,-51.6875038147,1.74825,-76.7968788147,4.14968145244
"612",161.915424,167.031258345,0.0678625926375,-89.7500076294,-72.4311676025,"Rorb-IRES2-Cre",13.517242933,1.02503083333,-50.2760448456,1.023285,49.3541692098,1.47740166667,-72.8906275431,870,1.02297833333,-44.3020858765,1.47740166667,-72.8906275431,4.62001177863
"616",150.261648,157.500043511,0.0933771505952,-92.2187576294,-74.5154037476,"Rorb-IRES2-Cre",12.2627164369,1.025967,-52.1500022888,1.023415,45.6750015259,1.451345,-75.2312561035,760,1.023017,-51.1125038147,1.451345,-75.2312561035,4.96464490543
"618",124.964032,85.7813283801,0.0465083830059,-87.9375076294,-78.3298187256,"Ctgf-T2A-dgCre",9.1926550686,1.02658,-56.4609384537,1.023555,39.476565361,1.96028,-78.773443222,1150,1.02314,-49.6093769073,1.96028,-78.773443222,4.27583899062
"619",138.300544,164.375007153,0.0463079325855,-94.34375,-76.0636901855,"Cux2-CreERT2",7.56067441216,1.02561,-47.2656259537,1.02352125,39.1093759537,1.6183225,-76.7890644073,0,1.02309375,-42.6875009537,1.6183225,-76.7890663147,3.52813140231
"622",133.659704,219.374895096,0.0632189065218,-98.53125,-75.6800003052,"Nr5a1-Cre",15.4328642845,1.02483,-52.8250015259,1.023383,23.3625011444,1.502081,-76.1875045776,464,1.022992,-41.5937515259,1.502081,-76.1875045776,2.42101847993
"627",190.267616,346.986591816,0.0401627756655,-98.34375,-71.6418075562,"Rorb-IRES2-Cre",19.1250298829,1.02492833333,-52.1562525431,1.02321333333,31.4791682561,1.72566166667,-75.0156275431,173.333333333,1.02284,-42.3229179382,1.72566166667,-75.0156275431,3.13094633963
"628",342.799552,160.624995828,0.0299075189978,-98.96875,-80.7081985474,"Nr5a1-Cre",12.2687754089,1.0253,-54.5000012716,1.02361333333,35.0260416667,1.55585666667,-80.7604192098,670,1.02317083333,-49.744793574,1.55585666667,-80.7604192098,3.56666438306
"629",212.91936,113.125033677,0.0203711818904,-94.53125,-81.2334823608,"Rorb-IRES2-Cre",15.0463211745,1.02542,-54.15625,1.02384,32.3437538147,1.70194,-81.7500076294,810,1.0234,-53.2187538147,1.70194,-81.7500076294,3.45303834732
"633",141.496464,76.8750756979,0.00463343644515,-93.4687576294,-83.517868042,"Cux2-CreERT2",11.1086425239,1.02534,-52.6250038147,1.02348,39.9062538147,1.31854,-83.25,0,1.02306,-45.0312538147,1.31854,-83.25,3.94383646897
"634",111.610112,130.312532187,0.032966453582,-82.3437576294,-67.2591934204,"Scnn1a-Tg3-Cre",12.5127971789,1.02553,-53.3984413147,1.02357,37.765627861,1.39766,-68.3437519073,640,1.02318,-45.1562509537,1.39766,-68.3437519073,3.90522575122
"638",160.02456,146.249994636,0.0350065603852,-93.7812576294,-78.3960266113,"Rorb-IRES2-Cre",8.14420675426,1.0270325,-47.71875,1.023585,45.296875,1.8222875,-78.4218826294,1250,1.02311,-41.953125,1.8222875,-78.4218826294,4.75249838426
"641",359.487168,217.85710752,0.155089214444,-89.3125,-65.5099563599,"Ctgf-T2A-dgCre",17.1548655487,1.026148,-54.5937530518,1.023416,40.6000007629,1.25932,-66.2937545776,330,1.023044,-45.5562530518,1.25932,-66.2937545776,4.2591335312
"643",183.174256,195.000037551,0.0501077026129,-98.0000076294,-76.7340316772,"Rorb-IRES2-Cre",15.5771038826,1.024865,-50.6875,1.02328625,47.671877861,1.4708175,-78.1796894073,790,1.02297875,-43.500002861,1.4708175,-78.1796894073,4.41716588571
"646",100.855432,75.6250023842,0.208229541779,-78.84375,-70.3271865845,"Rbp4-Cre_KL100",7.8393603082,1.02516,-50.7937515259,1.023451,41.1187522888,1.086403,-71.7375045776,0,1.023089,-49.3437522888,1.086403,-71.7375045776,3.16918129092
"651",305.580096,181.249991059,0.0185740925372,-95.34375,-75.099899292,"Scnn1a-Tg3-Cre",9.1818933064,1.025829,-48.4125015259,1.023468,52.05,1.364616,-75.0687515259,760,1.023042,-42.40625,1.364616,-75.0687515259,4.61405849704
"652",264.56688,202.5000453,0.0303479786962,-90.03125,-71.7186203003,"Rorb-IRES2-Cre",12.960992812,1.025555,-51.3541679382,1.0233475,36.8333358765,1.6296925,-73.2968788147,335,1.02297666667,-44.0312512716,1.6296925,-73.2968788147,3.80877481845
"653",292.185408,215.312495828,0.0222956389189,-96.9687576294,-75.3039245605,"Nr5a1-Cre",9.90120794737,1.025215,-51.3177083333,1.02339,45.2343762716,1.38256083333,-75.4062512716,630,1.02296333333,-44.5729173024,1.38256083333,-75.4062512716,4.04430609275
"655",139.463376,172.343745828,0.166858181357,-92.4375076294,-72.852104187,"Ntsr1-Cre_GN220",10.7033148166,1.02543375,-56.390627861,1.02351125,33.4140634537,1.10760875,-73.6250038147,650,1.02307125,-46.9296884537,1.10760875,-73.6250038147,2.54269881563
"656",161.91344,348.437339067,0.152092039585,-95.15625,-71.2270584106,"Rorb-IRES2-Cre",12.5906923307,1.025205,-53.9270858765,1.02338666667,28.2395852407,1.63882666667,-73.3645858765,530,1.02293833333,-47.9375025431,1.63882666667,-73.3645858765,2.86943412227
"657",116.010432,115.625075996,0.0224851034582,-82.1562576294,-69.5698165894,"Ntsr1-Cre_GN220",15.0026254595,1.025416,-55.4562530518,1.023582,34.6500015259,1.403077,-69.8875045776,800,1.023087,-48.0312522888,1.403077,-69.8875045776,2.4754795008
"659",218.400176,230.468705297,0.0170810017735,-100.75,-75.8962249756,"Rorb-IRES2-Cre",16.706954792,1.02534083333,-53.9114596049,1.02337333333,42.1875006358,1.39567416667,-76.1197929382,489.999969482,1.0230125,-48.4062519073,1.39567416667,-76.1197929382,3.81692405811
"665",256.575312,181.25012517,0.0314755551517,-92.7187576294,-75.177406311,"Scnn1a-Tg3-Cre",22.1947869994,1.02597166667,-52.2604179382,1.02338,52.0520858765,1.67566333333,-76.0416717529,720,1.022995,-45.8541704814,1.67566333333,-76.0416717529,5.23471294316
"670",180.1348,231.081172398,0.0272550601512,-96.6875,-78.2009353638,"Cux2-CreERT2",5.70803405794,1.02600125,-49.0859375,1.02349,39.5625019073,1.6701675,-78.8750038147,1040,1.0230475,-44.2890663147,1.6701675,-78.8750038147,4.08513158562
"672",149.070016,191.406175494,0.0643628686666,-93.5625076294,-71.1436080933,"Ntsr1-Cre_GN220",10.5140309743,1.025108,-51.10625,1.023386,31.6500015259,1.10341,-72.0125045776,570,1.023013,-39.6562522888,1.10341,-72.0125045776,2.55703411821
"678",154.854688,192.812457681,0.222997888923,-94.84375,-73.0367202759,"Scnn1a-Tg3-Cre",17.0457572045,1.02517125,-66.1796875,1.02360125,29.9062504768,1.81289375,-73.6875,540,1.02318,-47.140625,1.81289375,-73.6875,2.09637258316
"679",105.98664,95.1785519719,0.0316205210984,-87.0000076294,-75.0661315918,"Scnn1a-Tg3-Cre",8.82712702236,1.025066,-46.5875022888,1.02331,43.7000030518,1.416055,-75.0625,424,1.023007,-48.5562515259,1.416055,-75.0625,3.85702864453
"680",164.149488,137.544646859,0.132470294833,-87.8125076294,-71.6495666504,"Ntsr1-Cre_GN220",7.17061767701,1.024851,-51.0000015259,1.023215,38.2250038147,1.125457,-72.1562530518,700,1.022765,-47.1812522888,1.125457,-72.1562530518,2.81361436235
"681",189.12608,183.281138539,0.0208022743464,-94.7812576294,-74.2386169434,"Cux2-CreERT2",17.0140365802,1.0251,-55.7187522888,1.023308,39.7312522888,1.693576,-74.9375030518,600,1.022936,-49.7125030518,1.693576,-74.9375030518,4.20215304846
"684",155.374656,140.937536955,0.0578350350261,-91.5625,-76.5860595703,"Cux2-CreERT2",10.6990014265,1.025502,-50.9562522888,1.023504,40.8625022888,1.38886,-77.0062515259,880,1.023104,-48.4875022888,1.38886,-77.0062515259,3.71361731531
"686",249.672928,249.218702316,0.0317335948348,-87.2812576294,-59.6444473267,"Scnn1a-Tg3-Cre",15.1459419694,1.02504,-51.4375012716,1.02325333333,34.3437525431,1.07366,-60.7500012716,186.666666667,1.02283333333,-43.4166692098,1.07366,-60.7500025431,3.31497543366
"689",216.38368,140.468791127,0.0548031926155,-91.4375,-75.9048919678,"Scnn1a-Tg2-Cre",7.62645617648,1.025844,-49.3062515259,1.023308,35.8750015259,1.573455,-76.8062515259,1140,1.022956,-44.6250022888,1.573455,-76.8062515259,4.32608653537
"690",235.72216,176.651805639,0.0342785231769,-80.5625,-60.4437866211,"Ntsr1-Cre_GN220",7.75159461375,1.025208,-54.8812530518,1.02344,40.2687530518,1.083552,-61.5437530518,310,1.02298,-44.5312522888,1.083552,-61.5437530518,2.66081634282
"693",133.23188,164.218708873,0.0255275797099,-98.7812576294,-83.154548645,"Nr5a1-Cre",11.5607604668,1.024687,-55.1812522888,1.023315,49.1187538147,1.618887,-84.2562530518,700,1.023002,-48.9375015259,1.618887,-84.2562530518,4.43752219962
"694",139.61728,193.281248212,0.0893409028649,-98.34375,-77.2745437622,"Rbp4-Cre_KL100",13.5178520133,1.024775,-49.9375012716,1.02352333333,33.6875025431,1.532925,-78.0208409627,0,1.02316833333,-42.2395846049,1.532925,-78.0208409627,2.81720989411
"695",144.406752,129.799082875,0.0137624591589,-90.53125,-77.2036209106,"Cux2-CreERT2",9.4748810376,1.025284,-47.4500007629,1.023472,46.1062530518,1.813144,-77.9437545776,949.999938965,1.023048,-49.3687515259,1.813144,-77.9437545776,4.55479312029
"698",117.860512,118.281327188,0.00426001707092,-83.4062576294,-72.6110458374,"Cux2-CreERT2",11.7335836498,1.02685,-51.3489608765,1.02347666667,43.4062531789,1.46740333333,-73.0781275431,700,1.02301,-45.4635448456,1.46740333333,-73.0781288147,3.71041753814
"700",161.39776,278.906285763,0.0573231093585,-96.375,-67.0109786987,"Rbp4-Cre_KL100",17.1735548722,1.02466625,-55.703127861,1.02323,39.7968759537,1.46908875,-68.890630722,390,1.02287,-46.234375,1.46908875,-68.890630722,3.11649306183
"705",156.572112,95.1562523842,0.0649742335081,-85.7812576294,-75.434463501,"Ndnf-IRES2-dgCre",26.6587046002,1.028415,-60.1093769073,1.023485,23.5546889305,1.361445,-75.3671894073,650,1.023055,-45.8750019073,1.361445,-75.3671894073,2.37197424644
"707",141.880352,125.781327486,0.138712525368,-86.7812576294,-72.150680542,"Scnn1a-Tg2-Cre",8.76358355451,1.025765,-49.2890625,1.02351,38.875002861,1.215695,-73.1093788147,1110,1.023125,-41.7890644073,1.215695,-73.109380722,3.70312732579
"709",96.906576,80.3125798702,0.170850917697,-80.65625,-71.4556655884,"Rbp4-Cre_KL100",8.42952017967,1.024648,-53.1312507629,1.023308,43.7312507629,1.085203,-72.8812515259,1170,1.023001,-48.6437522888,1.085203,-72.8812530518,2.9957876937
"713",296.802496,332.812458277,0.0559259317815,-99.0000076294,-74.8909378052,"Rorb-IRES2-Cre",12.0994797224,1.025597,-51.0812515259,1.023708,24.3437511444,1.624686,-76.9000061035,114,1.023201,-45.8687530518,1.624686,-76.9000061035,2.52843197709
"714",193.118864,155.312567949,0.105902209878,-89,-71.3704452515,"Rbp4-Cre_KL100",8.5640268054,1.02488,-50.4000022888,1.0234,43.2937522888,1.179556,-72.1062530518,880,1.023052,-45.6562515259,1.179556,-72.1062530518,3.68757991586
"717",96.449552,162.499919534,0.104034505785,-88.3125076294,-71.9448699951,"Rbp4-Cre_KL100",8.25442496138,1.0254775,-44.5156259537,1.02354125,49.6250019073,1.27528125,-72.8984394073,0,1.02311875,-41.1484394073,1.27528125,-72.8984394073,3.64430509892
"720",189.116288,185.937389731,0.131265103817,-88.6250076294,-68.262878418,"Ndnf-IRES2-dgCre",22.2500052976,1.02584,-53.770837148,1.02334,26.8020839691,1.4344,-69.2187525431,440,1.02294666667,-41.1041692098,1.4344,-69.2187525431,2.52901753568
"722",145.290432,187.656208873,0.016466235742,-95.2187576294,-77.76537323,"Scnn1a-Tg3-Cre",14.4344205413,1.025364,-50.3312522888,1.023478,43.4062530518,1.590603,-78.7312530518,880,1.023108,-48.1375007629,1.590603,-78.7312530518,3.69227327533
"723",206.28736,127.34374404,0.178190752864,-83.875,-69.2325592041,"Rbp4-Cre_KL100",16.7903203803,1.02488625,-51.4921884537,1.0233975,32.2812519073,1.51030375,-70.5937538147,760,1.02305375,-46.2656259537,1.51030375,-70.5937538147,2.8708313483
"726",171.95176,126.406282187,0.013433710672,-97.03125,-83.3443069458,"Rorb-IRES2-Cre",10.1537016589,1.025156,-51.0562515259,1.023235,38.25,1.62177,-82.6250030518,1250,1.022898,-47.325,1.62177,-82.6250030518,3.70842932646
"731",194.791392,131.790757179,0.160916790366,-91.9375076294,-77.4934310913,"Ntsr1-Cre_GN220",8.57688101722,1.02502166667,-54.2031269073,1.02343666667,40.9166679382,1.3435,-77.8281275431,830,1.02304083333,-50.4583352407,1.3435,-77.8281275431,2.69065866117
"732",216.237088,178.571432829,0.130529895425,-88.4062576294,-70.2577819824,"Scnn1a-Tg3-Cre",10.5798336615,1.0245675,-46.4375019073,1.023395,43.5000019073,1.2486775,-71.4062538147,820,1.0230525,-44.5156269073,1.2486775,-71.4062538147,3.09327366725
"736",232.935984,166.56242311,0.0347785614431,-98.5937576294,-79.3605117798,"Cux2-CreERT2",16.2270927541,1.025225,-51.640625,1.02353,40.804690361,1.60728,-80.7421913147,850,1.023125,-44.8046884537,1.60728,-80.7421913147,3.7829078428
"737",123.602304,183.906242251,0.0519988760352,-87.6875076294,-66.8875732422,"Ctgf-T2A-dgCre",16.3712564394,1.02659333333,-46.1458358765,1.02358666667,39.1562525431,1.42616,-66.9687550863,390,1.02308666667,-44.8854179382,1.42616,-66.9687550863,4.03528123007
"739",209.560032,251.093864441,0.0188205521554,-101.156257629,-77.4727020264,"Rorb-IRES2-Cre",16.595674061,1.025593,-48.3937522888,1.023437,18.0000011444,1.86604,-78.4375045776,690,1.023044,-37.8937507629,1.86604,-78.4375045776,2.74068572576
"748",182.628896,118.906252086,0.00681353360415,-94.84375,-81.7420120239,"Nr5a1-Cre",22.1618926256,1.025285,-52.1125022888,1.023495,37.6687530518,1.753645,-82.1687545776,1010.00006104,1.023082,-44.8500015259,1.753645,-82.1687545776,3.24400636133
"750",179.43104,218.437537551,0.0321931913495,-99.0312576294,-75.7922058105,"Nr5a1-Cre",21.8775295894,1.024928,-52.0937530518,1.023256,43.8437538147,1.663292,-75.9187545776,560,1.022912,-46.7687515259,1.663292,-75.9187545776,4.52235323121
"751",143.434624,148.437514901,0.110607907176,-79.125,-72.2378997803,"Rbp4-Cre_KL100",7.58248662233,1.026455,-44.9687509537,1.02337875,45.4921884537,1.43168625,-72.6953144073,1230,1.0228825,-44.2578144073,1.43168625,-72.6953144073,4.4259804279
"756",165.662592,144.531324506,0.0423685796559,-89.9687576294,-74.2315673828,"Rorb-IRES2-Cre",16.8143527315,1.025095,-55.3515663147,1.02334125,35.656252861,1.42244375,-75.1953144073,207.5,1.0230125,-50.1953163147,1.42244375,-75.1953144073,3.69420701706
"761",200.47112,143.348321319,0.11294259131,-93.4687576294,-77.2986679077,"Rbp4-Cre_KL100",10.4132919887,1.0251275,-56.7500009537,1.02351125,41.421877861,1.13685125,-78.1718769073,630,1.02312125,-51.148440361,1.13685125,-78.1718769073,3.88529037381
"762",140.119056,158.203125,0.0266639310867,-92.59375,-74.8717956543,"Nr5a1-Cre",13.9576269708,1.02493785714,-50.3973241534,1.02335071429,47.4375038147,1.802965,-74.8973257882,830,1.02299357143,-46.3303604126,1.802965,-74.8973257882,3.30810834397
"764",185.442624,142.187535763,0.0362740457058,-95.46875,-79.633972168,"Cux2-CreERT2",17.8058714861,1.025052,-49.4375022888,1.023476,30.5187515259,1.645736,-80.0875061035,180,1.023016,-40.6000030518,1.645736,-80.0875061035,2.60675427647
"769",497.134656,184.062585235,0.0286597423255,-97.8750076294,-79.03540802,"Cux2-CreERT2",8.26592666942,1.028323,-57.5500015259,1.023477,35.1937522888,1.396718,-79.4750045776,164,1.02306,-47.8437530518,1.396718,-79.4750045776,4.1791904649
"772",95.299752,127.031207085,0.162562116981,-90.9687576294,-78.6349716187,"Ntsr1-Cre_GN220",12.8760891025,1.025095,-55.875002861,1.0233625,39.1250009537,1.27317875,-78.718755722,839.999938965,1.02297875,-52.4687538147,1.27317875,-78.718755722,2.46155361222
"776",238.746368,146.562427282,0.0326740965247,-95.3125,-78.1255340576,"Scnn1a-Tg2-Cre",14.7262892583,1.025135,-52.0703144073,1.02354375,38.5078125,1.67244375,-78.9453144073,0,1.0231225,-44.6562519073,1.67244375,-78.9453144073,3.07553796779
"777",192.487728,178.437530994,0.0934729278088,-95.9375076294,-77.0473403931,"Rbp4-Cre_KL100",10.0166944908,1.025775,-54.703127861,1.023575,31.9843764305,1.475325,-78.3515663147,920,1.02314,-47.9765644073,1.475325,-78.3515663147,3.95549142797
"778",110.134448,95.6248864532,0.15598757565,-84.6250076294,-73.8727722168,"Rbp4-Cre_KL100",7.84916154135,1.024752,-50.6000015259,1.023352,46.6312515259,1.094062,-74.8500030518,1190,1.023055,-48.2500030518,1.094062,-74.8500030518,3.78454143858
"781",264.565616,174.375072122,0.0902883186936,-93.6562576294,-74.5719604492,"Rorb-IRES2-Cre",11.9901462798,1.025298,-48.4250015259,1.023506,38.4187522888,1.192304,-75.23125,920,1.023118,-46.4625015259,1.192304,-75.23125,3.5752138168
"782",152.729088,159.37499702,0.0594470798969,-89.6562576294,-72.3198471069,"Cux2-CreERT2",10.1041286592,1.02548375,-53.460940361,1.02357625,46.1015644073,1.267385,-73.2031269073,640,1.0231225,-44.2578134537,1.267385,-73.2031269073,3.32583017361
"783",181.615776,139.531284571,0.012682588771,-87.5937576294,-72.6365890503,"Ndnf-IRES2-dgCre",28.3917642853,1.025636,-55.4250022888,1.023328,30.1125015259,1.2031,-73.0375045776,570,1.022964,-41.2500030518,1.2031,-73.0375045776,2.49194173076
"787",175.084272,133.281290531,0.0781460627913,-94.0937576294,-78.923828125,"Ntsr1-Cre_GN220",6.65893490336,1.025109,-55.4625022888,1.023372,38.2875007629,1.515931,-80.0500045776,880,1.022952,-50.6125022888,1.515931,-80.0500045776,3.00427104533
"789",170.608896,154.374957085,0.00876290537417,-95.5312576294,-78.7234420776,"Rorb-IRES2-Cre",12.4495792042,1.02516625,-55.867190361,1.023505,46.640627861,1.5346525,-79.1093788147,620,1.02314875,-46.4062519073,1.5346525,-79.1093788147,4.13592699846
"792",174.659088,214.062571526,0.0316042676568,-94.0000076294,-70.1578445435,"Rorb-IRES2-Cre",12.8032776391,1.024648,-53.11875,1.023164,33.1125022888,1.669068,-71.2625045776,800,1.022784,-46.7062538147,1.669068,-71.2625045776,3.56024067084
"793",119.94748,148.749962449,0.018988551572,-100.218757629,-83.5632095337,"Nr5a1-Cre",14.2881806979,1.024784,-53.6125022888,1.023286,48.3062515259,1.682696,-84.1375076294,880,1.022996,-51.3500022888,1.682696,-84.1375076294,4.91315102802
"795",240.612736,301.562488079,0.0205476954579,-100.03125,-66.1851959229,"Rorb-IRES2-Cre",24.5144354274,1.02476142857,-53.6562516349,1.023335,33.0848219735,1.74352857143,-66.0312521798,350,1.02295857143,-44.5625016349,1.74352857143,-66.0312521798,2.98648090943
"796",204.189664,213.124960661,0.029558127746,-101,-76.9283905029,"Cux2-CreERT2",17.8906878969,1.02516166667,-56.5885448456,1.02342166667,35.1093765895,1.52019333333,-77.7500038147,180,1.0230475,-47.6197942098,1.52019333333,-77.7500050863,3.27418086617
"798",118.516856,132.031321526,0.028946140781,-93.8437576294,-79.4617538452,"Nr5a1-Cre",18.5099490976,1.025109,-52.6500022888,1.023405,44.3125015259,1.738543,-79.8875045776,900,1.023031,-47.4500030518,1.738543,-79.8875045776,3.9429725903
"802",143.48216,141.473218799,0.0265936478972,-93.4687576294,-77.3999786377,"Cux2-CreERT2",8.42803163321,1.024973,-50.7000022888,1.023237,41.5500030518,1.891913,-77.9937545776,960.000061035,1.022882,-46.6062522888,1.891913,-77.9937545776,3.85518519095
"805",171.58592,197.968706489,0.125142410398,-88.875,-70.4693603516,"Scnn1a-Tg2-Cre",12.8787524001,1.02498583333,-49.1041679382,1.02338166667,40.4114596049,1.27316916667,-72.0833358765,800,1.02301333333,-43.4218781789,1.27316916667,-72.0833358765,3.1320482404
"807",176.097296,192.499995232,0.0993435382843,-94.96875,-74.2431030273,"Cux2-CreERT2",17.7449322561,1.025185,-53.7343769073,1.02334,43.218752861,1.44385,-74.8437538147,740,1.022975,-47.4921884537,1.44385,-74.8437538147,4.34851421912
"809",172.576816,164.531290531,0.0583837293088,-100.781257629,-82.5241928101,"Rorb-IRES2-Cre",14.367498508,1.02506375,-52.265625,1.0233725,47.171877861,1.6798075,-82.5390625,900,1.0230175,-46.6875009537,1.6798075,-82.5390625,4.22043342462
"816",157.672416,241.562500596,0.0291162785143,-97.7812576294,-71.7120742798,"Nr5a1-Cre",13.7490481428,1.025928,-48.3375022888,1.023575,18.7875007629,1.57108,-73.2500030518,296,1.023073,-37.4312515259,1.57108,-73.2500030518,2.58167205398
"819",162.631536,144.375011325,0.0486131235957,-95.4375076294,-79.6181793213,"Rorb-IRES2-Cre",11.7294408967,1.026475,-56.1406288147,1.0235025,38.0625019073,1.72200125,-79.476568222,660,1.0230775,-51.4609384537,1.72200125,-79.476568222,4.6015669833
"820",225.403856,172.656178474,0.16649068892,-95.9375076294,-77.4682312012,"Scnn1a-Tg3-Cre",10.9815979794,1.025508,-61.0437538147,1.0235,40.8312515259,1.131664,-77.7375030518,640,1.023036,-49.7750007629,1.131664,-77.7375030518,2.84446432107
"824",163.894976,173.124969006,0.091422341764,-97.1562576294,-77.813873291,"Rbp4-Cre_KL100",12.6159086608,1.02692,-51.9218788147,1.0236075,41.2500019073,1.5850925,-78.1562538147,900,1.0231225,-46.9687519073,1.5850925,-78.1562538147,3.37189113944
"826",89.159736,111.718788743,0.0348761491477,-89.4687576294,-77.2467803955,"Rbp4-Cre_KL100",9.68569906533,1.02796,-55.4296884537,1.023705,32.9609375,1.39433,-77.8359394073,0,1.023235,-45.7265644073,1.39433,-77.8359394073,3.64064645422
"827",259.75872,218.593791127,0.0289874300361,-102.000007629,-81.9060440063,"Rorb-IRES2-Cre",11.7157752914,1.02563666667,-61.1875025431,1.02354666667,28.385418574,1.48167833333,-82.5000050863,610,1.02311,-53.427087148,1.48167833333,-82.5000050863,3.94991310199
"830",163.486304,163.906291127,0.133777648211,-94.1875076294,-75.3721694946,"Ntsr1-Cre_GN220",15.5263430287,1.025308,-55.6375022888,1.023428,47.7000022888,1.456784,-75.6812530518,670,1.02308,-45.9000022888,1.456784,-75.6812545776,3.94630015003
"832",268.338656,193.437352777,0.0247239135206,-95.46875,-74.2120742798,"Nr5a1-Cre",4.04236397445,1.02492,-51.5062522888,1.023332,40.9687507629,1.54388,-75.7375030518,720,1.022968,-45.5500007629,1.54388,-75.7375030518,3.76069887458
"833",181.868128,152.500003576,0.0536783263087,-88.9375076294,-74.0730209351,"Scnn1a-Tg3-Cre",10.712454759,1.0256025,-50.6093769073,1.02348625,48.289065361,1.814965,-75.179693222,760,1.02309625,-47.085940361,1.814965,-75.179693222,3.94058252365
"834",244.7336,230.46875,0.0601955093443,-93.53125,-68.2306518555,"Ctgf-T2A-dgCre",12.2718550582,1.025896,-56.5625030518,1.023604,43.4312538147,1.529232,-68.6812530518,469.999969482,1.023192,-43.9250022888,1.529232,-68.6812530518,3.73665803414
"836",182.068352,146.562576294,0.161756142974,-89.7500076294,-75.5517425537,"Rorb-IRES2-Cre",12.5504871871,1.024884,-54.3000022888,1.023424,41.4875007629,1.739848,-76.0500030518,730,1.023044,-43.9812530518,1.739848,-76.0500045776,3.26526319369
"842",344.80784,280.000001192,0.0829196795821,-98.3750076294,-67.2280197144,"Ctgf-T2A-dgCre",15.4351612974,1.02676,-55.958337148,1.02350666667,35.9270852407,1.86789333333,-67.2395858765,330,1.02300666667,-48.3229204814,1.86789333333,-67.2395858765,4.14831523339
"844",194.330576,256.562560797,0.0209606457502,-100.156257629,-72.633605957,"Nr5a1-Cre",10.6753967689,1.025242,-50.31875,1.023414,38.0250015259,1.373304,-73.4750030518,600,1.023014,-44.94375,1.373304,-73.4750030518,3.13961141552
"845",371.338176,312.343776226,0.0848674550653,-94.5937576294,-59.3667678833,"Ctgf-T2A-dgCre",10.4051776164,1.026444,-57.5375022888,1.023472,39.7062515259,1.054036,-63.7375007629,96,1.023068,-46.4937507629,1.054036,-63.7375007629,4.18271407847
"846",244.943888,221.250116825,0.0833893492818,-98.5625,-74.6492538452,"Ctgf-T2A-dgCre",11.8581762125,1.026715,-57.203127861,1.023515,41.3828163147,1.59782,-74.9765644073,740,1.0231,-47.0781288147,1.59782,-74.9765644073,4.34669399647
"847",338.927264,191.562384367,0.0298675894737,-97.7812576294,-76.0891113281,"Rorb-IRES2-Cre",10.8481930978,1.0250525,-49.1953125,1.02340625,44.5000009537,1.50979625,-77.6015644073,840,1.0230225,-45.6250019073,1.50979625,-77.6015644073,3.7133648132
"848",109.92988,105.000078678,0.0216580908746,-89.0312576294,-77.271156311,"Scnn1a-Tg3-Cre",7.25097434968,1.02616416667,-50.8072942098,1.02343666667,49.3750025431,1.58413833333,-77.692712148,1460,1.0230975,-45.510418574,1.58413833333,-77.692712148,4.18737393752
"849",136.612704,80.4688632488,0.0389747396111,-86.5000076294,-77.819480896,"Cux2-CreERT2",6.93462039888,1.02552,-54.0312538147,1.023532,46.3437522888,1.404024,-78.0812561035,0,1.023144,-50.7000038147,1.404024,-78.0812561035,4.52217143555
"853",180.417056,195.70311904,0.0432634502649,-98.28125,-77.2277679443,"Nr5a1-Cre",18.7799305143,1.02514166667,-49.0937512716,1.023475,26.2395833333,1.65973,-78.5416692098,730,1.02306833333,-40.15625,1.65973,-78.5416692098,2.8104909214
"855",177.432224,151.562571526,0.0225339084864,-96,-79.0895767212,"Scnn1a-Tg2-Cre",13.9484230235,1.02549833333,-49.4947923024,1.02328166667,30.7395849228,1.6032325,-80.0416679382,1060,1.02287916667,-36.6093762716,1.6032325,-80.0416679382,3.38922406632
"857",138.9192,183.593720198,0.0271508954465,-95.65625,-76.0058441162,"Nr5a1-Cre",29.385836027,1.024853,-50.9125022888,1.02336,32.9500022888,1.722456,-76.4250076294,300,1.023005,-46.28125,1.722456,-76.4250076294,2.98740147273
"859",303.312192,259.28580761,0.0217895861715,-100.28125,-72.3453674316,"Nr5a1-Cre",12.2057541412,1.02534,-55.3312522888,1.023416,42.70625,1.647548,-72.63125,540,1.023024,-46.2375038147,1.647548,-72.63125,4.22720547577
"861",106.975416,155.156210065,0.0340365059674,-90.4062576294,-74.0390396118,"Rorb-IRES2-Cre",7.87069571328,1.02544333333,-51.7500025431,1.02345833333,28.6562515895,1.2004425,-74.9687550863,155,1.02304166667,-36.9531256358,1.2004425,-74.9687550863,2.71402341413
"866",234.291488,155.781134963,0.0176409464329,-92.875,-76.8596801758,"Rorb-IRES2-Cre",12.0157646833,1.026432,-53.3687538147,1.02362,40.4625022888,1.826864,-76.9875030518,0,1.023144,-48.0125015259,1.826864,-76.9875030518,4.03353794857
"868",140.3648,141.718834639,0.0218500662595,-89.5,-73.443939209,"Rorb-IRES2-Cre",10.2499055087,1.025283,-47.6750022888,1.023457,53.9062522888,1.622193,-74.3875030518,144,1.023061,-46.4250030518,1.622193,-74.3875030518,4.573775093
"869",167.254656,233.437612653,0.0222372673452,-97.09375,-72.7411804199,"Rorb-IRES2-Cre",17.8698072853,1.024819,-49.3000030518,1.023111,49.2500022888,1.621257,-72.5687515259,680,1.022781,-40.2625015259,1.621257,-72.5687515259,3.95024304405
"877",286.964288,206.87507093,0.00387014262378,-90.03125,-67.1831893921,"Rorb-IRES2-Cre",17.9196416072,1.02571833333,-53.958337148,1.02335916667,24.145834287,1.4610325,-67.6406300863,375,1.02294083333,-46.7656269073,1.4610325,-67.6406300863,3.33334664738
"879",160.450448,290.468782187,0.124691918492,-89.21875,-58.9267463684,"Rorb-IRES2-Cre",9.2192805888,1.024617,-47.4875022888,1.022642,31.2937507629,1.422133,-55.8187522888,640,1.02221,-41.4375015259,1.422133,-55.8187522888,3.16144794141
"881",140.105984,122.187539935,0.27550688386,-81.0312576294,-66.0431060791,"Rorb-IRES2-Cre",12.2595457281,1.02510625,-49.3984384537,1.02344125,30.6328144073,1.1253275,-66.8046875,720,1.0230025,-43.6718759537,1.1253275,-66.8046875,2.85308104889
"886",129.452272,178.125008941,0.0289575643837,-91.375,-70.5754852295,"Nr5a1-Cre",15.7719585092,1.024553,-53.0562515259,1.023331,49.2750030518,1.588396,-71.5625045776,499.999969482,1.023019,-44.6125030518,1.588396,-71.5625045776,3.51434229056
"887",110.793784,145.625084639,0.0313746854663,-81.6562576294,-67.9644393921,"Ntsr1-Cre_GN220",11.8484816171,1.02446666667,-52.2083358765,1.02322833333,31.2812519073,1.774205,-69.1875050863,440,1.02289,-43.96875,1.774205,-69.1875050863,2.22944941278
"888",280.747744,212.812498212,0.148680374026,-95.46875,-72.1645965576,"Ndnf-IRES2-dgCre",13.1937725394,1.025616,-60.3687515259,1.023316,46.9187522888,1.667028,-73.0562530518,509.999969482,1.0229,-48.6375022888,1.667028,-73.0562530518,3.92228659098
"890",166.255824,143.593862653,0.0808621942997,-92.4062576294,-77.3134155273,"Scnn1a-Tg2-Cre",12.8030044384,1.025096,-52.8125022888,1.02344,32.5687526703,1.281628,-77.8437530518,979.999938965,1.023004,-45.4437530518,1.281628,-77.8437530518,3.40575927199
"894",264.328544,171.093955636,0.0318340621889,-93.1562576294,-76.1808242798,"Cux2-CreERT2",10.9990430833,1.02531916667,-51.5104192098,1.02339333333,40.7656269073,1.47505833333,-77.0520833333,870,1.02302083333,-48.1614615122,1.47505833333,-77.0520833333,4.22358476843
"896",138.224288,151.093780994,0.0345000289381,-87.53125,-69.4515762329,"Rorb-IRES2-Cre",11.5300357431,1.02833,-52.0000007629,1.023469,30.39375,1.592888,-71.1,840,1.022883,-20.9625003815,1.592888,-71.1,2.6993535431
"899",146.736672,125.781208277,0.0596978142858,-93.0312576294,-80.3194351196,"Cux2-CreERT2",7.71475962095,1.026227,-51.6125022888,1.023427,36.5500030518,1.554734,-80.3625045776,260,1.023057,-45.8062538147,1.554734,-80.3625045776,4.27101076439
"902",124.395336,119.374923408,0.159605979919,-81.40625,-67.953086853,"Rbp4-Cre_KL100",16.1286854046,1.02466833333,-53.8489602407,1.02337666667,47.9739602407,1.08757916667,-69.9583396912,610,1.02300916667,-48.2291692098,1.08757916667,-69.9583396912,3.11863141038
"903",205.990976,174.99999702,0.0227014329284,-85.4687576294,-66.6081771851,"Rorb-IRES2-Cre",10.1686872225,1.024696,-50.8187530518,1.023424,33.4312515259,1.043599,-69.6562530518,136,1.023075,-32.7750007629,1.043599,-69.6562530518,2.17919906013
"906",139.138,189.687535167,0.146253287792,-95.65625,-75.4081039429,"Rorb-IRES2-Cre",3.78334068983,1.025127,-44.9187530518,1.023526,20.9062511444,1.433224,-75.7437515259,0,1.023164,-31.0687511444,1.433224,-75.7437530518,2.20132786275
"909",330.074464,330.312430859,0.018837178126,-92.15625,-61.6267166138,"Rorb-IRES2-Cre",22.922397266,1.024335,-50.9609394073,1.0231475,50.921877861,1.4567075,-63.8515644073,290,1.02282375,-38.9218769073,1.4567075,-63.8515644073,2.85000599422
"914",191.35904,159.374848008,0.0329797305167,-96.9687576294,-80.3756484985,"Rorb-IRES2-Cre",15.7045745182,1.024836,-52.7500030518,1.023464,40.7750015259,1.49896,-80.9562515259,870,1.023092,-46.5250030518,1.49896,-80.9562515259,3.27354344416
"915",235.951264,232.031360269,0.0108916340396,-99.40625,-75.2405853271,"Scnn1a-Tg3-Cre",8.56787902155,1.025801,-54.4500022888,1.02341,36.2312507629,1.327289,-74.74375,610,1.022932,-41.6812507629,1.327289,-74.74375,3.3846832252
"919",111.396192,90.3124585748,0.18500906229,-77.5312576294,-66.5565338135,"Ndnf-IRES2-dgCre",9.59692898273,1.024932,-51.1250015259,1.023444,44.5375022888,1.092216,-67.8437530518,949.999938965,1.023084,-44.7187515259,1.092216,-67.8437530518,3.02994685529
"921",158.85984,248.125001788,0.0537547953427,-96.2187576294,-73.4638595581,"Rorb-IRES2-Cre",18.5228566603,1.02464,-51.4812530518,1.023282,34.1187507629,1.603381,-75.9250045776,680,1.022924,-43.1062522888,1.603381,-75.9250045776,2.80324024751
"926",161.193248,147.187545896,0.0363216288388,-90.03125,-74.2206802368,"Rorb-IRES2-Cre",13.8294194303,1.024871,-52.1687522888,1.023327,51.2000038147,1.378858,-74.9125030518,630,1.023002,-46.4937522888,1.378858,-74.9125030518,4.62820975436
"927",125.622,199.062541127,0.00188777619042,-90.0937576294,-69.7152557373,"Nr5a1-Cre",20.6074870254,1.02470083333,-47.2395852407,1.02332083333,36.5989608765,1.77506666667,-70.2031275431,209.999984741,1.02296916667,-44.5468769073,1.77506666667,-70.2031275431,3.82289976415
"929",178.199488,225.937500596,0.0250830817968,-93.6875076294,-77.0405426025,"Nr5a1-Cre",8.56352260502,1.02504833333,-50.8229204814,1.02349333333,27.0833339691,1.50817666667,-77.2708358765,0,1.02304666667,-49.4062512716,1.50817666667,-77.2708384196,2.86441864706
"932",332.505536,353.749871254,0.0400684587657,-97.21875,-69.7652435303,"Cux2-CreERT2",19.8437565276,1.024952,-53.5000038147,1.02346,40.1750015259,1.783352,-71.8062515259,380,1.023092,-44.0687522888,1.783352,-71.8062515259,3.41409154048
"939",119.131568,107.343748212,0.0506856925786,-83.5937576294,-70.3413925171,"Nr5a1-Cre",18.6889688361,1.02479333333,-49.5937538147,1.02343666667,41.9166679382,1.80337833333,-71.0833409627,0,1.02309166667,-46.177087148,1.80337833333,-71.0833409627,3.21456795201
"940",177.710032,168.43739152,0.0177898649126,-93.3750076294,-75.8291931152,"Rorb-IRES2-Cre",10.5124835742,1.024815,-53.4843769073,1.02343,42.7343756358,1.689315,-77.4843775431,670,1.023055,-51.9322948456,1.689315,-77.4843775431,3.86855935297
"942",165.931616,230.044677854,0.0323442555964,-98.4375,-73.2083282471,"Rorb-IRES2-Cre",17.2260342798,1.02500666667,-49.8020846049,1.023365,30.1770846049,1.70996333333,-74.2916717529,700,1.02294833333,-42.6458358765,1.70996333333,-74.2916717529,2.98939106122
"943",170.021008,140.937611461,0.0726220905781,-93.21875,-76.5253677368,"Scnn1a-Tg3-Cre",7.75564546359,1.026266,-51.3187507629,1.023735,40.5562507629,1.358333,-77.4125045776,0,1.023289,-48.4562507629,1.358333,-77.4125045776,4.11174890672
"945",140.444576,174.218848348,0.0638275370002,-89.6875076294,-73.7013092041,"Nr5a1-Cre",14.3383407231,1.024921,-50.5812507629,1.023373,33.9312507629,1.530155,-74.2812515259,730,1.023033,-47.64375,1.530155,-74.2812515259,3.40635073062
"946",130.50368,157.031327486,0.00593568105251,-86.125,-68.5474395752,"Rorb-IRES2-Cre",13.7857900318,1.02981,-61.8593797684,1.02343625,23.6953134537,1.047485,-69.4375019073,440,1.02306125,-36.398440361,1.047485,-69.4375019073,2.5095726598
"947",106.513552,129.843786359,0.119937628508,-82.9375,-68.9887924194,"Rorb-IRES2-Cre",7.80218851388,1.026005,-46.7937530518,1.023405,49.6500022888,1.149956,-70.0187530518,1290,1.023046,-44.0687522888,1.149956,-70.0187530518,4.01787087316
"949",352.271168,369.218885899,0.0484769903123,-101.406257629,-71.9150695801,"Rorb-IRES2-Cre",29.7796307326,1.02452,-57.273440361,1.02328,47.3906259537,1.60514,-72.0859413147,320,1.02297,-46.6484413147,1.60514,-72.0859413147,4.06314483817
"956",237.4744,135.312497616,0.114090159535,-82.03125,-69.0844650269,"Scnn1a-Tg3-Cre",6.60095053688,1.0251325,-48.0781259537,1.02344875,41.3046875,1.63925875,-69.5234375,1180,1.02309,-40.7265644073,1.63925875,-69.5234375,3.40628905501
"958",200.776256,171.562463045,0.00302252266556,-97.09375,-79.3514709473,"Nr5a1-Cre",16.8086060063,1.025192,-49.6625038147,1.023552,35.0812515259,1.604992,-80.6750030518,999.999938965,1.02312,-46.5875015259,1.604992,-80.6750030518,3.21524842951
"959",129.13652,137.500077486,0.0892390981317,-90.5937576294,-75.5594406128,"Scnn1a-Tg2-Cre",9.11307042125,1.025352,-54.6312522888,1.023524,41.9062515259,1.144844,-76.3187561035,900,1.023144,-50.8250022888,1.144844,-76.3187561035,4.31533534076
"960",147.9972,243.750065565,0.111824981868,-100.3125,-81.1754684448,"Ntsr1-Cre_GN220",14.5756250701,1.02505625,-57.242190361,1.02334375,37.5468769073,1.70215375,-81.9062538147,285,1.02298375,-50.078127861,1.70215375,-81.9062538147,3.61718880155
"966",204.26136,133.593708277,0.0484857745469,-96.1250076294,-81.4397125244,"Scnn1a-Tg3-Cre",11.4573785518,1.02536,-52.8875022888,1.023576,41.5125007629,1.731604,-82.0312545776,939.999938965,1.023132,-46.6312522888,1.731604,-82.0312545776,3.53090104681
"967",182.000352,167.656168342,0.056440487504,-94.28125,-73.415802002,"Nr5a1-Cre",16.6083528943,1.02460375,-50.3437509537,1.02341,30.7890639305,1.5836975,-73.3750019073,0,1.023095,-43.5937509537,1.5836975,-73.3750019073,2.96327841935
"968",251.63056,162.968829274,0.0304045584053,-96.78125,-78.2592773438,"Scnn1a-Tg3-Cre",17.9026988318,1.024965,-48.492190361,1.023445,40.7031259537,1.74264,-79.390625,860,1.023065,-42.0546884537,1.74264,-79.390625,3.37842380829
"969",165.862832,119.687534869,0.0475014671683,-93,-79.3867645264,"Rorb-IRES2-Cre",11.8478307699,1.025576,-51.3375030518,1.023592,41.3500022888,1.303492,-80.2312545776,890,1.023164,-49.9250022888,1.303492,-80.2312545776,4.26969136351
