"","input_resistance_mohm","ri","sag","vm_for_sag","vrest","transgenic_line","height","adaptation","avg_isi","f_i_curve_slope","latency","firing_rate","fast_trough_t_long_square","fast_trough_v_long_square","peak_t_long_square","peak_v_long_square","threshold_i_long_square","threshold_t_long_square","threshold_v_long_square","trough_t_long_square","trough_v_long_square","upstroke_downstroke_ratio_long_square"
"1",134.67648,109.776884317398,0.244704991579056,-78.59375,-66.0850677490234,"Chrna2-Cre_OE25",105.031257629395,0.0643841749362958,76.2833333333333,0.195246801797226,0.0318800000000001,13.1090233777584,1.10266,-48.71875,1.10088,56.5000038146973,110,1.10046,-44.2187538146973,1.1028,-48.8437538146973,4.23133516098478
"6",317.859968,392.499923706055,0.123851075768471,-98.75,-63.3182563781738,"Htr3a-Cre_NO152",60.3875027656556,0.055229448362509,65.1996428571429,0.290424431927115,0.031455,15.3375073263986,1.194985,-47.21875,1.19302,6.87500047683716,30.0000019073486,1.192355,-38.21875,1.232745,-47.9062538146973,1.56066485487134
"7",312.810656,257.656246423721,0.0991026982665062,-93.8750076293945,-66.2190399169922,"Htr3a-Cre_NO152",99.9687538146973,0.0114506456739024,51.8227777777778,0.164467013793456,0.00587500000000007,19.2965341280647,1.0379,-60.5000038146973,1.03698,32.7500038146973,90,1.036595,-41.5625,1.037995,-60.6562538146973,1.93457044398579
"8",105.196152,64.5312517881393,0.0449956208467484,-92.5,-76.9548568725586,"Pvalb-IRES-Cre",84.8500034332276,0.0347760085193906,30.73375,0.631220715270749,0.126335,32.5375198275511,1.53444,-57.6875038146973,1.53362,13.5,350,1.5333,-34.9062538146973,1.53463,-57.8437538146973,1.20454709560304
"13",254.30064,188.749924302101,0.0210860185325146,-97.53125,-76.1265106201172,"Sst-IRES-Cre",91.0312547683716,0.0479778872438261,50.6313888888889,0.291294653444569,0.02136,19.7505938893857,1.078045,-62.3437538146973,1.07737,27.9375019073486,90,1.07699,-49.78125,1.07807,-62.4375038146973,1.51451050493651
"15",175.237632,114.843562245369,0.0471121594309807,-101.250007629395,-77.1630325317383,"Pvalb-IRES-Cre",85.587504196167,0.000606499008422971,6.2868670886076,2.50925139275277,0.0059800000000001,159.06173709511,1.032065,-65.84375,1.031545,6.68750047683716,230,1.031285,-37.71875,1.03208,-65.9375076293945,0.986617100731772
"17",360.87904,337.946444749832,0.177770674228668,-100.031257629395,-69.22314453125,"Sst-IRES-Cre",87.2343792915344,0.0239068846173895,29.8609375,0.558357990282009,0.0213750000000001,33.488566793993,1.18942,-61.3750038146973,1.18842,23.6250019073486,20,1.18802,-45.1250038146973,1.189505,-61.4687538146973,1.64852353062486
"18",504.248832,402.764409780502,0.154761508107185,-104.968757629395,-73.0341339111328,"Chrna2-Cre_OE25",92.9895871480306,0.052803208722645,92.848,0.184774066797642,0.0383800000000001,10.7702912286748,1.16854,-46.8125,1.16562,43.6875038146973,50,1.16512,-35.3125,1.20982,-55.6875038146973,3.43061702705275
"19",203.879312,264.68750834465,0.0848891288042068,-94.8750076293945,-65.8635711669922,"Sst-IRES-Cre",102.83594417572,0.0140817883168554,51.6847222222222,0.329910714285714,0.02328,19.3480772848198,1.18923,-63.0625038146973,1.188445,36.5000038146973,50,1.18812,-42.0625038146973,1.18926,-63.1562538146973,1.74920958040928
"22",277.678944,238.28125,0.0131897740066051,-92.0000076293945,-66.5560607910156,"Sst-IRES-Cre",82.9187534332276,0.0872583040789154,67.7532142857143,0.216294642857143,0.0169400000000002,14.7594473641208,1.07639,-57.6875038146973,1.075405,24.9375019073486,50,1.07507,-46.8437538146973,1.07642,-57.75,2.0673130842014
"23",594.601088,476.562440395355,0.0150903426110744,-101.343757629395,-66.9524688720703,"Sst-IRES-Cre",81.7500038146972,0.0361738299881702,39.7744736842105,0.272144673314158,0.023255,25.1417531741464,1.08975,-56.0625,1.08839,24.1875019073486,30.0000019073486,1.08792,-44.7187538146973,1.089815,-56.2500038146973,2.08763124465058
"34",302.033856,287.343800067902,0.155002474784851,-100.375007629395,-69.8161087036133,"Vip-IRES-Cre",92.1041730244955,0.410374374792146,24.8866666666666,0.0531630740393627,0.0222200000000001,40.1821591213502,1.19904,-54.5937538146973,1.19812,32.84375,40,1.19772,-40.0000038146973,1.74374,-57.1875,1.78395503434556
"37",190.409872,143.749997019768,0.0830477774143219,-91.375,-70.9986572265625,"Sst-IRES-Cre",85.619792620341,0.163518757909875,39.7716666666667,0.0659974369927381,0.0292300000000001,25.1435276369274,1.09285,-55.5,1.09202,18.75,90,1.09161,-43.6562538146973,1.09293,-55.65625,1.39652505926224
"38",246.92152,249.33035671711,0.12509985268116,-94.46875,-65.5227432250977,"Sst-IRES-Cre",69.6718785762786,0.0141153753537825,34.3007142857143,0.446486486486487,0.0250400000000002,29.1539118302409,1.089295,-53.75,1.0882,12.8125,70,1.0878,-39.625,1.089365,-53.84375,1.66050804629989
"41",271.40336,263.750106096268,0.0334620662033558,-94.21875,-66.1558990478516,"Htr3a-Cre_NO152",93.5416704813639,0.0549845832294643,26.0741666666667,0.0354910737914698,0.0176400000000001,38.352136533606,1.090215,-45.9062538146973,1.089095,36.625,70,1.08876,-34.9062538146973,1.097415,-46.59375,2.34738056592662
"44",438.913472,454.531192779541,0.00303306360729039,-97.125,-64.803352355957,"Htr3a-Cre_NO152",85.4531288146972,0.109690434426667,75.0622727272727,0.113037975546069,0.00717500000000015,13.3222718106784,1.09375,-61,1.09248,13.5625,20,1.091985,-51.2500038146973,1.09393,-61.2187538146973,1.80789499244746
"47",146.467936,65.781369805336,0.0459909923374653,-94.1562576293945,-77.5109786987305,"Pvalb-IRES-Cre",90.7500026702881,0.00311867826631323,24.9319230769231,0.484112149532711,0.0228950000000001,40.1092204927263,1.08037,-56,1.079485,24.6875,260,1.079175,-32.15625,1.080445,-56.15625,1.51533429776771
"53",128.370248,96.2498858571053,0.115608237683773,-84.0312576293945,-73.3089828491211,"Htr3a-Cre_NO152",90.2250045776367,-0.0453611791519592,83.9513636363637,0.276735237915631,0.063285,11.9116588067766,1.6868,-50.6875038146973,1.68324,21.375,230,1.682775,-34.59375,1.690635,-52.71875,2.94851722502016
"64",295.471392,381.116092205048,0.0323237255215645,-97.2500076293945,-61.246337890625,"Chrna2-Cre_OE25",81.2343792915344,0.0319007383668994,68.1142857142857,0.276785714285714,0.02318,14.6812080536913,1.08282,-48.4375038146973,1.07984,27.6562519073486,50,1.07928,-35.1250038146973,1.09544,-52.9375038146973,2.41013214427678
"65",457.05392,429.464250802994,0.0329337976872921,-101.125,-61.4177131652832,"Htr3a-Cre_NO152",72.3375032424927,0.0120166229649352,25.8751351351351,0.475438599813971,0.0110250000000001,38.6471411560718,1.14718,-52.3125,1.14616,10.7812509536743,10,1.14577,-44.65625,1.16536,-55.4062538146973,1.81651653809873
"66",252.332384,274.062603712082,0.00390733359381557,-94.53125,-64.5871353149414,"Htr3a-Cre_NO152",53.3125019073486,0.0313114024926393,43.6734090909091,0.442857142857143,0.02949,22.8972278742526,1.131345,-39.875,1.128695,14.375,50,1.12805,-37.09375,1.179765,-46.5,2.75354843311988
"68",184.539952,182.500004768372,0.11977082490921,-92.1875,-71.7014846801758,"Sst-IRES-Cre",96.6000064849853,0.00489873821169162,34.1567857142857,0.535286713328499,0.0141150000000001,29.2767594809649,1.121335,-65.46875,1.12026,22.53125,100,1.1199,-45.53125,1.121475,-65.7187576293945,1.7103609361433
"73",220.59136,98.9955067634583,0.0657196864485741,-88.90625,-74.5770797729492,"Pvalb-IRES-Cre",85.5750038146973,0.00211193289691924,8.44034188034188,1.74097222222222,0.00582000000000016,118.47861309138,1.03208,-65.78125,1.03152,14.6875009536743,330,1.0312,-37.5937538146973,1.03212,-65.9062576293945,1.08527928622308
"78",116.209488,84.3750014901161,0.0581761337816715,-85.1250076293945,-75.4689025878906,"Htr3a-Cre_NO152",96.9062538146972,-0.00994617469183927,70.8661538461538,0.191501976284585,0.04966,14.1111086989558,1.85868,-54.40625,1.85428,28.3437519073486,290,1.85388,-32.9687538146973,1.8617,-55.8750038146973,4.32160351347516
"79",218.646752,135.312616825104,0.0169601105153561,-83.96875,-68.6992721557617,"Pvalb-IRES-Cre",80.1822945276896,0.00277421902588356,13.8646478873239,0.75396519242853,0.008405,72.1258850658786,1.03709,-55.4687538146973,1.03607,13.03125,160,1.035705,-33.40625,1.03731,-55.6250038146973,1.4533911610538
"80",290.759008,258.593797683716,0.146825417876244,-98.2812576293945,-75.1858596801758,"Vip-IRES-Cre",69.7031269073486,0.0161224236178224,27.0981818181818,0.436830357142857,0.0131600000000001,36.9028448738594,1.05046,-49.625,1.04892,18.5625019073486,90,1.04856,-40.1875,1.0505,-49.6875,2.64218266553947
"81",455.143616,338.593661785126,0.0336970798671246,-96.78125,-65.1880950927734,"Htr3a-Cre_NO152",69.0937547683716,0.0333492132819316,50.6811111111111,-0.0202702670574538,0.0319400000000001,19.731216977616,1.25462,-51.28125,1.25308,14.2812509536743,29.9999980926514,1.25264,-42.1562538146973,1.2859,-54.25,2.59684825476686
"83",138.529536,82.8124955296516,0.0359153226017952,-93.03125,-83.3805465698242,"Pvalb-IRES-Cre",85.4531265894572,0.492227663730863,325.006666666667,0.764195250659631,0.013895,3.07685996184693,1.03512,-67.875,1.034235,4.34375,270,1.03393,-47.53125,1.03516,-68.03125,1.50178951710257
"86",267.333216,244.375079870224,0.148372203111649,-99.7187576293945,-72.7958526611328,"Sst-IRES-Cre",81.9000030517578,0.01437154384842,52.5841666666667,0.441071428571428,0.04234,19.0171312657486,1.134075,-53.4062538146973,1.132825,17,70,1.13238,-35.5,1.134235,-53.59375,1.58199485467071
"90",81.808176,82.5000405311584,0.0312513895332813,-86.0625076293945,-69.6435470581055,"Pvalb-IRES-Cre",74.0104211171468,0.00309000052683838,14.2991304347826,0.385887210436096,0.00815500000000013,69.9343225492581,1.03317,-54.46875,1.032375,16.6875019073486,390,1.03208,-34.6875,1.033275,-54.6875038146973,1.40031676763597
"92",105.004096,106.250002980232,0.0707838535308838,-85.4375076293945,-73.8230819702148,"Htr3a-Cre_NO152",86.1500019073486,0.00430307808237836,76.96625,0.120964568384862,0.0310650000000001,12.9927078427233,1.12592,-58.0937538146973,1.120345,17,160,1.11998,-34.875,1.130915,-60.5937538146973,3.34104255613051
"104",161.001792,105.156250298023,0.0280808564275503,-100.468757629395,-74.0991973876953,"Pvalb-IRES-Cre",79.0703158378601,0.00254494411824682,8.30088888888889,1.36487042435671,0.00495500000000004,120.469026074851,1.029525,-65.15625,1.028965,25.5000019073486,370,1.02868,-34.71875,1.02955,-65.28125,1.15719534015501
"105",227.981824,312.18758225441,0.0285992901772261,-94.5937576293945,-61.9263076782227,"Chrna2-Cre_OE25",86.8359394073486,0.133396954435523,101.475,0.133116883116883,0.0340200000000002,9.85464400098546,1.11984,-45.53125,1.11716,33.5,50,1.11658,-34.53125,1.14244,-53.1562538146973,2.44948002659827
"109",211.051296,211.87499165535,0.25926661491394,-94.9062576293945,-70.3972854614258,"Sst-IRES-Cre",91.223960240682,0.0306957107006016,71.0076923076923,0.300697674418605,0.036845,14.0829812588019,1.14794,-50.71875,1.14686,36.59375,90,1.14651,-42.4687538146973,1.17504,-54.15625,2.20564036427941
"110",130.90852,101.250037550926,0.0176252461969852,-86.2812576293945,-75.1085433959961,"Pvalb-IRES-Cre",80.2083350817362,-0.00230963312776649,24.285,1.059217928436,0.00669500000000012,41.1776816965205,1.029815,-59.90625,1.02886,-1,310,1.028585,-39.5,1.029835,-60.0000038146973,1.54677352432458
"112",177.17712,132.656246423721,0.184340372681618,-89.4687576293945,-73.6015090942383,"Sst-IRES-Cre",96.2968788146973,0.221940622737146,55.24,0.194525554000704,0.0332400000000002,18.1028240405503,1.06462,-64.96875,1.06372,30.7812519073486,170,1.06334,-46.1562538146973,1.06468,-65.0000076293945,1.9211690003879
"120",343.51312,174.374997615814,0.0474362894892693,-93.09375,-73.5498428344727,"Chat-IRES-Cre-neo",94.3828153610229,0.274982113045553,41.93,0.0192418887111897,0.0256400000000001,23.8492725971858,1.23458,-44.3750038146973,1.23252,32.7500038146973,50,1.23206,-37.0312538146973,1.33142,-51.8750038146973,3.36277863981625
"122",140.350912,132.812693715096,0.0285200737416744,-88.5625,-75.2428283691406,"Htr3a-Cre_NO152",86.5208361943563,-0.0144716843100686,80.5479166666667,0.189206441460422,0.029075,12.4149703851227,1.07597,-49.5937538146973,1.07297,15.5000009536743,310,1.072545,-35.90625,1.079165,-51.0625038146973,3.13052273773558
"130",152.78832,122.187457978725,0.0110582625493407,-99.59375,-75.73974609375,"Pvalb-IRES-Cre",101.08854230245,-0.00123232957423652,329.985,1.47443174631634,0.00499500000000008,3.0304407776111,1.028535,-68.5625,1.02785,27.28125,249.999984741211,1.027515,-48.1250038146973,1.02855,-68.65625,1.31631808573405
"135",148.943296,81.2499970197678,0.00915148854255676,-85.03125,-74.6396560668945,"Pvalb-IRES-Cre",90.0000038146973,0.0472376080557392,11.16875,1.44336501231961,0.00610500000000003,89.5355344152211,1.02968,-65.3125076293945,1.02903,16.5,290,1.02875,-46.90625,1.02969,-65.375,1.40570901300871
"141",159.685184,137.656286358833,0.0748733133077621,-92.28125,-76.3616561889648,"Htr3a-Cre_NO152",79.1562528610229,0.000773380980547828,8.94218181818182,1.07499984359733,0.0102600000000002,111.829531129275,1.079645,-56.5937538146973,1.078895,8.03125,209.999984741211,1.07856,-37.15625,1.07973,-56.7500038146973,1.073177901094
"144",443.305856,491.874992847443,0.0494608357548714,-94.46875,-58.3895721435547,"Sst-IRES-Cre",74.0750009536744,0.009442348508251,29.1130303030303,0.00597826284774843,0.01362,34.348880538757,1.06693,-55.28125,1.065435,12.6875009536743,29.9999980926514,1.064945,-40.84375,1.067175,-55.5,1.66283762350022
"145",262.940592,197.968780994415,0.121957555413246,-100.90625,-72.2550735473633,"Pvalb-IRES-Cre",65.7291679382324,-0.0119391018675479,6.85805555555556,2.0156756695699,0.00607500000000005,145.813925229859,1.030405,-59.8437538146973,1.029535,-0.65625,170,1.029245,-44.40625,1.03049,-60.0000038146973,1.47485050496756
"148",332.561728,217.187389731407,0.0512986890971661,-96.9375076293945,-72.9392852783203,"Vip-IRES-Cre",90.166670481364,0.0208385456164979,60.3575,0.2203125,0.0141200000000001,16.5679493020751,1.18526,-49.8125038146973,1.1832,28.8125019073486,70,1.1826,-40.7812538146973,1.18574,-50.0312538146973,2.52689360217472
"149",138.222464,90.4687494039536,0.0623507685959339,-89,-78.6321334838867,"Htr3a-Cre_NO152",102.525006103516,0.0153907409770024,67.4192857142857,0.186915878240421,0.028645,14.8325510928412,1.09436,-57.03125,1.091375,30.625,249.999984741211,1.09107,-35.15625,1.097755,-59.9375038146973,3.51974331949318
"150",338.230464,214.843794703484,0.0324125289916992,-88.3437576293945,-65.2329788208008,"Htr3a-Cre_NO152",93.4312545776368,0.00865127294142931,32.9784482758621,0.33130844953652,0.00818500000000011,30.3228336165207,1.04258,-50.9062538146973,1.040455,28.2812519073486,120.000007629395,1.040015,-34.59375,1.043295,-51.6250038146973,2.52540744172461
"154",104.088008,56.7187517881393,0.0936134979128838,-90.4687576293945,-83.2276611328125,"Pvalb-IRES-Cre",84.8812520980835,0.0021412208916593,10.8593406593407,1.22173116498116,0.00972000000000017,92.0866221412666,1.27548,-65.8125076293945,1.274745,4.625,440,1.274375,-46.1562538146973,1.275515,-65.9375076293945,1.12050759906001
"157",202.380544,190.937533974648,0.131219401955605,-98.25,-76.5436096191406,"Chrna2-Cre_OE25",92.2968807220459,0.0699279651912769,115.305,0.134640519926756,0.06006,8.67265079571571,1.21316,-48.65625,1.2099,41.3750038146973,59.9999961853027,1.20942,-40.34375,1.25534,-58.8125038146973,3.88147755440869
"160",235.689568,189.531251788139,0.0383005104959011,-96.59375,-75.6874694824219,"Gad2-IRES-Cre",68.2937519073486,0.0583637422520784,16.679,0.249959658912174,0.013055,59.9556328317045,1.065245,-53.4687538146973,1.064215,7.6875,160,1.06383,-35.5625,1.06533,-53.6875,1.41302972422023
"162",160.333904,148.75003695488,0.129600584506989,-88.46875,-71.9916076660156,"Htr3a-Cre_NO152",93.3437553405762,0.0370010448731845,35.725,0.307341281808051,0.0107250000000001,27.9916025192442,1.04931,-55.6875038146973,1.048275,32.46875,90,1.047985,-46.1875,1.04948,-55.7812538146973,2.83203484180865
"165",86.305232,72.1874982118607,0.0210853274911642,-83.7812576293945,-76.1771469116211,"Htr3a-Cre_NO152",95.2437553405762,0.0168134899207553,117.521428571429,0.175363992064466,0.0697700000000001,8.50908648878621,1.276875,-51.53125,1.272995,23.125,310,1.272535,-34.71875,1.28338,-54.9687538146973,3.38815811623948
"171",191.084912,113.749966025352,0.0562722645699978,-100.71875,-79.1717681884766,"Pvalb-IRES-Cre",74.9062523841858,0.00298085795325107,18.0475925925926,0.739814791547619,0.015155,55.4090521973793,1.050525,-58.2812538146973,1.04958,11.0000009536743,190,1.049255,-35.3750038146973,1.050585,-58.4375038146973,1.46933579140174
"173",294.03296,192.455351352692,0.047018401324749,-96.28125,-75.0899429321289,"Htr3a-Cre_NO152",87.681254196167,0.0167704502862876,64.4128571428571,0.175000009621892,0.04234,15.5248508505401,1.19094,-56.9062538146973,1.1868,25.5000019073486,110,1.18634,-36.6562538146973,1.19644,-59.0625038146973,4.47381298910879
"176",491.303328,249.218866229057,0.0663887560367584,-99.25,-72.1371765136719,"Vip-IRES-Cre",84.487504196167,0.00481717904496307,38.8912,0.400171232876712,0.01844,25.7127576418316,1.78716,-50.8437538146973,1.78528,29.0000019073486,50,1.78484,-36.84375,1.78766,-50.96875,2.69905725269538
"185",254.424752,276.875048875809,0.166442587971687,-100.437507629395,-70.8718795776367,"Chrna2-Cre_OE25",100.070316314697,0.00866905453086879,43.9761904761905,0.402333333333333,0.03044,22.7395776935571,1.18036,-61.0312538146973,1.17882,39.78125,50,1.1784,-44.03125,1.18086,-61.3125038146973,2.77638138681724
"192",253.779808,153.28124165535,0.032016895711422,-88.2187576293945,-70.6198348999023,"Sst-IRES-Cre",99.9437530517578,0.251061542371053,140.15,0.174330357142857,0.0164800000000001,7.13521227256511,1.07516,-60.5625038146973,1.07414,18.1875,90,1.0738,-47.7187538146973,1.07532,-60.7187538146973,1.94111850527048
"196",204.242384,121.874995529652,0.0165599696338177,-88.0312576293945,-73.5458374023438,"Pvalb-IRES-Cre",80.4921913146972,-0.0176142753370159,36.248,1.14705882352941,0.08348,27.5877289781505,1.16972,-57.1562538146973,1.16908,12.71875,270,1.16878,-38.78125,1.16974,-57.2187538146973,1.28914899161535
"199",139.47488,213.125109672546,0.0492967180907726,-91.375,-67.7098922729492,"Chrna2-Cre_OE25",90.0375030517579,0.178237419425125,125.366666666667,0.0873307565386501,0.0554050000000001,7.9766019675618,1.151185,-49.4687538146973,1.14656,34.78125,70,1.14602,-39.65625,1.184285,-56.2812538146973,3.87134809798174
"201",389.1112,271.406292915344,0.06634571403265,-101.281257629395,-69.2375411987305,"Vip-IRES-Cre",76.4479207992553,0.0222076751910128,31.078064516129,0.554020100502513,0.01322,32.1770359760022,1.09946,-48.2187538146973,1.09762,33.34375,50,1.09724,-37.2187538146973,1.11058,-50.7500038146973,3.65005143636856
"202",93.91992,52.3437894880772,0.0390145964920521,-81.8437576293945,-75.7674789428711,"Pvalb-IRES-Cre",79.9531291325887,0.000508087220395712,22.5144186046512,0.640218790489846,0.0217050000000001,44.4159814898979,1.35407,-63.8750038146973,1.35358,15.2812509536743,360,1.35334,-38.03125,1.354095,-63.9375,1.06710353398199
"204",217.243296,194.37500834465,0.0493998341262341,-90.125,-68.5249328613281,"Nkx2-1-CreERT2",94.4062538146972,-0.00371955302091005,45.859,0.274300908908919,0.0786600000000002,21.805970474716,2.01902,-50.2812538146973,2.01752,37.5,100,2.01716,-32.375,2.01984,-50.9375038146973,2.45906754678287
"207",178.153936,150.625005364418,0.0208734646439552,-90.1562576293945,-73.6513824462891,"Nkx2-1-CreERT2",78.3437550067902,-0.0215717586652518,56.0914285714286,0.204037272996829,0.19982,17.8280358598207,1.88452,-51.125,1.88048,11.3125009536743,150,1.8799,-33.59375,1.8914,-54.1250038146973,2.9552547056643
"212",253.627056,202.72321999073,0.0289534665644169,-92.9375076293945,-71.8275680541992,"Nkx2-1-CreERT2",80.4187530517578,-0.00941554688450593,72.2433333333334,0.160497578082811,0.12866,13.8421076915978,1.6913,-52.71875,1.68698,16.15625,110,1.68646,-28.0937519073486,1.69884,-56.3437538146973,2.63410965572111
"213",205.585184,165.80356657505,0.114712543785572,-90.9062576293945,-73.2946472167969,"Sst-IRES-Cre",98.8625045776368,0.00148841329510287,23.1409523809524,0.73444889083208,0.0249050000000002,43.2134332043789,1.074665,-59.7812538146973,1.07357,32.875,120.000007629395,1.073165,-32.3125,1.074725,-59.9375038146973,1.50061180339069
"214",81.538488,58.593787252903,0.054281510412693,-92.1250076293945,-77.0154571533203,"Pvalb-IRES-Cre",75.5125057220459,-0.00535095301011349,16.1702459016393,0.57690681165987,0.00846000000000013,61.8419785377922,1.081735,-61.0312538146973,1.080975,9.50000095367432,520,1.08067,-38.0937538146973,1.081795,-61.1875038146973,1.24269096098926
"220",172.50256,144.999846816063,0.103174313902855,-94.6875076293945,-67.8475646972656,"Pvalb-IRES-Cre",92.7031297683715,0.000123406672533018,16.9751724137931,0.890624990734172,0.01461,58.9095636629561,1.40492,-54.0625038146973,1.404115,25.1875019073486,170,1.40374,-30.1250019073486,1.404965,-54.2187538146973,1.35718269556364
"222",172.376336,118.906289339066,0.0781399831175804,-77.7187576293945,-63.9528121948242,"Htr3a-Cre_NO152",77.0312519073486,-0.0206421902807908,161.302,0.191622884276279,0.16219,6.19955115249656,1.428065,-52.40625,1.42471,29.5625019073486,60.0000038146973,1.424255,-41.40625,1.441885,-59.8125,2.62587241895937
"223",191.82192,138.794541358948,0.0800789520144463,-101.125,-75.6486053466797,"Pvalb-IRES-Cre",87.7812519073487,0.0295126625710214,11.2783333333334,1.40454545454545,0.00744999999999996,88.6655829762075,1.03473,-61.4687538146973,1.03401,16.3750019073486,270,1.0337,-35.03125,1.034825,-61.6250038146973,1.1854364032631
"225",123.666592,93.3592766523361,0.0421907342970371,-84.09375,-75.7731857299805,"Pvalb-IRES-Cre",75.3177092870076,-0.0122857423963326,12.7480434782609,1.59947780678851,0.11981,78.4434099009224,1.9799,-56.3437538146973,1.979185,6.21875,290,1.978835,-38.1875,1.979935,-56.5000038146973,1.20017291751089
"228",97.848864,59.0626150369644,0.0487442165613174,-81.5,-73.6921920776367,"Htr3a-Cre_NO152",90.575004196167,0.00402846268253481,16.3270833333333,0.738534182458835,0.011525,61.2479265024883,1.11027,-55.6562538146973,1.109625,17.75,419.999969482422,1.109345,-34.1875038146973,1.11031,-55.8750038146973,1.2769353864459
"230",267.645056,230.15633225441,0.27087190747261,-99.0625,-73.4133911132812,"Htr3a-Cre_NO152",95.3541717529297,0.0258386928123069,33.045,0.379032269095338,0.012505,30.2617642608564,1.06196,-56.9687538146973,1.06106,32,60.0000038146973,1.060645,-44.8437538146973,1.06197,-57.0000038146973,1.78370007046032
"232",167.413408,103.750072419643,0.0313009656965733,-90.1875076293945,-81.0082778930664,"Pvalb-IRES-Cre",76.1458341280619,0.000337265467675611,11.1551136363636,1.04285746593871,0.00721000000000016,89.6449854836248,1.030645,-60.65625,1.02971,11.15625,370,1.02936,-42.5625,1.030705,-60.7187538146973,1.54561502044311
"233",110.729696,67.9086819291115,0.0338015183806419,-93.71875,-76.3146133422852,"Pvalb-IRES-Cre",97.4375030517579,0.00502526254158955,20.9905952380952,0.722016363371287,0.112885,47.6403831647961,1.40863,-60.3437538146973,1.407925,19.625,300,1.40762,-33.4687538146973,1.40867,-60.5000038146973,1.17642134205064
"235",99.442536,67.3439055681229,0.0821302458643913,-90,-72.9205703735352,"Pvalb-IRES-Cre",81.3541700045268,0.00376263915988954,28.0454545454546,0.562778434304587,0.045965,35.6564019448946,1.20879,-58.8125038146973,1.208155,19.1875,330,1.2079,-36.0937538146973,1.208835,-58.9375,1.33093743630738
"237",164.403856,218.281373381615,0.065653033554554,-91.34375,-67.5254211425781,"Sst-IRES-Cre",78.8250034332276,0.0216371646483322,65.4735714285714,0.314959016393443,0.0414750000000002,15.2733382062555,1.11057,-56.4375038146973,1.1093,22.4375019073486,90,1.108865,-36.7187538146973,1.110625,-56.5312538146973,1.80126814966334
"241",288.786368,235.625118017197,0.0235721748322248,-93.09375,-69.0758590698242,"Nkx2-1-CreERT2",82.4843797683716,0.00319955654208185,16.6033898305085,0.970353982300885,0.0117200000000002,60.2286647611269,1.05246,-58.78125,1.05148,11.5312509536743,70,1.05114,-38.4687538146973,1.05254,-58.9375,1.56971885720424
"246",219.979024,186.718642711639,0.127457618713379,-96.9375076293945,-76.3768463134766,"Sst-IRES-Cre",87.2890663146972,0.0215097192162596,60.3490625,0.267892656066724,0.016975,16.570265693854,1.091885,-64.8750076293945,1.09096,23.125,100,1.090615,-48.90625,1.09194,-64.96875,1.72287060283538
"248",144.4344,93.5937836766243,0.0973421111702919,-83.59375,-72.8668365478516,"Gad2-IRES-Cre",98.2500007629395,-0.204913283975279,51.342,0.980531777657708,0.00982000000000016,19.4772311168244,1.315315,-64.84375,1.314795,20.6875,320,1.31453,-36.78125,1.31535,-64.9375,1.04926692352641
"249",237.59472,178.593754768372,0.0985553190112114,-99.3125076293945,-71.8591003417969,"Pvalb-IRES-Cre",79.7375022888184,0.00315763572436343,13.8065441176471,1.22913227706224,0.00998500000000013,72.4294212569698,1.04096,-60.8750038146973,1.03994,9.09375,150,1.039575,-35.3125,1.040985,-61.0000038146973,1.20005436087038
"252",209.048544,210.781291127205,0.039730466902256,-91.96875,-68.2111053466797,"Sst-IRES-Cre",92.4375030517579,0.031409163709333,49.9816666666667,0.371627923089663,0.0280850000000001,20.0073360232085,1.188895,-58.46875,1.188025,27.6562519073486,60.0000038146973,1.187705,-43.5937538146973,1.188945,-58.6562538146973,1.84265343440837
"253",419.959072,273.906260728836,0.127086594700813,-99.09375,-72.972297668457,"Htr3a-Cre_NO152",89.4625022888184,0.11810500212433,27.65375,0.313970588235294,0.0196400000000001,36.1614609230213,1.10388,-52.53125,1.101885,28.1250019073486,70,1.10144,-31.0000019073486,1.10491,-53.125,2.7820341144703
"261",213.415776,164.687544107437,0.00490313256159425,-87.5625,-68.8334197998047,"Htr3a-Cre_NO152",67.2968777020773,0.00747412994913271,50.3344736842105,0.252807335500974,0.04162,19.8670995603097,1.334935,-45.4375038146973,1.33142,6.5,140,1.330735,-29.6875019073486,1.33749,-46.34375,2.69809822467607
"262",200.542144,115.468747913837,0.0158823784440756,-89.625,-77.1948776245117,"Chrna2-Cre_OE25",80.8385454813639,-0.00489474649907738,77.9116666666667,0.228509480087861,0.0642400000000001,12.8350482383896,1.6928,-50.5,1.68962,24.25,150,1.68908,-36.3437538146973,1.70012,-54.3750038146973,3.73982856536657
"268",200.424128,162.950426340103,0.037679847329855,-100.156257629395,-69.2242050170898,"Pvalb-IRES-Cre",66.1328154802322,-0.953182196666195,318.255,0.988161106959371,0.20391,3.1421344519332,1.867545,-62.3437538146973,1.86687,4.15625,140,1.866615,-40.59375,1.867615,-62.4687538146973,1.19439806834925
"269",147.043344,106.40636831522,0.0415983870625496,-95.8437576293945,-79.3194808959961,"Pvalb-IRES-Cre",83.3046917915345,0.00249241034067271,22.5242682926829,0.697302184475846,0.062405,44.3965587252774,1.86291,-57.8125038146973,1.86217,13,240.000015258789,1.861885,-36.21875,1.862925,-57.9687538146973,1.32695477422044
"271",278.638656,197.656199336052,0.0450279004871845,-82.3750076293945,-59.7773742675781,"Chrna2-Cre_OE25",88.2500045776368,0.0720733276299138,95.882,0.191304347826087,0.0345600000000001,10.4294862435076,1.11238,-47.5000038146973,1.10992,39.2187538146973,70,1.10944,-35.8437538146973,1.12816,-53.9687538146973,3.0205568054213
"274",272.902624,219.218745827675,0.0653395056724548,-97.15625,-74.1142349243164,"Sst-IRES-Cre",95.7625015258789,0.00320756129564941,18.2135185185185,0.739600889177175,0.0124500000000001,54.9042733826117,1.05148,-62.59375,1.05026,22.4375,110,1.04985,-33.3750038146973,1.05161,-62.8125,1.47123335977923
"280",131.534336,91.7188674211502,0.0427062027156353,-83.7187576293945,-72.9193115234375,"Pvalb-IRES-Cre",86.9062534332275,0.0874282067645108,7.83499999999993,1.19048180898285,0.00618500000000011,127.632418634334,1.03089,-65.15625,1.0304,11.78125,320,1.030145,-34.9687538146973,1.030895,-65.28125,1.00869688928927
"281",225.293296,231.562420725822,0.0236294623464346,-96.0312576293945,-71.2807159423828,"Vip-IRES-Cre",98.1125030517579,0.0496941836971614,44.0027272727273,0.311997012804524,0.0232600000000001,22.7258640993327,1.21438,-56.875,1.21322,40.4375,59.9999961853027,1.21284,-47.0937538146973,1.69132,-57.0937538146973,2.99417042736983
"282",213.602096,242.1875,0.19055113196373,-98.96875,-72.1569137573242,"Sst-IRES-Cre",64.7656292915345,0.00831017441763653,40.6706521739131,0.555,0.03868,24.587754229361,1.155185,-51.1562538146973,1.154185,7.8125,70,1.153855,-33.9375038146973,1.15528,-51.28125,1.53965880902987
"285",342.28384,344.68749165535,0.0512895882129669,-100.5,-62.6112518310547,"Htr3a-Cre_NO152",73.9531283378601,0.0356742414884892,34.7965384615385,0.575531927135099,0.017055,28.738490787103,1.10479,-50.8125,1.10332,21.1875019073486,30.0000019073486,1.102895,-37.8437538146973,1.11758,-51.5000038146973,2.32984108094318
"286",337.48256,230.468943715096,0.0809965506196022,-98.4062576293945,-71.961540222168,"Chrna2-Cre_OE25",93.7083396911621,0.0240650777895915,29.9925,0.524553571428572,0.0218400000000001,33.341668750521,1.07192,-61.5937538146973,1.07094,29.4062519073486,50,1.07056,-44.4375,1.072,-61.65625,1.9454791284912
"291",352.433632,150.000005960464,0.254479914903641,-101.968757629395,-69.6007308959961,"Sst-IRES-Cre",94.0703191757202,0.0245779786628175,39.4589583333333,0.544505494505495,0.02671,25.3427876010412,1.08675,-58.0937538146973,1.08607,35.34375,50,1.085745,-37.3125,1.08675,-58.0937538146973,1.35947406121151
"293",356.36832,262.890517711639,0.0778369456529617,-98.875,-73.1615219116211,"Sst-IRES-Cre",99.456251525879,0.0880591216123092,80.4063636363637,0.353027541384258,0.0137450000000001,12.4368265741065,1.073045,-59.1250038146973,1.072195,36.59375,80,1.071845,-45.3437538146973,1.073065,-59.2500038146973,2.08832255423817
"296",332.315904,170.312494039536,0.0800907835364342,-99.46875,-73.2969207763672,"Htr3a-Cre_NO152",90.2656297683716,-0.0165641499268557,51.1505263157895,0.184340659340659,0.01136,19.5501409668059,1.3248,-50.7500038146973,1.32274,16.78125,70,1.32218,-39.3437538146973,1.3259,-51.0937538146973,2.55515219512826
"302",417.74864,570.625126361847,0.0364815033972263,-99.1250076293945,-60.1255912780762,"Chrna2-Cre_OE25",84.7656278610229,0.211282509818045,68.4422222222222,0.132680115273775,0.01898,14.6108639890906,1.16178,-52.7812538146973,1.1605,22.7812519073486,10,1.16002,-41.3125,1.16186,-52.875,1.87698117641127
"304",233.527488,247.209787368774,0.130555033683777,-102.65625,-75.7673873901367,"Chrna2-Cre_OE25",91.8697967529297,0.389809018147239,126.19,0.147222222222222,0.0499000000000001,7.92455820588002,1.16698,-45.9062538146973,1.16416,38.03125,90,1.1636,-33.8125,1.21302,-54.9375038146973,2.97045489831137
"305",129.903104,65.6249970197678,0.0965977758169174,-80.15625,-72.0429763793945,"Pvalb-IRES-Cre",85.0937528610229,0.000642588058309864,12.5075,1.15678851174935,0.01187,79.9520287827304,1.272425,-55.6875038146973,1.27171,14.8437509536743,290,1.27139,-31.7812519073486,1.27254,-55.875,1.16261835694738
"306",228.97656,213.28116953373,0.0271111633628607,-95.875,-72.3847427368164,"Htr3a-Cre_NO152",83.2734417915344,0.00671348868104487,49.5721052631579,0.300396850031209,0.0195400000000001,20.1726352893711,1.12163,-50.8125,1.118575,20.2812519073486,110,1.1181,-35.6875038146973,1.13039,-54.5937538146973,3.62133849013968
"313",177.478832,137.500002980232,0.0252450555562973,-92,-76.2554244995117,"Pvalb-IRES-Cre",68.3125,0.00146199087054021,13.2865753424658,0.692857121058861,0.021245,75.2639392939621,1.10801,-54.125,1.106795,4.75000047683716,210,1.106435,-27.65625,1.108025,-54.21875,1.32794366256187
"314",140.456,139.374956488609,0.0474112145602703,-88.5,-72.1893692016602,"Htr3a-Cre_NO152",87.8187538146973,0.0954127717211609,49.6258333333333,0.268189112056952,0.02946,20.1507951167907,1.093885,-54.15625,1.09266,27.5625,150,1.092345,-37.09375,1.094055,-54.40625,2.55582945040498
"322",74.373624,36.5624614059925,0.0477078333497047,-88.96875,-77.0860366821289,"Pvalb-IRES-Cre",94.968754196167,0.00534252401808136,15.3210714285714,1.05167322834646,0.13388,65.2695867036529,1.651235,-66.8437576293945,1.650615,7.15625047683716,620,1.650275,-35.1250038146973,1.65126,-66.9687576293945,0.862726109512871
"325",102.521304,61.5624599158764,0.0321450121700764,-89.3125,-80.8448028564453,"Htr3a-Cre_NO152",91.4312519073486,-0.0252933361032462,94.7677777777778,0.170311867136421,0.090435,10.5521098357388,1.48934,-54.9062538146973,1.48466,19.90625,350,1.48418,-35.8437538146973,1.49345,-56.46875,3.69412993885016
"327",87.087664,51.5625067055225,0.0474356599152088,-94.0000076293945,-80.1526336669922,"Pvalb-IRES-Cre",76.6437519073486,0.00126942248117206,12.0556896551724,0.254801324503311,0.299605,82.948386081833,1.1884,-59.1562538146973,1.187535,6.5,590,1.1872,-36.59375,1.188475,-59.2812538146973,1.22528456551036
"330",184.305216,178.281292319298,0.0684260651469231,-93.625,-73.3044967651367,"Sst-IRES-Cre",98.2250045776367,0.196798784250558,124.356428571429,0.299710998943021,0.030545,8.04140173119889,1.087185,-58.78125,1.086035,35.0625038146973,110,1.08562,-44.4062538146973,1.08722,-58.9375,2.16458500499416
"331",391.213248,328.906267881393,0.0241032354533672,-100.156257629395,-76.1264419555664,"Sst-IRES-Cre",97.1875038146973,0.369424324358425,234.183333333333,0.0622340430566875,0.0324900000000001,4.2701587075653,1.22363,-64.96875,1.22297,25.9375019073486,30.0000019073486,1.222665,-56.15625,1.223655,-65.0937576293945,1.52953482666871
"340",191.326528,145.468786358833,0.0182432401925325,-88.6562576293945,-73.6837921142578,"Nkx2-1-CreERT2",93.9937538146973,-0.0243319201736192,71.3454545454545,0.174385243029592,0.17346,14.0163098878695,1.9769,-52.5000038146973,1.9729,36.78125,190,1.9725,-28.4062519073486,1.98116,-55.6250038146973,4.06049830575299
"343",206.196992,186.562418937683,0.0656694322824478,-90.53125,-70.5390701293945,"Chat-IRES-Cre-neo",94.5312553405762,0.00432305494754565,88.42,0.164491155277818,0.0079800000000001,11.3096584483149,1.3784,-49.9062538146973,1.37686,36.9375,110,1.3764,-40.9687538146973,1.3784,-49.9062538146973,2.90846022449572
"347",177.3468,118.437498807907,0.0252852868288755,-100.781257629395,-74.416374206543,"Pvalb-IRES-Cre",75.3437526702881,0.0743123738444689,14.21,0.726562493230611,0.00983000000000001,70.3729767769177,1.04022,-57.2187538146973,1.03929,12.2500009536743,230,1.03897,-34.875,1.040285,-57.34375,1.48883559525266
"348",115.145696,71.8751177191734,0.0232932921499014,-88.96875,-80.8073272705078,"Pvalb-IRES-Cre",92.1812561035156,0.00134575928166883,20.4914444444444,0.903794794523542,0.0712700000000002,48.8008545571866,1.839055,-62.375,1.83828,8.12500095367432,390,1.83793,-34.7500038146973,1.83908,-62.5,1.05581799194346
"349",291.219424,193.437457084656,0.0550305172801018,-92.8437576293945,-71.5591354370117,"Vip-IRES-Cre",83.4437534332276,0.157901549081154,38.5333333333334,0.0308988764044944,0.0118,25.9515570934256,1.05658,-51.4687538146973,1.055,33.6250038146973,80,1.0546,-42.3750038146973,1.05668,-51.53125,3.16120244790514
"351",311.605952,485.000014305115,0.0322718136012554,-102.15625,-67.0113220214844,"Sst-IRES-Cre",94.1666717529297,0.0544789975287089,164.649,0.0344696971043411,0.04545,6.07352610705197,1.157125,-58.8750038146973,1.155575,36.75,30.0000019073486,1.155115,-37.34375,1.15717,-58.9375,2.45739275705611
"352",114.496624,105.000108480453,0.108139015734196,-83.7812576293945,-72.0309982299805,"Chrna2-Cre_OE25",97.5390691757202,0.023933766746463,111.165,0.0859304090773218,0.0805800000000001,8.99563711599874,1.2123,-49.0000038146973,1.20812,42.7812538146973,130,1.20766,-37.90625,1.24962,-56,4.69022121584837
"356",123.479544,112.187504768372,0.0678921714425087,-83.4375,-70.7862167358398,"Htr3a-Cre_NO152",89.6437545776367,0.0131235670638737,60.1221875,0.269935686069357,0.0242200000000001,16.6327946733475,1.083365,-46.6250038146973,1.08135,28.9062519073486,190,1.08092,-39.6875038146973,1.091605,-50.8125,3.02183142612864
"361",192.72752,184.218749403954,0.0322502516210079,-93.8437576293945,-74.6732559204102,"Htr3a-Cre_NO152",92.3515653610229,0.0419788600137131,68.1230769230769,0.266326530612245,0.0545600000000002,14.6793134598013,1.20866,-53.7812538146973,1.20718,36.1562538146973,70,1.20676,-40.21875,1.2089,-54.0625038146973,2.8135972083725
"363",188.7088,216.718822717667,0.0732740610837936,-95.375,-71.9751281738281,"Chrna2-Cre_OE25",100.911463419596,0.0442867069260407,92.924,0.299532101877648,0.0473000000000001,10.7614825018295,1.14152,-61.5937538146973,1.14006,42.5,110,1.13956,-43.8125038146973,1.1417,-61.8437538146973,2.42819456470156
"369",244.504784,136.875107884407,0.0122328987345099,-90.1562576293945,-74.8419723510742,"Nkx2-1-CreERT2",89.7625038146973,0.00218613777497787,17.3022222222222,0.808581485867095,0.04548,57.796044181865,1.11266,-55.90625,1.11154,17.3750019073486,150,1.11112,-39.09375,1.1128,-55.9687538146973,1.48667387456321
"370",179.584672,115.000002086163,0.0793210864067078,-85.4687576293945,-71.0717086791992,"Pvalb-IRES-Cre",89.7187509536743,0.00661822939739147,23.834756097561,1.03439201451906,0.0100500000000001,41.9555373634526,1.04906,-62.71875,1.04834,22.125,170,1.048025,-39.09375,1.049095,-62.8437538146973,1.29428584053026
"378",110.398784,105.156250298023,0.0230337269604206,-83.4687576293945,-72.0595779418945,"Htr3a-Cre_NO152",83.7312530517579,0.00394759741010341,48.35625,0.247142810432283,0.024985,20.679850071087,1.10245,-46.25,1.09766,17.65625,249.999984741211,1.097235,-27.9062519073486,1.10635,-48.1562538146973,3.00518342763655
"382",238.468528,219.06253695488,0.0861993804574013,-92.7187576293945,-68.8199691772461,"Nkx2-1-CreERT2",94.4166717529297,-0.0403843450495415,82.09,0.19593837535014,0.11906,12.1817517358996,1.87496,-58.8750038146973,1.87194,27.3125,90,1.87146,-38.1875,1.87968,-62.3437538146973,3.07883987086904
"386",196.270208,276.250004768372,0.210300296545029,-100.40625,-70.5262680053711,"Htr3a-Cre_NO152",83.7937530517579,0.0415799606702259,9.30749999999997,0.0310874704491726,0.0135050000000001,107.44023636852,1.0714,-55.2500038146973,1.0702,15.0000009536743,40,1.069845,-38.9687538146973,1.071515,-55.4687538146973,2.15337954932533
"392",249.300176,240.781292319298,0.116980828344822,-82.5,-64.7840728759766,"Sst-IRES-Cre",109.856254577637,0.0156101257000066,58.4721875,0.38198275862069,0.041995,17.1021479228907,1.22379,-58.5937538146973,1.222745,46.40625,50,1.22229,-37.65625,1.223825,-58.78125,1.75176736697084
"394",345.971648,341.718673706055,0.0355428121984005,-101.968757629395,-74.6933822631836,"Chrna2-Cre_OE25",93.7321469443185,0.0216389675471676,49.4978947368421,0.37131221719457,0.03878,20.2028794419752,1.16812,-58.6562538146973,1.16644,34.6562538146973,70,1.1659,-38.8125038146973,1.1683,-58.8437538146973,2.24152484627569
"396",313.030656,210.312455892563,0.0470303408801556,-95.2187576293945,-72.1218643188477,"Nkx2-1-CreERT2",92.7500045776368,-0.00306004093771068,50.0389473684211,0.286893203883495,0.0363,19.9844331783663,1.32036,-51.53125,1.3184,35.3125,70,1.31802,-32.9375,1.32886,-56.875,3.3109132694305
"403",117.1574,95.9821417927742,0.0352624356746674,-95.5000076293945,-75.1253509521484,"Pvalb-IRES-Cre",80.1250038146972,0.00174079361419356,13.7625,0.664687481187279,0.035345,72.661217075386,1.15813,-58.6562538146973,1.157175,8.75,209.999984741211,1.15682,-33.34375,1.158345,-58.9375,1.16045998777225
"407",186.300512,122.812502086163,0.0104180900380015,-92.4375076293945,-79.4691696166992,"Pvalb-IRES-Cre",98.4687550862631,0.0416481833737988,8.06666666666667,1.46532164640559,0.00628000000000006,123.96694214876,1.03544,-71.40625,1.034825,17.78125,249.999984741211,1.034515,-40.1562538146973,1.035465,-71.53125,1.00016491004093
"408",225.53072,131.250381469727,0.0613858103752136,-95.6875,-66.2035369873047,"Pvalb-IRES-Cre",71.5078160762786,0.00211392868004661,13.6835384615385,0.801547862699115,0.10541,73.0805122381748,1.09125,-55.8125038146973,1.09018,3.25,190,1.08983,-32.46875,1.09136,-55.9687538146973,1.17066504765197
"410",297.908576,195.089280605316,0.0982809737324715,-93.0625076293945,-70.4354019165039,"Chat-IRES-Cre-neo",84.7343807220459,-0.03144103939383,77.7916666666667,0.222767857142857,0.0138,12.8548473486877,2.01116,-43.21875,2.00888,32.15625,90,2.00828,-34.59375,2.01964,-44.28125,2.56555384631101
"411",239.256544,210.156217217445,0.100539937615395,-96.1562576293945,-73.0956115722656,"Htr3a-Cre_NO152",99.2687538146973,0.151197766520686,77.2168181818182,0.105666009792922,0.01481,12.9505465719315,1.11199,-53.0625038146973,1.110795,41.71875,60.0000038146973,1.110485,-43.6562538146973,1.13865,-54.5937538146973,3.13222668347613
"413",153.387584,87.4999985098839,0.0302831251174212,-90.53125,-79.72119140625,"Pvalb-IRES-Cre",77.625,0.000457216917399045,12.4246835443038,0.472631675132694,0.0104900000000001,80.4849472772655,1.035625,-60.59375,1.034755,8.625,350,1.03436,-34.46875,1.035705,-60.6875,1.3276238321238
"416",192.807776,182.656213641167,0.0680871158838272,-97.5937576293945,-77.9012298583984,"Chrna2-Cre_OE25",95.6484422683715,0.0630446943135502,80.4844444444444,0.219708502024291,0.05426,12.4247611684798,1.26258,-60.8125038146973,1.26132,31.6250019073486,70,1.26086,-42.4687538146973,1.26268,-60.8750038146973,2.03066374192027
"422",249.884064,210.937425494194,0.0435485690832138,-82.90625,-67.0247116088867,"Nkx2-1-CreERT2",95.4312553405762,-0.00343049770531508,47.534,0.234892553847802,0.0368600000000001,21.0375731055665,1.81524,-52,1.81276,37.1250038146973,100,1.81236,-33.03125,1.82126,-56.625,3.95010014405642
"423",133.1606,109.999999403954,0.0915253385901451,-85.71875,-74.1160736083984,"Pvalb-IRES-Cre",84.4187515258789,0.00208934252760291,29.6682142857143,0.819338261358163,0.16467,33.7061068242828,1.675855,-64.3125,1.67516,8.90625095367432,200,1.674865,-37.6875038146973,1.675865,-64.40625,1.13899407731033
"429",225.907072,226.406291127205,0.0353129655122757,-99.5312576293945,-73.7278823852539,"Vip-IRES-Cre",92.1250030517579,0.0855565057872587,63.6685714285714,-0.00216535456888326,0.01692,15.7063363848501,1.1692,-57.8437538146973,1.16736,31.6250019073486,20,1.16682,-48.4375038146973,1.16984,-58.2500038146973,2.60267890536342
"434",95.58364,87.1874988079071,0.0920467376708984,-89.7812576293945,-70.0180740356445,"Pvalb-IRES-Cre",83.5000019073486,0.0257060216293444,8.59875000000004,1.00628897616236,0.00461,116.295973251926,1.02677,-64.21875,1.02626,10.25,400,1.02603,-39.8437538146973,1.026805,-64.3125,1.17200712664061
"435",214.070112,162.544712424278,0.0740037932991982,-89.2500076293945,-70.6075286865234,"Sst-IRES-Cre",83.3312522888184,0.00354169523005824,15.5334920634921,0.924452629505193,0.0104900000000001,64.3770245552364,1.041915,-63.5937538146973,1.04134,22.7187519073486,110,1.041065,-38.78125,1.04195,-63.84375,1.18486334297448
"440",181.62328,99.0623831748962,0.0307512935250998,-100.28125,-76.7705001831055,"Pvalb-IRES-Cre",87.5416695276896,0.00354742616062102,11.949156626506,1.1672134045558,0.00569500000000001,83.687914658493,1.03235,-76.84375,1.031775,17,220,1.031445,-53.1562538146973,1.03241,-76.96875,1.05306573761373
"445",184.970112,221.071422100067,0.104748919606209,-94.0000076293945,-72.0331649780273,"Sst-IRES-Cre",85.400004196167,0.223028649386084,45.8125,0.147501030763692,0.0342800000000001,21.8281036834925,1.08871,-59.6250038146973,1.087795,22.84375,110,1.087335,-46.0000038146973,1.08877,-59.65625,1.59552578404013
"449",258.0088,320.535778999329,0.0329767949879169,-99.6562576293945,-70.0454711914062,"Sst-IRES-Cre",72.1953146457672,0.262937554653921,160.955,0.112884160756501,0.03216,6.21291665372309,1.21759,-52.84375,1.21604,9.50000095367432,70,1.21559,-41.5625,1.217705,-52.9062538146973,2.14434464861127
"451",273.04608,186.718717217445,0.0737541764974594,-92.46875,-71.5811462402344,"Sst-IRES-Cre",77.1875030517579,0.148728704121031,36.5066666666667,0.333835730117992,0.0230900000000001,27.3922571219868,1.06751,-54.25,1.066215,12.6562509536743,120.000007629395,1.06577,-42.65625,1.06763,-54.5000038146973,2.01967008598658
"452",251.150864,289.531320333481,0.0597299821674824,-94.5000076293945,-62.701229095459,"Chrna2-Cre_OE25",96.5500053405762,0.033857390971727,77.5333333333333,0.191071428571429,0.0203600000000002,12.8976784178848,1.0919,-49.6875,1.08964,42.0625038146973,50,1.08908,-36.6875,1.11642,-54.0312538146973,2.74976324718835
"458",208.152768,174.999997019768,0.0284262932837009,-80.65625,-68.0887222290039,"Nkx2-1-CreERT2",98.7395909627279,-0.0079762316985848,57.9066666666667,0.265588245744275,0.10786,17.2691687773428,1.86436,-53.3750038146973,1.86272,39.6875038146973,130,1.8622,-39.8125,1.87022,-54.0937538146973,3.03724719576329
"460",297.790624,190.13400375843,0.0392634160816669,-94.4375,-73.6521224975586,"Pvalb-IRES-Cre",63.6093771457672,0.00373988765949594,17.1014035087719,0.967330683563486,0.0121500000000001,58.4747327602127,1.043335,-50.7500038146973,1.04192,-0.4375,130,1.04159,-32.9062538146973,1.043595,-51.0312538146973,1.6721619647588
"462",112.281272,66.5624216198921,0.0791119262576103,-97.53125,-82.11767578125,"Pvalb-IRES-Cre",73.9062509536744,-0.00857484282178887,29.3043333333333,0.577354454302538,0.0998250000000001,34.1246459567982,2.00356,-57.7812538146973,2.002825,7.4375,350,2.00255,-36.3125,2.00365,-57.90625,1.27006529374991
"464",287.26896,292.812526226044,0.156620815396309,-102.500007629395,-69.3377838134766,"Sst-IRES-Cre",92.8593769073486,0.0108185851906256,28.9274242424242,0.317825383993533,0.0243100000000001,34.5692721073115,1.11878,-58.15625,1.117885,34.0625,40,1.117455,-42.5625038146973,1.11878,-58.15625,1.47380490472726
"465",113.847168,103.281252086163,0.0338861607015133,-85.4375076293945,-74.3047332763672,"Htr3a-Cre_NO152",92.7562549591065,0.0178366946639892,65.3160714285714,0.168232857440182,0.02132,15.310167591656,1.128665,-50.5,1.126355,22.8750019073486,220,1.125945,-35.75,1.134985,-55.90625,3.98579530752339
"469",231.135856,230.624958872795,0.217359259724617,-97.1562576293945,-72.4381256103516,"Sst-IRES-Cre",97.2437568664551,0.0113342969253557,25.5419736842105,0.491044776119403,0.0209250000000001,39.1512422792205,1.08411,-55.5000038146973,1.0833,35,70,1.08294,-35.03125,1.08413,-55.59375,1.61589828923934
"472",123.878368,92.5221890211105,0.0163599103689194,-87.0625,-77.2041091918945,"Pvalb-IRES-Cre",93.2291692097981,-0.000460815579581169,9.21564814814815,2.14485273690093,0.00426499999999996,108.51108722081,1.02575,-63.9687538146973,1.02515,12.71875,509.999969482422,1.024855,-46.03125,1.025755,-64.03125,1.21679944152212
"476",330.6896,204.687386751175,0.113529749214649,-87.2812576293945,-63.2645416259766,"Vip-IRES-Cre",92.6875038146973,0.0126695967697809,33.5255172413793,0.390799492385787,0.0153400000000001,29.8280260018103,1.0849,-51.0937538146973,1.08288,35.09375,50,1.08246,-39.625,1.10084,-53.28125,3.46324807566043
"477",182.348176,168.906092643738,0.0618418902158737,-79.9062576293945,-61.2857704162598,"Chat-IRES-Cre-neo",93.4687538146972,0.0996201651188954,120.311428571429,0.139005233860275,0.00822000000000012,8.31176233109309,1.72342,-51.375,1.722,37.5,59.9999961853027,1.72154,-40.59375,1.72344,-51.4375,2.58471140145548
"478",295.312768,207.656249403954,0.00674996199086308,-86.75,-64.1587371826172,"Nkx2-1-CreERT2",89.7343781789144,-0.0214219492620809,56.68875,0.228709055876686,0.0799800000000002,17.6401843399264,1.82708,-51.6250038146973,1.82318,31.0625,90,1.82268,-34.9687538146973,1.83362,-54.875,3.60497636858595
"483",189.404256,214.464262127876,0.0666440650820732,-96.1250076293945,-71.5020294189453,"Sst-IRES-Cre",60.0468751192093,0.0349288596863164,49.1228947368421,0.469480537621079,0.0251700000000001,20.357106505167,1.096375,-50.5937538146973,1.09406,0.5,90,1.093555,-42.8125038146973,1.09799,-51.1875038146973,2.37617779852011
"486",380.892416,291.406184434891,0.0525948405265808,-97.84375,-68.7102890014648,"Sst-IRES-Cre",81.8333377838135,0.00196813292358195,12.2290476190476,0.331223855146699,0.00867499999999999,81.7725166465482,1.03418,-57.34375,1.03327,7.6875,120.000007629395,1.032945,-36.9375,1.03422,-57.4687538146973,1.38501499277202
"487",149.633568,111.562542617321,0.0461349040269852,-91.75,-78.3290176391602,"Htr3a-Cre_NO152",89.5781264305115,0.0013113763860859,86.0090909090909,0.20995671058223,0.052125,11.626677941021,1.16788,-52.7500038146973,1.162155,24.6875,170,1.161745,-34,1.17715,-56.3125,4.3532473754722
"489",298.512128,460.491210222244,0.0713085681200027,-99.0312576293945,-72.7053756713867,"Sst-IRES-Cre",83.1812515258789,0.0535093816654341,40.1592857142857,0.538013698630137,0.03386,24.9008412927094,1.156735,-58.03125,1.155635,23.3437519073486,50,1.155215,-39.6875,1.15679,-58.15625,1.65806613446709
"490",206.912064,138.281241059303,0.051396943628788,-94.46875,-79.3491287231445,"Pvalb-IRES-Cre",78.1830362592424,0.00044401551891512,9.18836448598131,1.1404958677686,0.010275,108.833296886045,1.408435,-60.78125,1.40762,3.34375,180,1.40729,-39.9062538146973,1.408465,-60.84375,1.12091242227483
"492",136.85368,84.6873819828033,0.00456018326804042,-82.0312576293945,-72.5855331420898,"Nkx2-1-CreERT2",81.6625019073486,0.00152932812328208,15.985,0.794242504372189,0.0344800000000001,62.5586487331874,1.23858,-54.6562538146973,1.23768,13.9375,330,1.2373,-32.0312538146973,1.23862,-54.7500038146973,1.28214906715888
"493",247.932016,320.468693971634,0.0631639063358307,-96.5,-61.7753524780273,"Chrna2-Cre_OE25",78.6614634195964,0.0687944492266756,121.9,0.252464788732394,0.02302,8.20344544708778,1.10346,-45.0312538146973,1.10062,25.25,50,1.10002,-32.9687538146973,1.12486,-49.7500038146973,2.66891142694365
"495",184.436208,114.531256258488,0.0726962611079216,-99.96875,-75.657829284668,"Pvalb-IRES-Cre",90.5000068664551,0.056505824353343,10.1333333333333,0.892365786652322,0.00873500000000016,98.6842105263161,1.03522,-62.6250076293945,1.034595,22.1875019073486,220,1.034315,-38.78125,1.03526,-62.8437538146973,1.24024570756673
"496",156.860064,114.062502980232,0.066166415810585,-97.3125,-73.1888122558594,"Pvalb-IRES-Cre",71.2812504768372,0.00637119649264477,22.67625,0.745216030550149,0.047525,44.0990022600739,1.22804,-54,1.226705,5.43750047683716,230,1.22631,-30.1875,1.228275,-54.1875038146973,1.31803046546576
"498",194.24152,197.343677282333,0.0626886636018753,-95.7500076293945,-74.2608337402344,"Sst-IRES-Cre",97.0312538146973,0.321472964574268,32.18,0.0803977299869543,0.0286900000000001,31.0752019888129,1.09149,-57.7812538146973,1.09047,37,130,1.09007,-40.4062538146973,1.091615,-57.90625,1.96891041410751
"501",158.939984,167.946323752403,0.0235492996871471,-87.125,-68.3402709960938,"Sst-IRES-Cre",84.9625030517579,0.57926289201492,246.9,0.125511880482078,0.029015,4.05022276225192,1.10928,-58.1875038146973,1.10797,5.0625,70,1.107625,-47.9687538146973,1.10941,-58.3437538146973,2.11841258474844
"506",112.529064,102.812580764294,0.00731829274445772,-82.4375,-70.6090240478516,"Htr3a-Cre_NO152",83.2864621480306,0.0119547826359524,61.5613333333333,0.204330703222829,0.0232050000000001,16.2439626605445,1.093635,-48.7812538146973,1.09105,26.875,200,1.09066,-34.5625038146973,1.099485,-51.7812538146973,3.90039090389675
"507",179.331648,139.375001192093,0.0724908262491226,-84.59375,-68.9802322387695,"Htr3a-Cre_NO152",85.2656272252401,0.017192776458001,41.7115217391304,0.344312183761317,0.01519,23.9741912619285,1.061355,-56.9687538146973,1.06013,25.7812519073486,130,1.059775,-39.65625,1.06735,-58.375,2.30326009085143
"511",166.71384,135.156214237213,0.054915577173233,-90.9062576293945,-76.0302276611328,"Sst-IRES-Cre",86.3750031789144,0.107110300820422,10.97,0.976904181845225,0.0081,91.1577028258888,1.036345,-64.03125,1.035485,19.1250019073486,170,1.035165,-39.65625,1.036395,-64.0625076293945,1.47169806818435
"512",159.05984,97.3437875509262,0.0529963411390781,-86.8125,-76.2736892700195,"Pvalb-IRES-Cre",70.015625,0.000995636865190832,13.9058333333333,0.806666708373966,0.067455,71.9122670342184,1.14671,-52.9062538146973,1.145955,4.28125047683716,390,1.14565,-33.03125,1.146725,-52.96875,1.26697155497082
"513",543.598592,284.531354904175,0.0898909866809845,-100.40625,-71.9364929199219,"Vip-IRES-Cre",94.2187538146972,0.0127488292236689,28.4623529411765,0.464802626718527,0.0140800000000001,35.13412970694,1.09126,-54.5312538146973,1.08972,34.9062538146973,29.9999980926514,1.08932,-40.6250038146973,1.10346,-57.4375,2.97474724501032
"516",177.403792,194.531217217445,0.0566213354468346,-97.0312576293945,-75.5996322631836,"Sst-IRES-Cre",93.0625011444092,0.0217508023858804,48.4189473684211,0.432959354668272,0.029515,20.6530718726901,1.240155,-59.4062538146973,1.239155,20.1250019073486,90,1.2388,-47.0000038146973,1.24045,-59.7812538146973,1.80203188740436
"519",284.958944,353.571385145187,0.138903766870499,-99.15625,-67.0185165405273,"Sst-IRES-Cre",92.9453177452088,0.0132842671833418,44.057380952381,0.429090909090909,0.0283,22.6976724077366,1.140845,-57.6250038146973,1.13943,17.5625019073486,50,1.13895,-42.28125,1.140865,-57.7187538146973,1.76953995569732
"523",162.217536,119.374960660934,0.0418769866228104,-89.71875,-76.1159591674805,"Htr3a-Cre_NO152",86.4500026702881,-0.0131560783930371,88.5375,0.165401765844044,0.089955,11.2946491599605,1.83377,-49,1.828575,25.6875,209.999984741211,1.828145,-31.6250019073486,1.84062,-52.3750038146973,3.34689069865906
"528",100.862056,69.0625384449959,0.0332983806729317,-68.9062576293945,-60.5382995605469,"Pvalb-IRES-Cre",87.0687515258789,-0.00953521566790418,10.5101818181818,1.30783621800145,0.00212000000000012,95.1458326125317,1.023905,-64.6875,1.023475,21.3125019073486,370,1.02324,-46.0625,1.02392,-64.78125,1.12771323720163
"530",144.421056,87.8124609589577,0.0859573483467102,-85,-76.0933303833008,"Htr3a-Cre_NO152",82.3187526702881,0.017470484435216,73.1373076923077,0.171392333709132,0.0446650000000002,13.6729123829257,1.184735,-49.53125,1.180345,18.5625019073486,270,1.179825,-31.40625,1.18984,-52.0312538146973,3.60273274503645
"536",397.379712,243.906363844872,0.0763629674911499,-99.96875,-74.2015075683594,"Chat-IRES-Cre-neo",81.2687545776368,0.0665747129799389,72.7015384615385,0.285459940652819,0.01352,13.7548671068224,1.05932,-46.5,1.05716,16,90,1.05668,-37.7812538146973,1.079,-48.09375,2.98291006527449
"539",98.629136,70.1562091708183,0.0517433509230614,-84.1250076293945,-75.8124618530273,"Pvalb-IRES-Cre",85.9687557220459,0.00667019589234595,14.89,0.715194672587189,0.0125150000000001,67.1591672263264,1.09893,-58.3125,1.09825,12.40625,370,1.097955,-34.78125,1.09898,-58.4062538146973,1.24370344300604
"543",175.045392,139.531254768372,0.160879477858543,-90.71875,-74.6727905273438,"Sst-IRES-Cre",86.75,0.156469951272333,13.8524999999999,0.396501182033097,0.00934500000000016,72.1891355351025,1.040935,-62.4062538146973,1.040145,14.46875,210,1.03984,-41.21875,1.040985,-62.5625038146973,1.38889057474698
"555",192.310912,100.937500596046,0.0239616632461548,-99.46875,-82.914176940918,"Pvalb-IRES-Cre",78.1937526702881,0.0305344709954119,9.65333333333333,0.381479758026989,0.0110000000000001,103.591160220994,1.03928,-55.8125,1.038615,10.84375,260,1.03831,-31.65625,1.03931,-55.90625,1.23677206178789
"560",95.661408,80.6251466274261,0.0181947629898787,-89,-79.0847549438477,"Chat-IRES-Cre-neo",87.1312538146973,-0.0496944984392585,70.9369230769231,0.255779919835828,0.0745400000000001,14.0970309484049,1.6502,-46.8750038146973,1.64776,20.90625,370,1.64728,-40.2500038146973,1.65572,-49.78125,3.16321164892641
"561",197.321888,133.928552269936,0.0159220937639475,-99.9062576293945,-78.8563385009766,"Pvalb-IRES-Cre",67.2625024318695,0.0405083859575471,10.4199999999999,1.0602678668803,0.00961000000000012,95.9692898272562,1.036545,-63.5937538146973,1.035865,9.06250095367432,190,1.035605,-38.5625038146973,1.036555,-63.6875038146973,1.22611192761054
"562",86.9816,67.1876892447472,0.0677195191383362,-95.34375,-78.4479141235352,"Pvalb-IRES-Cre",85.893754196167,0.00319815885478168,17.3557142857143,0.716402056968392,0.013485,57.6179109391719,1.056425,-59.4062538146973,1.05543,11.625,310,1.05508,-35.40625,1.05652,-59.5312538146973,1.39366292813933
"566",249.251248,207.65632390976,0.146811291575432,-96.9687576293945,-73.3074264526367,"Sst-IRES-Cre",88.1562544504801,0.0184007740691111,46.27575,0.563392880303517,0.0313350000000001,21.6095903361912,1.097425,-60.9687538146973,1.096555,25.5000019073486,70,1.096185,-36.28125,1.09751,-61.0625038146973,1.30555077147803
"567",282.994112,245.312497019768,0.0296181812882423,-92.40625,-72.5818023681641,"Sst-IRES-Cre",104.787502288818,0.00647752271475897,15.2258461538462,0.75,0.00553500000000007,65.6777948427773,1.031865,-65.3125076293945,1.03098,38.96875,130,1.030655,-49.3125038146973,1.03195,-65.4375,2.07907445751545
"573",315.241184,234.218791127205,0.0632673725485802,-97.5937576293945,-73.0428314208984,"Sst-IRES-Cre",105.062505722046,0.0212711487514929,50.1411111111111,0.454066265060241,0.0192600000000001,19.9437144060097,1.08768,-64.7812576293945,1.08652,38.3125038146973,90,1.08616,-45.53125,1.08768,-64.7812576293945,2.4154843157415
"581",152.807744,82.031175494194,0.041891623288393,-89.21875,-78.3183364868164,"Pvalb-IRES-Cre",94.2395846048991,0.00144221272673892,7.22187499999999,1.20503963714057,0.00551500000000016,138.468195586326,1.028245,-70.40625,1.02766,23,320,1.02738,-48.375,1.028285,-70.46875,1.26545909063819
"595",301.899872,328.125,0.019273217767477,-102.65625,-64.7194137573242,"Htr3a-Cre_NO152",88.0687549591065,0.0312061619278264,28.595,0.452789706329222,0.018165,34.9711488022382,1.12888,-58.0000038146973,1.127945,24.5000019073486,30.0000019073486,1.12756,-42.2500038146973,1.1289,-58.1250038146973,1.55868684919997
"603",112.589552,81.6517844796181,0.0469314455986023,-85.2187576293945,-76.7064819335938,"Pvalb-IRES-Cre",84.5125053405762,0.00657853415843243,8.68453488372093,0.768996210347668,0.00704499999999997,115.147214374657,1.033245,-66.40625,1.0327,12.9375009536743,350,1.03245,-44.3750038146973,1.033255,-66.5625,1.1868201442012
"607",340.244064,363.593697547913,0.148001074790955,-105.281257629395,-64.9419174194336,"Htr3a-Cre_NO152",96.6000053405762,0.0424074547861037,50.5042105263158,0.296359743040685,0.01814,19.8003293107401,1.14568,-48.8125,1.1441,43.5000038146973,40,1.1437,-37.5625,1.16444,-53.0000038146973,3.38395769034919
"610",135.434912,128.906175494194,0.0333370417356491,-99.7500076293945,-75.9636688232422,"Pvalb-IRES-Cre",82.2062522888184,0.00342587053042371,16.3288333333333,0.916071428242983,0.01156,61.241362416176,1.044145,-64.65625,1.04339,14,170,1.043095,-41.8125,1.044225,-64.84375,1.26784118682138
"613",263.33368,166.093781590462,0.0261067450046539,-92.28125,-74.4759140014648,"Nkx2-1-CreERT2",87.4791701634725,0.107473087130815,13.88,0.670603764971045,0.01508,72.0461095100865,1.05602,-54.40625,1.0552,23.4687519073486,130,1.05484,-33.90625,1.05608,-54.4375038146973,1.42049879181607
"617",110.670464,78.4374624490738,0.0179715771228075,-87.3750076293945,-78.4837493896484,"Htr3a-Cre_NO152",85.1328172683715,0.00192192795292602,13.7044366197183,0.683258876584611,0.01356,72.9690703637663,1.03923,-54.8125038146973,1.038545,11.8125009536743,310,1.038275,-31.5,1.039265,-54.9062538146973,1.27846160373426
"623",198.45928,152.812540531158,0.0303231067955494,-83.59375,-66.5105972290039,"Htr3a-Cre_NO152",86.2083355585734,0.0108590645751285,52.0844444444445,0.236583936925736,0.0162850000000001,19.1995904087379,1.361505,-50,1.358025,16.34375,100,1.357475,-34.8125038146973,1.36801,-53.5,2.44398416297096
"624",119.377832,105.156324803829,0.0372542142868042,-99.1875,-77.0609741210938,"Pvalb-IRES-Cre",86.1625019073486,0.00999083140636763,22.2632926829268,0.641293686581129,0.027555,44.9169857415959,1.15321,-67.40625,1.152455,15.65625,220,1.152155,-44.65625,1.153235,-67.53125,1.3771929054698
"630",318.976576,203.906252980232,0.0408348329365253,-98.0937576293945,-75.6354217529297,"Sst-IRES-Cre",85.5859394073486,0.184095859714528,78.5966666666667,0.356932773109244,0.0515950000000001,12.7231858857458,1.17338,-55.71875,1.17225,18.1875,90,1.17188,-36.1875,1.173675,-55.90625,1.59851245587693
"631",142.02304,90.937614440918,0.00733394920825958,-90.2500076293945,-80.3424911499023,"Vip-IRES-Cre",82.5000068664551,-0.00599343864213907,90.968,0.190891896842306,0.08572,10.9928766159529,1.71156,-49.7500038146973,1.70592,13.65625,249.999984741211,1.70528,-39.09375,1.71994,-53.6250038146973,3.51598433457751
"632",230.450112,288.281261920929,0.0430564247071743,-94.25,-62.368049621582,"Sst-IRES-Cre",97.5156278610229,0.167756319602303,151.881666666667,0.0628246748982242,0.0256000000000001,6.58407312710552,1.21064,-58.4062538146973,1.209275,34.625,29.9999980926514,1.20883,-40.3125038146973,1.210665,-58.46875,2.22189871203988
"635",220.72056,147.343829274178,0.0674173012375832,-93.1562576293945,-76.0901794433594,"Chat-IRES-Cre-neo",103.918754577637,0.0270556197493159,79.5216666666667,0.161611374407583,0.00616000000000017,12.5751891518035,1.03442,-53.28125,1.03324,43.3437538146973,130,1.03282,-49.84375,1.03444,-53.3125038146973,2.90765609183029
"636",294.821152,187.656208872795,0.13645726442337,-99.0625,-79.2035446166992,"Sst-IRES-Cre",86.3000022888184,0.00469385918049963,38.72,0.521195652173913,0.0312750000000002,25.8264462809917,1.084725,-59.1875,1.0835,20.34375,90,1.08309,-31.1562519073486,1.084815,-59.34375,1.57099953809406
"637",98.610328,84.3750387430191,0.0347299464046955,-82.6562576293945,-73.9697494506836,"Pvalb-IRES-Cre",93.2937553405762,-0.0250006163243819,27.1840277777778,0.760072823130854,0.0132050000000001,36.7863073189424,1.69447,-54.9687538146973,1.693705,16,300,1.69338,-32.375,1.694505,-55.0937538146973,1.24252225220557
"640",189.708464,204.374998807907,0.281629174947739,-96.21875,-72.1406173706055,"Sst-IRES-Cre",101.8125,0.00708051181257839,37.2956,0.535335689045936,0.0276450000000001,26.8128143802486,1.08889,-64.875,1.08812,34.5,90,1.087765,-38.53125,1.08892,-65.0000076293945,1.3144897219166
"642",160.450272,137.03128695488,0.127823576331139,-90.8750076293945,-72.8742828369141,"Sst-IRES-Cre",102.328134536743,0.0077455899657984,30.8896774193548,0.399055191235762,0.0208650000000001,32.3732742956202,1.068695,-63.71875,1.06796,23.5000019073486,160,1.06764,-37,1.068725,-63.84375,1.4157886907084
"644",173.9668,212.499886751175,0.274229347705841,-97.4687576293945,-73.6112442016602,"Sst-IRES-Cre",95.2125019073486,0.00879903622228364,45.4195238095238,0.373477420980493,0.0426300000000002,22.0169635461989,1.258995,-59.5312538146973,1.257775,32.6562538146973,90,1.25737,-42.34375,1.25905,-59.6250038146973,2.14101512756319
"654",121.162568,111.250080168247,0.00985852256417274,-93.3125,-72.4832229614258,"Pvalb-IRES-Cre",77.4375034968058,0.0212807292507724,12.2414285714286,0.519999948730469,0.00885000000000002,81.6898121134319,1.035875,-62.4062538146973,1.035275,11.5937509536743,249.999984741211,1.035,-38.125,1.035895,-62.4687538146973,1.15759095374161
"660",235.058752,205.624997615814,0.0468744002282619,-87.125,-63.8540267944336,"Pvalb-IRES-Cre",64.0156251589457,0.00212111528010105,11.1454494382023,1.3609244301228,0.006135,89.7227164812561,1.032725,-53.28125,1.03177,-1.90625,130,1.031485,-33.28125,1.032805,-53.4375,1.42203819523778
"661",143.034544,103.080354630947,0.127682700753212,-79.03125,-68.0096206665039,"Pvalb-IRES-Cre",84.8812515258789,0.00561773403088217,18.0111111111111,0.78122528346768,0.0108550000000001,55.5212831585441,1.04068,-54.9062538146973,1.039945,33.5312538146973,220,1.039645,-33.65625,1.040715,-55.09375,1.55539775517461
"662",177.422192,135.312393307686,0.055235281586647,-99.9375076293945,-76.0004272460938,"Pvalb-IRES-Cre",88.212504196167,0.00530148594828014,20.4194791666667,0.831349226791482,0.015385,48.9728455773949,1.053435,-58.46875,1.052545,20.09375,150,1.05221,-35.34375,1.053545,-58.5937538146973,1.50947902349892
"663",228.66904,190.624803304672,0.011939138174057,-83.7812576293945,-59.8839569091797,"Nkx2-1-CreERT2",98.6375030517578,-0.00177029672491248,40.7291666666667,0.213157894736842,0.00784000000000007,24.5524296675192,1.14998,-53.6250038146973,1.14858,38.53125,70,1.1482,-38.53125,1.15524,-56.3750038146973,2.56724986129568
"664",193.344608,166.718676686287,0.230507269501686,-90.9062576293945,-72.0361251831055,"Htr3a-Cre_NO152",87.400004196167,0.0531279764197298,8.77375000000002,0.0430285723424043,0.00826499999999997,113.976349907394,1.03939,-58.0625,1.03856,23.7812519073486,140,1.038255,-42.4687538146973,1.03941,-58.0937538146973,1.78103919296275
"669",78.749264,103.437386453152,0.0324804931879044,-83.5937576293945,-71.7685928344727,"Htr3a-Cre_NO152",86.9427115122478,-0.0084775662765564,109.526875,0.12857141364594,0.0792950000000001,9.13017923683114,1.32908,-51.0000038146973,1.32314,15.3437509536743,209.999984741211,1.32259,-31.4687519073486,1.33544,-54.3750038146973,3.08893778624712
"671",172.653536,149.218559265137,0.207872197031975,-90.84375,-73.4568405151367,"Chrna2-Cre_OE25",96.4375045776367,0.0393160205500886,58.2425,0.269683908045977,0.04118,17.1695926514143,1.1332,-54.7500038146973,1.13212,40.5,90,1.13172,-42.6875,1.13322,-54.7812538146973,2.26973551768611
"673",186.459616,130.62496483326,0.0472249612212181,-100.343757629395,-74.7899322509766,"Pvalb-IRES-Cre",88.3593772252401,0.00894749852187368,9.046,1.69523784440659,0.00543000000000005,110.54609772275,1.029125,-61.4062538146973,1.02845,16.625,290,1.028165,-38.78125,1.029135,-61.5,1.29132882187722
"674",179.405712,162.500083446503,0.0564269684255123,-86.40625,-68.1852569580078,"Htr3a-Cre_NO152",94.2437530517578,0.10923807311559,152.815,0.201339290008251,0.0079800000000001,6.54386022314563,1.03838,-48.3750038146973,1.037315,39.5,170,1.03702,-41.09375,1.048595,-51.5000038146973,3.03260546372831
"677",412.892288,284.062385559082,0.0772461965680122,-91.75,-70.5716781616211,"Chrna2-Cre_OE25",62.0312542915345,0.00392881871419015,23.0447619047619,0.803875968992248,0.02122,43.3938091498946,1.07636,-49.6562538146973,1.07402,-1.87500011920929,70,1.07348,-33,1.077,-50.09375,2.10234991609437
"683",299.770752,570.312440395355,0.0733360201120377,-80.4375,-61.2859649658203,"Sst-IRES-Cre",79.2968769073486,0.0105384814646924,27.464,0.494262303916461,0.0127650000000001,36.411302068162,1.08215,-58.7500038146973,1.08092,26.9375019073486,15.0000009536743,1.08054,-45.5000038146973,1.082365,-58.8750038146973,2.47773798243094
"685",59.547116,36.8750393390656,0.0624788701534271,-89.21875,-77.2948837280273,"Pvalb-IRES-Cre",88.6625026702881,-0.000115878923357993,13.1805172413793,0.804908080472225,0.229105,75.8695566863317,1.917515,-56.15625,1.91689,12.8750009536743,720,1.916615,-30.6875019073486,1.91752,-56.2500038146973,1.1193674548947
"691",110.886216,100.468829274178,0.0518363006412983,-81.3437576293945,-70.4083404541016,"Sst-IRES-Cre",82.7625045776367,0.0160351715621132,32.6588333333333,0.723165231889845,0.0153100000000002,30.6195873500278,1.059165,-60.0625,1.058475,14.4062509536743,200,1.058185,-40.9687538146973,1.0592,-60.1562538146973,1.32108033340781
"696",295.840128,319.866210222244,0.0311772804707289,-100.90625,-64.9805068969727,"Sst-IRES-Cre",85.3020865122477,0.0532386912142649,67.3628571428571,0.180524864424127,0.0207650000000001,14.8449760359673,1.11892,-56.0937538146973,1.117655,26.3125019073486,30.0000019073486,1.117175,-47.9687538146973,1.118985,-56.2187538146973,1.99761866706057
"702",223.109568,232.187509536743,0.111068345606327,-96.71875,-71.7542190551758,"Sst-IRES-Cre",80.9895861943563,0.0122475851577839,39.1310416666667,0.433858297411467,0.0216500000000002,25.5551592139659,1.094225,-60.375,1.093155,17.1250019073486,60.0000038146973,1.092805,-44.0625038146973,1.094295,-60.5000038146973,1.65355913083594
"706",128.474336,96.0937142372131,0.0173782221972942,-82.09375,-70.9221343994141,"Htr3a-Cre_NO152",79.3020855585735,0.0174742033860059,82.5918181818182,0.153277569866556,0.03166,12.1077368438432,1.76001,-55.5312538146973,1.75658,9.50000095367432,200,1.756115,-38.4375,1.76528,-58.78125,3.22595192112977
"711",375.87616,220.156356692314,0.0757536515593529,-93.1562576293945,-68.2027053833008,"Htr3a-Cre_NO152",92.1406297683715,0.173745106340548,77.0542857142857,0.268992248062015,0.0204800000000001,12.9778634728763,1.0743,-49.53125,1.07292,42.84375,90,1.07254,-37.90625,1.9012,-51.0625038146973,3.34845815454158
"712",180.518336,109.687462449074,0.0361674353480339,-90.5937576293945,-76.8645782470703,"Htr3a-Cre_NO152",99.5500053405762,0.257162987317995,21.29,0.0682539711012946,0.0207950000000001,46.9704086425552,1.07082,-56.15625,1.069855,40.59375,130,1.069565,-41.9062538146973,1.070825,-56.1875038146973,2.75788807530917
"716",407.429664,525.0004529953,0.0300615541636944,-80.1875076293945,-63.0599975585938,"Sst-IRES-Cre",97.3984413146972,0.0117399269680463,37.1746153846154,0.4016,0.0149000000000001,26.9000765617564,1.102,-61.7500038146973,1.1009,27.875,50,1.10048,-41,1.1021,-61.8437538146973,1.69816055791214
"719",136.727376,145.625039935112,0.0118438089266419,-85.4687576293945,-69.5901260375977,"Pvalb-IRES-Cre",81.343754196167,0.000996271674819866,19.3622549019608,0.772348471327141,0.01057,51.64687713613,1.09425,-58.0312538146973,1.09349,19.0000019073486,190,1.09319,-34.15625,1.094335,-58.15625,1.27206981777615
"727",125.898584,66.8751150369644,0.0498955063521862,-85.9687576293945,-76.5811386108398,"Gad2-IRES-Cre",85.3750038146973,0.0371794589697763,10.0325,1.10884967272981,0.00708500000000001,99.676052828308,1.031195,-63.75,1.0305,24.46875,330,1.0302,-42.03125,1.03124,-63.8750038146973,1.40001465181864
"729",193.912288,199.375003576279,0.100278250873089,-100.03125,-77.7931594848633,"Sst-IRES-Cre",85.3281269073486,0.113162866644538,57.6975,0.225714285714286,0.0322150000000001,17.3317734737207,1.151055,-57.3750038146973,1.149355,21.875,130,1.14882,-44.75,1.15136,-57.5312538146973,2.27591865722989
"730",105.146456,106.250002980232,0.0521581023931503,-83.6875,-78.2598419189453,"Htr3a-Cre_NO152",88.8229185740153,0.0267437901275671,112.6075,0.100499994331359,0.0312000000000001,8.88040317030393,1.14497,-43.9375,1.141835,45.15625,230,1.141285,-31.21875,1.15828,-48.46875,4.84387142104251
"740",167.393152,126.093834638596,0.149191066622734,-98.125,-70.5699081420898,"Pvalb-IRES-Cre",102.306253814697,0.000193017837670898,21.4793333333333,0.749744324300972,0.0141500000000001,46.5563797759087,1.2002,-62.4687538146973,1.19942,21.5937519073486,140,1.199125,-38.7187538146973,1.200215,-62.5625038146973,1.41064940109326
"741",575.424768,567.968785762787,0.0613370798528194,-95.7187576293945,-59.9404830932617,"Htr3a-Cre_NO152",75.2500038146973,0.0116379770001146,21.6885294117647,0.15625,0.00624500000000006,46.107321571446,1.058375,-59.1875,1.05737,9.15625,10,1.05696,-45.6875,1.058425,-59.2500038146973,1.39616320238207
"743",229.234208,310.468792915344,0.0298002120107412,-100,-72.0027618408203,"Sst-IRES-Cre",66.5625040531159,0.086023317115874,100.093888888889,0.0290178571428571,0.0592600000000001,9.9906199179659,1.527605,-51.9375,1.526175,12.8125009536743,50,1.52576,-39.8437538146973,2.01366,-54.25,2.11923304566438
"746",91.158944,50.3125786781311,0.0917242392897606,-94.5937576293945,-79.2038497924805,"Pvalb-IRES-Cre",86.8937568664551,0.000359484917073799,9.9258,0.922098214285714,0.00406000000000017,100.747546797235,1.02541,-75.3125,1.02492,8.59375,570,1.02468,-55.0000038146973,1.02546,-75.5000076293945,1.2525219367447
"747",189.245936,123.593829572201,0.0374567583203316,-100.09375,-72.1898574829102,"Pvalb-IRES-Cre",95.3984417915345,0.159614354579527,9.33499999999998,1.30312494424255,0.00634000000000001,107.123727905731,1.03355,-65.0937576293945,1.03282,23.7187519073486,209.999984741211,1.032515,-39.3437538146973,1.033635,-65.25,1.41384831306969
"749",252.710896,231.562614440918,0.244886443018913,-91.875,-66.3758010864258,"Htr3a-Cre_NO152",89.0669681004116,-0.0212183436002812,10.9575,0.0305803588245596,0.0184550000000001,91.2616929044034,1.06527,-52.0625038146973,1.064295,31.2812519073486,70,1.063995,-36.03125,1.065305,-52.2812538146973,2.18196468599626
"754",127.00416,82.03125,0.0204274095594883,-81.375,-72.5131301879883,"Pvalb-IRES-Cre",87.5625030517578,0.000151925912318415,9.16579439252336,0.781818196803016,0.0113400000000001,109.101290862002,1.0572,-54.9062538146973,1.0565,18.9687519073486,430,1.05614,-30.2500019073486,1.05722,-54.9375038146973,1.1231936722371
"766",416.706976,340.781360864639,0.135835811495781,-95.0312576293945,-71.4138412475586,"Gad2-IRES-Cre",89.9125011444092,0.032307528785755,36.1164285714286,0.530357142857143,0.024435,27.6882305242964,1.09703,-64.46875,1.09594,23.8125,50,1.09556,-40.21875,1.09712,-64.65625,1.47060920966257
"770",110.782544,98.5938608646393,0.0219578873366117,-81.90625,-70.5153274536133,"Gad2-IRES-Cre",85.2875011444092,0.000640075646851695,76.35375,0.206268435952378,0.0419,13.0969336804021,1.67858,-54.28125,1.674415,21.34375,190,1.67402,-34.90625,1.682965,-57.1250038146973,3.31038289104157
"771",109.138968,71.2501108646393,0.0188077818602324,-83.03125,-73.8435745239258,"Sst-IRES-Cre",88.3062549591065,0.01054562734078,5.27909090909091,1.41476375243388,0.00431000000000004,189.426554158774,1.026395,-66.90625,1.02588,17.15625,460,1.02561,-46.6875038146973,1.026435,-66.9375076293945,1.11371296875281
"791",287.679552,221.093714237213,0.0425620898604393,-97.3437576293945,-74.0521774291992,"Pvalb-IRES-Cre",76.3125034968058,0.00154682015496116,10.8505494505494,1.23291365284768,0.00812000000000013,92.1612315171161,1.03365,-56.9687538146973,1.03277,13.4062509536743,170,1.03246,-33.8125,1.03375,-57.03125,1.42382453871204
"797",220.416992,74.21875,0.0696823075413704,-86.34375,-69.6425094604492,"Pvalb-IRES-Cre",80.7500023841858,0.00151769461250549,5.57648876404495,2.63000088370206,0.00394000000000005,179.324310029568,1.02799,-64.21875,1.027445,14.6250009536743,390,1.02717,-49.65625,1.02801,-64.2812576293945,1.21981529726324
"799",132.16292,85.1562470197678,0.0184759330004454,-91.7187576293945,-72.20556640625,"Pvalb-IRES-Cre",71.0390647053718,0.00523644428043449,3.82833333333332,1.64510904338246,0.00295500000000004,261.210274270789,1.024975,-66.0625,1.024425,-0.281250029802322,400,1.02419,-50,1.02498,-66.09375,1.30883421463085
"801",291.40352,259.375393390656,0.0696748644113541,-85.2187576293945,-63.4668731689453,"Vip-IRES-Cre",90.0156307220459,0.0593433997165651,25.06,0.0339241403757533,0.0126000000000002,39.9042298483639,1.07928,-55.5312538146973,1.07698,27.7812519073486,40,1.07652,-40.21875,1.08062,-56.0312538146973,2.99858582677911
"804",329.266016,203.593745827675,0.140755489468575,-88.5,-66.4999237060547,"Vip-IRES-Cre",78.8489611943563,-0.167203723594699,27.93,0.0264550275253436,0.00716000000000006,35.8037952022914,1.03564,-49.2500038146973,1.03434,23.65625,130,1.03396,-40.9687538146973,1.03566,-49.28125,2.38630417323554
"808",306.119712,243.593826889992,0.230195939540863,-96.8750076293945,-68.3530731201172,"Chrna2-Cre_OE25",85.2187547683716,0.0596904830788553,184.133333333333,0.0629230769230769,0.0104200000000001,5.43084721216511,1.047,-52.09375,1.04586,26.4375,90,1.04552,-36.78125,1.0472,-52.2812538146973,2.36373633053816
"810",172.610496,121.874995529652,0.0594092532992363,-100.6875,-72.0374450683594,"Pvalb-IRES-Cre",80.8187520980835,0.00331767693649899,13.7374305555556,0.964960613123897,0.00766500000000003,72.7938165696923,1.03234,-65.6250076293945,1.031625,11.5625,220,1.031355,-40.03125,1.03242,-65.7187576293945,1.34656700203695
"812",170.031024,148.43761920929,0.0929054990410805,-85.34375,-69.4498291015625,"Htr3a-Cre_NO152",90.7708384195964,0.00354384724544078,46.95675,0.331399328120076,0.0208950000000001,21.296192773137,1.28047,-56.21875,1.27798,26.5625,110,1.277625,-42.6250038146973,1.286525,-60.1875,2.83443865609318
"813",481.462592,462.500005960464,0.0346513912081718,-90.1875076293945,-65.248893737793,"Htr3a-Cre_NO152",70.5000026702881,0.00768895982336071,15.9853225806452,0.675736235595391,0.00688,62.5573863120401,1.058165,-44.5312538146973,1.05609,18.8125019073486,40,1.05569,-36.625,1.05964,-45.1875038146973,2.28103037344668
"815",629.208448,249.821424484253,0.121393315494061,-98.3750076293945,-74.2693939208984,"Vip-IRES-Cre",91.5125038146973,0.0100298411083297,21.474347826087,0.00162500202193833,0.01146,46.5671883541535,1.06162,-55.84375,1.06016,33.8750038146973,29.9999980926514,1.05972,-50.2812538146973,1.06672,-56.625,2.95730112691794
"817",279.408608,301.875025033951,0.0287001095712185,-93.71875,-60.2090263366699,"Chrna2-Cre_OE25",88.526045481364,0.0897806572897918,61.0285714285714,0.244081265243574,0.02654,16.3857677902622,1.11664,-56.0312538146973,1.11548,26,29.9999980926514,1.11496,-41.3437538146973,1.11674,-56.1250038146973,1.64459202171209
"821",209.45472,178.035706281662,0.0599695481359959,-93.9375,-75.0768890380859,"Nkx2-1-CreERT2",91.5468802452088,-0.020440405969644,69.2966666666667,0.187247481016513,0.11054,14.4307085477897,1.73914,-58.375,1.73638,28.5312519073486,110,1.73598,-36.4375,1.74606,-61.9375038146973,3.07499190217401
"823",199.913696,101.5625,0.0859844386577606,-90.9062576293945,-78.393798828125,"Pvalb-IRES-Cre",96.5078148841858,0.00204622439364914,17.2510526315789,0.614248203075645,0.0131300000000001,57.9674771943743,1.04173,-65.09375,1.04083,28.2812519073486,160,1.04048,-45.0625,1.04185,-65.3125076293945,1.6512818347622
"835",286.968288,259.218871593475,0.204253703355789,-97.9375,-66.9698791503906,"Sst-IRES-Cre",100.193753814697,0.0319736718433112,47.196,0.336151079136691,0.02868,21.1882362912111,1.09878,-59.65625,1.09726,29.8125019073486,50,1.09674,-43.8437538146973,1.09888,-59.7812538146973,2.15352395132203
"838",384.161792,165.104165673256,0.169384002685547,-87.6875,-73.7939529418945,"Pvalb-IRES-Cre",84.0937528610229,0.00304688494164343,9.18921296296297,1.925,0.00582000000000016,108.823247870138,1.029435,-62.5625038146973,1.02875,16.90625,170,1.028465,-46.90625,1.029475,-62.71875,1.44198652880706
"839",89.818896,81.8749666213989,0.0586271584033966,-88.78125,-70.4622573852539,"Pvalb-IRES-Cre",84.2375034332276,0.00266888703042746,13.6514925373134,0.661089160388495,0.077545,73.2520636308972,1.72285,-53.3125038146973,1.72217,10.1562509536743,410,1.72188,-28.2812519073486,1.72288,-53.3750038146973,1.00861739284166
"840",150.988096,105.223104357719,0.032452080398798,-88.1250076293945,-75.9377136230469,"Pvalb-IRES-Cre",86.2343807220459,0.00850120368496213,12.7682,1.05178557957922,0.0115500000000002,78.3195751946241,1.038155,-59.0625038146973,1.03759,17.15625,249.999984741211,1.03731,-33.90625,1.03818,-59.1250038146973,1.12118035989565
"851",235.801392,203.124970197678,0.205063015222549,-93.6875076293945,-75.672966003418,"Sst-IRES-Cre",95.0000019073487,0.0162060766472591,45.2861904761905,0.567049842935976,0.0323100000000001,22.0817867320007,1.09149,-60.6875038146973,1.090725,27,110,1.09041,-33.5,1.09152,-60.8125038146973,1.31341600815424
"856",420.55984,271.093755960464,0.0829202905297279,-99.375,-81.6468811035156,"Sst-IRES-Cre",103.687506103516,0.0210236008657284,45.4123809523809,0.4836,0.0329300000000001,22.0204265671204,1.167185,-66.2187576293945,1.166175,36.125,40,1.16574,-48.90625,1.16725,-66.4375076293945,1.74967715010069
"858",309.51232,186.250001192093,0.0178365595638752,-96.78125,-76.9175567626953,"Nkx2-1-CreERT2",91.5781283378601,0.00293727828676858,13.8805633802817,1.15778875379939,0.0137200000000002,72.043185323484,1.06382,-59.0625038146973,1.06282,20.78125,90,1.0624,-38.375,1.06388,-59.1562538146973,1.47224602902524
"862",129.36264,223.437577486038,0.196279138326645,-90.46875,-65.7717132568359,"Sst-IRES-Cre",77.0260442097982,0.0106601916957407,50.9122222222222,0.385990848292855,0.03078,19.641649025556,1.243575,-58.4062538146973,1.24139,10.71875,70,1.240845,-40.53125,1.243855,-58.59375,1.91568368870624
"864",228.920896,273.4375,0.0697836056351662,-99.3437576293945,-78.4320907592773,"Sst-IRES-Cre",94.7031259536743,0.024625680106457,41.9376086956522,0.411812671504081,0.0301150000000001,23.844945649075,1.1194,-61.25,1.118205,31.8125,70,1.117785,-47.3437538146973,1.119455,-61.3750038146973,2.15525500720186
"867",97.97776,65.6248107552528,0.0534711629152298,-87.2812576293945,-69.8947067260742,"Pvalb-IRES-Cre",83.4625045776368,0.0170864215626136,13.1838461538462,0.837913801809961,0.006745,75.8503996732596,1.031555,-63.625,1.030885,20.5937519073486,380,1.0306,-39.5625,1.03161,-63.7500076293945,1.33636055902056
"871",279.6384,159.374997019768,0.067659966647625,-92.6875,-72.2003326416016,"Htr3a-Cre_NO152",89.0000038146973,0.0437500288313396,25.2041666666667,0.149285714285714,0.00753500000000007,39.6759795007439,1.03264,-55.8750038146973,1.03147,28.2500019073486,110,1.03112,-47.9062538146973,1.032845,-56.15625,2.75424170818515
"873",297.533312,235.624998807907,0.0870126709342003,-97.5937576293945,-71.8459243774414,"Sst-IRES-Cre",83.1041673024496,0.00220872396382528,21.4192222222222,0.899621221364574,0.01573,46.6870360475793,1.08078,-60.4687538146973,1.079565,13.8125,110,1.079185,-32.59375,1.080845,-60.625,1.33250522774657
"878",416.23232,226.093783974648,0.155992746353149,-99.96875,-78.3579406738281,"Vip-IRES-Cre",94.6979204813639,0.0298676450198318,39.3927272727273,0.164123100547824,0.0135800000000001,25.3853964737376,1.07914,-56.8437538146973,1.07824,28.875,59.9999961853027,1.07794,-42.0937538146973,1.07916,-56.9375038146973,2.16547421749458
"882",179.327808,183.906212449074,0.0880968868732452,-96.78125,-77.7048721313477,"Sst-IRES-Cre",94.8906275431316,0.393492940454267,44.7974999999999,0.0872159141055805,0.0321550000000002,22.322674256376,1.12101,-59.3750038146973,1.120045,34.28125,130,1.11968,-45.3125,1.121075,-59.5312538146973,2.00973387438329
"883",221.217648,230.000048875809,0.0200302023440599,-89.71875,-64.2822341918945,"Sst-IRES-Cre",82.3875049591065,0.00809741893711273,35.6355769230769,0.469476744186047,0.03555,28.0618439869405,1.100975,-53.53125,1.100235,20.65625,70,1.0999,-36.0000038146973,1.109055,-53.9687538146973,1.48430158623705
"889",189.849888,185.937494039536,0.115165926516056,-92.5,-71.815055847168,"Sst-IRES-Cre",83.0937519073486,0.00444071360292892,44.7261904761905,0.341699611039127,0.05139,22.3582645727974,1.248495,-52.3437538146973,1.24754,16.8125,119.999992370605,1.247165,-32.5000038146973,1.260315,-55.3125,1.52580107637776
"897",149.703568,103.281363844872,0.0613643974065781,-89.3750076293945,-77.5536880493164,"Pvalb-IRES-Cre",81.6354166666667,0.00448565520884427,12.8574025974026,1.12142857142857,0.00670999999999999,77.776206541282,1.030675,-54.40625,1.029775,14.59375,310,1.02944,-41.84375,1.030755,-54.5625,1.61296669374501
"898",124.348424,85.2678567171097,0.046269629150629,-94.625,-75.4902877807617,"Pvalb-IRES-Cre",77.7937511444092,0.00288391118355226,12.2559375,0.817702936128429,0.00948499999999997,81.5931053825952,1.03193,-58.9375,1.031245,4.21875,290,1.03098,-41.0625,1.032065,-59.09375,1.32414886016627
"900",371.07264,430.468857288361,0.132928401231766,-98.6250076293945,-65.1735992431641,"Gad2-IRES-Cre",94.2890634536743,0.0277129709221424,37.0846,0.272386058539437,0.0210600000000001,26.9653710704713,1.154995,-56.9062538146973,1.153815,26.03125,20,1.15331,-41.96875,1.155015,-56.9375,1.60071452324226
"901",188.574464,171.316996216774,0.0736213847994804,-92.7500076293945,-73.9048614501953,"Sst-IRES-Cre",73.6187540054321,-0.0926687179258865,9.04812499999999,0.0243697566284344,0.00653000000000015,110.520135387166,1.0284,-57.9375038146973,1.02784,17.0937519073486,390,1.027565,-39.2812538146973,1.02843,-58.0625,1.21828858841836
"904",123.677776,75.7812857627869,0.02072723954916,-88.46875,-79.432746887207,"Pvalb-IRES-Cre",73.3750023841858,0.00107039213886171,14.3442647058824,0.464662626852159,0.01797,69.7142739976008,1.03738,-56.3125,1.036495,6.56250047683716,400,1.03616,-34.84375,1.037435,-56.3750038146973,1.33036697650058
"907",134.641728,160.625115036964,0.186788439750671,-89.3750076293945,-74.5188674926758,"Chrna2-Cre_OE25",91.6328153610229,0.038249977133766,93.488,0.107670461370432,0.05748,10.6965599863084,1.14006,-46.4375,1.138,41.1875038146973,110,1.13756,-36.3437538146973,1.18664,-53.1875,2.97829531654821
"910",257.57456,209.709957242012,0.0369084663689137,-90.21875,-68.1579513549805,"Nkx2-1-CreERT2",93.2500045776367,0.00275145160003116,46.144,0.244483985765124,0.0483200000000001,21.6712898751734,1.81582,-51.8750038146973,1.8134,26,90,1.81296,-34.3437538146973,1.82436,-57.0000038146973,2.7623490634606
"916",174.62296,143.906280398369,0.0627813786268234,-89.9375,-73.1863403320312,"Sst-IRES-Cre",106.518751525879,0.0672948924371249,32.16,0.346428589172101,0.0140250000000002,31.0945273631841,1.051485,-64.125,1.05061,35.0625,150,1.05027,-44.96875,1.05153,-64.34375,1.80473322220413
"920",499.737088,421.093732118607,0.124511115252972,-102.03125,-67.2419128417969,"Chrna2-Cre_OE25",89.687505086263,0.0172610026505164,34.1907142857143,0.542037031033642,0.0179400000000001,29.2477071886686,1.17276,-57.5625038146973,1.17132,16.75,20,1.17084,-41.46875,1.17304,-57.90625,1.76979190405228
"923",186.482464,98.437488079071,0.0578483939170837,-91.0000076293945,-75.5974578857422,"Pvalb-IRES-Cre",87.85625,0.00276072689743088,14.364347826087,0.875494071146245,0.00814000000000004,69.616804891337,1.03201,-65.46875,1.031235,16.1250019073486,300,1.030895,-41.3125,1.03206,-65.5625,1.44997064456584
"936",233.500064,164.174243807793,0.0358238145709038,-89.7812576293945,-71.7546920776367,"Nkx2-1-CreERT2",81.6187538146973,-0.0119260477939098,56.262,0.236363642330667,0.41428,17.773985994099,1.94764,-45.5000038146973,1.94406,18.46875,150,1.94354,-29.0625019073486,1.95202,-47.8750038146973,2.86800518441265
"941",367.354432,267.90177822113,0.0501675680279732,-93.625,-64.6769104003906,"Htr3a-Cre_NO152",94.2125053405762,0.0160372490038975,20.3547727272727,0.489802631578947,0.0101200000000001,49.1285269257825,1.05293,-55.0937538146973,1.051605,33,50,1.05122,-42.2187538146973,1.054275,-55.34375,2.47666495519767
"951",184.239136,167.008861899376,0.121829211711884,-92.3125076293945,-72.6638336181641,"Chat-IRES-Cre-neo",96.4921932220459,0.302196627118039,15.505,0.0544477234401349,0.0275000000000001,64.4953240890035,1.09162,-62.5312538146973,1.09088,29.59375,80,1.09052,-45.3125,1.09166,-62.59375,1.56039545356107
"952",124.346704,96.8749225139618,0.0689584165811539,-80.7187576293945,-69.5428619384766,"Htr3a-Cre_NO152",87.3515648841858,0.000456017813240277,74.6216666666667,0.196428548547687,0.040775,13.400933598374,1.65969,-54.5312538146973,1.65523,21.5,209.999984741211,1.654815,-33,1.66305,-56.875,3.41061798353909
"954",176.425456,164.687469601631,0.0220953691750765,-99.6250076293945,-70.6443405151367,"Pvalb-IRES-Cre",86.693754196167,0.0187283963351565,9.03874999999998,1.47236471674603,0.00595500000000015,110.634766975522,1.031155,-60.1562538146973,1.03054,22.0000019073486,290,1.03027,-32.0312538146973,1.03118,-60.2500038146973,1.26391558451577
"961",327.91904,232.410728931427,0.135499268770218,-97.6562576293945,-72.4755554199219,"Vip-IRES-Cre",87.6187549591065,0.371818745875701,182.635,0.0608742004264392,0.0156400000000001,5.47540175760396,1.08466,-52.4687538146973,1.08352,24,50,1.08318,-42.3125038146973,1.08492,-52.6562538146973,2.46413582838915
"962",152.97048,104.374997317791,0.012180145829916,-91.03125,-79.1691741943359,"Htr3a-Cre_NO152",88.5312528610229,0.0175217291624686,75.90375,0.139999982636552,0.041045,13.1745796485681,1.294615,-57.5,1.28843,17.3125,249.999984741211,1.28792,-41.1875038146973,1.298405,-59.0000038146973,4.1838029922995
"963",121.202512,105.468638241291,0.0845737978816032,-91.875,-68.5879287719727,"Pvalb-IRES-Cre",77.4750038146973,0.0249372726983506,12.5417647058824,0.917168674698795,0.01024,79.7335959851786,1.036765,-52.5000038146973,1.03606,15.625,270,1.035755,-30.6875019073486,1.036815,-52.5937538146973,1.22859535258045
"964",226.31464,104.687884449959,0.0233173258602619,-87.3125076293945,-72.1359558105469,"Sst-IRES-Cre",100.656253814697,0.00275832721013023,12.570641025641,0.542210144927536,0.00673500000000016,79.5504380373481,1.033565,-65.8125,1.032785,27.4062519073486,270,1.03247,-32.53125,1.03366,-65.875,1.26367732153947
