2.891220799999999826e+02,2.664063274860380375e+02,4.154046252369879982e-02,-9.909375762939448862e+01,-7.217467498779299717e+01,8.488750343322759306e+01,2.336426666666669760e+00,-5.108333460489910038e+01,2.333228333333330351e+00,3.882291793823240056e+01,3.283333333333330017e+01,2.332735000000000003e+00,-4.016666920979820077e+01,2.361778333333329982e+00,-5.761458587646479401e+01,4.274150822367669633e+00
2.099719359999999995e+02,1.365624219179150032e+02,1.326381862163540093e-01,-9.550000762939448862e+01,-8.005062103271480112e+01,9.741667048136390861e+01,8.536706666666669108e+00,-4.692708587646479401e+01,8.534433333333330651e+00,4.272916920979820077e+01,1.878333333333330017e+02,8.533846666666669023e+00,-3.376041793823240056e+01,8.553966666666669383e+00,-4.972916793823240056e+01,2.528137352841609786e+00
1.051961519999999979e+02,6.453125178813930063e+01,4.499562084674840062e-02,-9.250000000000000000e+01,-7.695485687255859375e+01,8.485000343322759875e+01,1.703856833333330201e+01,-5.662500127156580021e+01,1.703747333333330261e+01,1.458333396911619850e+01,4.004166768391929736e+02,1.703713666666669724e+01,-3.143750254313150094e+01,1.703966833333330300e+01,-5.752083587646479401e+01,1.267778264954649847e+00
1.480643200000000093e+02,1.537499278783800207e+02,1.038112193346019813e-01,-8.521875762939450283e+01,-6.850573730468750000e+01,9.500000190734859018e+01,4.313033333333329722e+00,-4.938541920979820077e+01,4.311293333333329869e+00,4.451041666666669983e+01,8.225000000000000000e+01,4.310880000000000045e+00,-3.351041920979820077e+01,4.339166666666669947e+00,-5.597916920979820077e+01,3.238456085940339513e+00
1.268702080000000052e+02,1.515626162290569994e+02,1.498495340347290039e-01,-9.365625762939448862e+01,-7.629483795166019888e+01,8.310000495910649931e+01,6.241196666666669834e+00,-4.926041920979820077e+01,6.239513333333330358e+00,4.201041920979820077e+01,1.304583333333330017e+02,6.239048333333330199e+00,-4.048958333333330017e+01,6.271931666666669791e+00,-5.444791920979820077e+01,2.571614393621699968e+00
2.543006399999999871e+02,1.887499243021009931e+02,2.108601853251459990e-02,-9.753125000000000000e+01,-7.612651062011720171e+01,9.103125476837159624e+01,4.119613333333330019e+00,-5.943750127156580021e+01,4.118906666666670269e+00,2.864583460489910038e+01,7.750000000000000000e+01,4.118528333333330238e+00,-4.854166920979820077e+01,4.119681666666670239e+00,-5.956250254313150094e+01,1.612997891579780019e+00
1.622254719999999963e+02,1.601562798023220182e+02,1.646226495504380105e-01,-9.396875762939448862e+01,-7.633598327636720171e+01,8.972500381469730257e+01,8.543793333333340456e+00,-4.691666793823240056e+01,8.541313333333329538e+00,3.734375000000000000e+01,1.880000000000000000e+02,8.540633333333330413e+00,-3.206250063578289655e+01,8.572226666666669104e+00,-4.970833460489910038e+01,2.379273395075169883e+00
2.385074879999999951e+02,1.364062577486039913e+02,2.120176143944259989e-02,-9.437500762939448862e+01,-7.938030242919920454e+01,8.389583841959630206e+01,8.506921666666670490e+00,-5.154167048136389440e+01,8.505478333333330809e+00,7.468750556310019384e+00,1.871250000000000000e+02,8.505011666666669967e+00,-2.714583460489910038e+01,8.507963333333330880e+00,-5.223958714803060843e+01,1.123859790674629933e+00
2.444603680000000168e+02,1.782811731100080124e+02,5.348162353038789923e-02,-9.609375000000000000e+01,-7.943058776855470171e+01,8.786719036102290659e+01,3.692961666666669807e+00,-4.584375254313150094e+01,3.690309999999999757e+00,3.789583587646479401e+01,6.675000000000000000e+01,3.689865000000000173e+00,-3.239583396911620383e+01,3.730896666666669859e+00,-5.716666793823240056e+01,3.386638020012720407e+00
1.326510800000000074e+02,1.978125423192979895e+02,2.409973740577700183e-02,-1.004687576293950144e+02,-8.192041015625000000e+01,7.185156583786009321e+01,5.306636666666669555e+00,-4.540625254313150094e+01,5.304408333333330283e+00,3.458333333333330017e+01,1.070833333333330017e+02,5.303903333333329861e+00,-3.635416666666669983e+01,5.356151666666669975e+00,-5.257291793823240056e+01,3.366223342088870307e+00
1.543512959999999907e+02,1.585937887430190187e+02,3.064785152673719926e-02,-9.671875000000000000e+01,-8.168371582031250000e+01,9.592187881469720878e+01,5.108525000000000205e+00,-5.228125381469729405e+01,5.106672500000000170e+00,4.390625190734860439e+01,1.021875000000000000e+02,5.106232499999999952e+00,-3.889062500000000000e+01,5.134042500000000508e+00,-5.690625000000000000e+01,3.495825513613150193e+00
2.523323839999999905e+02,2.740626037120819660e+02,3.907333593815570313e-03,-9.453125000000000000e+01,-6.458713531494139204e+01,5.331250190734860439e+01,2.025688333333329982e+00,-4.976042048136389440e+01,2.021998333333330233e+00,9.031250635782880565e+00,2.504166666666669983e+01,2.021205000000000140e+00,-4.621875254313150094e+01,2.055804999999999882e+00,-5.238541793823240056e+01,3.284330347323059840e+00
1.825004800000000103e+02,1.240624636411669854e+02,1.503599993884559977e-02,-9.471875762939448862e+01,-8.037044525146480112e+01,9.773125534057621167e+01,4.660268333333330126e+00,-4.795833460489910038e+01,4.655920000000000059e+00,3.385416920979820077e+01,9.087500000000000000e+01,4.655391666666670147e+00,-3.579166793823240056e+01,4.695776666666669819e+00,-5.502083714803060843e+01,3.998154498952959823e+00
4.551436160000000086e+02,3.385936617851260166e+02,3.369707986712459913e-02,-9.678125000000000000e+01,-6.518809509277339487e+01,6.909375476837159624e+01,2.198520000000000252e+00,-5.211458587646479401e+01,2.197073333333330325e+00,1.839583460489910038e+01,2.941666730244949690e+01,2.196633333333330107e+00,-4.316666793823240056e+01,2.230193333333330141e+00,-5.450000254313150094e+01,2.599305402667750009e+00
1.603899519999999939e+02,1.868750005960459930e+02,2.029181458055969930e-02,-9.568750000000000000e+01,-7.524223327636720171e+01,8.791406440734859018e+01,3.467980000000000285e+00,-4.865625000000000000e+01,3.465450000000000141e+00,3.753125000000000000e+01,6.112500000000000000e+01,3.464980000000000171e+00,-3.368750381469730115e+01,3.491280000000000161e+00,-5.500000000000000000e+01,3.030679994747250028e+00
1.827192159999999888e+02,2.332813292741780060e+02,1.183055266737940009e-01,-9.428125762939448862e+01,-7.303148651123049717e+01,9.424375457763679265e+01,3.227846666666669861e+00,-4.722916920979820077e+01,3.225573333333330073e+00,4.778125254313150094e+01,5.512500000000000000e+01,3.225096666666670053e+00,-3.779166793823240056e+01,3.272821666666669849e+00,-5.614583714803060843e+01,3.513540135019519894e+00
1.377012479999999925e+02,8.593747764825820923e+01,1.082189828157419931e-01,-7.821875000000000000e+01,-7.042330169677730112e+01,9.326562945048019060e+01,4.398749999999999716e+00,-5.135937690734860439e+01,4.397042500000000409e+00,4.187500000000000000e+01,8.437500000000000000e+01,4.396665000000000489e+00,-4.271875190734859729e+01,4.435554999999999914e+00,-5.839062881469729405e+01,3.226822256123390353e+00
1.917490559999999959e+02,1.348438262939449999e+02,2.941294945776460126e-02,-8.853125762939448862e+01,-7.288573455810549717e+01,8.454375419616700071e+01,7.642926666666669533e+00,-4.639583587646479401e+01,7.639899999999999913e+00,2.331250063578290010e+01,1.655000000000000000e+02,7.639406666666669565e+00,-3.303125000000000000e+01,7.647026666666669747e+00,-4.810416793823240056e+01,3.089430458615070041e+00
1.977077600000000075e+02,1.837500333786009890e+02,4.083756357431409661e-02,-9.896875000000000000e+01,-7.825349426269529829e+01,7.864843797683720084e+01,3.734068333333329992e+00,-4.756250254313150094e+01,3.730388333333330309e+00,3.752083460489910038e+01,6.779166666666669983e+01,3.729906666666670034e+00,-3.619791920979820077e+01,3.761553333333329974e+00,-5.646875127156580021e+01,3.637340017925710267e+00
2.110512960000000078e+02,2.118749916553499872e+02,2.592666149139400411e-01,-9.490625762939448862e+01,-7.039728546142579546e+01,9.122396024068198983e+01,4.734483333333329824e+00,-5.104166793823240056e+01,4.733416666666669492e+00,3.807291793823240056e+01,9.283333333333330017e+01,4.733058333333330481e+00,-4.120833460489910038e+01,4.752961666666669416e+00,-5.440625254313150094e+01,2.148003272352129844e+00
3.211084160000000338e+02,2.171876877546310141e+02,5.230975523591040177e-02,-9.046875762939448862e+01,-7.078517150878909092e+01,9.910000610351558237e+01,2.540500000000000203e+00,-5.025000254313150094e+01,2.537833333333330277e+00,4.529166920979820077e+01,3.795833333333330017e+01,2.537386666666670010e+00,-3.584375254313150094e+01,2.562066666666670045e+00,-5.815625127156580021e+01,3.964111483606540087e+00
1.475765279999999962e+02,1.600001156330110064e+02,2.002748474478719884e-02,-9.196875000000000000e+01,-7.700503540039059658e+01,8.245000457763670454e+01,4.834926666666669703e+00,-4.866666920979820077e+01,4.830958333333330579e+00,3.330208460489910038e+01,9.524999745686849906e+01,4.830474999999999852e+00,-3.619791793823240056e+01,4.869609999999999772e+00,-5.729166920979820077e+01,4.019722454222189434e+00
1.411525440000000060e+02,1.367187947034840079e+02,8.772289752960210629e-02,-7.596875762939450283e+01,-6.149115371704099431e+01,9.971875610351570174e+01,3.626461666666669803e+00,-4.785416920979820077e+01,3.624465000000000270e+00,4.668750254313150094e+01,6.512500127156579310e+01,3.624053333333330240e+00,-3.751042048136389440e+01,3.660065000000000346e+00,-5.291666793823240056e+01,3.593753017488869883e+00
1.555918560000000070e+02,9.234378486871719360e+01,5.476898699998859754e-02,-8.478125000000000000e+01,-7.404443359375000000e+01,8.674375343322749643e+01,1.361535333333330122e+01,-5.809375254313150094e+01,1.361437333333330102e+01,1.754166730244950045e+01,3.148333333333330302e+02,1.361398999999999937e+01,-3.251041730244949690e+01,1.361542333333330212e+01,-5.817708460489910038e+01,1.356713053883239928e+00
1.489432960000000037e+02,8.124999701976780386e+01,9.151488542556759226e-03,-8.503125000000000000e+01,-7.463965606689450283e+01,9.000000381469730826e+01,1.660688000000000031e+01,-6.128125381469729405e+01,1.660613000000000028e+01,1.475000000000000000e+01,3.896250000000000000e+02,1.660578500000000091e+01,-3.296875381469730115e+01,1.660687499999999872e+01,-6.128125381469729405e+01,1.144005714006270047e+00
2.006781919999999957e+02,1.484373658895489996e+02,4.666429758071900108e-02,-9.637500000000000000e+01,-7.676602172851559658e+01,9.007812881469720878e+01,7.506305000000000227e+00,-4.651041666666669983e+01,7.503801666666669590e+00,4.445833460489910038e+01,1.621250000000000000e+02,7.503363333333330054e+00,-3.211458460489910038e+01,7.519186666666669794e+00,-5.177083460489910038e+01,3.690681340783439790e+00
1.902874879999999962e+02,1.440625041723249922e+02,2.682667672634119760e-01,-8.496875000000000000e+01,-6.883670806884769888e+01,9.775000667572020063e+01,3.982776666666669740e+00,-4.914583460489910038e+01,3.980973333333330366e+00,4.812500381469729405e+01,7.404166412353519888e+01,3.980563333333330345e+00,-3.898958460489910038e+01,4.031789999999999985e+00,-5.283333714803060843e+01,3.663513480371540343e+00
3.382304640000000404e+02,2.148437947034840079e+02,3.241252899169919793e-02,-8.834375762939448862e+01,-6.523297882080079546e+01,9.343125457763679265e+01,4.590959999999999930e+00,-5.206250381469729405e+01,4.587951666666669759e+00,2.792708460489910038e+01,8.916666412353519888e+01,4.587386666666669832e+00,-3.287500127156580021e+01,4.593203333333329752e+00,-5.308333460489910038e+01,2.495055675842910325e+00
1.350715360000000089e+02,1.503125727176669955e+02,1.283630449324850084e-02,-9.737500762939448862e+01,-8.296838378906250000e+01,9.496875190734859018e+01,5.730301666666670179e+00,-4.912500127156580021e+01,5.727958333333329932e+00,3.551041666666669983e+01,1.177083358764650001e+02,5.727518333333329714e+00,-3.614583587646479401e+01,5.751873333333330507e+00,-5.613541793823240056e+01,2.793037989503819762e+00
1.716063199999999824e+02,1.909375041723249922e+02,4.797628894448280334e-02,-9.028125762939448862e+01,-7.172515869140620737e+01,1.029218794504800059e+02,2.918559999999999821e+00,-4.918750000000000000e+01,2.916345000000000187e+00,4.892708714803060843e+01,4.741666666666669983e+01,2.915893333333330339e+00,-4.230208587646479401e+01,2.964954999999999785e+00,-5.454167048136389440e+01,4.269436082184180137e+00
2.356895680000000084e+02,1.895312517881390022e+02,3.830051049590110085e-02,-9.659375000000000000e+01,-7.568746948242190342e+01,6.829375190734860723e+01,1.014528500000000122e+01,-4.846875000000000000e+01,1.014418000000000042e+01,7.062500476837160868e+00,2.281250000000000000e+02,1.014367999999999981e+01,-2.506250190734860084e+01,1.014536999999999978e+01,-4.862500000000000000e+01,9.618972522443219875e-01
1.659772639999999910e+02,1.810937523841859900e+02,4.095017164945600335e-02,-1.000312576293950144e+02,-8.233110046386720171e+01,9.284375508626300189e+01,3.435723333333330132e+00,-4.943750127156580021e+01,3.433288333333329945e+00,4.246875254313150094e+01,6.033333333333330017e+01,3.432866666666670064e+00,-3.489583333333330017e+01,3.462698333333330325e+00,-5.669791920979820077e+01,3.525713435239560045e+00
8.630523199999998951e+01,7.218749821186069937e+01,2.108532749116420052e-02,-8.378125762939450283e+01,-7.617714691162109375e+01,9.524375534057621451e+01,1.449027500000000046e+01,-5.231250381469729405e+01,1.448494999999999955e+01,2.839583460489910038e+01,3.366250000000000000e+02,1.448450166666669858e+01,-3.479166666666669983e+01,1.449519333333330096e+01,-5.467708587646479401e+01,4.089688043044549914e+00
2.968141439999999989e+02,2.414062470197679886e+02,1.524764019995930066e-02,-9.837500762939448862e+01,-7.816024780273440342e+01,9.396094322204589844e+01,3.053708333333330138e+00,-4.741666920979820077e+01,3.051765000000000061e+00,4.582292048136389440e+01,5.079166666666669983e+01,3.051349999999999785e+00,-3.846875381469730115e+01,3.088246666666669693e+00,-5.371875127156580021e+01,4.000392598307610292e+00
2.940329600000000028e+02,1.924553513526919915e+02,4.701840132474899986e-02,-9.628125000000000000e+01,-7.508994293212890625e+01,8.768125419616698935e+01,4.471046666666669722e+00,-5.309375381469729405e+01,4.467433333333330481e+00,2.676041793823239701e+01,8.616666666666669983e+01,4.466899999999999871e+00,-3.477083587646480112e+01,4.478653333333330266e+00,-5.728125381469729405e+01,4.224851237512649682e+00
1.140217520000000064e+02,1.278125047683720084e+02,1.069689318537710015e-01,-8.834375762939448862e+01,-7.421052551269529829e+01,9.471250534057621451e+01,5.519158333333329836e+00,-4.626041920979820077e+01,5.516708333333330216e+00,4.251041793823240056e+01,1.124166692097979876e+02,5.516316666666670088e+00,-3.797916793823240056e+01,5.568786666666669660e+00,-5.495833587646479401e+01,3.815264387591580153e+00
2.273029919999999890e+02,2.028125375509260095e+02,7.363439351320269499e-02,-8.946875762939448862e+01,-6.684190368652339487e+01,8.310937627156570784e+01,3.637599999999999945e+00,-3.927083460489910038e+01,3.635659999999999670e+00,4.197916666666669983e+01,6.537500000000000000e+01,3.635203333333330011e+00,-2.712500063578290010e+01,3.664705000000000101e+00,-4.651041666666669983e+01,2.933705157548200493e+00
2.013818080000000066e+02,1.710935533046719854e+02,1.004177033901209881e-01,-9.709375000000000000e+01,-7.760026550292970171e+01,9.734375667572020063e+01,4.893791666666669649e+00,-5.738541920979820077e+01,4.891168333333330231e+00,4.019791920979820077e+01,9.674999745686849906e+01,4.890665000000000262e+00,-4.180208460489910038e+01,4.933449999999999669e+00,-6.219791920979820077e+01,3.599549595116770195e+00
1.543349440000000072e+02,1.568749994039539786e+02,6.338582932949070325e-02,-9.996875000000000000e+01,-7.054649353027340908e+01,8.529167238871259826e+01,8.809813333333339713e+00,-5.653125127156580021e+01,8.808686666666670106e+00,7.729167143503830495e+00,1.947499949137369981e+02,8.808253333333329493e+00,-2.839583333333330017e+01,8.809903333333330977e+00,-5.663541920979820077e+01,1.026248934347089969e+00
1.030009920000000108e+02,9.015624970197679033e+01,1.762121170759200217e-01,-8.278125762939450283e+01,-7.191203308105470171e+01,9.552083841959628785e+01,6.741353333333329978e+00,-4.568750127156580021e+01,6.739208333333330359e+00,4.771875000000000000e+01,1.429583282470699999e+02,6.738833333333330344e+00,-4.089583460489910038e+01,6.810116666666670149e+00,-5.369792048136389440e+01,4.298052699458450476e+00
2.042423840000000155e+02,1.218749955296520113e+02,1.655996963381770049e-02,-8.803125762939448862e+01,-7.354583740234379263e+01,8.049219131469719457e+01,9.733959999999999724e+00,-5.448437690734860439e+01,9.733260000000001355e+00,1.259375095367430042e+01,2.178125000000000000e+02,9.732939999999999259e+00,-3.501562500000000000e+01,9.734030000000000626e+00,-5.456250381469729405e+01,1.293143772563419835e+00
1.723763360000000091e+02,1.189062893390660065e+02,7.813998311758039994e-02,-7.771875762939450283e+01,-6.395281219482419743e+01,7.703125190734859018e+01,4.271255000000000024e+00,-5.321875381469729405e+01,4.267034999999999911e+00,3.150000000000000000e+01,8.112500000000000000e+01,4.266589999999999883e+00,-3.828125000000000000e+01,4.280269999999999797e+00,-5.943750381469729405e+01,2.969024850069900356e+00
1.236665919999999943e+02,9.335927665233610639e+01,4.219073429703709688e-02,-8.409375000000000000e+01,-7.577318572998049717e+01,7.531770928700758816e+01,1.587077166666669825e+01,-5.632291666666669983e+01,1.587006666666669830e+01,9.489583333333330373e+00,3.712500000000000000e+02,1.586972999999999878e+01,-3.225000063578289655e+01,1.587080833333330077e+01,-5.640625254313150094e+01,1.087059294435300139e+00
9.473765600000000120e+01,1.603124588727949913e+02,7.737435400485989656e-02,-9.100000762939448862e+01,-7.414933776855470171e+01,9.790625610351570174e+01,4.870019999999999349e+00,-4.740625254313150094e+01,4.867526666666670110e+00,4.554166920979820077e+01,9.616666666666669983e+01,4.867093333333330385e+00,-3.635416793823240056e+01,4.911373333333330038e+00,-5.442708587646479401e+01,4.493890238000070703e+00
1.053152000000000044e+02,1.557812541723249922e+02,5.077142268419269910e-02,-9.906250000000000000e+01,-8.175399780273440342e+01,8.354166857401529001e+01,5.475309999999999455e+00,-4.907291920979820077e+01,5.473438333333330519e+00,3.397916666666669983e+01,1.113333333333330017e+02,5.472999999999999865e+00,-3.670833333333330017e+01,5.495106666666670137e+00,-5.395833460489910038e+01,2.773469327647190230e+00
1.444344000000000108e+02,9.359378367662429810e+01,9.734211117029190063e-02,-8.359375000000000000e+01,-7.286683654785159092e+01,9.825000076293949292e+01,1.226129666666669848e+01,-6.271875254313150094e+01,1.226076000000000121e+01,2.548958460489910038e+01,2.810000000000000000e+02,1.226048500000000097e+01,-3.382291793823240056e+01,1.226133666666669875e+01,-6.283333714803060843e+01,1.128461197332159882e+00
1.592772479999999860e+02,2.683593630790709881e+02,2.224964648485179899e-02,-9.693750762939448862e+01,-6.695989227294920454e+01,9.229687881469720878e+01,1.979479999999999906e+00,-5.478125190734860439e+01,1.977829999999999977e+00,4.259375381469730115e+01,2.393750000000000000e+01,1.977397499999999919e+00,-4.287500000000000000e+01,2.016675000000000217e+00,-6.001562881469729405e+01,2.981056575983259460e+00
2.170398079999999936e+02,1.346875429153440109e+02,2.972356416285040076e-02,-9.659375000000000000e+01,-8.116104888916019888e+01,9.756771214803058001e+01,5.126453333333330420e+00,-4.941666920979820077e+01,5.124493333333330014e+00,4.438541793823240056e+01,1.025000000000000000e+02,5.124093333333330058e+00,-3.511458587646480112e+01,5.146946666666670112e+00,-5.459375127156580021e+01,3.514419132949779812e+00
1.849269120000000157e+02,1.968749612569810097e+02,1.525773108005520039e-02,-9.471875762939448862e+01,-7.344106292724609375e+01,9.794791920979820077e+01,2.663434999999999775e+00,-5.096875000000000000e+01,2.660926666666669771e+00,4.436458587646479401e+01,4.100000000000000000e+01,2.660523333333330243e+00,-3.694791666666669983e+01,2.684786666666669763e+00,-5.628125000000000000e+01,4.399851413431240310e+00
3.704087999999999852e+02,2.018749713897709910e+02,2.509580180048940137e-02,-1.006250076293950144e+02,-7.743245697021480112e+01,9.856250305175778692e+01,2.989226666666669807e+00,-4.946875127156580021e+01,2.986609999999999765e+00,4.735416920979820077e+01,4.916666666666669983e+01,2.986245000000000260e+00,-3.762500000000000000e+01,3.018253333333330346e+00,-5.635417048136389440e+01,5.118272089026669747e+00
1.470433439999999905e+02,1.064063683152199928e+02,4.159838706254959800e-02,-9.584375762939448862e+01,-7.931948089599609375e+01,8.330469179153449488e+01,1.070640500000000017e+01,-5.860416793823240056e+01,1.070570500000000003e+01,2.160416793823239701e+01,2.421249949137369981e+02,1.070541166666670030e+01,-3.418750127156580021e+01,1.070646833333329973e+01,-5.872916920979820077e+01,1.256612005014080102e+00
2.136020959999999889e+02,2.421875000000000000e+02,1.905511319637299972e-01,-9.896875000000000000e+01,-7.215691375732420454e+01,6.476562929153449488e+01,4.158446666666669955e+00,-5.052083587646479401e+01,4.157306666666669592e+00,7.322916984558109910e+00,7.845833333333330017e+01,4.156966666666670029e+00,-3.383333460489910038e+01,4.168359999999999843e+00,-5.152083714803060843e+01,1.540340067303499927e+00
2.280352000000000032e+02,2.634374499320979908e+02,3.626431524753569863e-02,-9.790625762939448862e+01,-7.319307708740230112e+01,8.436250267028809446e+01,3.360199999999999854e+00,-5.102083587646479401e+01,3.358509999999999884e+00,3.214583396911620383e+01,5.841666666666669983e+01,3.358023333333330029e+00,-3.418750000000000000e+01,3.384360000000000035e+00,-5.275000254313150094e+01,2.431802747025060274e+00
1.614134559999999965e+02,2.109373807907099945e+02,6.165922433137890207e-02,-9.846875000000000000e+01,-7.784178924560549717e+01,8.579687690734859018e+01,3.947355000000000391e+00,-4.554166666666669983e+01,3.945473333333330057e+00,3.368750127156580021e+01,7.312500000000000000e+01,3.944984999999999964e+00,-3.140625000000000000e+01,3.980516666666670034e+00,-5.369791793823240056e+01,2.456152251029430023e+00
1.776945920000000001e+02,2.109376192092900055e+02,9.695204906165599823e-03,-9.312500762939448862e+01,-6.942253875732420454e+01,8.689844036102290659e+01,2.803040000000000198e+00,-4.578125254313150094e+01,2.801306666666669720e+00,3.647916920979820077e+01,4.454166412353520599e+01,2.800943333333330010e+00,-3.162500127156580021e+01,2.832431666666670012e+00,-5.280208587646479401e+01,2.816160168084060000e+00
4.372228480000000559e+02,1.446875333786009890e+02,1.015512645244599950e-02,-7.896875000000000000e+01,-6.142612075805660510e+01,9.603646087646490059e+01,4.211578333333330093e+00,-4.703125000000000000e+01,4.208651666666670010e+00,3.614583333333330017e+01,7.970833333333330017e+01,4.208143333333330460e+00,-3.362500000000000000e+01,4.228659999999999641e+00,-5.259375127156580021e+01,3.067999854613289834e+00
7.437362399999999241e+01,3.656246140599250083e+01,4.770783334970470080e-02,-8.896875000000000000e+01,-7.708603668212890625e+01,9.496875419616699787e+01,2.336902000000000257e+01,-6.571875254313150094e+01,2.336845666666669885e+01,1.897916730244950045e+01,5.587083333333330302e+02,2.336816500000000119e+01,-3.767708587646479401e+01,2.336904499999999985e+01,-6.580208841959640154e+01,1.101994129151379953e+00
1.025213040000000007e+02,6.156245991587639566e+01,3.214501217007639799e-02,-8.931250000000000000e+01,-8.084480285644529829e+01,9.143125190734859586e+01,1.343804166666669886e+01,-5.523958460489910038e+01,1.343284500000000037e+01,2.304166730244949690e+01,3.102916666666669698e+02,1.343237833333330222e+01,-3.585416920979820077e+01,1.344236499999999879e+01,-5.732291666666669983e+01,3.879247627048489910e+00
1.074255679999999984e+02,5.515624955296519971e+01,3.422794118523599799e-02,-8.762500762939448862e+01,-8.155860900878909092e+01,9.515625076293949292e+01,2.078135333333329982e+01,-6.017708587646479401e+01,2.078065333333330145e+01,1.876041730244950045e+01,4.940000101725260038e+02,2.078031999999999968e+01,-3.720833460489910038e+01,2.078137999999999863e+01,-6.025000000000000000e+01,1.206591451454670061e+00
2.109648640000000057e+02,1.515624970197680170e+02,8.249158412218089709e-02,-8.881250000000000000e+01,-7.139184570312500000e+01,1.002500012715660063e+02,3.304948333333330268e+00,-4.906250127156580021e+01,3.302934999999999732e+00,4.967708460489910038e+01,5.704166793823240056e+01,3.302534999999999776e+00,-3.760416793823240056e+01,3.345611666666669759e+00,-5.730208460489910038e+01,4.160097290399559888e+00
2.146755520000000104e+02,3.324776589870450039e+02,1.491449680179359957e-02,-1.010937576293950144e+02,-6.794602966308589487e+01,1.020364640553790139e+02,2.275844999999999896e+00,-4.840625254313150094e+01,2.272943333333329985e+00,4.436458460489910038e+01,3.129166666666669983e+01,2.272481666666669842e+00,-3.089583460489910038e+01,2.298296666666669985e+00,-5.578125254313150094e+01,3.185442156800800007e+00
1.025521039999999999e+02,1.259375065565109963e+02,5.732418596744540129e-02,-9.206250000000000000e+01,-7.810100555419920454e+01,9.060156917572020063e+01,5.680861666666669585e+00,-4.557292048136389440e+01,5.678063333333330576e+00,4.204166793823240056e+01,1.164166692097979876e+02,5.677613333333329848e+00,-3.652083460489910038e+01,5.730414999999999814e+00,-5.688542048136389440e+01,3.786652679858680148e+00
1.151456960000000009e+02,7.187511771917340297e+01,2.329329214990140048e-02,-8.896875000000000000e+01,-8.080732727050779829e+01,9.218125610351559374e+01,1.561940166666669860e+01,-6.072916793823240056e+01,1.561867000000000161e+01,1.921875190734860084e+01,3.649583129882810226e+02,1.561834833333330153e+01,-3.487500381469730115e+01,1.561947000000000152e+01,-6.084375254313150094e+01,1.220771089378139829e+00
3.116059520000000020e+02,4.850000143051149735e+02,3.227181360125540299e-02,-1.021562500000000000e+02,-6.701132202148438921e+01,9.416667175292970171e+01,2.066600000000000215e+00,-5.803125127156580021e+01,2.065065000000000150e+00,4.004166920979820077e+01,2.612500063578290010e+01,2.064598333333329983e+00,-3.616666793823240056e+01,2.066746666666670063e+00,-5.820833714803060843e+01,2.473793532040700516e+00
1.282554560000000095e+02,1.342186778783800207e+02,9.767399728298190031e-02,-9.181250762939448862e+01,-7.684444427490230112e+01,9.796429116385330360e+01,7.455943333333330258e+00,-4.856250381469729405e+01,7.453908333333330027e+00,4.128125254313150094e+01,1.607916666666669983e+02,7.453353333333329722e+00,-3.186458524068200049e+01,7.478823333333330048e+00,-5.221875127156580021e+01,2.206089602084089663e+00
1.234795439999999900e+02,1.121875047683720084e+02,6.789217144250869751e-02,-8.343750000000000000e+01,-7.078621673583980112e+01,8.964375457763669885e+01,8.482369999999999521e+00,-4.856250000000000000e+01,8.478480000000001127e+00,3.210937500000000000e+01,1.864375000000000000e+02,8.477990000000000137e+00,-3.854687690734859729e+01,8.489457500000000323e+00,-5.178125190734860439e+01,3.245671188454600120e+00
1.887087999999999965e+02,2.167188227176669955e+02,7.327406108379359850e-02,-9.537500000000000000e+01,-7.197512817382809658e+01,1.009114634195960036e+02,4.569340000000000401e+00,-6.182292048136389440e+01,4.567753333333330445e+00,4.363542048136389440e+01,8.870833333333330017e+01,4.567253333333329834e+00,-4.119791793823240056e+01,4.569546666666670198e+00,-6.201041920979820077e+01,2.437720686859029762e+00
2.499481279999999686e+02,2.039063274860380091e+02,9.474328160285949707e-02,-9.362500000000000000e+01,-7.127861022949220171e+01,1.000000038146969956e+02,3.483846666666669645e+00,-5.276041920979820077e+01,3.480719999999999814e+00,4.707291793823240056e+01,6.150000254313150094e+01,3.480286666666669859e+00,-4.325000127156580021e+01,3.523213333333329977e+00,-5.876042048136389440e+01,4.823874758764230997e+00
1.240223600000000062e+02,1.546874940395360056e+02,3.691485896706579728e-02,-9.890625000000000000e+01,-8.132292175292970171e+01,7.407031536102290659e+01,4.986530000000000129e+00,-4.841666666666669983e+01,4.984549999999999592e+00,3.141666730244949690e+01,9.908333333333330017e+01,4.984091666666669695e+00,-3.562500000000000000e+01,5.026488333333330338e+00,-5.861458587646479401e+01,2.862035345770249872e+00
1.893760959999999898e+02,2.328124940395360056e+02,1.006960123777389943e-01,-9.128125762939448862e+01,-6.432890319824220171e+01,1.016125061035160115e+02,2.422071666666669731e+00,-4.862500127156580021e+01,2.420176666666669973e+00,4.876041920979820077e+01,3.500000000000000000e+01,2.419785000000000075e+00,-3.556250000000000000e+01,2.446376666666669752e+00,-5.596875000000000000e+01,3.363066246537690152e+00
1.171573999999999955e+02,9.598214179277420044e+01,3.526243567466740003e-02,-9.550000762939448862e+01,-7.512535095214840908e+01,8.012500381469719457e+01,1.015810749999999985e+01,-5.712500190734860439e+01,1.015719250000000073e+01,1.771875095367429864e+01,2.284375152587889772e+02,1.015685749999999921e+01,-3.271875190734859729e+01,1.015871000000000102e+01,-5.757812690734860439e+01,1.237713119541979934e+00
2.979085759999999823e+02,1.950892806053160200e+02,9.828097373247149382e-02,-9.306250762939448862e+01,-7.043540191650390625e+01,8.473438072204591265e+01,3.775419999999999554e+00,-4.420312690734860439e+01,3.773260000000000058e+00,3.512500190734859729e+01,6.887500000000000000e+01,3.772719999999999629e+00,-3.823437690734859729e+01,3.799030000000000129e+00,-4.560937690734860439e+01,3.287335193805310141e+00
1.331605999999999881e+02,1.099999994039539928e+02,9.152533859014509721e-02,-8.571875000000000000e+01,-7.411607360839840908e+01,8.441875152587890341e+01,1.032339250000000064e+01,-5.967187690734860439e+01,1.032259499999999974e+01,7.906250715255739969e+00,2.325625152587889772e+02,1.032226499999999980e+01,-3.237500286102289948e+01,1.032348750000000059e+01,-5.978125381469729405e+01,1.024942052591210073e+00
4.412024639999999636e+02,3.807812333106990081e+02,2.181522101163859972e-01,-9.865625000000000000e+01,-6.942362213134769888e+01,8.712500381469730826e+01,2.207758333333329936e+00,-5.848958587646479401e+01,2.206655000000000033e+00,2.957291730244949690e+01,2.962500000000000000e+01,2.206263333333330134e+00,-3.958333587646479401e+01,2.207886666666669662e+00,-5.868750127156580021e+01,1.690305794432479969e+00
2.131416000000000111e+02,2.420312464237210008e+02,3.181127086281779898e-02,-1.010000000000000000e+02,-7.302215576171879263e+01,9.096875476837151098e+01,4.013819999999999943e+00,-4.571875254313150094e+01,4.011779999999999902e+00,3.771875127156579310e+01,7.475000000000000000e+01,4.011313333333330178e+00,-3.310416793823240056e+01,4.032413333333329852e+00,-5.137500254313150094e+01,3.111407908990509341e+00
1.816232799999999941e+02,9.906238317489619760e+01,3.075129352509979944e-02,-1.002812500000000000e+02,-7.677050018310549717e+01,8.754166952768959220e+01,8.567196666666669458e+00,-6.569791920979820077e+01,8.566599999999999326e+00,1.451041666666669805e+01,1.886666666666669983e+02,8.566303333333330272e+00,-4.021875000000000000e+01,8.567225000000000534e+00,-6.582291920979820077e+01,1.127331264582720038e+00
1.170506719999999916e+02,1.378124207258219940e+02,1.749264299869539852e-01,-8.359375762939450283e+01,-6.841130065917970171e+01,1.047437561035160059e+02,4.697935000000000194e+00,-4.980208714803060843e+01,4.696331666666670124e+00,5.278125254313150094e+01,9.191666666666669983e+01,4.695890000000000342e+00,-4.575000381469729405e+01,4.756113333333329862e+00,-5.292708714803060843e+01,3.347218968337100087e+00
1.539428479999999979e+02,1.037499979138369923e+02,6.431113928556439485e-02,-8.815625000000000000e+01,-7.574038696289059658e+01,8.753125572204589844e+01,9.415486666666669890e+00,-4.973958460489910038e+01,9.411139999999999617e+00,1.787500190734860084e+01,2.097500000000000000e+02,9.410566666666669633e+00,-3.669791666666669983e+01,9.421486666666670118e+00,-5.305208714803060843e+01,3.863806498948919810e+00
1.822262719999999945e+02,1.506249904632570065e+02,5.034590885043140063e-02,-8.784375000000000000e+01,-7.260475921630859375e+01,9.217187690734859018e+01,4.217213333333329928e+00,-4.682291793823240056e+01,4.213861666666669947e+00,3.269791666666669983e+01,7.983333333333330017e+01,4.213333333333330266e+00,-3.780208460489910038e+01,4.257194999999999396e+00,-5.456250127156580021e+01,3.396832668600179961e+00
1.894042560000000037e+02,2.144642621278760259e+02,6.664406508207319779e-02,-9.612500762939448862e+01,-7.150202941894529829e+01,6.004687511920929666e+01,4.503511666666669910e+00,-5.147916920979820077e+01,4.501265000000000072e+00,6.645833651224769767e+00,8.700000000000000000e+01,4.500765000000000349e+00,-4.269791793823240056e+01,4.516846666666669563e+00,-5.258333587646479401e+01,2.208193071071330227e+00
1.564552319999999952e+02,1.629687547683720084e+02,6.579434871673579821e-02,-8.409375762939450283e+01,-6.612202453613279829e+01,1.006000030517580086e+02,3.472253333333330083e+00,-5.165625381469729405e+01,3.470080000000000275e+00,5.131250254313150094e+01,6.125000000000000000e+01,3.469559999999999977e+00,-4.281250254313150094e+01,3.501626666666669774e+00,-5.482292048136389440e+01,3.703307661435440323e+00
3.808924160000000256e+02,2.914061844348910313e+02,5.259484052658079667e-02,-9.784375000000000000e+01,-6.871028900146480112e+01,8.183333778381349077e+01,3.684899999999999842e+00,-5.609375381469729405e+01,3.683869999999999756e+00,1.300000000000000000e+01,6.662500000000000000e+01,3.683409999999999851e+00,-3.253125000000000000e+01,3.684989999999999988e+00,-5.621875381469729405e+01,1.027346564308579957e+00
2.479320160000000044e+02,3.204686939716339680e+02,6.316390633583070235e-02,-9.650000000000000000e+01,-6.177535247802729401e+01,7.866146341959640154e+01,2.695279999999999898e+00,-4.341666920979820077e+01,2.693319999999999936e+00,3.332291793823240056e+01,4.179166666666669983e+01,2.692733333333330314e+00,-3.400000127156580021e+01,2.723406666666669640e+00,-5.095833714803060843e+01,2.713103533457370542e+00
1.667138400000000047e+02,1.351562142372129927e+02,5.491557717323300447e-02,-9.090625762939448862e+01,-7.603022766113279829e+01,8.637500317891441171e+01,1.195733166666669867e+01,-5.556250381469729405e+01,1.195602833333330217e+01,8.750000476837159979e+00,2.733750000000000000e+02,1.195549833333330092e+01,-3.210416857401530422e+01,1.195745333333330152e+01,-5.566667048136389440e+01,1.145865335867989998e+00
1.590598399999999799e+02,9.734378755092620850e+01,5.299634113907809863e-02,-8.681250000000000000e+01,-7.627368927001950283e+01,7.001562500000000000e+01,1.621258833333330074e+01,-5.258333460489910038e+01,1.621181499999999787e+01,5.177083333333330373e+00,3.797916666666670267e+02,1.621147333333330209e+01,-3.090625127156580021e+01,1.621263166666669875e+01,-5.268750127156580021e+01,1.134650580768959971e+00
4.274927040000000034e+02,2.867185473442079910e+02,5.902164801955220308e-02,-9.834375000000000000e+01,-6.697903442382811079e+01,9.024219322204589844e+01,2.377246666666669839e+00,-5.429166920979820077e+01,2.376333333333330078e+00,3.364583333333330017e+01,3.391666666666669983e+01,2.375900000000000123e+00,-4.132291666666669983e+01,2.391833333333330369e+00,-5.461458587646479401e+01,1.692725565286250067e+00
8.086209599999999398e+01,8.718746155500410566e+01,4.722405597567559676e-02,-8.793750762939448862e+01,-7.914630126953120737e+01,8.688750228881839632e+01,8.687653333333340555e+00,-4.592708714803060843e+01,8.685106666666669639e+00,3.686458460489910038e+01,1.916250000000000000e+02,8.684599999999999653e+00,-3.785416793823240056e+01,8.722026666666669925e+00,-5.401041920979820077e+01,3.523345978030490322e+00
2.039572639999999808e+02,1.478125303983690060e+02,1.490247435867790050e-02,-8.153125762939450283e+01,-6.524532318115230112e+01,7.881250349680580314e+01,6.447646666666670079e+00,-5.154166920979820077e+01,6.445040000000000546e+00,1.810416793823239701e+01,1.356250000000000000e+02,6.444480000000000430e+00,-3.984375381469730115e+01,6.449240000000000528e+00,-5.235417048136389440e+01,3.061117842985600301e+00
1.008620560000000097e+02,6.906253844499589434e+01,3.329838067293169890e-02,-6.890625762939450283e+01,-6.053829956054689632e+01,8.706875152587890909e+01,1.308898333333330122e+01,-5.936458460489910038e+01,1.308839166666669840e+01,1.183333333333330195e+01,3.017083333333330302e+02,1.308808166666669770e+01,-3.551041666666669983e+01,1.308899833333330243e+01,-5.942708587646479401e+01,9.589776544682327986e-01
2.530424640000000238e+02,3.242187798023219898e+02,1.851334720849990012e-01,-9.884375000000000000e+01,-7.140005493164059658e+01,9.562500476837151098e+01,3.137055000000000149e+00,-5.885417048136389440e+01,3.136183333333330214e+00,3.213541857401530422e+01,5.287499872843419979e+01,3.135784999999999823e+00,-3.922916793823240056e+01,3.137081666666669655e+00,-5.892708714803060843e+01,1.518885135656919738e+00
2.335229439999999954e+02,3.059374988079069908e+02,1.826906949281690076e-02,-9.550000762939448862e+01,-6.183399581909179688e+01,8.972917429606121686e+01,1.971426666666669769e+00,-5.041666666666669983e+01,1.969853333333330125e+00,4.171875127156579310e+01,2.375000000000000000e+01,1.969359999999999777e+00,-3.787500254313150094e+01,1.987846666666669870e+00,-5.268750254313150094e+01,3.043609427627500086e+00
3.973797119999999836e+02,2.439063638448720042e+02,7.636296749114990234e-02,-9.996875000000000000e+01,-7.420150756835940342e+01,8.126875457763679833e+01,4.057990000000000208e+00,-4.790625000000000000e+01,4.056030000000000690e+00,2.542187595367430220e+01,7.562500000000000000e+01,4.055530000000000079e+00,-3.676562500000000000e+01,4.058230000000000004e+00,-4.804687881469729405e+01,2.733718419673349942e+00
9.883129599999999471e+01,1.195535734295850006e+02,1.685982793569560101e-01,-8.209375000000000000e+01,-6.814337158203120737e+01,9.555625457763679265e+01,6.158628333333330040e+00,-4.708333714803060843e+01,6.157016666666669913e+00,4.989583714803060843e+01,1.284166692097979876e+02,6.156638333333329882e+00,-3.948958587646479401e+01,6.207993333333329922e+00,-5.117708587646479401e+01,3.370704232577410142e+00
1.527607199999999921e+02,1.806250810623170082e+02,8.327696472406390105e-02,-9.100000762939448862e+01,-7.032800292968750000e+01,8.672656536102290659e+01,3.940751666666669983e+00,-4.930208460489910038e+01,3.939005000000000312e+00,3.450000254313150094e+01,7.295833333333330017e+01,3.938569999999999904e+00,-3.692708333333330017e+01,3.968415000000000248e+00,-5.673958714803060843e+01,2.702865168790289818e+00
9.566140799999999444e+01,8.062514662742609062e+01,1.819476298987869958e-02,-8.900000000000000000e+01,-7.908475494384769888e+01,8.713125381469730257e+01,1.379873333333330088e+01,-4.873958333333330017e+01,1.379538666666669933e+01,1.891666857401530066e+01,3.193750000000000000e+02,1.379491333333330161e+01,-3.859375254313150094e+01,1.380343333333330236e+01,-5.137500254313150094e+01,3.570434412579819750e+00
1.277144560000000126e+02,1.301561295986179800e+02,4.278620332479479704e-02,-9.409375762939448862e+01,-7.926220703125000000e+01,9.053906536102290659e+01,5.541906666666669423e+00,-4.750000127156580021e+01,5.539408333333329715e+00,4.130208587646479401e+01,1.129583333333330017e+02,5.538948333333330254e+00,-3.596875127156579310e+01,5.579588333333330041e+00,-5.401041920979820077e+01,3.566715559983040240e+00
2.167496160000000032e+02,2.137500792741780060e+02,6.536982208490370316e-02,-9.431250762939448862e+01,-7.096060943603519888e+01,8.900000476837151098e+01,3.071413333333329998e+00,-4.894792048136389440e+01,3.068700000000000205e+00,3.842708460489910038e+01,5.125000000000000000e+01,3.068213333333330350e+00,-3.672916920979820077e+01,3.101213333333330269e+00,-5.275000381469729405e+01,4.107917434646669363e+00
3.152411839999999756e+02,2.342187911272050087e+02,6.326737254858019743e-02,-9.759375762939448862e+01,-7.304283142089840908e+01,1.050625057220459979e+02,3.717553333333329935e+00,-6.297917048136389440e+01,3.716286666666669625e+00,3.152083333333330017e+01,6.741666666666669983e+01,3.715899999999999981e+00,-4.671875127156580021e+01,3.717726666666669733e+00,-6.314583587646479401e+01,2.333325034828450217e+00
1.402279359999999997e+02,1.098436340689660113e+02,1.881266385316849865e-01,-8.821875762939448862e+01,-7.508666229248049717e+01,9.683125457763669885e+01,6.854708333333330295e+00,-4.841667048136389440e+01,6.853335000000000399e+00,4.343750254313150094e+01,1.458333231608069980e+02,6.852901666666669556e+00,-4.031250254313150094e+01,6.938500000000000334e+00,-5.167708714803060843e+01,2.747119949646410486e+00
1.528077439999999854e+02,8.203117549419400234e+01,4.189162328839299981e-02,-8.921875000000000000e+01,-7.831833648681640625e+01,9.423958460489910749e+01,1.557101666666669892e+01,-6.490625762939450283e+01,1.557028833333330198e+01,1.718750000000000000e+01,3.637499898274739962e+02,1.556994666666669858e+01,-3.447916793823240056e+01,1.557104500000000158e+01,-6.496875254313150094e+01,1.055371665448569862e+00
1.512944320000000005e+02,3.046875000000000000e+02,8.212810754775999589e-02,-7.971875000000000000e+01,-6.539808654785160513e+01,8.710937690734859018e+01,3.075417499999999915e+00,-4.389062500000000000e+01,3.073697499999999749e+00,3.920312690734859729e+01,5.137500000000000000e+01,3.073304999999999954e+00,-3.367187500000000000e+01,3.112932499999999880e+00,-5.590625190734860439e+01,3.106796806540010003e+00
1.454084959999999853e+02,1.595311015844349924e+02,4.367368295788760096e-02,-9.253125762939448862e+01,-7.517105865478519888e+01,8.899479802449540955e+01,6.476486666666669834e+00,-4.108333587646479401e+01,6.473398333333330257e+00,1.988541730244950045e+01,1.362916666666669983e+02,6.472611666666669983e+00,-2.973958460489910038e+01,6.504043333333330068e+00,-4.995833587646479401e+01,2.224667705345559909e+00
2.338295040000000142e+02,2.934375107288360027e+02,7.317098230123519897e-02,-9.787500000000000000e+01,-6.466145324707029829e+01,8.944271024068198983e+01,2.593655000000000044e+00,-4.660416666666669983e+01,2.591625000000000068e+00,4.225000000000000000e+01,3.925000000000000000e+01,2.591234999999999733e+00,-3.373958460489910038e+01,2.614226666666669807e+00,-5.292708460489910038e+01,3.486677301762990400e+00
1.883351679999999817e+02,1.389061659574510088e+02,4.850482568144800360e-02,-9.190625762939448862e+01,-7.512820434570309658e+01,9.355000534057620598e+01,4.952706666666669477e+00,-4.504166666666669983e+01,4.950406666666669508e+00,4.219791920979820077e+01,9.825000000000000000e+01,4.949946666666670048e+00,-2.776041857401530422e+01,4.971993333333330156e+00,-5.265625381469729405e+01,3.117268030506439747e+00
1.356727679999999907e+02,1.656250357627870073e+02,3.910245746374130249e-02,-9.343750762939448862e+01,-7.541098022460940342e+01,1.029937553405760013e+02,5.004116666666670099e+00,-5.001042048136389440e+01,5.002489999999999881e+00,4.952083587646479401e+01,9.958333079020179923e+01,5.002144999999999619e+00,-3.503125127156580021e+01,5.038691666666669455e+00,-5.514583587646479401e+01,3.739297025737540192e+00
1.354349119999999971e+02,1.289061754941940023e+02,3.333704173564910195e-02,-9.975000762939448862e+01,-7.596366882324220171e+01,8.220625228881840485e+01,8.537848333333331041e+00,-6.243750381469729405e+01,8.537163333333330328e+00,1.906250127156580021e+01,1.878750000000000000e+02,8.536843333333338890e+00,-4.116666793823240056e+01,8.537888333333329527e+00,-6.252083714803060843e+01,1.177116767781909878e+00
2.633336799999999585e+02,1.660937815904619868e+02,2.610674500465389944e-02,-9.228125000000000000e+01,-7.447591400146480112e+01,8.747917016347250296e+01,6.032880000000000464e+00,-4.965625127156580021e+01,6.031706666666670102e+00,1.565625031789140031e+01,1.252916641235349999e+02,6.031259999999999621e+00,-3.013541793823239701e+01,6.033286666666669795e+00,-4.984375254313150094e+01,1.288794334092409954e+00
1.193778320000000122e+02,1.051563248038290084e+02,3.725421428680419922e-02,-9.918750000000000000e+01,-7.706097412109379263e+01,8.616250190734859871e+01,1.206120500000000106e+01,-5.913541793823240056e+01,1.206024000000000029e+01,1.372916666666669805e+01,2.760000000000000000e+02,1.205990333333330078e+01,-3.686458333333330017e+01,1.206126833333330239e+01,-5.926041666666669983e+01,1.407395903581280194e+00
1.394633760000000109e+02,1.723437458276750078e+02,1.668581813573840056e-01,-9.243750762939448862e+01,-7.285210418701170454e+01,8.980469131469720878e+01,6.042709999999999582e+00,-4.991666666666669983e+01,6.040531666666669963e+00,3.494791666666669983e+01,1.255000025431319983e+02,6.039969999999999395e+00,-3.443750000000000000e+01,6.074514999999999887e+00,-5.418750127156580021e+01,2.310317396022339764e+00
3.189765759999999659e+02,2.039062529802320114e+02,4.083483293652530322e-02,-9.809375762939448862e+01,-7.563542175292970171e+01,8.558593940734859018e+01,6.239838333333330489e+00,-5.489583460489910038e+01,6.238763333333330330e+00,1.977083396911620028e+01,1.304583358764649859e+02,6.238324999999999676e+00,-3.133333460489910038e+01,6.239923333333329936e+00,-5.503125254313150094e+01,1.285062227401610135e+00
9.861032800000000975e+01,8.437503874301908979e+01,3.472994640469549699e-02,-8.265625762939450283e+01,-7.396974945068359375e+01,9.329375534057621167e+01,1.259741666666669779e+01,-5.326041920979820077e+01,1.259661999999999971e+01,1.881250000000000000e+01,2.893750000000000000e+02,1.259627500000000033e+01,-3.094791730244949690e+01,1.259753999999999863e+01,-5.346875254313150094e+01,1.250433403504960017e+00
1.831742560000000140e+02,1.950000375509260095e+02,5.010770261287689903e-02,-9.800000762939448862e+01,-7.673403167724609375e+01,9.835937786102290659e+01,3.435038333333330307e+00,-4.820833333333330017e+01,3.432698333333330076e+00,4.852083587646479401e+01,6.029166158040360557e+01,3.432338333333329938e+00,-3.496875127156580021e+01,3.460901666666669652e+00,-5.406250254313150094e+01,4.067239977902699977e+00
1.739668000000000063e+02,2.124998867511750120e+02,2.742293477058410089e-01,-9.746875762939448862e+01,-7.361124420166019888e+01,9.521250190734859586e+01,4.890146666666669972e+00,-6.158333587646479401e+01,4.888759999999999550e+00,3.794791920979820077e+01,9.670833333333330017e+01,4.888359999999999594e+00,-4.170833714803060133e+01,4.890396666666670278e+00,-6.188542048136389440e+01,2.440265172136149907e+00
2.571751680000000420e+02,2.582812905311579925e+02,6.307118106633420422e-03,-9.837500762939448862e+01,-7.156166839599609375e+01,8.770000534057621167e+01,4.829315000000000246e+00,-5.058333460489910038e+01,4.828403333333330494e+00,2.397916666666669983e+01,9.520833079020179923e+01,4.828018333333329970e+00,-3.807291666666669983e+01,4.839349999999999596e+00,-5.120833587646479401e+01,1.581759806482350150e+00
1.430345439999999826e+02,1.030803546309469994e+02,1.276827007532120029e-01,-7.903125000000000000e+01,-6.800962066650389204e+01,8.488125152587890909e+01,8.426664999999999850e+00,-5.496875254313150094e+01,8.425921666666669196e+00,3.473958460489910038e+01,1.851250000000000000e+02,8.425601666666670653e+00,-3.019791730244949690e+01,8.426723333333340449e+00,-5.508333460489910038e+01,1.462738169354919737e+00
1.774221919999999955e+02,1.353123933076859942e+02,5.523528158664700594e-02,-9.993750762939448862e+01,-7.600042724609379263e+01,8.821250419616698935e+01,8.863898333333329660e+00,-5.360417048136389440e+01,8.862698333333330680e+00,1.136458428700769829e+01,1.960416666666669983e+02,8.862260000000000915e+00,-2.973958524068200049e+01,8.864114999999999966e+00,-5.373958714803060843e+01,1.257484584024590069e+00
4.620968320000000062e+02,4.134374558925630367e+02,9.006229043006901136e-02,-1.030000076293950144e+02,-6.858332061767579546e+01,9.955625305175790629e+01,1.725366666666669824e+00,-5.229166920979820077e+01,1.723040000000000127e+00,4.522916793823240056e+01,1.754166666666669983e+01,1.722540000000000182e+00,-4.307291920979820077e+01,1.745900000000000007e+00,-5.388542048136389440e+01,3.646712770357100286e+00
1.548546879999999817e+02,1.928124576807020105e+02,2.229978889226910121e-01,-9.484375000000000000e+01,-7.303672027587890625e+01,9.608593797683720084e+01,4.546631666666669958e+00,-6.163541793823240056e+01,4.545013333333329797e+00,4.051041920979820077e+01,8.812500000000000000e+01,4.544529999999999959e+00,-4.648958460489910038e+01,4.546971666666669520e+00,-6.189583460489910038e+01,2.585821816363650161e+00
2.496729279999999846e+02,2.492187023162839807e+02,3.173359483480450022e-02,-8.728125762939448862e+01,-5.964444732666020599e+01,8.578125381469729405e+01,1.714873333333330141e+00,-4.998958714803060843e+01,1.712613333333330212e+00,3.560416920979820077e+01,1.729166666666669983e+01,1.712133333333330176e+00,-3.884375254313150094e+01,1.741426666666669787e+00,-5.572916666666669983e+01,3.411773624525050064e+00
1.444067520000000115e+02,1.297990828752519974e+02,1.376245915889739990e-02,-9.053125000000000000e+01,-7.720362091064450283e+01,9.355625381469729973e+01,6.540399999999999991e+00,-4.284375190734859729e+01,6.537349999999999994e+00,4.346875000000000000e+01,1.379375000000000000e+02,6.536839999999999762e+00,-3.482812690734859729e+01,6.572739999999999583e+00,-5.042187690734860439e+01,3.956245421896679826e+00
1.613977600000000052e+02,2.789062857627870358e+02,5.732310935854909723e-02,-9.637500000000000000e+01,-6.701097869873049717e+01,9.550000381469720878e+01,2.363712500000000105e+00,-4.940625381469729405e+01,2.362092499999999706e+00,4.267187500000000000e+01,3.349999904632569780e+01,2.361654999999999838e+00,-3.660937500000000000e+01,2.394872499999999960e+00,-5.206250190734860439e+01,3.226972535019009491e+00
9.690657600000000116e+01,8.031257987022399902e+01,1.708509176969530141e-01,-8.065625000000000000e+01,-7.145566558837890625e+01,9.686250152587899720e+01,7.849383333333330270e+00,-5.060416920979820077e+01,7.848010000000000375e+00,4.568750127156580021e+01,1.706666666666669983e+02,7.847671666666669488e+00,-4.084375254313150094e+01,7.880778333333330110e+00,-5.514583460489910038e+01,3.038632108953240429e+00
4.074296640000000025e+02,5.250004529952999519e+02,3.006155416369439906e-02,-8.018750762939450283e+01,-6.305999755859379974e+01,9.739844131469720878e+01,4.462860000000000049e+00,-5.800000381469729405e+01,4.461800000000000210e+00,3.056250190734860084e+01,8.600000000000000000e+01,4.461339999999999861e+00,-3.203125381469730115e+01,4.462919999999999554e+00,-5.809375381469729405e+01,1.423622810238580172e+00
1.719517600000000073e+02,1.264062821865080082e+02,1.343371067196130059e-02,-9.703125000000000000e+01,-8.334430694580079546e+01,8.930625152587890625e+01,5.628196666666670289e+00,-4.904166920979820077e+01,5.625143333333330276e+00,3.971875000000000000e+01,1.151249974568680017e+02,5.624741666666669637e+00,-3.468750000000000000e+01,5.651366666666669758e+00,-5.666666920979820077e+01,3.293516297401720472e+00
1.051464560000000006e+02,1.062500029802319972e+02,5.215810239315030183e-02,-8.368750000000000000e+01,-7.825984191894529829e+01,8.882291857401529001e+01,1.303211666666669899e+01,-5.582291793823240056e+01,1.302677166666669883e+01,2.672916666666669983e+01,3.001666666666669698e+02,1.302639833333330088e+01,-3.504166793823240056e+01,1.303645500000000013e+01,-5.795833460489910038e+01,3.656742648348740410e+00
2.329359839999999906e+02,1.665624231100079840e+02,3.477856144309039721e-02,-9.859375762939448862e+01,-7.936051177978519888e+01,9.244531536102290659e+01,3.392640000000000100e+00,-4.942708460489910038e+01,3.390606666666669877e+00,3.914583460489910038e+01,5.920833333333330017e+01,3.390133333333330334e+00,-3.345833460489910038e+01,3.418746666666669931e+00,-5.565625127156580021e+01,3.355959261395829785e+00
5.754247679999999718e+02,5.679687857627869789e+02,6.133707985281940112e-02,-9.571875762939448862e+01,-5.994048309326169743e+01,7.525000381469729405e+01,1.307655000000000012e+00,-5.541666920979820077e+01,1.306810000000000027e+00,2.069791666666669983e+01,7.125000000000000000e+00,1.306398333333329997e+00,-4.088541793823240056e+01,1.307693333333330044e+00,-5.553125254313150094e+01,1.357280740333820068e+00
1.434346239999999852e+02,1.484375149011609949e+02,1.106079071760179972e-01,-7.912500000000000000e+01,-7.223789978027340908e+01,9.046093940734859018e+01,5.501280000000000392e+00,-4.371875254313150094e+01,5.494606666666669526e+00,4.877083460489910038e+01,1.118333333333330017e+02,5.494030000000000413e+00,-3.468750127156580021e+01,5.535359999999999836e+00,-4.939583333333330017e+01,5.194216734383860334e+00
2.019917120000000068e+02,1.763393133878710159e+02,1.318251490592959874e-01,-8.684375000000000000e+01,-6.975450134277339487e+01,9.817969322204589844e+01,4.108130000000000059e+00,-4.554687881469729405e+01,4.106539999999999857e+00,4.226562690734859729e+01,7.718750000000000000e+01,4.106110000000000149e+00,-3.082812690734860084e+01,4.137349999999999639e+00,-5.548437881469729405e+01,3.069921789564650005e+00
9.846282399999999768e+01,2.376562952995300009e+02,1.138931736350059926e-01,-9.693750762939448862e+01,-7.574929046630859375e+01,8.927604548136400808e+01,3.628725000000000200e+00,-4.971875254313150094e+01,3.627219999999999889e+00,4.762500381469729405e+01,6.516666539510089251e+01,3.626781666666669679e+00,-4.114583460489910038e+01,3.666955000000000187e+00,-5.141666920979820077e+01,3.118058694309080447e+00
2.387463680000000181e+02,1.465624272823330045e+02,3.267409652471540277e-02,-9.531250000000000000e+01,-7.812553405761720171e+01,9.057812690734859018e+01,4.023410000000000153e+00,-5.046875127156580021e+01,4.021730000000000693e+00,4.317708460489910038e+01,7.504166666666669983e+01,4.021269999999999456e+00,-3.833333460489910038e+01,4.055623333333330471e+00,-5.485416666666669983e+01,2.979551253966810087e+00
1.321629199999999855e+02,8.515624701976780386e+01,1.847593300044540060e-02,-9.171875762939448862e+01,-7.220556640625000000e+01,7.103906470537179985e+01,1.496923999999999921e+01,-5.966667048136389440e+01,1.496853833333330108e+01,3.427083373069759631e+00,3.487083231608070264e+02,1.496822166666669851e+01,-3.506250190734859729e+01,1.496926833333330187e+01,-5.976041793823240056e+01,1.072566111119019894e+00
2.424032640000000072e+02,2.515625059604639944e+02,8.317633531987670553e-03,-9.321875000000000000e+01,-6.529910278320311079e+01,7.534375381469729405e+01,3.353898333333330317e+00,-5.375000381469729405e+01,3.352836666666669796e+00,2.072916730244950045e+01,5.833333333333330017e+01,3.352475000000000094e+00,-4.140625381469730115e+01,3.358531666666670024e+00,-5.393750127156580021e+01,1.837941872458240145e+00
1.760972960000000000e+02,1.924999952316279916e+02,9.934353828430179945e-02,-9.496875000000000000e+01,-7.424310302734379263e+01,9.695312976837151098e+01,3.623673333333329971e+00,-5.079167048136389440e+01,3.621393333333330133e+00,4.631250254313150094e+01,6.504166666666669983e+01,3.620986666666669684e+00,-4.197916793823240056e+01,3.662546666666669726e+00,-5.825000254313150094e+01,4.766816206460429584e+00
1.700310240000000022e+02,1.484376192092899771e+02,9.290549904108050261e-02,-8.534375000000000000e+01,-6.944982910156250000e+01,9.077083841959640154e+01,6.067455000000000709e+00,-5.650000190734860439e+01,6.064542499999999947e+00,3.028125095367430220e+01,1.261250000000000000e+02,6.064192499999999875e+00,-4.134375000000000000e+01,6.072799999999999976e+00,-6.018750000000000000e+01,2.851013831775959684e+00
1.626315360000000112e+02,1.443750113248829905e+02,4.861312359571459685e-02,-9.543750762939448862e+01,-7.961817932128909092e+01,9.420313072204589844e+01,3.810616666666669872e+00,-5.242708587646479401e+01,3.807168333333330157e+00,3.551041793823240056e+01,6.970833333333330017e+01,3.806663333333330179e+00,-4.136458587646479401e+01,3.839118333333330302e+00,-5.858333587646479401e+01,3.811854829579920168e+00
2.597587200000000394e+02,2.185937911272050087e+02,2.898743003606799387e-02,-1.020000076293950144e+02,-8.190604400634769888e+01,8.957292111714679095e+01,3.036753333333330307e+00,-5.761458587646479401e+01,3.033780000000000143e+00,3.264583396911620383e+01,5.037499872843419979e+01,3.033283333333330223e+00,-4.515625381469729405e+01,3.068778333333330277e+00,-6.392708587646479401e+01,3.854102208791250206e+00
1.820683520000000044e+02,1.465625762939449999e+02,1.617561429738999801e-01,-8.975000762939448862e+01,-7.555174255371090908e+01,9.578750305175790913e+01,3.533249999999999780e+00,-4.937500381469729405e+01,3.531469999999999665e+00,4.635937881469729405e+01,6.275000000000000000e+01,3.531019999999999825e+00,-3.609375000000000000e+01,3.559830000000000272e+00,-5.532812881469729405e+01,3.362645375459970332e+00
1.509880959999999845e+02,1.052231043577189951e+02,3.245208039879799583e-02,-8.812500762939448862e+01,-7.593771362304690342e+01,8.623438072204589844e+01,1.109721000000000046e+01,-5.217708460489910038e+01,1.109645833333330067e+01,1.345833428700769829e+01,2.519166615804040248e+02,1.109611833333330111e+01,-2.971875190734860084e+01,1.109723166666669769e+01,-5.230208587646479401e+01,1.081801959111809985e+00
3.448078399999999988e+02,2.800000011920930092e+02,8.291967958211900191e-02,-9.837500762939448862e+01,-6.722801971435549717e+01,9.188542238871259826e+01,1.962066666666669956e+00,-5.512500381469729405e+01,1.958793333333330056e+00,3.447916793823240056e+01,2.333333333333330017e+01,1.958153333333330082e+00,-4.850000254313150094e+01,2.023853333333330173e+00,-6.197917048136389440e+01,3.700487783442509837e+00
3.095123200000000452e+02,1.862500011920930092e+02,1.783655956387519836e-02,-9.678125000000000000e+01,-7.691755676269529829e+01,9.157812833786009321e+01,5.232800000000000118e+00,-5.453125381469729405e+01,5.231539999999999857e+00,1.690625000000000000e+01,1.052499923706049856e+02,5.231040000000000134e+00,-3.596875000000000000e+01,5.232880000000000642e+00,-5.465625381469729405e+01,1.419873869244160147e+00
1.838099200000000053e+02,1.956249922513959802e+02,7.806699723005290636e-02,-9.571875000000000000e+01,-7.362945556640620737e+01,1.019427102406819898e+02,6.478296666666669701e+00,-5.979167048136389440e+01,6.477269999999999861e+00,2.997916730244949690e+01,1.364166666666669983e+02,6.476795000000000080e+00,-3.080208396911620028e+01,6.478373333333330208e+00,-5.994791920979820077e+01,1.200586013803980112e+00
3.300744640000000345e+02,3.303124308586120037e+02,1.883717812597749883e-02,-9.215625000000000000e+01,-6.162671661376950283e+01,1.018828172683709852e+02,2.057004999999999750e+00,-4.942187690734860439e+01,2.055604999999999905e+00,5.585937690734860439e+01,2.587500095367430220e+01,2.055212500000000109e+00,-3.403125190734859729e+01,2.057090000000000085e+00,-4.950000381469729405e+01,2.883406848566770098e+00
2.211491200000000106e+02,1.654687970876690031e+02,2.579419687390329882e-02,-8.803125762939448862e+01,-6.945964813232420454e+01,8.872500381469730257e+01,1.305856499999999976e+01,-3.762500254313150094e+01,1.305708666666669870e+01,1.765625095367429864e+01,3.008750000000000000e+02,1.305602000000000018e+01,-2.155208396911620028e+01,1.305879666666669792e+01,-3.779166793823240056e+01,1.185304044858670025e+00
1.913590399999999931e+02,1.593748480081559933e+02,3.297973051667209970e-02,-9.696875762939448862e+01,-8.037564849853519888e+01,9.352500457763669317e+01,5.216419999999999391e+00,-4.887500127156580021e+01,5.214826666666669830e+00,4.127083587646479401e+01,1.048333333333330017e+02,5.214380000000000237e+00,-3.327083333333330017e+01,5.238240000000000229e+00,-5.576042048136389440e+01,2.754781675027720311e+00
1.588598399999999913e+02,2.481250017881390022e+02,5.375479534268379905e-02,-9.621875762939448862e+01,-7.346385955810549717e+01,8.560000381469728836e+01,2.925741666666669794e+00,-4.655208460489910038e+01,2.924003333333330179e+00,3.764583587646479401e+01,4.758333206176759944e+01,2.923586666666669664e+00,-3.370833460489910038e+01,2.958499999999999908e+00,-5.234375381469729405e+01,2.845568254310120171e+00
1.892835680000000025e+02,1.635938584804530080e+02,2.914958633482460024e-02,-9.725000762939448862e+01,-7.918946838378909092e+01,9.720833651224769767e+01,4.327146666666670249e+00,-5.162500127156580021e+01,4.324473333333330061e+00,4.059375000000000000e+01,8.258333333333330017e+01,4.324033333333329843e+00,-3.502083460489910038e+01,4.345366666666669708e+00,-5.816666793823240056e+01,3.701430309094229987e+00
1.449372960000000035e+02,2.067186683416369988e+02,2.156516313552860054e-01,-8.646875762939448862e+01,-6.126511383056639914e+01,8.807031726837151098e+01,2.584040000000000337e+00,-4.594791666666669983e+01,2.581983333333329966e+00,3.092708460489910038e+01,3.900000000000000000e+01,2.581409999999999982e+00,-3.493750254313150094e+01,2.620793333333330200e+00,-5.014583587646479401e+01,2.352338542465930438e+00
1.777100320000000124e+02,1.684373915195469920e+02,1.778986491262909975e-02,-9.337500762939448862e+01,-7.582919311523440342e+01,9.621875254313150094e+01,4.673318333333329910e+00,-4.860416793823240056e+01,4.671546666666669623e+00,4.259375254313150094e+01,9.129166666666669983e+01,4.671136666666670045e+00,-3.567708460489910038e+01,4.695094999999999352e+00,-5.455208714803060843e+01,3.211032562200480278e+00
1.659316159999999911e+02,2.300446778535839769e+02,3.234425559639930031e-02,-9.843750000000000000e+01,-7.320832824707029829e+01,7.997916920979820077e+01,3.174484999999999779e+00,-4.854166666666669983e+01,3.172454999999999803e+00,3.393750127156580021e+01,5.379166793823240056e+01,3.171976666666669775e+00,-3.705208587646479401e+01,3.198226666666669882e+00,-5.417708587646479401e+01,3.132354243172620123e+00
9.389681600000000117e+01,1.314062476158140100e+02,5.341337993741040319e-02,-9.050000762939448862e+01,-7.535213470458980112e+01,9.879687881469720878e+01,6.640076666666669958e+00,-4.444791920979820077e+01,6.637639999999999318e+00,4.247916920979820077e+01,1.404166666666669983e+02,6.637210000000000498e+00,-3.001041857401530422e+01,6.674251666666670246e+00,-5.029166920979820077e+01,3.351210245438029922e+00
1.842391360000000020e+02,1.670088618993760008e+02,1.218292117118840168e-01,-9.231250762939448862e+01,-7.266383361816409092e+01,9.649219322204589844e+01,7.226613333333330225e+00,-6.063542048136389440e+01,7.225766666666669558e+00,2.648958524068200049e+01,1.550833282470699999e+02,7.225360000000000227e+00,-3.963541920979820077e+01,7.226646666666669994e+00,-6.068750127156580021e+01,1.359275719426860318e+00
1.243467040000000026e+02,9.687492251396179199e+01,6.895841658115389738e-02,-8.071875762939450283e+01,-6.954286193847660513e+01,8.735156488418579102e+01,9.031801666666670059e+00,-5.626041920979820077e+01,9.026989999999999625e+00,2.689583396911620028e+01,2.002083333333330017e+02,9.026621666666668986e+00,-3.435416666666669983e+01,9.035063333333329894e+00,-5.790625254313150094e+01,3.892691205225290219e+00
1.764254559999999969e+02,1.646874696016309940e+02,2.209536917507649856e-02,-9.962500762939448862e+01,-7.064434051513670454e+01,8.669375419616699219e+01,1.027285833333329990e+01,-5.761458587646479401e+01,1.027208166666670053e+01,1.670833428700759882e+01,2.312916666666669983e+02,1.027175833333330068e+01,-2.894791857401530422e+01,1.027291000000000132e+01,-5.776041920979820077e+01,1.175937694941790124e+00
1.632187199999999905e+02,1.098438650369639902e+02,3.443189710378650320e-02,-9.856250000000000000e+01,-7.512135314941409092e+01,7.967500495910650216e+01,9.157669999999999533e+00,-5.301041920979820077e+01,9.156756666666669986e+00,2.333333333333330373e+00,2.034166666666669983e+02,9.156330000000000524e+00,-3.176041666666669983e+01,9.157723333333329663e+00,-5.306250254313150094e+01,1.006944495452000155e+00
1.529704800000000091e+02,1.043749973177909993e+02,1.218014582991600037e-02,-9.103125000000000000e+01,-7.916917419433590908e+01,8.853125286102290659e+01,9.038050000000000139e+00,-5.898437881469729405e+01,9.032162500000000094e+00,2.635937500000000000e+01,2.003125076293949860e+02,9.031729999999999592e+00,-3.923437881469730115e+01,9.043060000000000542e+00,-6.170312881469729405e+01,4.659411484874099507e+00
1.212025120000000129e+02,1.054686382412910035e+02,8.457379788160319933e-02,-9.187500000000000000e+01,-6.858792877197269888e+01,7.747500381469728836e+01,1.526875750000000131e+01,-4.281250381469730115e+01,1.526763500000000029e+01,1.187500000000000000e+00,3.561875000000000000e+02,1.526716749999999934e+01,-2.418750190734860084e+01,1.526991749999999826e+01,-4.310937500000000000e+01,9.799263342388659925e-01
2.263146399999999971e+02,1.046878844499589860e+02,2.331732586026189977e-02,-8.731250762939448862e+01,-7.213595581054690342e+01,1.006562538146969956e+02,9.869315000000000282e+00,-6.173437690734860439e+01,9.868257500000000348e+00,1.753125095367429864e+01,2.211874923706050140e+02,9.867850000000000676e+00,-2.653125000000000000e+01,9.869344999999999146e+00,-6.182812500000000000e+01,1.095992069108890021e+00
