2.891220799999999826e+02,2.664063274860380375e+02,4.154046252369879982e-02,-9.909375762939448862e+01,-7.217467498779299717e+01,8.488750343322759306e+01,4.221460094094840049e-02,8.139454545454549361e+01,1.627293749026560155e-01,2.755499999999999963e-02,1.228583554850669834e+01,1.089749999999999996e+00,-4.890625000000000000e+01,1.086395000000000000e+00,3.328125000000000000e+01,1.100000000000000000e+02,1.085825000000000040e+00,-3.815625381469730115e+01,1.099574999999999969e+00,-5.209375000000000000e+01,4.208485399864330567e+00
2.099719359999999995e+02,1.365624219179150032e+02,1.326381862163540093e-01,-9.550000762939448862e+01,-8.005062103271480112e+01,9.741667048136390861e+01,5.423579673025339387e-01,3.071000000000000227e+02,1.553466075231050014e-01,3.378000000000010161e-02,3.256268316509279614e+00,1.085160000000000124e+00,-4.700000000000000000e+01,1.082979999999999832e+00,4.078125381469730115e+01,2.100000000000000000e+02,1.082440000000000069e+00,-3.396875000000000000e+01,1.086119999999999974e+00,-4.787500381469729405e+01,2.718901412235140036e+00
1.051961519999999979e+02,6.453125178813930063e+01,4.499562084674840062e-02,-9.250000000000000000e+01,-7.695485687255859375e+01,8.485000343322759875e+01,3.477600851939059712e-02,3.073375000000000057e+01,6.312207152707490776e-01,1.263350000000000029e-01,3.253751982755110106e+01,1.534440000000000026e+00,-5.768750381469729405e+01,1.533619999999999983e+00,1.350000000000000000e+01,3.500000000000000000e+02,1.533300000000000107e+00,-3.490625381469730115e+01,1.534629999999999939e+00,-5.784375381469729405e+01,1.204547095603039963e+00
1.480643200000000093e+02,1.537499278783800207e+02,1.038112193346019813e-01,-8.521875762939450283e+01,-6.850573730468750000e+01,9.500000190734859018e+01,2.594995250803950118e-02,7.959999999999999432e+01,1.640540540540540160e-01,4.384000000000010111e-02,1.256281407035180031e+01,1.183340000000000058e+00,-4.743750381469729405e+01,1.181420000000000137e+00,4.300000000000000000e+01,7.000000000000000000e+01,1.181000000000000050e+00,-3.312500381469730115e+01,1.220699999999999896e+00,-5.656250381469729405e+01,3.389332089499609957e+00
1.268702080000000052e+02,1.515626162290569994e+02,1.498495340347290039e-01,-9.365625762939448862e+01,-7.629483795166019888e+01,8.310000495910649931e+01,9.289292664424729853e-03,6.018433333333329927e+01,2.173949196222079994e-01,6.071000000000000008e-02,1.661561979031090175e+01,1.468860000000000054e+00,-4.953125000000000000e+01,1.466590000000000060e+00,2.553125190734860084e+01,1.200000076293950144e+02,1.466064999999999952e+00,-3.953125381469730115e+01,1.494739999999999958e+00,-5.509375381469729405e+01,2.431997795401740436e+00
2.543006399999999871e+02,1.887499243021009931e+02,2.108601853251459990e-02,-9.753125000000000000e+01,-7.612651062011720171e+01,9.103125476837159624e+01,4.797788724382610198e-02,5.063138888888889966e+01,2.912946534445689517e-01,2.136000000000000051e-02,1.975059388938570137e+01,1.078045000000000142e+00,-6.234375381469729405e+01,1.077370000000000161e+00,2.793750190734860084e+01,9.000000000000000000e+01,1.076989999999999892e+00,-4.978125000000000000e+01,1.078070000000000084e+00,-6.243750381469729405e+01,1.514510504936509960e+00
1.622254719999999963e+02,1.601562798023220182e+02,1.646226495504380105e-01,-9.396875762939448862e+01,-7.633598327636720171e+01,8.972500381469730257e+01,2.601369536095700374e-02,8.425272727272729867e+01,1.746212138420280002e-01,4.248000000000010101e-02,1.186905198644769932e+01,1.199999999999999956e+00,-4.690625000000000000e+01,1.197500000000000009e+00,3.337500381469730115e+01,1.700000000000000000e+02,1.196839999999999904e+00,-3.365625000000000000e+01,1.222539999999999960e+00,-4.803125000000000000e+01,2.459218383082829806e+00
2.385074879999999951e+02,1.364062577486039913e+02,2.120176143944259989e-02,-9.437500762939448862e+01,-7.938030242919920454e+01,8.389583841959630206e+01,6.803952723059739950e-03,1.651305084745759899e+01,8.341963328376469367e-01,1.233499999999999874e-02,6.055816149527350234e+01,1.056224999999999969e+00,-5.671875000000000000e+01,1.055134999999999934e+00,1.696875190734860084e+01,1.400000000000000000e+02,1.054760000000000142e+00,-3.650000381469730115e+01,1.056485000000000118e+00,-5.693750381469729405e+01,1.514006526532939878e+00
2.444603680000000168e+02,1.782811731100080124e+02,5.348162353038789923e-02,-9.609375000000000000e+01,-7.943058776855470171e+01,8.786719036102290659e+01,2.005936834428519860e-02,6.138100000000000023e+01,1.996212208084920114e-01,4.435500000000010268e-02,1.629168635245429897e+01,1.118419999999999970e+00,-4.834375000000000000e+01,1.115560000000000107e+00,3.381250000000000000e+01,9.000000000000000000e+01,1.115099999999999980e+00,-3.496875381469730115e+01,1.139460000000000139e+00,-5.440625000000000000e+01,3.334551742569929811e+00
1.326510800000000074e+02,1.978125423192979895e+02,2.409973740577700183e-02,-1.004687576293950144e+02,-8.192041015625000000e+01,7.185156583786009321e+01,1.004902901193109876e-01,8.045045454545450525e+01,2.221446792584639840e-01,4.900000000000020312e-02,1.243001056550899897e+01,1.126865000000000006e+00,-4.365625381469729405e+01,1.124814999999999898e+00,2.618750190734860084e+01,9.000000000000000000e+01,1.124284999999999979e+00,-3.918750381469730115e+01,1.137834999999999930e+00,-4.428125000000000000e+01,3.299929253384600081e+00
1.543512959999999907e+02,1.585937887430190187e+02,3.064785152673719926e-02,-9.671875000000000000e+01,-8.168371582031250000e+01,9.592187881469720878e+01,1.188551548621129966e-01,6.733333333333330017e+01,1.449567892970240190e-01,3.485500000000010118e-02,1.485148514851490020e+01,1.159870000000000179e+00,-5.365625381469729405e+01,1.157764999999999933e+00,4.006250381469730115e+01,1.100000000000000000e+02,1.157324999999999937e+00,-4.078125381469730115e+01,1.180555000000000021e+00,-5.828125381469729405e+01,3.328956985494129661e+00
2.523323839999999905e+02,2.740626037120819660e+02,3.907333593815570313e-03,-9.453125000000000000e+01,-6.458713531494139204e+01,5.331250190734860439e+01,3.131140249263929948e-02,4.367340909090909662e+01,4.428571428571428936e-01,2.948999999999999885e-02,2.289722787425260009e+01,1.131345000000000045e+00,-3.987500000000000000e+01,1.128695000000000004e+00,1.437500000000000000e+01,5.000000000000000000e+01,1.128049999999999997e+00,-3.709375000000000000e+01,1.179764999999999953e+00,-4.650000000000000000e+01,2.753548433119879846e+00
1.825004800000000103e+02,1.240624636411669854e+02,1.503599993884559977e-02,-9.471875762939448862e+01,-8.037044525146480112e+01,9.773125534057621167e+01,1.291978713101260001e-01,5.059250000000000114e+01,1.235294035670300022e-01,3.008000000000009971e-02,1.976577555961850052e+01,1.081784999999999997e+00,-4.965625381469729405e+01,1.077925000000000022e+00,2.959375000000000000e+01,1.900000000000000000e+02,1.077370000000000161e+00,-3.750000000000000000e+01,1.094279999999999919e+00,-5.418750381469729405e+01,3.889572610198029690e+00
4.551436160000000086e+02,3.385936617851260166e+02,3.369707986712459913e-02,-9.678125000000000000e+01,-6.518809509277339487e+01,6.909375476837159624e+01,3.334921328193159867e-02,5.068111111111110034e+01,-2.027026705745380020e-02,3.194000000000010026e-02,1.973121697761600046e+01,1.254620000000000068e+00,-5.128125000000000000e+01,1.253079999999999972e+00,1.428125095367430042e+01,2.999999809265139916e+01,1.252639999999999976e+00,-4.215625381469730115e+01,1.285900000000000043e+00,-5.425000000000000000e+01,2.596848254766860098e+00
1.603899519999999939e+02,1.868750005960459930e+02,2.029181458055969930e-02,-9.568750000000000000e+01,-7.524223327636720171e+01,8.791406440734859018e+01,1.105057789763399939e-01,9.043500000000000227e+01,1.218390804597700022e-01,5.537000000000009969e-02,1.105766572676509796e+01,1.196729999999999849e+00,-4.793750000000000000e+01,1.193860000000000143e+00,3.590625000000000000e+01,9.000000000000000000e+01,1.193379999999999885e+00,-3.356250000000000000e+01,1.225110000000000143e+00,-5.440625000000000000e+01,3.142356624220600025e+00
1.827192159999999888e+02,2.332813292741780060e+02,1.183055266737940009e-01,-9.428125762939448862e+01,-7.303148651123049717e+01,9.424375457763679265e+01,7.526135373604210532e-02,1.094549999999999983e+02,1.596650891882049894e-01,6.434500000000009656e-02,9.136174683659948670e+00,1.202304999999999957e+00,-4.606250381469729405e+01,1.199685000000000112e+00,4.603125000000000000e+01,5.000000000000000000e+01,1.199224999999999985e+00,-3.740625000000000000e+01,1.275735000000000063e+00,-5.568750381469729405e+01,3.623624873295770321e+00
1.377012479999999925e+02,8.593747764825820923e+01,1.082189828157419931e-01,-7.821875000000000000e+01,-7.042330169677730112e+01,9.326562945048019060e+01,8.371158404640479181e-03,1.380049999999999955e+02,1.679961244488920036e-01,5.319000000000009831e-02,7.246114271222059422e+00,1.107814999999999994e+00,-5.034375000000000000e+01,1.105790000000000051e+00,3.778125381469730115e+01,1.300000000000000000e+02,1.105389999999999873e+00,-4.203125000000000000e+01,1.139105000000000034e+00,-5.821875000000000000e+01,3.558096519816099867e+00
1.917490559999999959e+02,1.348438262939449999e+02,2.941294945776460126e-02,-8.853125762939448862e+01,-7.288573455810549717e+01,8.454375419616700071e+01,8.434489859206358714e-03,3.609925925925929846e+01,4.800000126765260333e-01,1.428000000000009991e-02,2.770139943366019608e+01,1.047639999999999905e+00,-4.743750381469729405e+01,1.046020000000000172e+00,2.500000000000000000e+01,1.900000000000000000e+02,1.045639999999999903e+00,-3.159375190734860084e+01,1.049160000000000093e+00,-4.806250381469729405e+01,2.780687674103019980e+00
1.977077600000000075e+02,1.837500333786009890e+02,4.083756357431409661e-02,-9.896875000000000000e+01,-7.825349426269529829e+01,7.864843797683720084e+01,5.063584454449059774e-02,9.469849999999999568e+01,1.945093457943930237e-01,3.978999999999999898e-02,1.055982935315769922e+01,1.118239999999999901e+00,-4.646875000000000000e+01,1.115334999999999965e+00,3.543750381469730115e+01,7.000000000000000000e+01,1.114879999999999871e+00,-3.671875381469730115e+01,1.147440000000000015e+00,-5.681250381469729405e+01,3.796736898465299603e+00
2.110512960000000078e+02,2.118749916553499872e+02,2.592666149139400411e-01,-9.490625762939448862e+01,-7.039728546142579546e+01,9.122396024068198983e+01,3.069571070060159862e-02,7.100769230769229523e+01,3.006976744186049544e-01,3.684499999999999581e-02,1.408298125880190099e+01,1.147939999999999960e+00,-5.071875000000000000e+01,1.146859999999999991e+00,3.659375000000000000e+01,9.000000000000000000e+01,1.146510000000000140e+00,-4.246875381469730115e+01,1.175039999999999862e+00,-5.415625000000000000e+01,2.205640364279410459e+00
3.211084160000000338e+02,2.171876877546310141e+02,5.230975523591040177e-02,-9.046875762939448862e+01,-7.078517150878909092e+01,9.910000610351558237e+01,1.351676772685179995e-02,5.616352941176470637e+01,2.239130434782610202e-01,4.022000000000010289e-02,1.780514883009700000e+01,1.253940000000000055e+00,-4.856250000000000000e+01,1.250920000000000032e+00,4.412500000000000000e+01,5.000000000000000000e+01,1.250480000000000036e+00,-3.368750381469730115e+01,1.278520000000000101e+00,-5.646875000000000000e+01,3.804789531746670228e+00
1.475765279999999962e+02,1.600001156330110064e+02,2.002748474478719884e-02,-9.196875000000000000e+01,-7.700503540039059658e+01,8.245000457763670454e+01,7.953382489952169621e-02,1.102560000000000002e+02,1.124999897820599948e-01,5.830500000000009980e-02,9.069801189957919618e+00,1.123885000000000023e+00,-4.643750000000000000e+01,1.119275000000000020e+00,2.453125000000000000e+01,2.099999847412110228e+02,1.118754999999999944e+00,-3.362500381469730115e+01,1.140604999999999869e+00,-5.178125381469729405e+01,4.155662166591589823e+00
1.411525440000000060e+02,1.367187947034840079e+02,8.772289752960210629e-02,-7.596875762939450283e+01,-6.149115371704099431e+01,9.971875610351570174e+01,2.330204647160720108e-02,5.673647058823529221e+01,1.868292785333630079e-01,2.970500000000009938e-02,1.762534732302080087e+01,1.156779999999999919e+00,-4.728125381469729405e+01,1.154754999999999976e+00,4.603125000000000000e+01,7.000000000000000000e+01,1.154349999999999987e+00,-3.737500381469730115e+01,1.187769999999999992e+00,-5.378125381469729405e+01,3.539098452291259633e+00
1.555918560000000070e+02,9.234378486871719360e+01,5.476898699998859754e-02,-8.478125000000000000e+01,-7.404443359375000000e+01,8.674375343322749643e+01,5.914715699514470730e-03,1.576135416666669897e+01,9.858333333333330062e-01,9.245000000000169749e-03,6.344632506989000120e+01,1.034245000000000081e+00,-6.059375000000000000e+01,1.033355000000000024e+00,1.325000000000000000e+01,2.700000000000000000e+02,1.033029999999999893e+00,-3.759375381469730115e+01,1.034270000000000023e+00,-6.075000000000000000e+01,1.447790236543260001e+00
1.489432960000000037e+02,8.124999701976780386e+01,9.151488542556759226e-03,-8.503125000000000000e+01,-7.463965606689450283e+01,9.000000381469730826e+01,4.723760805573919835e-02,1.116874999999999929e+01,1.443365012319610008e+00,6.105000000000029674e-03,8.953553441522109324e+01,1.029679999999999929e+00,-6.531250762939450283e+01,1.029029999999999889e+00,1.650000000000000000e+01,2.900000000000000000e+02,1.028750000000000053e+00,-4.690625000000000000e+01,1.029689999999999994e+00,-6.537500000000000000e+01,1.405709013008709762e+00
2.006781919999999957e+02,1.484373658895489996e+02,4.666429758071900108e-02,-9.637500000000000000e+01,-7.676602172851559658e+01,9.007812881469720878e+01,2.092551622418870050e-01,5.424000000000010147e+01,5.267605633802820153e-02,3.592499999999999860e-02,1.843657817109139785e+01,1.085835000000000106e+00,-4.603125000000000000e+01,1.083655000000000035e+00,3.706250000000000000e+01,1.500000000000000000e+02,1.083220000000000072e+00,-3.503125000000000000e+01,1.099860000000000060e+00,-5.009375000000000000e+01,3.630823102878270259e+00
1.902874879999999962e+02,1.440625041723249922e+02,2.682667672634119760e-01,-8.496875000000000000e+01,-6.883670806884769888e+01,9.775000667572020063e+01,1.715611362954099980e-02,5.340205882352939426e+01,2.444881978695130076e-01,3.522500000000010345e-02,1.872586978911370181e+01,1.774925000000000086e+00,-4.903125381469729405e+01,1.773020000000000040e+00,4.462500381469729405e+01,8.000000000000000000e+01,1.772590000000000110e+00,-4.028125000000000000e+01,1.827815000000000190e+00,-5.606250000000000000e+01,3.487962938738979890e+00
3.382304640000000404e+02,2.148437947034840079e+02,3.241252899169919793e-02,-8.834375762939448862e+01,-6.523297882080079546e+01,9.343125457763679265e+01,8.651272941429309291e-03,3.297844827586209959e+01,3.313084495365200000e-01,8.185000000000108855e-03,3.032283361652070042e+01,1.042579999999999840e+00,-5.090625381469729405e+01,1.040454999999999908e+00,2.828125190734860084e+01,1.200000076293950144e+02,1.040014999999999912e+00,-3.459375000000000000e+01,1.043295000000000083e+00,-5.162500381469729405e+01,2.525407441724609736e+00
1.350715360000000089e+02,1.503125727176669955e+02,1.283630449324850084e-02,-9.737500762939448862e+01,-8.296838378906250000e+01,9.496875190734859018e+01,2.331479251235340014e-02,7.212730769230769567e+01,1.782534374763909968e-01,6.017500000000010341e-02,1.386437442342869986e+01,1.190660000000000052e+00,-4.884375381469729405e+01,1.188379999999999992e+00,3.990625381469730115e+01,1.100000000000000000e+02,1.187980000000000036e+00,-3.628125000000000000e+01,1.216169999999999973e+00,-5.740625000000000000e+01,3.133020379841839453e+00
1.716063199999999824e+02,1.909375041723249922e+02,4.797628894448280334e-02,-9.028125762939448862e+01,-7.172515869140620737e+01,1.029218794504800059e+02,4.897899396371750008e-02,7.437874999999999659e+01,2.426356589147279919e-01,4.702500000000010144e-02,1.344470026721339906e+01,1.172190000000000065e+00,-5.165625381469729405e+01,1.170170000000000154e+00,4.650000000000000000e+01,5.000000000000000000e+01,1.169720000000000093e+00,-4.340625000000000000e+01,1.213114999999999943e+00,-5.606250000000000000e+01,3.890979003410290016e+00
2.356895680000000084e+02,1.895312517881390022e+02,3.830051049590110085e-02,-9.659375000000000000e+01,-7.568746948242190342e+01,6.829375190734860723e+01,5.836374225207840299e-02,1.667900000000000205e+01,2.499596589121740042e-01,1.305500000000000063e-02,5.995563283170449864e+01,1.065244999999999997e+00,-5.346875381469729405e+01,1.064214999999999911e+00,7.687500000000000000e+00,1.600000000000000000e+02,1.063829999999999831e+00,-3.556250000000000000e+01,1.065329999999999888e+00,-5.368750000000000000e+01,1.413029724220229877e+00
1.659772639999999910e+02,1.810937523841859900e+02,4.095017164945600335e-02,-1.000312576293950144e+02,-8.233110046386720171e+01,9.284375508626300189e+01,4.810194661666279681e-02,7.612166666666669812e+01,1.895565323538239699e-01,5.080500000000000294e-02,1.313686423050819840e+01,1.228134999999999977e+00,-5.000000000000000000e+01,1.225324999999999998e+00,3.609375381469730115e+01,1.100000000000000000e+02,1.224874999999999936e+00,-3.384375381469730115e+01,1.246990000000000043e+00,-5.734375000000000000e+01,3.133344297308319870e+00
8.630523199999998951e+01,7.218749821186069937e+01,2.108532749116420052e-02,-8.378125762939450283e+01,-7.617714691162109375e+01,9.524375534057621451e+01,1.681348992075529930e-02,1.175214285714289986e+02,1.753639920644659844e-01,6.977000000000009583e-02,8.509086488786209657e+00,1.276874999999999982e+00,-5.153125000000000000e+01,1.272995000000000099e+00,2.312500000000000000e+01,3.100000000000000000e+02,1.272534999999999972e+00,-3.471875000000000000e+01,1.283379999999999965e+00,-5.496875381469729405e+01,3.388158116239479600e+00
2.968141439999999989e+02,2.414062470197679886e+02,1.524764019995930066e-02,-9.837500762939448862e+01,-7.816024780273440342e+01,9.396094322204589844e+01,3.688448512947160168e-02,6.586923076923079634e+01,2.336640211640210463e-01,6.385000000000000397e-02,1.518159523531469901e+01,1.210720000000000018e+00,-4.887500381469729405e+01,1.208800000000000097e+00,4.637500381469729405e+01,5.000000000000000000e+01,1.208385000000000042e+00,-4.109375000000000000e+01,1.240674999999999972e+00,-5.587500381469729405e+01,4.027633222044729955e+00
2.940329600000000028e+02,1.924553513526919915e+02,4.701840132474899986e-02,-9.628125000000000000e+01,-7.508994293212890625e+01,8.768125419616698935e+01,1.677045028628760051e-02,6.441285714285710640e+01,1.750000096218920220e-01,4.233999999999999569e-02,1.552485085054009950e+01,1.190939999999999888e+00,-5.690625381469729405e+01,1.186800000000000077e+00,2.550000190734860084e+01,1.100000000000000000e+02,1.186339999999999950e+00,-3.665625381469730115e+01,1.196439999999999948e+00,-5.906250381469729405e+01,4.473812989108790106e+00
1.140217520000000064e+02,1.278125047683720084e+02,1.069689318537710015e-01,-8.834375762939448862e+01,-7.421052551269529829e+01,9.471250534057621451e+01,1.947762783180710389e-01,1.437566666666670017e+02,3.366912175769189858e-02,7.390500000000009562e-02,6.956199132793830842e+00,1.281970000000000054e+00,-4.612500381469729405e+01,1.278579999999999828e+00,3.946875000000000000e+01,1.500000000000000000e+02,1.278159999999999963e+00,-3.843750000000000000e+01,1.325170000000000181e+00,-5.571875381469729405e+01,3.812401369044049915e+00
2.273029919999999890e+02,2.028125375509260095e+02,7.363439351320269499e-02,-8.946875762939448862e+01,-6.684190368652339487e+01,8.310937627156570784e+01,2.219433256989439968e-02,6.162300000000000466e+01,1.981216487560829853e-01,6.064500000000010160e-02,1.622770718725150019e+01,1.223430000000000017e+00,-3.256250000000000000e+01,1.220874999999999932e+00,4.709375381469729405e+01,7.000000000000000000e+01,1.220434999999999937e+00,-2.125000000000000000e+01,1.260615000000000041e+00,-4.184375000000000000e+01,2.893817501800980185e+00
2.013818080000000066e+02,1.710935533046719854e+02,1.004177033901209881e-01,-9.709375000000000000e+01,-7.760026550292970171e+01,9.734375667572020063e+01,2.325303147833769971e-02,8.665363636363639444e+01,1.408031088082900006e-01,4.480500000000000455e-02,1.154019660298580163e+01,1.139954999999999830e+00,-5.846875000000000000e+01,1.137460000000000138e+00,3.475000381469730115e+01,9.000000000000000000e+01,1.136924999999999963e+00,-4.528125381469729405e+01,1.176429999999999865e+00,-6.221875000000000000e+01,3.471313804071529674e+00
1.543349440000000072e+02,1.568749994039539786e+02,6.338582932949070325e-02,-9.996875000000000000e+01,-7.054649353027340908e+01,8.529167238871259826e+01,2.185864868821570117e-04,1.422376811594199886e+01,8.020833478591999910e-01,1.066000000000009995e-02,7.030485816759059503e+01,1.032450000000000090e+00,-6.403125000000000000e+01,1.031670000000000087e+00,2.212500000000000000e+01,1.500000000000000000e+02,1.031345000000000178e+00,-4.115625000000000000e+01,1.032540000000000013e+00,-6.421875000000000000e+01,1.401688657131429983e+00
1.030009920000000108e+02,9.015624970197679033e+01,1.762121170759200217e-01,-8.278125762939450283e+01,-7.191203308105470171e+01,9.552083841959628785e+01,6.903209290700830503e-02,9.562799999999998590e+01,1.322485216812530062e-01,3.881499999999999534e-02,1.045718827121759986e+01,1.214499999999999913e+00,-4.318750381469729405e+01,1.212110000000000021e+00,4.500000000000000000e+01,1.600000000000000000e+02,1.211720000000000130e+00,-4.062500381469730115e+01,1.267679999999999918e+00,-5.550000381469729405e+01,4.489141080257429195e+00
2.042423840000000155e+02,1.218749955296520113e+02,1.655996963381770049e-02,-8.803125762939448862e+01,-7.354583740234379263e+01,8.049219131469719457e+01,-1.761427533701589998e-02,3.624800000000000466e+01,1.147058823529409910e+00,8.347999999999999865e-02,2.758772897815050129e+01,1.169720000000000093e+00,-5.715625381469729405e+01,1.169079999999999897e+00,1.271875000000000000e+01,2.700000000000000000e+02,1.168779999999999930e+00,-3.878125000000000000e+01,1.169740000000000002e+00,-5.721875381469729405e+01,1.289148991615350015e+00
1.723763360000000091e+02,1.189062893390660065e+02,7.813998311758039994e-02,-7.771875762939450283e+01,-6.395281219482419743e+01,7.703125190734859018e+01,-2.064219028079080157e-02,1.613020000000000209e+02,1.916228842762789930e-01,1.621900000000000008e-01,6.199551152496559858e+00,1.428064999999999918e+00,-5.240625000000000000e+01,1.424710000000000143e+00,2.956250190734860084e+01,6.000000381469729405e+01,1.424254999999999827e+00,-4.140625000000000000e+01,1.441885000000000083e+00,-5.981250000000000000e+01,2.625872418959370069e+00
1.236665919999999943e+02,9.335927665233610639e+01,4.219073429703709688e-02,-8.409375000000000000e+01,-7.577318572998049717e+01,7.531770928700758816e+01,-1.228574239633259922e-02,1.274804347826090023e+01,1.599477806788510037e+00,1.198099999999999860e-01,7.844340990092240418e+01,1.979899999999999993e+00,-5.634375381469729405e+01,1.979184999999999750e+00,6.218750000000000000e+00,2.900000000000000000e+02,1.978834999999999900e+00,-3.818750000000000000e+01,1.979934999999999778e+00,-5.650000381469729405e+01,1.200172917510889947e+00
9.473765600000000120e+01,1.603124588727949913e+02,7.737435400485989656e-02,-9.100000762939448862e+01,-7.414933776855470171e+01,9.790625610351570174e+01,3.586131387751959748e-02,1.076099999999999994e+02,1.463349013747900218e-01,7.696000000000009778e-02,9.292816652727440285e+00,1.194939999999999891e+00,-4.612500381469729405e+01,1.191879999999999828e+00,4.050000000000000000e+01,9.000000000000000000e+01,1.191400000000000015e+00,-3.578125381469730115e+01,1.233100000000000085e+00,-5.493750381469729405e+01,4.143643610284950540e+00
1.053152000000000044e+02,1.557812541723249922e+02,5.077142268419269910e-02,-9.906250000000000000e+01,-8.175399780273440342e+01,8.354166857401529001e+01,3.204815227157450236e-02,6.399535714285720189e+01,1.529762016402349822e-01,5.055000000000010180e-02,1.562613359228070031e+01,1.125424999999999898e+00,-4.934375000000000000e+01,1.123485000000000067e+00,3.400000000000000000e+01,1.100000000000000000e+02,1.123059999999999947e+00,-3.615625381469730115e+01,1.139324999999999921e+00,-5.368750000000000000e+01,3.054448847354350072e+00
1.444344000000000108e+02,9.359378367662429810e+01,9.734211117029190063e-02,-8.359375000000000000e+01,-7.286683654785159092e+01,9.825000076293949292e+01,-2.049132839752789981e-01,5.134199999999999875e+01,9.805317776577080480e-01,9.820000000000160198e-03,1.947723111682439878e+01,1.315315000000000012e+00,-6.484375000000000000e+01,1.314795000000000158e+00,2.068750000000000000e+01,3.200000000000000000e+02,1.314529999999999976e+00,-3.678125000000000000e+01,1.315350000000000019e+00,-6.493750000000000000e+01,1.049266923526410045e+00
1.592772479999999860e+02,2.683593630790709881e+02,2.224964648485179899e-02,-9.693750762939448862e+01,-6.695989227294920454e+01,9.229687881469720878e+01,4.066939692218490138e-02,6.555357142857140218e+01,2.186046511627910416e-01,2.256999999999999978e-02,1.525469899210030000e+01,1.524834999999999940e+00,-5.490625381469729405e+01,1.523004999999999942e+00,3.312500381469730115e+01,4.000000000000000000e+01,1.522495000000000154e+00,-4.250000000000000000e+01,1.548910000000000009e+00,-6.015625381469729405e+01,2.446425000737180167e+00
2.170398079999999936e+02,1.346875429153440109e+02,2.972356416285040076e-02,-9.659375000000000000e+01,-8.116104888916019888e+01,9.756771214803058001e+01,1.303708929475959899e-01,7.437000000000000455e+01,3.135435628311410150e-02,4.106000000000010336e-02,1.344628210299850046e+01,1.095520000000000049e+00,-4.778125000000000000e+01,1.093499999999999917e+00,4.028125000000000000e+01,1.500000000000000000e+02,1.093099999999999961e+00,-3.615625381469730115e+01,1.105260000000000131e+00,-5.103125381469729405e+01,3.631511897708859848e+00
1.849269120000000157e+02,1.968749612569810097e+02,1.525773108005520039e-02,-9.471875762939448862e+01,-7.344106292724609375e+01,9.794791920979820077e+01,2.352173546385650030e-02,6.549357142857139991e+01,2.198780487804880002e-01,5.602000000000020158e-02,1.526867413377540039e+01,1.206670000000000131e+00,-4.993750000000000000e+01,1.204295000000000115e+00,4.250000000000000000e+01,5.000000000000000000e+01,1.203895000000000159e+00,-3.759375381469730115e+01,1.230509999999999993e+00,-5.650000381469729405e+01,4.135202980087729685e+00
3.704087999999999852e+02,2.018749713897709910e+02,2.509580180048940137e-02,-1.006250076293950144e+02,-7.743245697021480112e+01,9.856250305175778692e+01,7.401246090419620616e-02,9.831833333333329961e+01,2.028673973974920164e-01,5.652500000000020008e-02,1.017104304046380037e+01,1.219060000000000032e+00,-5.078125381469729405e+01,1.215260000000000007e+00,4.337500000000000000e+01,7.000000000000000000e+01,1.214874999999999927e+00,-3.825000381469730115e+01,1.253845000000000098e+00,-5.837500000000000000e+01,4.816944935634150937e+00
1.470433439999999905e+02,1.064063683152199928e+02,4.159838706254959800e-02,-9.584375762939448862e+01,-7.931948089599609375e+01,8.330469179153449488e+01,2.492410340672710119e-03,2.252426829268290120e+01,6.973021844758461318e-01,6.240499999999999520e-02,4.439655872527739433e+01,1.862909999999999844e+00,-5.781250381469729405e+01,1.862170000000000103e+00,1.300000000000000000e+01,2.400000152587889772e+02,1.861884999999999790e+00,-3.621875000000000000e+01,1.862924999999999942e+00,-5.796875381469729405e+01,1.326954774220439948e+00
2.136020959999999889e+02,2.421875000000000000e+02,1.905511319637299972e-01,-9.896875000000000000e+01,-7.215691375732420454e+01,6.476562929153449488e+01,8.310174417636529559e-03,4.067065217391310483e+01,5.550000000000000488e-01,3.867999999999999911e-02,2.458775422936099986e+01,1.155185000000000128e+00,-5.115625381469729405e+01,1.154185000000000016e+00,7.812500000000000000e+00,7.000000000000000000e+01,1.153854999999999853e+00,-3.393750381469730115e+01,1.155279999999999863e+00,-5.128125000000000000e+01,1.539658809029869957e+00
2.280352000000000032e+02,2.634374499320979908e+02,3.626431524753569863e-02,-9.790625762939448862e+01,-7.319307708740230112e+01,8.436250267028809446e+01,6.491893485893490690e-02,9.133714285714290781e+01,1.863013817691770158e-01,3.076500000000019844e-02,1.094844844844840104e+01,1.080394999999999994e+00,-4.781250381469729405e+01,1.078714999999999868e+00,2.315625190734860084e+01,9.000000000000000000e+01,1.078224999999999989e+00,-3.359375000000000000e+01,1.080420000000000158e+00,-4.790625381469729405e+01,2.396210906671680352e+00
1.614134559999999965e+02,2.109373807907099945e+02,6.165922433137890207e-02,-9.846875000000000000e+01,-7.784178924560549717e+01,8.579687690734859018e+01,3.629567743432179916e-02,7.482250000000000512e+01,2.178977272727269932e-01,5.097000000000000142e-02,1.336496374753580163e+01,1.138279999999999959e+00,-4.562500000000000000e+01,1.136060000000000070e+00,3.221875000000000000e+01,9.000000000000000000e+01,1.135575000000000001e+00,-3.309375000000000000e+01,1.162095000000000100e+00,-5.050000000000000000e+01,2.650790992941799651e+00
1.776945920000000001e+02,2.109376192092900055e+02,9.695204906165599823e-03,-9.312500762939448862e+01,-6.942253875732420454e+01,8.689844036102290659e+01,2.170969443306739952e-02,5.943766666666670062e+01,2.218749999999999889e-01,5.242999999999999744e-02,1.682434819671030013e+01,1.144439999999999902e+00,-4.487500381469729405e+01,1.142370000000000108e+00,3.540625000000000000e+01,5.000000000000000000e+01,1.142020000000000035e+00,-3.275000381469730115e+01,1.165989999999999860e+00,-5.071875000000000000e+01,2.984997702843000145e+00
4.372228480000000559e+02,1.446875333786009890e+02,1.015512645244599950e-02,-7.896875000000000000e+01,-6.142612075805660510e+01,9.603646087646490059e+01,2.964179346258990003e-02,6.201833333333330245e+01,2.523109243697480020e-01,2.971500000000019959e-02,1.612426433043989960e+01,1.101604999999999945e+00,-4.900000000000000000e+01,1.099089999999999900e+00,3.584375381469730115e+01,7.000000000000000000e+01,1.098585000000000145e+00,-3.468750000000000000e+01,1.112694999999999990e+00,-5.328125000000000000e+01,3.091435539901180363e+00
7.437362399999999241e+01,3.656246140599250083e+01,4.770783334970470080e-02,-8.896875000000000000e+01,-7.708603668212890625e+01,9.496875419616699787e+01,5.342524018081359731e-03,1.532107142857140047e+01,1.051673228346460043e+00,1.338799999999999990e-01,6.526958670365289095e+01,1.651234999999999786e+00,-6.684375762939450283e+01,1.650615000000000165e+00,7.156250476837160868e+00,6.200000000000000000e+02,1.650274999999999936e+00,-3.512500381469730115e+01,1.651259999999999950e+00,-6.696875762939450283e+01,8.627261095128708757e-01
1.025213040000000007e+02,6.156245991587639566e+01,3.214501217007639799e-02,-8.931250000000000000e+01,-8.084480285644529829e+01,9.143125190734859586e+01,-2.529333610324619938e-02,9.476777777777780898e+01,1.703118671364209913e-01,9.043500000000000150e-02,1.055210983573880057e+01,1.489339999999999886e+00,-5.490625381469729405e+01,1.484660000000000091e+00,1.990625000000000000e+01,3.500000000000000000e+02,1.484179999999999833e+00,-3.584375381469730115e+01,1.493449999999999944e+00,-5.646875000000000000e+01,3.694129938850160055e+00
1.074255679999999984e+02,5.515624955296519971e+01,3.422794118523599799e-02,-8.762500762939448862e+01,-8.155860900878909092e+01,9.515625076293949292e+01,4.725317524350870595e-03,1.258027027027029909e+01,8.449811394699470180e-01,6.082000000000010315e-02,7.948954819859480381e+01,1.774100000000000010e+00,-6.012500381469729405e+01,1.773419999999999996e+00,1.471875095367430042e+01,5.200000000000000000e+02,1.773079999999999989e+00,-3.900000000000000000e+01,1.774159999999999959e+00,-6.028125381469729405e+01,1.282817846445139853e+00
2.109648640000000057e+02,1.515624970197680170e+02,8.249158412218089709e-02,-8.881250000000000000e+01,-7.139184570312500000e+01,1.002500012715660063e+02,9.791978649600950602e-02,6.715928571428570137e+01,2.000000782012970046e-02,1.965000000000019856e-02,1.488997372983209821e+01,1.058579999999999854e+00,-4.825000000000000000e+01,1.055900000000000061e+00,3.540625000000000000e+01,1.900000000000000000e+02,1.055439999999999934e+00,-3.878125000000000000e+01,1.067870000000000097e+00,-5.059375381469729405e+01,3.661368321514550050e+00
2.146755520000000104e+02,3.324776589870450039e+02,1.491449680179359957e-02,-1.010937576293950144e+02,-6.794602966308589487e+01,1.020364640553790139e+02,2.331299480636420118e-02,4.151304347826089725e+01,2.954274403435879770e-01,1.721500000000000113e-02,2.408881441139500268e+01,1.074489999999999945e+00,-5.096875000000000000e+01,1.072089999999999987e+00,4.531250000000000000e+01,5.000000000000000000e+01,1.071679999999999966e+00,-3.671875381469730115e+01,1.085104999999999986e+00,-5.443750381469729405e+01,3.809519916247950277e+00
1.025521039999999999e+02,1.259375065565109963e+02,5.732418596744540129e-02,-9.206250000000000000e+01,-7.810100555419920454e+01,9.060156917572020063e+01,1.039141875977979967e-01,1.533950000000000102e+02,6.835938215255449313e-02,8.112500000000009981e-02,6.519117311516018809e+00,1.170490000000000030e+00,-4.500000000000000000e+01,1.166895000000000016e+00,3.600000381469730115e+01,1.500000000000000000e+02,1.166425000000000045e+00,-3.584375381469730115e+01,1.211189999999999989e+00,-5.468750381469729405e+01,3.952205152185260140e+00
1.151456960000000009e+02,7.187511771917340297e+01,2.329329214990140048e-02,-8.896875000000000000e+01,-8.080732727050779829e+01,9.218125610351559374e+01,1.345759281668830161e-03,2.049144444444439728e+01,9.037947945235419445e-01,7.127000000000019431e-02,4.880085455718660370e+01,1.839054999999999884e+00,-6.237500000000000000e+01,1.838279999999999914e+00,8.125000953674319959e+00,3.900000000000000000e+02,1.837929999999999842e+00,-3.475000381469730115e+01,1.839079999999999826e+00,-6.250000000000000000e+01,1.055817991943460044e+00
3.116059520000000020e+02,4.850000143051149735e+02,3.227181360125540299e-02,-1.021562500000000000e+02,-6.701132202148438921e+01,9.416667175292970171e+01,5.447899752870889734e-02,1.646490000000000009e+02,3.446969710434109879e-02,4.544999999999999735e-02,6.073526107051970158e+00,1.157124999999999959e+00,-5.887500381469729405e+01,1.155575000000000019e+00,3.675000000000000000e+01,3.000000190734860084e+01,1.155114999999999892e+00,-3.734375000000000000e+01,1.157170000000000032e+00,-5.893750000000000000e+01,2.457392757056109822e+00
1.282554560000000095e+02,1.342186778783800207e+02,9.767399728298190031e-02,-9.181250762939448862e+01,-7.684444427490230112e+01,9.796429116385330360e+01,2.551615945746230074e-02,7.632083333333329733e+01,1.799053380219570175e-01,5.442500000000020238e-02,1.310258230059510076e+01,1.114879999999999871e+00,-4.759375381469729405e+01,1.112804999999999822e+00,4.093750381469730115e+01,1.900000000000000000e+02,1.112254999999999994e+00,-3.140625000000000000e+01,1.135234999999999994e+00,-4.912500000000000000e+01,2.361743568839879792e+00
1.234795439999999900e+02,1.121875047683720084e+02,6.789217144250869751e-02,-8.343750000000000000e+01,-7.078621673583980112e+01,8.964375457763669885e+01,1.312356706387370064e-02,6.012218750000000256e+01,2.699356860693569726e-01,2.422000000000009909e-02,1.663279467334750095e+01,1.083364999999999911e+00,-4.662500381469729405e+01,1.081350000000000033e+00,2.890625190734860084e+01,1.900000000000000000e+02,1.080920000000000103e+00,-3.968750381469730115e+01,1.091604999999999936e+00,-5.081250000000000000e+01,3.021831426128640086e+00
1.887087999999999965e+02,2.167188227176669955e+02,7.327406108379359850e-02,-9.537500000000000000e+01,-7.197512817382809658e+01,1.009114634195960036e+02,4.428670692604069759e-02,9.292399999999999238e+01,2.995321018776480049e-01,4.730000000000009891e-02,1.076148250182949972e+01,1.141520000000000090e+00,-6.159375381469729405e+01,1.140060000000000073e+00,4.250000000000000000e+01,1.100000000000000000e+02,1.139560000000000128e+00,-4.381250381469729405e+01,1.141699999999999937e+00,-6.184375381469729405e+01,2.428194564701560143e+00
2.499481279999999686e+02,2.039063274860380091e+02,9.474328160285949707e-02,-9.362500000000000000e+01,-7.127861022949220171e+01,1.000000038146969956e+02,1.125895020315910086e-02,9.500888888888891870e+01,1.527472492094089918e-01,5.462000000000009903e-02,1.052533096318469852e+01,1.250920000000000032e+00,-5.118750381469729405e+01,1.247419999999999973e+00,4.650000000000000000e+01,9.000000000000000000e+01,1.246979999999999977e+00,-4.293750381469730115e+01,1.287139999999999951e+00,-5.690625381469729405e+01,4.982884557545129489e+00
1.240223600000000062e+02,1.546874940395360056e+02,3.691485896706579728e-02,-9.890625000000000000e+01,-8.132292175292970171e+01,7.407031536102290659e+01,1.801023929028150103e-02,1.115318749999999994e+02,1.428370363334930115e-01,8.869000000000019923e-02,8.966046701895759696e+00,1.245584999999999942e+00,-4.593750000000000000e+01,1.242599999999999927e+00,1.728125190734860084e+01,9.000000000000000000e+01,1.242079999999999851e+00,-3.459375000000000000e+01,1.295390000000000041e+00,-5.887500381469729405e+01,2.678296259285040115e+00
1.893760959999999898e+02,2.328124940395360056e+02,1.006960123777389943e-01,-9.128125762939448862e+01,-6.432890319824220171e+01,1.016125061035160115e+02,3.071363352963799725e-02,7.590500000000000114e+01,2.145664758687789719e-01,3.188999999999999474e-02,1.317436269020489981e+01,1.140300000000000091e+00,-4.653125381469729405e+01,1.138445000000000151e+00,4.712500000000000000e+01,5.000000000000000000e+01,1.138035000000000130e+00,-3.640625381469730115e+01,1.173394999999999966e+00,-5.571875381469729405e+01,3.278658837137319981e+00
1.171573999999999955e+02,9.598214179277420044e+01,3.526243567466740003e-02,-9.550000762939448862e+01,-7.512535095214840908e+01,8.012500381469719457e+01,1.740793614193559971e-03,1.376249999999999929e+01,6.646874811872789390e-01,3.534500000000000142e-02,7.266121707538600560e+01,1.158129999999999882e+00,-5.865625381469729405e+01,1.157175000000000065e+00,8.750000000000000000e+00,2.099999847412110228e+02,1.156820000000000181e+00,-3.334375000000000000e+01,1.158345000000000180e+00,-5.893750000000000000e+01,1.160459987772250123e+00
2.979085759999999823e+02,1.950892806053160200e+02,9.828097373247149382e-02,-9.306250762939448862e+01,-7.043540191650390625e+01,8.473438072204591265e+01,-3.144103939383000035e-02,7.779166666666669983e+01,2.227678571428569898e-01,1.379999999999999977e-02,1.285484734868769863e+01,2.011159999999999837e+00,-4.321875000000000000e+01,2.008879999999999999e+00,3.215625000000000000e+01,9.000000000000000000e+01,2.008280000000000065e+00,-3.459375000000000000e+01,2.019640000000000324e+00,-4.428125000000000000e+01,2.565553846311009689e+00
1.331605999999999881e+02,1.099999994039539928e+02,9.152533859014509721e-02,-8.571875000000000000e+01,-7.411607360839840908e+01,8.441875152587890341e+01,2.089342527602910254e-03,2.966821428571430275e+01,8.193382613581629004e-01,1.646700000000000108e-01,3.370610682428279858e+01,1.675854999999999873e+00,-6.431250000000000000e+01,1.675159999999999760e+00,8.906250953674319959e+00,2.000000000000000000e+02,1.674865000000000048e+00,-3.768750381469730115e+01,1.675865000000000160e+00,-6.440625000000000000e+01,1.138994077310330200e+00
4.412024639999999636e+02,3.807812333106990081e+02,2.181522101163859972e-01,-9.865625000000000000e+01,-6.942362213134769888e+01,8.712500381469730826e+01,1.901606932013169896e-02,2.994812500000000099e+01,6.965217241546830529e-01,1.745500000000000176e-02,3.339107206210739776e+01,1.118335000000000079e+00,-5.890625381469729405e+01,1.117304999999999993e+00,2.565625190734860084e+01,2.999999809265139916e+01,1.116940000000000044e+00,-4.153125381469730115e+01,1.118435000000000068e+00,-5.906250381469729405e+01,1.668993170841200024e+00
2.131416000000000111e+02,2.420312464237210008e+02,3.181127086281779898e-02,-1.010000000000000000e+02,-7.302215576171879263e+01,9.096875476837151098e+01,2.167476361763689963e-01,7.322666666666658841e+01,2.524082678699399729e-01,3.554000000000009929e-02,1.365622723962130003e+01,1.085560000000000080e+00,-4.509375381469729405e+01,1.083760000000000057e+00,3.750000000000000000e+01,1.300000000000000000e+02,1.083299999999999930e+00,-3.340625000000000000e+01,1.100559999999999983e+00,-4.590625381469729405e+01,3.441285679009070009e+00
1.816232799999999941e+02,9.906238317489619760e+01,3.075129352509979944e-02,-1.002812500000000000e+02,-7.677050018310549717e+01,8.754166952768959220e+01,3.547426160621020182e-03,1.194915662650599941e+01,1.167213404555800027e+00,5.695000000000009950e-03,8.368791465849299982e+01,1.032350000000000101e+00,-7.684375000000000000e+01,1.031775000000000109e+00,1.700000000000000000e+01,2.200000000000000000e+02,1.031445000000000167e+00,-5.315625381469729405e+01,1.032410000000000050e+00,-7.696875000000000000e+01,1.053065737613730013e+00
1.170506719999999916e+02,1.378124207258219940e+02,1.749264299869539852e-01,-8.359375762939450283e+01,-6.841130065917970171e+01,1.047437561035160059e+02,4.758320321257650276e-04,7.536833333333329676e+01,2.374733938881089801e-01,5.106500000000010336e-02,1.326817186705290119e+01,1.821584999999999788e+00,-5.168750000000000000e+01,1.820000000000000062e+00,5.071875000000000000e+01,7.000000000000000000e+01,1.819540000000000157e+00,-4.634375000000000000e+01,1.888400000000000079e+00,-5.737500381469729405e+01,3.163947090647929894e+00
1.539428479999999979e+02,1.037499979138369923e+02,6.431113928556439485e-02,-8.815625000000000000e+01,-7.574038696289059658e+01,8.753125572204589844e+01,-2.591703387851659879e-02,7.951454545454549816e+01,2.570845438716939935e-01,1.094400000000000095e-01,1.257631536825740071e+01,1.859680000000000000e+00,-5.240625000000000000e+01,1.854219999999999979e+00,1.387500095367430042e+01,2.399999847412110228e+02,1.853659999999999863e+00,-3.578125381469730115e+01,1.863640000000000185e+00,-5.400000000000000000e+01,3.787363979762000010e+00
1.822262719999999945e+02,1.506249904632570065e+02,5.034590885043140063e-02,-8.784375000000000000e+01,-7.260475921630859375e+01,9.217187690734859018e+01,2.399028018896540160e-02,6.845153846153840504e+01,1.756286252710989870e-01,6.038500000000009832e-02,1.460887545371799945e+01,1.438160000000000105e+00,-4.650000000000000000e+01,1.435679999999999845e+00,4.140625000000000000e+01,5.999999618530270595e+01,1.435224999999999973e+00,-3.859375000000000000e+01,1.528610000000000024e+00,-5.809375381469729405e+01,3.502668626592229995e+00
1.894042560000000037e+02,2.144642621278760259e+02,6.664406508207319779e-02,-9.612500762939448862e+01,-7.150202941894529829e+01,6.004687511920929666e+01,3.492885968631639915e-02,4.912289473684209895e+01,4.694805376210789971e-01,2.517000000000009854e-02,2.035710650516699971e+01,1.096375000000000099e+00,-5.059375381469729405e+01,1.094060000000000032e+00,5.000000000000000000e-01,9.000000000000000000e+01,1.093554999999999833e+00,-4.281250381469730115e+01,1.097990000000000022e+00,-5.118750381469729405e+01,2.376177798520109796e+00
1.564552319999999952e+02,1.629687547683720084e+02,6.579434871673579821e-02,-8.409375762939450283e+01,-6.612202453613279829e+01,1.006000030517580086e+02,3.094223887634560063e-02,1.868400000000000034e+02,2.858452959196680632e-01,7.432000000000020534e-02,5.352172982230790410e+00,1.218480000000000008e+00,-5.150000381469729405e+01,1.216499999999999915e+00,4.768750000000000000e+01,7.000000000000000000e+01,1.215959999999999930e+00,-4.412500000000000000e+01,1.242420000000000080e+00,-5.500000381469729405e+01,3.428592667363759894e+00
3.808924160000000256e+02,2.914061844348910313e+02,5.259484052658079667e-02,-9.784375000000000000e+01,-6.871028900146480112e+01,8.183333778381349077e+01,1.968132923581950109e-03,1.222904761904759852e+01,3.312238551466989978e-01,8.674999999999990011e-03,8.177251664654819763e+01,1.034179999999999877e+00,-5.734375000000000000e+01,1.033270000000000133e+00,7.687500000000000000e+00,1.200000076293950144e+02,1.032945000000000002e+00,-3.693750000000000000e+01,1.034220000000000139e+00,-5.746875381469729405e+01,1.385014992772020115e+00
2.479320160000000044e+02,3.204686939716339680e+02,6.316390633583070235e-02,-9.650000000000000000e+01,-6.177535247802729401e+01,7.866146341959640154e+01,6.879444922667560247e-02,1.219000000000000057e+02,2.524647887323939743e-01,2.301999999999999880e-02,8.203445447087780451e+00,1.103460000000000107e+00,-4.503125381469729405e+01,1.100620000000000154e+00,2.525000000000000000e+01,5.000000000000000000e+01,1.100019999999999998e+00,-3.296875381469730115e+01,1.124859999999999971e+00,-4.975000381469729405e+01,2.668911426943649801e+00
1.667138400000000047e+02,1.351562142372129927e+02,5.491557717323300447e-02,-9.090625762939448862e+01,-7.603022766113279829e+01,8.637500317891441171e+01,1.071103008204219997e-01,1.097000000000000064e+01,9.769041818452249837e-01,8.099999999999999561e-03,9.115770282588880491e+01,1.036345000000000072e+00,-6.403125000000000000e+01,1.035484999999999989e+00,1.912500190734860084e+01,1.700000000000000000e+02,1.035164999999999891e+00,-3.965625000000000000e+01,1.036395000000000177e+00,-6.406250762939450283e+01,1.471698068184350117e+00
1.590598399999999799e+02,9.734378755092620850e+01,5.299634113907809863e-02,-8.681250000000000000e+01,-7.627368927001950283e+01,7.001562500000000000e+01,9.956368651908320024e-04,1.390583333333330174e+01,8.066667083739659239e-01,6.745500000000000107e-02,7.191226703421840227e+01,1.146710000000000118e+00,-5.290625381469729405e+01,1.145954999999999835e+00,4.281250476837159979e+00,3.900000000000000000e+02,1.145650000000000057e+00,-3.303125000000000000e+01,1.146724999999999994e+00,-5.296875000000000000e+01,1.266971554970820035e+00
4.274927040000000034e+02,2.867185473442079910e+02,5.902164801955220308e-02,-9.834375000000000000e+01,-6.697903442382811079e+01,9.024219322204589844e+01,2.449857033232460124e-01,3.842000000000000171e+01,3.428299394299289538e-01,2.301999999999999880e-02,2.602811035918789884e+01,1.094820000000000126e+00,-5.553125381469729405e+01,1.093920000000000003e+00,3.175000190734860084e+01,5.000000000000000000e+01,1.093499999999999917e+00,-4.228125000000000000e+01,1.094840000000000035e+00,-5.556250381469729405e+01,1.654964712879110067e+00
8.086209599999999398e+01,8.718746155500410566e+01,4.722405597567559676e-02,-8.793750762939448862e+01,-7.914630126953120737e+01,8.688750228881839632e+01,1.920242435378160042e-02,1.120949999999999989e+02,1.212053575169059760e-01,9.147999999999999188e-02,8.921004505107278604e+00,1.328000000000000069e+00,-4.634375000000000000e+01,1.325239999999999974e+00,3.356250000000000000e+01,1.900000000000000000e+02,1.324720000000000120e+00,-3.896875381469730115e+01,1.361539999999999973e+00,-5.612500381469729405e+01,3.669870141978639921e+00
2.039572639999999808e+02,1.478125303983690060e+02,1.490247435867790050e-02,-8.153125762939450283e+01,-6.524532318115230112e+01,7.881250349680580314e+01,-4.137585223991910354e-04,3.193214285714289602e+01,3.918259898133010233e-01,9.760000000000010334e-02,3.131640756067550058e+01,1.967659999999999965e+00,-5.065625000000000000e+01,1.965240000000000098e+00,1.800000190734860084e+01,1.600000000000000000e+02,1.964740000000000153e+00,-3.850000381469730115e+01,1.968759999999999843e+00,-5.106250381469729405e+01,3.023152673242569755e+00
1.008620560000000097e+02,6.906253844499589434e+01,3.329838067293169890e-02,-6.890625762939450283e+01,-6.053829956054689632e+01,8.706875152587890909e+01,-9.535215667904179543e-03,1.051018181818180075e+01,1.307836218001450002e+00,2.120000000000120052e-03,9.514583261253170576e+01,1.023904999999999843e+00,-6.468750000000000000e+01,1.023474999999999913e+00,2.131250190734860084e+01,3.700000000000000000e+02,1.023239999999999927e+00,-4.606250000000000000e+01,1.023920000000000163e+00,-6.478125000000000000e+01,1.127713237201629859e+00
2.530424640000000238e+02,3.242187798023219898e+02,1.851334720849990012e-01,-9.884375000000000000e+01,-7.140005493164059658e+01,9.562500476837151098e+01,1.929643732146469892e-01,2.051000000000000156e+01,5.000000394307659718e-02,3.269500000000009898e-02,4.875670404680640502e+01,1.084339999999999860e+00,-5.993750381469729405e+01,1.083560000000000079e+00,3.781250000000000000e+01,7.000000000000000000e+01,1.083195000000000130e+00,-4.250000000000000000e+01,1.084349999999999925e+00,-6.003125381469729405e+01,1.651906628958129897e+00
2.335229439999999954e+02,3.059374988079069908e+02,1.826906949281690076e-02,-9.550000762939448862e+01,-6.183399581909179688e+01,8.972917429606121686e+01,6.745253371423509670e-02,9.225600000000000023e+01,1.741641329066999921e-01,3.648000000000010262e-02,1.083940339923690033e+01,1.264839999999999964e+00,-5.003125381469729405e+01,1.263260000000000050e+00,3.540625000000000000e+01,2.999999809265139916e+01,1.262760000000000105e+00,-3.812500000000000000e+01,1.288420000000000121e+00,-5.287500000000000000e+01,3.012790788069370507e+00
3.973797119999999836e+02,2.439063638448720042e+02,7.636296749114990234e-02,-9.996875000000000000e+01,-7.420150756835940342e+01,8.126875457763679833e+01,6.657471297993890202e-02,7.270153846153849031e+01,2.854599406528189887e-01,1.351999999999999903e-02,1.375486710682240066e+01,1.059320000000000039e+00,-4.650000000000000000e+01,1.057160000000000100e+00,1.600000000000000000e+01,9.000000000000000000e+01,1.056679999999999842e+00,-3.778125381469730115e+01,1.078999999999999959e+00,-4.809375000000000000e+01,2.982910065274490208e+00
9.883129599999999471e+01,1.195535734295850006e+02,1.685982793569560101e-01,-8.209375000000000000e+01,-6.814337158203120737e+01,9.555625457763679265e+01,3.484048313719070172e-02,7.401583333333330472e+01,2.006329292449549884e-01,4.909000000000009883e-02,1.351062272711920009e+01,1.212374999999999980e+00,-4.640625000000000000e+01,1.210835000000000106e+00,4.759375381469729405e+01,9.000000000000000000e+01,1.210460000000000091e+00,-3.962500000000000000e+01,1.283160000000000078e+00,-5.321875381469729405e+01,3.374929973390380145e+00
1.527607199999999921e+02,1.806250810623170082e+02,8.327696472406390105e-02,-9.100000762939448862e+01,-7.032800292968750000e+01,8.672656536102290659e+01,4.322365996343450339e-02,1.019722222222220012e+02,1.708860881709440005e-01,4.540000000000010000e-02,9.806592209207320110e+00,1.105334999999999956e+00,-4.590625381469729405e+01,1.103199999999999958e+00,3.265625381469730115e+01,9.000000000000000000e+01,1.102785000000000126e+00,-3.471875000000000000e+01,1.138025000000000064e+00,-5.375000000000000000e+01,3.000143663037440067e+00
9.566140799999999444e+01,8.062514662742609062e+01,1.819476298987869958e-02,-8.900000000000000000e+01,-7.908475494384769888e+01,8.713125381469730257e+01,-4.969449843925850124e-02,7.093692307692309384e+01,2.557799198358280401e-01,7.454000000000010617e-02,1.409703094840490145e+01,1.650199999999999889e+00,-4.687500381469729405e+01,1.647759999999999891e+00,2.090625000000000000e+01,3.700000000000000000e+02,1.647279999999999855e+00,-4.025000381469730115e+01,1.655720000000000081e+00,-4.978125000000000000e+01,3.163211648926409936e+00
1.277144560000000126e+02,1.301561295986179800e+02,4.278620332479479704e-02,-9.409375762939448862e+01,-7.926220703125000000e+01,9.053906536102290659e+01,1.783534745702180235e-01,7.504300000000000637e+01,1.044464669465740014e-01,4.075500000000009670e-02,1.332569326919229979e+01,1.106820000000000137e+00,-4.706250000000000000e+01,1.104135000000000089e+00,3.243750381469730115e+01,1.500000000000000000e+02,1.103629999999999889e+00,-3.675000000000000000e+01,1.989609999999999879e+00,-5.490625381469729405e+01,3.313076173031120231e+00
2.167496160000000032e+02,2.137500792741780060e+02,6.536982208490370316e-02,-9.431250762939448862e+01,-7.096060943603519888e+01,8.900000476837151098e+01,3.620302887640469702e-02,7.700545454545459734e+01,1.824803109216010244e-01,5.863999999999999768e-02,1.298609307487069842e+01,1.283460000000000045e+00,-4.700000000000000000e+01,1.280059999999999976e+00,3.250000381469730115e+01,5.999999618530270595e+01,1.279579999999999940e+00,-3.671875381469730115e+01,1.344959999999999933e+00,-5.443750381469729405e+01,4.455772231026469576e+00
3.152411839999999756e+02,2.342187911272050087e+02,6.326737254858019743e-02,-9.759375762939448862e+01,-7.304283142089840908e+01,1.050625057220459979e+02,2.127114875149289930e-02,5.014111111111109409e+01,4.540662650602410033e-01,1.926000000000009996e-02,1.994371440600970047e+01,1.087679999999999980e+00,-6.478125762939450283e+01,1.086520000000000152e+00,3.831250381469730115e+01,9.000000000000000000e+01,1.086160000000000014e+00,-4.553125000000000000e+01,1.087679999999999980e+00,-6.478125762939450283e+01,2.415484315741499799e+00
1.402279359999999997e+02,1.098436340689660113e+02,1.881266385316849865e-01,-8.821875762939448862e+01,-7.508666229248049717e+01,9.683125457763669885e+01,1.812739672550690156e-02,7.706874999999999432e+01,1.806818244520710104e-01,4.972499999999999837e-02,1.297542778363469829e+01,1.124575000000000102e+00,-4.846875381469729405e+01,1.123304999999999998e+00,4.700000381469729405e+01,1.500000000000000000e+02,1.122910000000000075e+00,-4.137500381469730115e+01,1.176574999999999926e+00,-5.331250381469729405e+01,3.026969768943830186e+00
1.528077439999999854e+02,8.203117549419400234e+01,4.189162328839299981e-02,-8.921875000000000000e+01,-7.831833648681640625e+01,9.423958460489910749e+01,1.442212726738919919e-03,7.221874999999990052e+00,1.205039637140570052e+00,5.515000000000160399e-03,1.384681955863260043e+02,1.028245000000000076e+00,-7.040625000000000000e+01,1.027660000000000018e+00,2.300000000000000000e+01,3.200000000000000000e+02,1.027379999999999960e+00,-4.837500000000000000e+01,1.028285000000000116e+00,-7.046875000000000000e+01,1.265459090638189954e+00
1.512944320000000005e+02,3.046875000000000000e+02,8.212810754775999589e-02,-7.971875000000000000e+01,-6.539808654785160513e+01,8.710937690734859018e+01,2.180985851955890079e-02,5.286222222222220068e+01,2.333333333333330317e-01,3.405500000000020316e-02,1.891710105935770159e+01,1.143000000000000016e+00,-4.384375000000000000e+01,1.141105000000000036e+00,3.453125000000000000e+01,5.000000000000000000e+01,1.140670000000000073e+00,-3.534375000000000000e+01,1.181379999999999875e+00,-5.375000000000000000e+01,2.946760152165200264e+00
1.454084959999999853e+02,1.595311015844349924e+02,4.367368295788760096e-02,-9.253125762939448862e+01,-7.517105865478519888e+01,8.899479802449540955e+01,2.497038321233729929e-02,6.590678571428570365e+01,2.181329109244420084e-01,3.656000000000009936e-02,1.517294447244210076e+01,1.087045000000000039e+00,-4.465625000000000000e+01,1.084125000000000005e+00,2.359375190734860084e+01,1.900000000000000000e+02,1.083389999999999853e+00,-3.290625381469730115e+01,1.099134999999999973e+00,-4.884375381469729405e+01,2.579469203107649822e+00
2.338295040000000142e+02,2.934375107288360027e+02,7.317098230123519897e-02,-9.787500000000000000e+01,-6.466145324707029829e+01,8.944271024068198983e+01,1.701973366378119884e-02,4.568574999999999875e+01,3.029801223267689636e-01,4.050000000000000128e-02,2.188866331405310106e+01,1.157414999999999861e+00,-4.450000000000000000e+01,1.154870000000000063e+00,3.400000000000000000e+01,5.999999618530270595e+01,1.154435000000000100e+00,-3.384375381469730115e+01,1.174739999999999895e+00,-5.015625000000000000e+01,3.419440959371660149e+00
1.883351679999999817e+02,1.389061659574510088e+02,4.850482568144800360e-02,-9.190625762939448862e+01,-7.512820434570309658e+01,9.355000534057620598e+01,1.066315523380290120e-01,8.258727272727270474e+01,8.671877461485369420e-02,2.999999999999999889e-02,1.210840323184289957e+01,1.076600000000000001e+00,-4.628125381469729405e+01,1.074479999999999880e+00,4.137500381469730115e+01,1.700000000000000000e+02,1.074060000000000015e+00,-3.268750000000000000e+01,1.083919999999999995e+00,-4.890625000000000000e+01,3.535950233115789931e+00
1.356727679999999907e+02,1.656250357627870073e+02,3.910245746374130249e-02,-9.343750762939448862e+01,-7.541098022460940342e+01,1.029937553405760013e+02,3.792310407479750067e-02,7.747083333333330302e+01,1.999999999999989841e-01,5.306500000000009820e-02,1.290808368740919754e+01,1.135560000000000125e+00,-5.053125381469729405e+01,1.133745000000000003e+00,4.412500000000000000e+01,9.000000000000000000e+01,1.133375000000000021e+00,-3.896875381469730115e+01,1.159669999999999979e+00,-5.587500381469729405e+01,3.765298383318949949e+00
1.354349119999999971e+02,1.289061754941940023e+02,3.333704173564910195e-02,-9.975000762939448862e+01,-7.596366882324220171e+01,8.220625228881840485e+01,3.425870530423710293e-03,1.632883333333330000e+01,9.160714282429829325e-01,1.155999999999999910e-02,6.124136241617600263e+01,1.044145000000000101e+00,-6.465625000000000000e+01,1.043390000000000040e+00,1.400000000000000000e+01,1.700000000000000000e+02,1.043095000000000105e+00,-4.181250000000000000e+01,1.044224999999999959e+00,-6.484375000000000000e+01,1.267841186821379917e+00
2.633336799999999585e+02,1.660937815904619868e+02,2.610674500465389944e-02,-9.228125000000000000e+01,-7.447591400146480112e+01,8.747917016347250296e+01,1.074730871308149927e-01,1.388000000000000078e+01,6.706037649710450133e-01,1.508000000000000139e-02,7.204610951008649522e+01,1.056020000000000181e+00,-5.440625000000000000e+01,1.055199999999999916e+00,2.346875190734860084e+01,1.300000000000000000e+02,1.054840000000000000e+00,-3.390625000000000000e+01,1.056079999999999908e+00,-5.443750381469729405e+01,1.420498791816070083e+00
1.193778320000000122e+02,1.051563248038290084e+02,3.725421428680419922e-02,-9.918750000000000000e+01,-7.706097412109379263e+01,8.616250190734859871e+01,9.990831406367629147e-03,2.226329268292680297e+01,6.412936865811290632e-01,2.755499999999999963e-02,4.491698574159589441e+01,1.153210000000000068e+00,-6.740625000000000000e+01,1.152455000000000007e+00,1.565625000000000000e+01,2.200000000000000000e+02,1.152154999999999818e+00,-4.465625000000000000e+01,1.153235000000000010e+00,-6.753125000000000000e+01,1.377192905469799999e+00
1.394633760000000109e+02,1.723437458276750078e+02,1.668581813573840056e-01,-9.243750762939448862e+01,-7.285210418701170454e+01,8.980469131469720878e+01,2.590650924997600288e-02,9.342900000000000205e+01,1.622663618485589987e-01,5.173500000000010035e-02,1.070331481659869866e+01,1.128770000000000051e+00,-4.943750000000000000e+01,1.126460000000000017e+00,3.037500000000000000e+01,1.300000000000000000e+02,1.125920000000000032e+00,-3.393750000000000000e+01,1.159599999999999964e+00,-5.340625000000000000e+01,2.455814350560749926e+00
3.189765759999999659e+02,2.039062529802320114e+02,4.083483293652530322e-02,-9.809375762939448862e+01,-7.563542175292970171e+01,8.558593940734859018e+01,1.840958597145280207e-01,7.859666666666669244e+01,3.569327731092439837e-01,5.159500000000009912e-02,1.272318588574580112e+01,1.173379999999999868e+00,-5.571875000000000000e+01,1.172250000000000014e+00,1.818750000000000000e+01,9.000000000000000000e+01,1.171880000000000033e+00,-3.618750000000000000e+01,1.173675000000000024e+00,-5.590625000000000000e+01,1.598512455876930138e+00
9.861032800000000975e+01,8.437503874301908979e+01,3.472994640469549699e-02,-8.265625762939450283e+01,-7.396974945068359375e+01,9.329375534057621167e+01,-2.500061632438189962e-02,2.718402777777779988e+01,7.600728231308541138e-01,1.320500000000010034e-02,3.678630731894239858e+01,1.694470000000000143e+00,-5.496875381469729405e+01,1.693705000000000016e+00,1.600000000000000000e+01,3.000000000000000000e+02,1.693379999999999885e+00,-3.237500000000000000e+01,1.694504999999999928e+00,-5.509375381469729405e+01,1.242522252205570110e+00
1.831742560000000140e+02,1.950000375509260095e+02,5.010770261287689903e-02,-9.800000762939448862e+01,-7.673403167724609375e+01,9.835937786102290659e+01,2.864638714995410007e-02,6.419678571428570990e+01,2.477653781008299916e-01,5.578000000000019748e-02,1.557710388259310008e+01,1.146704999999999863e+00,-4.693750381469729405e+01,1.144490000000000007e+00,4.765625381469729405e+01,7.000000000000000000e+01,1.144129999999999869e+00,-3.446875000000000000e+01,1.165254999999999930e+00,-5.246875381469729405e+01,4.217187820982379876e+00
1.739668000000000063e+02,2.124998867511750120e+02,2.742293477058410089e-01,-9.746875762939448862e+01,-7.361124420166019888e+01,9.521250190734859586e+01,8.799036222283640810e-03,4.541952380952379542e+01,3.734774209804929690e-01,4.263000000000020245e-02,2.201696354619889817e+01,1.258995000000000086e+00,-5.953125381469729405e+01,1.257775000000000087e+00,3.265625381469730115e+01,9.000000000000000000e+01,1.257370000000000099e+00,-4.234375000000000000e+01,1.259050000000000002e+00,-5.962500381469729405e+01,2.141015127563189679e+00
2.571751680000000420e+02,2.582812905311579925e+02,6.307118106633420422e-03,-9.837500762939448862e+01,-7.156166839599609375e+01,8.770000534057621167e+01,3.248580794754949985e-01,3.126749999999999829e+01,8.814935064935069953e-02,2.668000000000000232e-02,3.198209002958339653e+01,1.163054999999999950e+00,-5.678125000000000000e+01,1.162135000000000140e+00,2.731250000000000000e+01,7.000000000000000000e+01,1.161785000000000068e+00,-4.443750000000000000e+01,1.163179999999999881e+00,-5.684375381469729405e+01,1.795928686024009791e+00
1.430345439999999826e+02,1.030803546309469994e+02,1.276827007532120029e-01,-7.903125000000000000e+01,-6.800962066650389204e+01,8.488125152587890909e+01,5.617734030882170181e-03,1.801111111111110219e+01,7.812252834676800539e-01,1.085500000000010068e-02,5.552128315854410090e+01,1.040679999999999827e+00,-5.490625381469729405e+01,1.039945000000000119e+00,3.353125381469730115e+01,2.200000000000000000e+02,1.039645000000000152e+00,-3.365625000000000000e+01,1.040715000000000057e+00,-5.509375000000000000e+01,1.555397755174610097e+00
1.774221919999999955e+02,1.353123933076859942e+02,5.523528158664700594e-02,-9.993750762939448862e+01,-7.600042724609379263e+01,8.821250419616698935e+01,5.301485948280140054e-03,2.041947916666669727e+01,8.313492267914821543e-01,1.538499999999999937e-02,4.897284557739489230e+01,1.053435000000000121e+00,-5.846875000000000000e+01,1.052545000000000064e+00,2.009375000000000000e+01,1.500000000000000000e+02,1.052210000000000090e+00,-3.534375000000000000e+01,1.053545000000000176e+00,-5.859375381469729405e+01,1.509479023498919936e+00
4.620968320000000062e+02,4.134374558925630367e+02,9.006229043006901136e-02,-1.030000076293950144e+02,-6.858332061767579546e+01,9.955625305175790629e+01,8.528963405182809696e-03,2.601567567567569839e+01,2.699803143843910180e-01,1.402000000000010009e-02,3.843836356458679404e+01,1.147720000000000073e+00,-5.215625000000000000e+01,1.145479999999999832e+00,3.825000381469730115e+01,2.000000000000000000e+01,1.144979999999999887e+00,-4.293750381469730115e+01,1.171220000000000150e+00,-5.493750381469729405e+01,3.208556520600500228e+00
1.548546879999999817e+02,1.928124576807020105e+02,2.229978889226910121e-01,-9.484375000000000000e+01,-7.303672027587890625e+01,9.608593797683720084e+01,6.229976325616700186e-03,5.866562499999999858e+01,3.058333488323060623e-01,3.693500000000019684e-02,1.704575720449580345e+01,1.164920000000000178e+00,-6.656250000000000000e+01,1.163294999999999968e+00,3.165625000000000000e+01,9.000000000000000000e+01,1.162849999999999939e+00,-4.912500000000000000e+01,1.165310000000000068e+00,-6.678125000000000000e+01,2.291372617706939785e+00
2.496729279999999846e+02,2.492187023162839807e+02,3.173359483480450022e-02,-8.728125762939448862e+01,-5.964444732666020599e+01,8.578125381469729405e+01,2.607525980174920169e-02,6.602428571428571047e+01,2.869999999999999774e-01,2.468000000000000055e-02,1.514594196940519844e+01,1.218460000000000099e+00,-4.775000381469729405e+01,1.215379999999999905e+00,2.650000190734860084e+01,4.000000000000000000e+01,1.214839999999999920e+00,-3.990625381469730115e+01,1.238380000000000036e+00,-5.500000381469729405e+01,3.318945896192439626e+00
1.444067520000000115e+02,1.297990828752519974e+02,1.376245915889739990e-02,-9.053125000000000000e+01,-7.720362091064450283e+01,9.355625381469729973e+01,5.267632964109909832e-02,1.055422222222220086e+02,7.083333435512639831e-02,4.652000000000010294e-02,9.474881037604768963e+00,1.118200000000000083e+00,-4.440625381469729405e+01,1.115580000000000016e+00,4.743750381469729405e+01,1.500000000000000000e+02,1.115159999999999929e+00,-3.728125381469730115e+01,1.148959999999999981e+00,-5.015625000000000000e+01,4.666537406741420035e+00
1.613977600000000052e+02,2.789062857627870358e+02,5.732310935854909723e-02,-9.637500000000000000e+01,-6.701097869873049717e+01,9.550000381469720878e+01,1.440156702293560013e-02,5.822906249999999773e+01,2.911490695753660152e-01,6.226500000000000090e-02,1.717355487219120036e+01,1.295500000000000096e+00,-5.081250000000000000e+01,1.293854999999999977e+00,3.806250000000000000e+01,3.000000190734860084e+01,1.293420000000000014e+00,-3.700000000000000000e+01,1.335509999999999975e+00,-5.540625381469729405e+01,2.938654754926020019e+00
9.690657600000000116e+01,8.031257987022399902e+01,1.708509176969530141e-01,-8.065625000000000000e+01,-7.145566558837890625e+01,9.686250152587899720e+01,1.968769071639589648e-03,1.186307142857139922e+02,1.936058683024710070e-01,6.636499999999999344e-02,8.429520179669220070e+00,1.750324999999999909e+00,-4.843750381469729405e+01,1.748684999999999823e+00,4.287500381469730115e+01,1.900000000000000000e+02,1.748320000000000096e+00,-4.118750381469730115e+01,1.778765000000000152e+00,-5.506250381469729405e+01,3.084860709556790148e+00
4.074296640000000025e+02,5.250004529952999519e+02,3.006155416369439906e-02,-8.018750762939450283e+01,-6.305999755859379974e+01,9.739844131469720878e+01,1.173992696804630059e-02,3.717461538461540016e+01,4.016000000000000125e-01,1.490000000000010066e-02,2.690007656175639639e+01,1.102000000000000091e+00,-6.175000381469729405e+01,1.100899999999999990e+00,2.787500000000000000e+01,5.000000000000000000e+01,1.100479999999999903e+00,-4.100000000000000000e+01,1.102100000000000080e+00,-6.184375381469729405e+01,1.698160557912139934e+00
1.719517600000000073e+02,1.264062821865080082e+02,1.343371067196130059e-02,-9.703125000000000000e+01,-8.334430694580079546e+01,8.930625152587890625e+01,1.264561790565980059e-01,9.848625000000009777e+01,1.074941430574809925e-01,5.449999999999999983e-02,1.015370165886100118e+01,1.112190000000000012e+00,-4.875000381469729405e+01,1.109175000000000022e+00,3.678125000000000000e+01,1.900000000000000000e+02,1.108785000000000132e+00,-3.600000381469730115e+01,1.126109999999999944e+00,-5.484375000000000000e+01,3.724704630038350395e+00
1.051464560000000006e+02,1.062500029802319972e+02,5.215810239315030183e-02,-8.368750000000000000e+01,-7.825984191894529829e+01,8.882291857401529001e+01,2.674379012756709917e-02,1.126075000000000017e+02,1.004999943313590050e-01,3.120000000000009918e-02,8.880403170303930338e+00,1.144970000000000043e+00,-4.393750000000000000e+01,1.141834999999999933e+00,4.515625000000000000e+01,2.300000000000000000e+02,1.141285000000000105e+00,-3.121875000000000000e+01,1.158279999999999976e+00,-4.846875000000000000e+01,4.843871421042509340e+00
2.329359839999999906e+02,1.665624231100079840e+02,3.477856144309039721e-02,-9.859375762939448862e+01,-7.936051177978519888e+01,9.244531536102290659e+01,1.970516335731150107e-02,6.162533333333330177e+01,2.004716981132080023e-01,5.464000000000000107e-02,1.622709275406219831e+01,1.120560000000000000e+00,-4.806250381469729405e+01,1.118079999999999963e+00,3.746875000000000000e+01,9.000000000000000000e+01,1.117620000000000058e+00,-3.196875000000000000e+01,1.129639999999999977e+00,-5.228125381469729405e+01,3.563955146849480116e+00
5.754247679999999718e+02,5.679687857627869789e+02,6.133707985281940112e-02,-9.571875762939448862e+01,-5.994048309326169743e+01,7.525000381469729405e+01,1.163797700011460004e-02,2.168852941176469784e+01,1.562500000000000000e-01,6.245000000000060399e-03,4.610732157144600052e+01,1.058375000000000066e+00,-5.918750000000000000e+01,1.057370000000000143e+00,9.156250000000000000e+00,1.000000000000000000e+01,1.056960000000000122e+00,-4.568750000000000000e+01,1.058424999999999949e+00,-5.925000381469729405e+01,1.396163202382070034e+00
1.434346239999999852e+02,1.484375149011609949e+02,1.106079071760179972e-01,-7.912500000000000000e+01,-7.223789978027340908e+01,9.046093940734859018e+01,8.333377349859029393e-02,1.318828571428570058e+02,8.571429314256509557e-02,5.330000000000009730e-02,7.582486622327180292e+00,1.149579999999999824e+00,-4.243750000000000000e+01,1.143899999999999917e+00,4.500000000000000000e+01,1.300000000000000000e+02,1.143279999999999852e+00,-3.662500000000000000e+01,1.181375000000000064e+00,-4.828125381469729405e+01,4.709336060311709815e+00
2.019917120000000068e+02,1.763393133878710159e+02,1.318251490592959874e-01,-8.684375000000000000e+01,-6.975450134277339487e+01,9.817969322204589844e+01,3.393546086449290150e-02,1.058174999999999955e+02,1.498134328358209921e-01,5.053999999999999465e-02,9.450232711980529388e+00,1.124020000000000019e+00,-4.387500000000000000e+01,1.122060000000000057e+00,3.887500381469730115e+01,9.000000000000000000e+01,1.121639999999999970e+00,-3.100000190734860084e+01,1.150579999999999936e+00,-5.450000381469729405e+01,3.180070432002520153e+00
9.846282399999999768e+01,2.376562952995300009e+02,1.138931736350059926e-01,-9.693750762939448862e+01,-7.574929046630859375e+01,8.927604548136400808e+01,5.003935967999689760e-02,4.590424999999999756e+01,2.827127857629420093e-01,4.619499999999999995e-02,2.178447529368199653e+01,1.325819999999999999e+00,-4.750000381469729405e+01,1.324045000000000138e+00,2.753125190734860084e+01,6.000000381469729405e+01,1.323520000000000030e+00,-4.228125000000000000e+01,1.383850000000000025e+00,-5.434375381469729405e+01,2.469401613497419934e+00
2.387463680000000181e+02,1.465624272823330045e+02,3.267409652471540277e-02,-9.531250000000000000e+01,-7.812553405761720171e+01,9.057812690734859018e+01,1.554960760079240022e-02,6.790576923076920934e+01,1.860294117647060264e-01,6.271000000000000185e-02,1.472628925830480107e+01,1.358785000000000132e+00,-4.843750381469729405e+01,1.356945000000000068e+00,3.531250000000000000e+01,9.000000000000000000e+01,1.356449999999999934e+00,-3.721875000000000000e+01,1.390684999999999949e+00,-5.428125000000000000e+01,2.618005150659999725e+00
1.321629199999999855e+02,8.515624701976780386e+01,1.847593300044540060e-02,-9.171875762939448862e+01,-7.220556640625000000e+01,7.103906470537179985e+01,5.236444280434489687e-03,3.828333333333319821e+00,1.645109043382459779e+00,2.955000000000040060e-03,2.612102742707890002e+02,1.024974999999999969e+00,-6.606250000000000000e+01,1.024424999999999919e+00,-2.812500298023219991e-01,4.000000000000000000e+02,1.024189999999999934e+00,-5.000000000000000000e+01,1.024980000000000002e+00,-6.609375000000000000e+01,1.308834214630850035e+00
2.424032640000000072e+02,2.515625059604639944e+02,8.317633531987670553e-03,-9.321875000000000000e+01,-6.529910278320311079e+01,7.534375381469729405e+01,1.541085383070310011e-01,1.957166666666660149e+01,3.728070175438600448e-02,1.568500000000019878e-02,5.109426892616900773e+01,1.091480000000000006e+00,-5.581250381469729405e+01,1.090500000000000025e+00,1.946875000000000000e+01,5.000000000000000000e+01,1.090174999999999894e+00,-4.343750381469729405e+01,1.091544999999999987e+00,-5.593750381469729405e+01,1.842548291492419832e+00
1.760972960000000000e+02,1.924999952316279916e+02,9.934353828430179945e-02,-9.496875000000000000e+01,-7.424310302734379263e+01,9.695312976837151098e+01,8.685331267365370422e-03,5.635411764705879278e+01,2.067351560522710241e-01,4.120000000000009766e-02,1.774493225611159986e+01,1.186760000000000037e+00,-5.109375381469729405e+01,1.184339999999999948e+00,4.031250381469730115e+01,5.999999618530270595e+01,1.183920000000000083e+00,-4.234375000000000000e+01,1.233160000000000034e+00,-6.015625381469729405e+01,4.352241432644450292e+00
1.700310240000000022e+02,1.484376192092899771e+02,9.290549904108050261e-02,-8.534375000000000000e+01,-6.944982910156250000e+01,9.077083841959640154e+01,3.543847245440779822e-03,4.695674999999999955e+01,3.313993281200759977e-01,2.089500000000010099e-02,2.129619277313700110e+01,1.280469999999999997e+00,-5.621875000000000000e+01,1.277979999999999894e+00,2.656250000000000000e+01,1.100000000000000000e+02,1.277625000000000011e+00,-4.262500381469730115e+01,1.286524999999999919e+00,-6.018750000000000000e+01,2.834438656093180242e+00
1.626315360000000112e+02,1.443750113248829905e+02,4.861312359571459685e-02,-9.543750762939448862e+01,-7.961817932128909092e+01,9.420313072204589844e+01,6.574349480743149621e-02,8.525555555555558840e+01,1.250000045849709862e-01,2.860500000000000195e-02,1.172944089665060119e+01,1.079444999999999988e+00,-5.221875381469729405e+01,1.076465000000000005e+00,3.225000381469730115e+01,1.300000000000000000e+02,1.075939999999999896e+00,-4.387500000000000000e+01,1.089625000000000066e+00,-5.565625381469729405e+01,3.976624067020310349e+00
2.597587200000000394e+02,2.185937911272050087e+02,2.898743003606799387e-02,-1.020000076293950144e+02,-8.190604400634769888e+01,8.957292111714679095e+01,2.482656921962229923e-02,8.535500000000000398e+01,2.303294677011119840e-01,5.396000000000000102e-02,1.171577529142990137e+01,1.209004999999999885e+00,-5.725000381469729405e+01,1.205339999999999856e+00,2.853125190734860084e+01,9.000000000000000000e+01,1.204790000000000028e+00,-4.265625000000000000e+01,1.230150000000000077e+00,-6.231250381469729405e+01,3.514273874676209886e+00
1.820683520000000044e+02,1.465625762939449999e+02,1.617561429738999801e-01,-8.975000762939448862e+01,-7.555174255371090908e+01,9.578750305175790913e+01,1.010082300643799953e-02,7.967818181818179823e+01,1.983333333333330284e-01,6.146000000000009789e-02,1.255048718709350197e+01,1.274820000000000064e+00,-4.990625381469729405e+01,1.272980000000000000e+00,4.062500381469730115e+01,9.000000000000000000e+01,1.272520000000000095e+00,-3.840625381469730115e+01,1.301779999999999937e+00,-5.943750381469729405e+01,2.829579702656559892e+00
1.509880959999999845e+02,1.052231043577189951e+02,3.245208039879799583e-02,-8.812500762939448862e+01,-7.593771362304690342e+01,8.623438072204589844e+01,8.501203684962129262e-03,1.276820000000000022e+01,1.051785579579219920e+00,1.155000000000020073e-02,7.831957519462409323e+01,1.038154999999999939e+00,-5.906250381469729405e+01,1.037590000000000012e+00,1.715625000000000000e+01,2.499999847412110228e+02,1.037309999999999954e+00,-3.390625000000000000e+01,1.038179999999999881e+00,-5.912500381469729405e+01,1.121180359895649792e+00
3.448078399999999988e+02,2.800000011920930092e+02,8.291967958211900191e-02,-9.837500762939448862e+01,-6.722801971435549717e+01,9.188542238871259826e+01,5.792573034289450265e-03,6.478714285714289645e+01,2.554687447054310168e-01,3.632000000000010220e-02,1.543516129743550103e+01,1.192180000000000017e+00,-5.378125381469729405e+01,1.188760000000000039e+00,4.125000000000000000e+01,2.999999809265139916e+01,1.188199999999999923e+00,-4.684375381469729405e+01,1.217439999999999856e+00,-5.800000381469729405e+01,4.282816306634569692e+00
3.095123200000000452e+02,1.862500011920930092e+02,1.783655956387519836e-02,-9.678125000000000000e+01,-7.691755676269529829e+01,9.157812833786009321e+01,2.937278286768580000e-03,1.388056338028169812e+01,1.157788753799389836e+00,1.372000000000020078e-02,7.204318532348399629e+01,1.063819999999999988e+00,-5.906250381469729405e+01,1.062820000000000098e+00,2.078125000000000000e+01,9.000000000000000000e+01,1.062400000000000011e+00,-3.837500000000000000e+01,1.063879999999999937e+00,-5.915625381469729405e+01,1.472246029025239933e+00
1.838099200000000053e+02,1.956249922513959802e+02,7.806699723005290636e-02,-9.571875000000000000e+01,-7.362945556640620737e+01,1.019427102406819898e+02,1.264895631220860073e-01,5.734636363636359846e+01,6.750451321178450037e-01,1.989000000000000143e-02,1.743789730663749893e+01,1.073199999999999932e+00,-6.218750000000000000e+01,1.072289999999999965e+00,3.571875000000000000e+01,1.000000000000000000e+02,1.071910000000000140e+00,-3.756250000000000000e+01,1.073274999999999979e+00,-6.231250381469729405e+01,1.421978051588070002e+00
3.300744640000000345e+02,3.303124308586120037e+02,1.883717812597749883e-02,-9.215625000000000000e+01,-6.162671661376950283e+01,1.018828172683709852e+02,1.406517376492220049e-02,4.362545454545450241e+01,3.402439063124400587e-01,3.150000000000009737e-02,2.292239726598320004e+01,1.202164999999999928e+00,-4.693750381469729405e+01,1.200425000000000075e+00,3.506250381469730115e+01,3.000000190734860084e+01,1.199904999999999999e+00,-3.390625000000000000e+01,1.225895000000000179e+00,-4.909375381469729405e+01,2.193247042183129825e+00
2.211491200000000106e+02,1.654687970876690031e+02,2.579419687390329882e-02,-8.803125762939448862e+01,-6.945964813232420454e+01,8.872500381469730257e+01,5.864609451332529755e-01,1.155949999999999989e+02,4.352678688204970198e-02,8.990000000000050034e-03,8.650893204723388408e+00,1.041509999999999936e+00,-5.021875381469729405e+01,1.040379999999999860e+00,3.609375381469730115e+01,1.300000000000000000e+02,1.039935000000000054e+00,-4.868750381469729405e+01,1.041645000000000154e+00,-5.040625000000000000e+01,1.973528280937110191e+00
1.913590399999999931e+02,1.593748480081559933e+02,3.297973051667209970e-02,-9.696875762939448862e+01,-8.037564849853519888e+01,9.352500457763669317e+01,1.030345314519050086e-02,6.367571428571429237e+01,2.048841115432650239e-01,5.394000000000009898e-02,1.570457451820610117e+01,1.134560000000000013e+00,-4.615625381469729405e+01,1.132660000000000000e+00,3.671875381469730115e+01,1.100000000000000000e+02,1.132200000000000095e+00,-3.287500000000000000e+01,1.153440000000000021e+00,-5.350000381469729405e+01,2.799487098894350101e+00
1.588598399999999913e+02,2.481250017881390022e+02,5.375479534268379905e-02,-9.621875762939448862e+01,-7.346385955810549717e+01,8.560000381469728836e+01,2.199043201719649843e-02,5.398735294117650341e+01,2.820261437908499480e-01,5.778000000000019926e-02,1.852285666032889822e+01,1.176795000000000035e+00,-4.678125381469729405e+01,1.174700000000000077e+00,4.471875381469729405e+01,5.000000000000000000e+01,1.174350000000000005e+00,-3.278125000000000000e+01,1.201805000000000012e+00,-5.259375381469729405e+01,3.646113310127700124e+00
1.892835680000000025e+02,1.635938584804530080e+02,2.914958633482460024e-02,-9.725000762939448862e+01,-7.918946838378909092e+01,9.720833651224769767e+01,1.224437514684450015e-02,6.617285714285709730e+01,2.499850701702000244e-01,3.964000000000009877e-02,1.511193627080590041e+01,1.089360000000000106e+00,-5.040625000000000000e+01,1.086859999999999937e+00,3.975000381469730115e+01,1.700000000000000000e+02,1.086440000000000072e+00,-3.693750000000000000e+01,1.098700000000000010e+00,-5.400000000000000000e+01,3.916668005781859918e+00
1.449372960000000035e+02,2.067186683416369988e+02,2.156516313552860054e-01,-8.646875762939448862e+01,-6.126511383056639914e+01,8.807031726837151098e+01,8.309020585910899953e-03,4.173318181818179795e+01,2.695105820105820338e-01,4.200500000000009782e-02,2.396174833629229894e+01,1.175595000000000168e+00,-4.512500381469729405e+01,1.173489999999999922e+00,2.828125190734860084e+01,5.000000000000000000e+01,1.172935000000000061e+00,-3.196875000000000000e+01,1.201124999999999998e+00,-4.825000000000000000e+01,2.318318111833700179e+00
1.777100320000000124e+02,1.684373915195469920e+02,1.778986491262909975e-02,-9.337500762939448862e+01,-7.582919311523440342e+01,9.621875254313150094e+01,7.333984258365830455e-02,9.512500000000000000e+01,2.787744362151770017e-01,4.187500000000009964e-02,1.051248357424440094e+01,1.134365000000000068e+00,-5.087500000000000000e+01,1.132530000000000037e+00,3.912500381469730115e+01,1.300000000000000000e+02,1.132095000000000073e+00,-3.640625381469730115e+01,1.148460000000000036e+00,-5.468750381469729405e+01,3.318061105030119862e+00
1.659316159999999911e+02,2.300446778535839769e+02,3.234425559639930031e-02,-9.843750000000000000e+01,-7.320832824707029829e+01,7.997916920979820077e+01,1.839198748294130006e-02,5.805166666666669784e+01,1.992141453831039744e-01,5.784000000000009967e-02,1.722603427980820001e+01,1.821509999999999962e+00,-4.850000000000000000e+01,1.818779999999999841e+00,3.753125381469730115e+01,5.000000000000000000e+01,1.818324999999999969e+00,-3.615625381469730115e+01,1.848590000000000177e+00,-5.590625000000000000e+01,3.522291794530989950e+00
9.389681600000000117e+01,1.314062476158140100e+02,5.341337993741040319e-02,-9.050000762939448862e+01,-7.535213470458980112e+01,9.879687881469720878e+01,2.198844099814030104e-02,8.715149999999999864e+01,1.684659242137400148e-01,7.715000000000009350e-02,1.147427181402499841e+01,1.331955000000000000e+00,-3.900000000000000000e+01,1.328850000000000087e+00,3.203125381469730115e+01,1.100000000000000000e+02,1.328304999999999847e+00,-2.537500190734860084e+01,1.371179999999999843e+00,-5.015625000000000000e+01,2.593776671351129881e+00
1.842391360000000020e+02,1.670088618993760008e+02,1.218292117118840168e-01,-9.231250762939448862e+01,-7.266383361816409092e+01,9.649219322204589844e+01,3.021966271180390184e-01,1.550500000000000078e+01,5.444772344013489723e-02,2.750000000000010075e-02,6.449532408900348912e+01,1.091620000000000035e+00,-6.253125381469729405e+01,1.090879999999999850e+00,2.959375000000000000e+01,8.000000000000000000e+01,1.090520000000000156e+00,-4.531250000000000000e+01,1.091660000000000075e+00,-6.259375000000000000e+01,1.560395453561070012e+00
1.243467040000000026e+02,9.687492251396179199e+01,6.895841658115389738e-02,-8.071875762939450283e+01,-6.954286193847660513e+01,8.735156488418579102e+01,4.560178132402769539e-04,7.462166666666669812e+01,1.964285485476869597e-01,4.077499999999999875e-02,1.340093359837399944e+01,1.659690000000000110e+00,-5.453125381469729405e+01,1.655229999999999979e+00,2.150000000000000000e+01,2.099999847412110228e+02,1.654815000000000147e+00,-3.300000000000000000e+01,1.663049999999999917e+00,-5.687500000000000000e+01,3.410617983539089515e+00
1.764254559999999969e+02,1.646874696016309940e+02,2.209536917507649856e-02,-9.962500762939448862e+01,-7.064434051513670454e+01,8.669375419616699219e+01,1.872839633515650110e-02,9.038749999999980744e+00,1.472364716746030089e+00,5.955000000000150277e-03,1.106347669755219982e+02,1.031154999999999822e+00,-6.015625381469729405e+01,1.030540000000000012e+00,2.200000190734860084e+01,2.900000000000000000e+02,1.030270000000000019e+00,-3.203125381469730115e+01,1.031179999999999986e+00,-6.025000381469729405e+01,1.263915584515770130e+00
1.632187199999999905e+02,1.098438650369639902e+02,3.443189710378650320e-02,-9.856250000000000000e+01,-7.512135314941409092e+01,7.967500495910650216e+01,1.524761457311469854e-03,9.516844660194170302e+00,1.441685624198959959e+00,8.925000000000070030e-03,1.050768438180640061e+02,1.037139999999999951e+00,-5.881250381469729405e+01,1.036364999999999981e+00,5.187500476837159979e+00,2.400000152587889772e+02,1.035979999999999901e+00,-3.425000381469730115e+01,1.037185000000000024e+00,-5.896875381469729405e+01,1.091131956140320103e+00
1.529704800000000091e+02,1.043749973177909993e+02,1.218014582991600037e-02,-9.103125000000000000e+01,-7.916917419433590908e+01,8.853125286102290659e+01,1.752172916246860085e-02,7.590375000000000227e+01,1.399999826365520006e-01,4.104499999999999815e-02,1.317457964856809838e+01,1.294615000000000071e+00,-5.750000000000000000e+01,1.288429999999999964e+00,1.731250000000000000e+01,2.499999847412110228e+02,1.287920000000000176e+00,-4.118750381469730115e+01,1.298405000000000031e+00,-5.900000381469729405e+01,4.183802992299500367e+00
1.212025120000000129e+02,1.054686382412910035e+02,8.457379788160319933e-02,-9.187500000000000000e+01,-6.858792877197269888e+01,7.747500381469728836e+01,2.493727269835059948e-02,1.254176470588240200e+01,9.171686746987950389e-01,1.024000000000000084e-02,7.973359598517859581e+01,1.036764999999999937e+00,-5.250000381469729405e+01,1.036059999999999981e+00,1.562500000000000000e+01,2.700000000000000000e+02,1.035754999999999981e+00,-3.068750190734860084e+01,1.036815000000000042e+00,-5.259375381469729405e+01,1.228595352580449829e+00
2.263146399999999971e+02,1.046878844499589860e+02,2.331732586026189977e-02,-8.731250762939448862e+01,-7.213595581054690342e+01,1.006562538146969956e+02,2.758327210130230144e-03,1.257064102564100061e+01,5.422101449275360530e-01,6.735000000000160129e-03,7.955043803734808705e+01,1.033565000000000067e+00,-6.581250000000000000e+01,1.032785000000000064e+00,2.740625190734860084e+01,2.700000000000000000e+02,1.032469999999999999e+00,-3.253125000000000000e+01,1.033660000000000023e+00,-6.587500000000000000e+01,1.263677321539469878e+00
