2.518298675693010358e-01,7.010500000000000398e+01,9.007936741569380623e-02,1.083069999999999977e+00,5.659701666666669517e+00,1.025854000000000044e+00,-5.031250381469729405e+01,-5.082291793823240056e+01,-5.463750305175779687e+01,1.908667039999999986e+02,2.953500000000009937e-02,1.079695000000000071e+00,5.655206666666670046e+00,1.023478000000000110e+00,2.575000190734860084e+01,2.680208460489910038e+01,2.630000152587889772e+01,1.706250458955759939e+02,1.460912916809319929e-02,1.577570000000000139e+00,-7.520625457763669885e+01,1.500000000000000000e+02,1.158750000000000000e+02,7.800000000000000000e+02,1.079064999999999941e+00,5.654516666666669522e+00,1.022942999999999936e+00,-4.331250000000000000e+01,-3.868750254313150094e+01,-4.990000305175779260e+01,1.739329999999999821e+00,5.680376666666670182e+00,1.577570000000000139e+00,-5.578125381469729405e+01,-5.681250254313150094e+01,-7.520625457763669885e+01,2.842284646882269783e+00,2.538231304427669865e+00,2.919990298423759789e+00,-9.400000762939448862e+01,-7.534287261962890625e+01,8.093750457763670170e+01,1.426431780900079893e+01
2.380494592062479958e-02,6.402571428571428669e+01,1.929372369844910007e-01,1.156939999999999857e+00,4.254140000000000477e+00,1.024895000000000111e+00,-4.784375000000000000e+01,-4.934375254313150094e+01,-5.085937690734860439e+01,2.500779359999999940e+02,5.253999999999999643e-02,1.155279999999999863e+00,4.252426666666670130e+00,1.023525000000000018e+00,4.534375381469729405e+01,4.478125127156580021e+01,4.533593940734860439e+01,1.334373801946640015e+02,4.834824800491330232e-02,1.538510000000000044e+00,-8.119531250000000000e+01,1.100000000000000000e+02,8.079166666666669983e+01,0.000000000000000000e+00,1.154859999999999998e+00,4.251973333333330274e+00,1.023155000000000037e+00,-3.740625000000000000e+01,-3.642708460489910038e+01,-4.797656440734860439e+01,1.181860000000000133e+00,4.290980000000000238e+00,1.538510000000000044e+00,-5.243750381469729405e+01,-5.378125254313150094e+01,-8.119531250000000000e+01,3.569341883962680040e+00,3.426866315510870287e+00,4.018026021322389951e+00,-9.650000000000000000e+01,-8.059257507324220171e+01,9.619531631469720878e+01,1.561872461957250202e+01
2.601369536095700374e-02,8.425272727272729867e+01,1.746212138420280002e-01,1.199999999999999956e+00,8.543793333333340456e+00,1.025739999999999874e+00,-4.690625000000000000e+01,-4.691666793823240056e+01,-5.382500152587889630e+01,1.622254719999999963e+02,4.248000000000010101e-02,1.197500000000000009e+00,8.541313333333329538e+00,1.023671999999999915e+00,3.337500381469730115e+01,3.734375000000000000e+01,3.590000228881839917e+01,1.601562798023220182e+02,1.646226495504380105e-01,1.117364000000000024e+00,-7.680000457763669885e+01,1.700000000000000000e+02,1.880000000000000000e+02,0.000000000000000000e+00,1.196839999999999904e+00,8.540633333333330413e+00,1.023168000000000077e+00,-3.365625000000000000e+01,-3.206250063578289655e+01,-4.653125152587889346e+01,1.222539999999999960e+00,8.572226666666669104e+00,1.117364000000000024e+00,-4.803125000000000000e+01,-4.970833460489910038e+01,-7.680000457763669885e+01,2.459218383082829806e+00,2.379273395075169883e+00,2.887258532724080062e+00,-9.396875762939448862e+01,-7.633598327636720171e+01,8.972500381469730257e+01,1.186905198644769932e+01
1.740345249656249926e-01,1.243866666666669971e+02,1.119047657108080268e-01,1.112200000000000077e+00,4.039653333333330210e+00,1.025138749999999987e+00,-5.031250000000000000e+01,-4.970833333333330017e+01,-5.267187500000000000e+01,3.648855040000000258e+02,4.412499999999999756e-02,1.109215000000000062e+00,4.037423333333330255e+00,1.023407500000000026e+00,3.853125000000000000e+01,4.283333333333330017e+01,4.233593750000000000e+01,1.699998825788499914e+02,1.293190848082300011e-02,1.636306250000000073e+00,-7.905468940734859018e+01,1.300000000000000000e+02,7.541666666666669983e+01,8.800000000000000000e+02,1.108820000000000139e+00,4.037024999999999864e+00,1.023051249999999968e+00,-3.621875000000000000e+01,-3.663541793823240056e+01,-4.803906440734860439e+01,1.124020000000000019e+00,4.061916666666669506e+00,1.636306250000000073e+00,-5.453125000000000000e+01,-5.708333460489910038e+01,-7.905468940734859018e+01,4.147379154909639709e+00,3.881639455858359788e+00,4.296803327006480266e+00,-9.665625762939448862e+01,-7.852914428710940342e+01,9.500781250000000000e+01,8.039446886054220087e+00
4.111278319527669756e-02,1.260371428571429959e+02,1.864341226904069893e-01,1.161980000000000013e+00,6.789966666666670037e+00,1.024799999999999933e+00,-4.337500000000000000e+01,-4.228125254313150094e+01,-4.885625228881839632e+01,1.216291840000000093e+02,8.262000000000009614e-02,1.159660000000000135e+00,6.787660000000000693e+00,1.022991999999999901e+00,3.856250381469730115e+01,4.216666793823240056e+01,4.403125152587889346e+01,1.143750771880149983e+02,8.308210410177709407e-03,1.647675999999999918e+00,-7.433750610351559374e+01,1.100000000000000000e+02,1.442083333333330017e+02,9.000000000000000000e+02,1.159120000000000150e+00,6.787146666666670214e+00,1.022572000000000036e+00,-3.534375000000000000e+01,-3.252083333333330017e+01,-4.695625152587889772e+01,1.189100000000000046e+00,6.821519999999999584e+00,1.647675999999999918e+00,-4.843750381469729405e+01,-4.994791793823240056e+01,-7.433750610351559374e+01,3.416107391828629769e+00,3.597757875527059834e+00,4.598513502340179748e+00,-8.796875000000000000e+01,-7.480862426757809658e+01,9.288750381469729689e+01,7.934169065808259091e+00
4.555039571203069876e-02,9.407200000000000273e+01,2.083333386796880071e-01,1.273519999999999985e+00,6.035826666666669560e+00,1.025333333333330099e+00,-5.250000381469729405e+01,-5.445833460489910038e+01,-5.791667048136389440e+01,2.647985279999999761e+02,5.872000000000009851e-02,1.271619999999999973e+00,6.034040000000000070e+00,1.023546666666669935e+00,4.650000000000000000e+01,4.783333587646479401e+01,4.364583714803060843e+01,1.491518616676329998e+02,1.280240118503570002e-01,1.083333333333329929e+00,-7.356250000000000000e+01,1.500000000000000000e+02,1.253333307902020124e+02,5.800000000000000000e+02,1.271179999999999977e+00,6.033566666666669853e+00,1.023153333333330028e+00,-3.403125381469730115e+01,-3.642708587646479401e+01,-4.433333460489910038e+01,1.279719999999999969e+00,6.045880000000000365e+00,1.083333333333329929e+00,-5.303125000000000000e+01,-5.592708460489910038e+01,-7.356250254313150094e+01,2.832993053541899897e+00,2.711660036424589748e+00,2.661199136013870259e+00,-8.953125762939448862e+01,-7.301085662841799717e+01,1.015625076293950144e+02,1.063015562547839998e+01
1.291978713101260001e-01,5.059250000000000114e+01,1.235294035670300022e-01,1.081784999999999997e+00,4.660268333333330126e+00,1.029433000000000042e+00,-4.965625381469729405e+01,-4.795833460489910038e+01,-5.955625305175779260e+01,1.825004800000000103e+02,3.008000000000009971e-02,1.077925000000000022e+00,4.655920000000000059e+00,1.023451000000000111e+00,2.959375000000000000e+01,3.385416920979820077e+01,3.817500228881839774e+01,1.240624636411669854e+02,1.503599993884559977e-02,1.349609000000000059e+00,-8.046875305175778692e+01,1.900000000000000000e+02,9.087500000000000000e+01,3.440000244140630343e+02,1.077370000000000161e+00,4.655391666666670147e+00,1.023015999999999925e+00,-3.750000000000000000e+01,-3.579166793823240056e+01,-4.928750152587889488e+01,1.094279999999999919e+00,4.695776666666669819e+00,1.349609000000000059e+00,-5.418750381469729405e+01,-5.502083714803060843e+01,-8.046875305175778692e+01,3.889572610198029690e+00,3.998154498952959823e+00,4.766592250740449899e+00,-9.471875762939448862e+01,-8.037044525146480112e+01,9.773125534057621167e+01,1.976577555961850052e+01
1.105057789763399939e-01,9.043500000000000227e+01,1.218390804597700022e-01,1.196729999999999849e+00,3.467980000000000285e+00,1.025331250000000027e+00,-4.793750000000000000e+01,-4.865625000000000000e+01,-5.061718940734860439e+01,1.603899519999999939e+02,5.537000000000009969e-02,1.193860000000000143e+00,3.465450000000000141e+00,1.023503749999999934e+00,3.590625000000000000e+01,3.753125000000000000e+01,3.729687500000000000e+01,1.868750005960459930e+02,2.029181458055969930e-02,1.822483749999999958e+00,-7.489843940734859018e+01,9.000000000000000000e+01,6.112500000000000000e+01,8.300000000000000000e+02,1.193379999999999885e+00,3.464980000000000171e+00,1.023091250000000008e+00,-3.356250000000000000e+01,-3.368750381469730115e+01,-4.309375000000000000e+01,1.225110000000000143e+00,3.491280000000000161e+00,1.822483749999999958e+00,-5.440625000000000000e+01,-5.500000000000000000e+01,-7.489843940734859018e+01,3.142356624220600025e+00,3.030679994747250028e+00,3.401117845816500118e+00,-9.568750000000000000e+01,-7.524223327636720171e+01,8.791406440734859018e+01,1.105766572676509796e+01
2.465439523045639958e-02,7.340500000000000114e+01,1.733333453168769966e-01,1.429860000000000131e+00,4.920113333333330452e+00,1.026520000000000099e+00,-5.071875000000000000e+01,-4.922916920979820077e+01,-5.365625381469729405e+01,1.175475360000000080e+02,7.042000000000009363e-02,1.425740000000000007e+00,4.916286666666669802e+00,1.023479999999999945e+00,3.534375000000000000e+01,4.359375381469729405e+01,3.065625190734860084e+01,1.504688262939449999e+02,6.300877034664149889e-02,1.536120000000000152e+00,-7.525000762939450283e+01,1.100000000000000000e+02,9.737500000000000000e+01,8.300000000000000000e+02,1.425240000000000062e+00,4.915826666666669453e+00,1.023060000000000080e+00,-4.390625381469729405e+01,-4.262500127156579310e+01,-4.171875000000000000e+01,1.467779999999999863e+00,4.959786666666669674e+00,1.536120000000000152e+00,-5.840625381469729405e+01,-5.662500254313150094e+01,-7.525000762939450283e+01,4.761416832344940175e+00,5.427357025815389591e+00,3.906443558575110053e+00,-9.031250000000000000e+01,-7.470026397705079546e+01,8.431250572204591265e+01,1.362305020093999808e+01
2.888582889777029927e-01,1.477899999999999920e+02,1.621387283236990218e-01,1.051765000000000061e+00,3.580725000000000158e+00,1.030045000000000099e+00,-4.918750000000000000e+01,-4.781250381469729405e+01,-5.456250000000000000e+01,1.120697120000000098e+02,1.549000000000000030e-02,1.046834999999999960e+00,3.574769999999999559e+00,1.023510000000000142e+00,3.300000000000000000e+01,4.240625000000000000e+01,4.321875000000000000e+01,5.828128755092620139e+01,4.987905919551850059e-02,1.085429999999999895e+00,-6.453125000000000000e+01,1.900000000000000000e+02,6.387500381469729405e+01,0.000000000000000000e+00,1.046235000000000026e+00,3.574180000000000135e+00,1.023039999999999949e+00,-4.034375000000000000e+01,-3.459375000000000000e+01,-4.250000000000000000e+01,1.057574999999999932e+00,3.593094999999999928e+00,1.085429999999999895e+00,-5.087500000000000000e+01,-5.115625381469729405e+01,-6.453125000000000000e+01,5.261166177255299559e+00,5.386439982349759070e+00,5.949575445744830660e+00,-7.090625000000000000e+01,-6.357558441162110086e+01,9.778125000000000000e+01,6.766357669666420271e+00
1.459375685663439996e-02,6.334607142857139905e+01,1.823616583748219888e-01,1.502145000000000064e+00,3.261858333333329973e+00,1.025905999999999985e+00,-4.896875000000000000e+01,-5.005208460489910038e+01,-5.595625076293950428e+01,1.999013759999999991e+02,6.211000000000010263e-02,1.499029999999999863e+00,3.259078333333329969e+00,1.023720999999999881e+00,3.606250000000000000e+01,3.826041666666669983e+01,3.583749999999999858e+01,2.106249928474429964e+02,2.835232019424439587e-01,1.144104000000000010e+00,-6.918125000000000568e+01,5.999999618530270595e+01,5.595833206176759944e+01,6.600000000000000000e+02,1.498399999999999954e+00,3.258484999999999854e+00,1.023236000000000034e+00,-3.856250381469730115e+01,-3.820833460489910038e+01,-4.471249999999999858e+01,1.549614999999999965e+00,3.300293333333330192e+00,1.144104000000000010e+00,-5.471875000000000000e+01,-5.362500000000000000e+01,-6.918125000000000568e+01,3.329152407640919797e+00,3.284573301834660342e+00,2.986335357226569620e+00,-9.118750000000000000e+01,-6.850262451171879263e+01,9.179375076293949576e+01,1.578629862039030129e+01
2.298750444123310102e-02,4.326954545454550072e+01,2.760937500000000266e-01,1.249414999999999942e+00,4.020861666666669443e+00,1.025061000000000000e+00,-4.887500381469729405e+01,-5.034375127156580021e+01,-5.121250152587889914e+01,1.590146719999999902e+02,3.683999999999999775e-02,1.247484999999999955e+00,4.019286666666669561e+00,1.023392000000000079e+00,2.028125190734860084e+01,2.936458460489910038e+01,2.098750076293950073e+01,1.806250065565110106e+02,4.294903203845019946e-02,1.352554000000000034e+00,-7.882500610351559089e+01,5.000000000000000000e+01,7.495833333333330017e+01,6.700000000000000000e+02,1.247009999999999952e+00,4.018838333333330404e+00,1.022978000000000165e+00,-3.565625000000000000e+01,-3.791666793823240056e+01,-4.481875076293950144e+01,1.349964999999999860e+00,4.055708333333329918e+00,1.352554000000000034e+00,-5.809375381469729405e+01,-5.429166666666669983e+01,-7.882500610351559089e+01,2.297300406488580027e+00,2.575317839331099812e+00,2.570409582730910358e+00,-1.009687576293950144e+02,-7.875450897216799717e+01,7.220000228881841053e+01,2.311094303152539808e+01
3.484830499654909680e-02,8.159199999999999875e+01,2.131469962295060305e-01,1.163810000000000011e+00,4.854223333333330004e+00,1.025113750000000046e+00,-4.675000000000000000e+01,-4.930208333333330017e+01,-5.254687500000000000e+01,1.307690560000000062e+02,6.443000000000000116e-02,1.161440000000000028e+00,4.852005000000000123e+00,1.023388750000000069e+00,3.568750381469730115e+01,3.926041920979820077e+01,4.100000000000000000e+01,1.393751204013820200e+02,6.306068599224090576e-02,1.439220000000000166e+00,-7.933594131469729405e+01,2.100000000000000000e+02,9.574999745686849906e+01,1.170000000000000000e+03,1.160979999999999901e+00,4.851575000000000415e+00,1.023016249999999960e+00,-3.206250000000000000e+01,-3.209375063578289655e+01,-4.617187690734860439e+01,1.175579999999999847e+00,4.878158333333329821e+00,1.439220000000000166e+00,-4.971875381469729405e+01,-5.415625381469729405e+01,-7.933594131469729405e+01,3.131976018819430330e+00,3.055194255811390480e+00,3.454570880335559924e+00,-9.600000000000000000e+01,-7.993103790283200283e+01,9.354687500000000000e+01,1.225610353956269982e+01
4.810194661666279681e-02,7.612166666666669812e+01,1.895565323538239699e-01,1.228134999999999977e+00,3.435723333333330132e+00,1.025314999999999976e+00,-5.000000000000000000e+01,-4.943750127156580021e+01,-5.168750254313150094e+01,1.659772639999999910e+02,5.080500000000000294e-02,1.225324999999999998e+00,3.433288333333329945e+00,1.023386666666669997e+00,3.609375381469730115e+01,4.246875254313150094e+01,4.115625254313150094e+01,1.810937523841859900e+02,4.095017164945600335e-02,1.495696666666669783e+00,-8.329166920979820077e+01,1.100000000000000000e+02,6.033333333333330017e+01,9.200000000000000000e+02,1.224874999999999936e+00,3.432866666666670064e+00,1.023006666666669950e+00,-3.384375381469730115e+01,-3.489583333333330017e+01,-4.815625254313150094e+01,1.246990000000000043e+00,3.462698333333330325e+00,1.495696666666669783e+00,-5.734375000000000000e+01,-5.669791920979820077e+01,-8.329166920979820077e+01,3.133344297308319870e+00,3.525713435239560045e+00,3.852868252760619949e+00,-1.000312576293950144e+02,-8.233110046386720171e+01,9.284375508626300189e+01,1.313686423050819840e+01
1.483468358050520075e-02,6.679428571428570649e+01,1.880999158012910122e-01,1.154760000000000009e+00,3.231289999999999996e+00,1.025079999999999991e+00,-5.150000381469729405e+01,-5.206250381469729405e+01,-5.406250381469729405e+01,2.008235200000000020e+02,4.921999999999999986e-02,1.152439999999999909e+00,3.229090000000000238e+00,1.023433333333330086e+00,4.478125381469729405e+01,4.665625381469729405e+01,4.598958714803060843e+01,1.889063268899919876e+02,1.762098260223870019e-02,1.417666666666669739e+00,-7.618750508626300189e+01,7.000000000000000000e+01,5.518750000000000000e+01,7.600000000000000000e+02,1.152039999999999953e+00,3.228690000000000282e+00,1.023079999999999989e+00,-3.909375000000000000e+01,-3.785937690734859729e+01,-4.716667048136389440e+01,1.171279999999999877e+00,3.253099999999999881e+00,1.417666666666669739e+00,-5.809375381469729405e+01,-5.943750381469729405e+01,-7.618750508626300189e+01,3.891808968422469928e+00,4.101493955553690007e+00,4.113861819667300246e+00,-9.603125762939448862e+01,-7.509128570556640625e+01,1.000520909627280020e+02,1.497134057661050122e+01
6.298839534411980468e-02,8.417499999999999716e+01,1.113235431044160006e-01,1.150560000000000027e+00,4.869259999999999700e+00,1.025128000000000039e+00,-4.753125000000000000e+01,-4.873958587646479401e+01,-5.365000305175779260e+01,1.817187999999999874e+02,4.478000000000000036e-02,1.147720000000000073e+00,4.867259999999999920e+00,1.023336000000000023e+00,3.840625381469730115e+01,4.027083460489910038e+01,4.498750152587889772e+01,1.504687517881390022e+02,1.963367313146590146e-02,1.636215999999999893e+00,-7.559375305175778692e+01,1.300000000000000000e+02,9.616666666666669983e+01,6.800000000000000000e+02,1.147299999999999986e+00,4.866853333333330589e+00,1.023015999999999925e+00,-3.384375381469730115e+01,-3.412500381469730115e+01,-4.727500381469729263e+01,1.165699999999999958e+00,4.893966666666670129e+00,1.636215999999999893e+00,-5.487500000000000000e+01,-5.579167048136389440e+01,-7.559375305175778692e+01,3.801986928723600112e+00,3.579073475618279598e+00,4.254835049342760023e+00,-9.256250762939448862e+01,-7.528813171386720171e+01,9.863750457763670454e+01,1.188001188001189945e+01
1.479995279624890005e-02,9.207399999999999807e+01,1.776712328767120208e-01,1.181159999999999988e+00,3.367926666666670066e+00,1.025052000000000074e+00,-4.584375381469729405e+01,-4.714583587646479401e+01,-5.170000228881839632e+01,2.145228960000000029e+02,4.876000000000010187e-02,1.178500000000000103e+00,3.365713333333330226e+00,1.023368000000000055e+00,4.556250381469729405e+01,4.855208333333330017e+01,4.592500152587889772e+01,1.640625298023220182e+02,2.195701003074650159e-01,1.105444000000000093e+00,-7.053750152587890909e+01,7.000000000000000000e+01,5.862500000000000000e+01,7.200000000000000000e+02,1.178080000000000016e+00,3.365299999999999958e+00,1.023028000000000048e+00,-3.809375381469730115e+01,-3.869791793823240056e+01,-4.530625152587889914e+01,1.237079999999999957e+00,3.430606666666669913e+00,1.105444000000000093e+00,-5.728125381469729405e+01,-5.640625254313150094e+01,-7.053750152587890909e+01,4.059994600394709607e+00,4.121745378888520328e+00,4.017244324606600081e+00,-8.709375762939448862e+01,-6.936298370361329546e+01,9.762500381469730826e+01,1.086082933292789932e+01
2.226991003192030014e-02,5.982033333333330205e+01,2.130719054789719791e-01,1.136889999999999956e+00,3.868641666666669643e+00,1.024974999999999969e+00,-4.925000381469729405e+01,-5.054167048136389440e+01,-5.192500305175779118e+01,1.805672639999999944e+02,5.286000000000010135e-02,1.135004999999999820e+00,3.866824999999999957e+00,1.023231999999999919e+00,3.631250000000000000e+01,3.821875127156579310e+01,3.761250228881839774e+01,1.817187219858169840e+02,2.955675870180130005e-02,1.612559999999999993e+00,-8.207500152587890341e+01,9.000000000000000000e+01,7.112499745686849906e+01,9.100000610351559089e+02,1.134624999999999995e+00,3.866460000000000008e+00,1.022882999999999987e+00,-3.893750000000000000e+01,-3.691666793823240056e+01,-4.625625228881839490e+01,1.153479999999999839e+00,3.907918333333330274e+00,1.612559999999999993e+00,-5.456250000000000000e+01,-5.740625254313150094e+01,-8.207500152587890341e+01,3.406229533968470058e+00,3.388868910992529848e+00,3.871704538906629800e+00,-1.005625076293950144e+02,-8.051889038085940342e+01,8.953750534057620314e+01,1.671672396788159887e+01
1.238071412555350054e-01,1.250533333333330006e+02,7.939560347121860095e-02,1.160290000000000044e+00,1.391790166666669926e+01,1.026057999999999915e+00,-4.828125381469729405e+01,-4.410416666666669983e+01,-5.175000152587889346e+01,9.892700800000000072e+01,6.914499999999999813e-02,1.154830000000000023e+00,1.391164333333330205e+01,1.023562000000000083e+00,3.290625381469730115e+01,2.172916793823239701e+01,3.553750228881839490e+01,1.026561334729190094e+02,1.251782663166520031e-02,1.096808000000000005e+00,-6.720624999999999716e+01,1.900000000000000000e+02,3.222500000000000000e+02,1.150000000000000000e+03,1.154285000000000005e+00,1.391086166666669932e+01,1.023090000000000055e+00,-3.550000000000000000e+01,-2.972916730244949690e+01,-5.075625228881839490e+01,1.183624999999999927e+00,1.393450833333330152e+01,1.096808000000000005e+00,-5.353125000000000000e+01,-4.942708587646479401e+01,-6.720624999999999716e+01,3.224920623888340110e+00,2.652842374991950081e+00,3.152200998284959699e+00,-7.625000000000000000e+01,-6.618363952636720171e+01,8.728750381469730257e+01,7.996588122401130150e+00
1.162827611686919997e-02,9.562444444444440705e+01,1.541403807591469888e-01,1.231894999999999962e+00,3.235578333333330114e+00,1.025500999999999996e+00,-4.693750381469729405e+01,-4.887500127156580021e+01,-5.133125228881839774e+01,1.500493600000000072e+02,7.503999999999999559e-02,1.229200000000000070e+00,3.232486666666670061e+00,1.023336000000000023e+00,4.634375000000000000e+01,4.557291666666669983e+01,4.760000152587889488e+01,1.932813674211500086e+02,9.754601120948790116e-02,1.480013000000000023e+00,-6.696250457763669317e+01,5.000000000000000000e+01,5.533333460489910038e+01,2.960000000000000000e+02,1.228820000000000023e+00,3.232086666666669661e+00,1.022991999999999901e+00,-3.675000000000000000e+01,-3.789583587646479401e+01,-4.461250228881839774e+01,1.270864999999999911e+00,3.273265000000000313e+00,1.480013000000000023e+00,-5.700000381469729405e+01,-5.735417048136389440e+01,-6.696250457763669317e+01,3.971131528500429830e+00,4.277983147372309780e+00,3.845563860438390158e+00,-8.709375762939448862e+01,-6.569949340820311079e+01,9.893125381469729973e+01,1.045757709558229998e+01
9.212098552724909406e-02,1.136706250000000011e+02,1.241706177153749924e-01,1.147385000000000099e+00,2.148020000000000262e+00,1.025400000000000089e+00,-4.303125381469729405e+01,-4.418750000000000000e+01,-4.687500381469729405e+01,2.538995359999999835e+02,4.587000000000009819e-02,1.143739999999999979e+00,2.144635000000000069e+00,1.023229999999999862e+00,3.100000190734860084e+01,3.950000000000000000e+01,3.525000000000000000e+01,3.312500119209290119e+02,1.422371566295619894e-01,1.181170000000000053e+00,-6.100000000000000000e+01,3.000000190734860084e+01,2.812500000000000000e+01,5.099999694824220455e+02,1.143049999999999899e+00,2.143994999999999873e+00,1.022695000000000132e+00,-3.434375381469730115e+01,-3.731250000000000000e+01,-4.218750000000000000e+01,1.197879999999999834e+00,2.215034999999999865e+00,1.181170000000000053e+00,-5.034375000000000000e+01,-5.287500000000000000e+01,-6.100000381469729405e+01,2.853447483180119981e+00,2.963429255864599821e+00,3.121933655574309796e+00,-1.018437500000000000e+02,-6.139517974853520599e+01,8.212500381469729405e+01,8.797347599698689180e+00
1.303708929475959899e-01,7.437000000000000455e+01,3.135435628311410150e-02,1.095520000000000049e+00,5.126453333333330420e+00,1.024866666666669923e+00,-4.778125000000000000e+01,-4.941666920979820077e+01,-5.167187754313150094e+01,2.170398079999999936e+02,4.106000000000010336e-02,1.093499999999999917e+00,5.124493333333330014e+00,1.023349999999999982e+00,4.028125000000000000e+01,4.438541793823240056e+01,4.589583460489910038e+01,1.346875429153440109e+02,2.972356416285040076e-02,1.587539999999999951e+00,-8.186979675292970171e+01,1.500000000000000000e+02,1.025000000000000000e+02,8.500000000000000000e+02,1.093099999999999961e+00,5.124093333333330058e+00,1.023020000000000040e+00,-3.615625381469730115e+01,-3.511458587646480112e+01,-4.657291920979820077e+01,1.105260000000000131e+00,5.146946666666670112e+00,1.587539999999999951e+00,-5.103125381469729405e+01,-5.459375127156580021e+01,-8.186979675292970171e+01,3.631511897708859848e+00,3.514419132949779812e+00,4.300414035751019881e+00,-9.659375000000000000e+01,-8.116104888916019888e+01,9.756771214803058001e+01,1.344628210299850046e+01
2.002460414887730078e-02,7.762272727272730322e+01,2.750000000000000222e-01,1.330675000000000052e+00,4.522973333333330181e+00,1.024868333333329939e+00,-4.090625000000000000e+01,-4.451041666666669983e+01,-4.719792048136389440e+01,1.167380320000000040e+02,7.896500000000020170e-02,1.327970000000000095e+00,4.521283333333330212e+00,1.023465000000000069e+00,2.325000000000000000e+01,4.255208460489910038e+01,3.103125127156580021e+01,1.829687505960459930e+02,1.058365311473609925e-02,1.488844999999999974e+00,-7.698958587646480112e+01,9.000000000000000000e+01,8.754166666666669983e+01,1.050000000000000000e+03,1.327490000000000059e+00,4.520903333333330387e+00,1.023121666666670038e+00,-3.206250000000000000e+01,-3.443750254313150094e+01,-3.547916920979820077e+01,1.370910000000000073e+00,4.556065000000000254e+00,1.488844999999999974e+00,-5.128125000000000000e+01,-5.227083587646479401e+01,-7.698958587646480112e+01,2.930297207109919810e+00,3.567383938528370102e+00,2.801447321188490491e+00,-9.503125762939448862e+01,-7.607048034667970171e+01,7.822917175292970171e+01,1.288282485214030082e+01
6.911170265207269847e-02,5.071500000000010289e+01,1.044776100388959961e-01,1.127835000000000143e+00,4.945843333333329817e+00,1.024610000000000021e+00,-4.556250381469729405e+01,-4.853125381469729405e+01,-5.079375152587889630e+01,1.511297600000000045e+02,4.086999999999999661e-02,1.125725000000000087e+00,4.944180000000000241e+00,1.023345999999999867e+00,4.365625381469729405e+01,4.507291666666669983e+01,4.885000228881839490e+01,1.667187064886090013e+02,1.191977038979529988e-02,1.752268999999999854e+00,-7.833125457763669885e+01,1.700000000000000000e+02,9.808333333333330017e+01,8.800000000000000000e+02,1.125354999999999883e+00,4.943839999999999790e+00,1.023044999999999982e+00,-2.746875190734860084e+01,-2.948958460489910038e+01,-4.413125152587889488e+01,1.139880000000000004e+00,4.968480000000000452e+00,1.752268999999999854e+00,-5.100000381469729405e+01,-5.426041920979820077e+01,-7.833125457763669885e+01,2.838597271460970184e+00,2.811908544452390135e+00,3.350548695935329668e+00,-9.434375000000000000e+01,-7.705005645751950283e+01,9.964375381469730542e+01,1.971803214039229957e+01
-1.928444975091599956e-01,4.857799999999999727e+02,1.209219853278090118e-01,1.069779999999999953e+00,7.204799999999999649e+00,1.025419999999999998e+00,-4.600000000000000000e+01,-4.323958714803060843e+01,-5.262500305175779403e+01,2.114747359999999787e+02,1.792000000000019966e-02,1.067600000000000104e+00,7.202906666666669899e+00,1.023539999999999894e+00,4.156250000000000000e+01,3.866666793823240056e+01,4.258125305175779829e+01,1.628124564886090013e+02,1.143226027488710023e-01,1.401140000000000052e+00,-7.606875457763669601e+01,2.100000000000000000e+02,1.545416615804039964e+02,6.000000000000000000e+02,1.067060000000000120e+00,7.202200000000000379e+00,1.023092000000000112e+00,-3.534375000000000000e+01,-3.220833460489910038e+01,-4.763750228881839632e+01,1.070100000000000051e+00,7.245053333333330237e+00,1.401140000000000052e+00,-4.625000000000000000e+01,-4.584375127156580021e+01,-7.606875610351559658e+01,2.831044116650559772e+00,2.317712604762290241e+00,3.164408634648709917e+00,-9.156250000000000000e+01,-7.544876861572269888e+01,9.520625610351558521e+01,2.058545020379600299e+00
4.049341528196349904e-02,4.771138888888890506e+01,3.182812776952980705e-01,1.096640000000000059e+00,3.289598333333330071e+00,1.024645000000000028e+00,-5.046875381469729405e+01,-4.887500127156580021e+01,-5.186719131469729405e+01,2.961191039999999930e+02,2.121000000000020091e-02,1.095069999999999988e+00,3.288030000000000452e+00,1.023390000000000022e+00,3.700000000000000000e+01,4.277083714803060133e+01,4.333593750000000000e+01,2.406249046325680183e+02,4.723348841071130233e-02,1.764768749999999997e+00,-8.203125381469729405e+01,1.100000000000000000e+02,5.670833079020179923e+01,6.700000000000000000e+02,1.094710000000000072e+00,3.287669999999999870e+00,1.023087499999999928e+00,-3.487500000000000000e+01,-3.320833587646480112e+01,-4.529687595367429509e+01,1.113254999999999884e+00,3.312233333333330254e+00,1.764768749999999997e+00,-5.578125381469729405e+01,-5.498958587646479401e+01,-8.203125381469729405e+01,2.864784586163290125e+00,2.928158195483059778e+00,3.450471040625660457e+00,-9.990625762939448862e+01,-8.144882965087890625e+01,9.520312881469730826e+01,2.095935631487939688e+01
9.791978649600950602e-02,6.715928571428570137e+01,2.000000782012970046e-02,1.058579999999999854e+00,3.304948333333330268e+00,1.025143333333329965e+00,-4.825000000000000000e+01,-4.906250127156580021e+01,-5.275000127156580021e+01,2.109648640000000057e+02,1.965000000000019856e-02,1.055900000000000061e+00,3.302934999999999732e+00,1.023521666666669994e+00,3.540625000000000000e+01,4.967708460489910038e+01,4.750000000000000000e+01,1.515624970197680170e+02,8.249158412218089709e-02,1.509028333333330085e+00,-7.327083333333330017e+01,1.900000000000000000e+02,5.704166793823240056e+01,0.000000000000000000e+00,1.055439999999999934e+00,3.302534999999999776e+00,1.023171666666669921e+00,-3.878125000000000000e+01,-3.760416793823240056e+01,-4.452083333333330017e+01,1.067870000000000097e+00,3.345611666666669759e+00,1.509028333333330085e+00,-5.059375381469729405e+01,-5.730208460489910038e+01,-7.327083333333330017e+01,3.661368321514550050e+00,4.160097290399559888e+00,4.001844553707210039e+00,-8.881250000000000000e+01,-7.139184570312500000e+01,1.002500012715660063e+02,1.488997372983209821e+01
1.039141875977979967e-01,1.533950000000000102e+02,6.835938215255449313e-02,1.170490000000000030e+00,5.680861666666669585e+00,1.026054999999999939e+00,-4.500000000000000000e+01,-4.557292048136389440e+01,-4.953906536102289948e+01,1.025521039999999999e+02,8.112500000000009981e-02,1.166895000000000016e+00,5.678063333333330576e+00,1.023511250000000095e+00,3.600000381469730115e+01,4.204166793823240056e+01,4.106250381469730115e+01,1.259375065565109963e+02,5.732418596744540129e-02,1.569379999999999997e+00,-7.889062690734859018e+01,1.500000000000000000e+02,1.164166692097979876e+02,1.320000000000000000e+03,1.166425000000000045e+00,5.677613333333329848e+00,1.023097499999999993e+00,-3.584375381469730115e+01,-3.652083460489910038e+01,-4.808594036102289948e+01,1.211189999999999989e+00,5.730414999999999814e+00,1.569379999999999997e+00,-5.468750381469729405e+01,-5.688542048136389440e+01,-7.889062690734859018e+01,3.952205152185260140e+00,3.786652679858680148e+00,4.018378694341690149e+00,-9.206250000000000000e+01,-7.810100555419920454e+01,9.060156917572020063e+01,6.519117311516018809e+00
2.959457651188450097e-02,7.389291666666669300e+01,1.988903277820729953e-01,1.088554999999999939e+00,4.620028333333330295e+00,1.025077000000000016e+00,-4.600000000000000000e+01,-4.762500381469729405e+01,-5.179375228881839632e+01,1.928594879999999989e+02,2.917500000000020077e-02,1.086540000000000061e+00,4.617856666666670051e+00,1.023429999999999840e+00,3.400000000000000000e+01,3.295833587646480112e+01,3.433750152587889914e+01,9.718738496303559771e+01,1.956605017185210349e-01,1.091026999999999969e+00,-7.148750610351559942e+01,1.400000000000000000e+02,8.991666666666669983e+01,8.700000000000000000e+02,1.086054999999999993e+00,4.617378333333330254e+00,1.023042000000000007e+00,-3.975000381469730115e+01,-3.754166920979820077e+01,-4.803125305175779403e+01,1.127299999999999969e+00,4.660248333333329995e+00,1.091026999999999969e+00,-5.600000000000000000e+01,-5.735416920979820077e+01,-7.148750610351559942e+01,3.163968627754439655e+00,3.004693414270640073e+00,3.394701057961950319e+00,-8.193750762939450283e+01,-7.070323944091799717e+01,8.613125381469730257e+01,1.353309688005730216e+01
2.695255329109699782e-02,8.188590909090909520e+01,1.800233644859810245e-01,1.548229999999999995e+00,3.153336666666669785e+00,1.026640999999999915e+00,-5.103125000000000000e+01,-4.862500127156580021e+01,-5.307500000000000284e+01,1.583609600000000057e+02,7.577500000000010616e-02,1.543555000000000010e+00,3.149668333333329961e+00,1.023596999999999868e+00,3.387500000000000000e+01,3.768750000000000000e+01,3.524375305175779971e+01,1.595312505960460214e+02,3.442747890949249961e-02,1.734425000000000106e+00,-8.038750457763670454e+01,5.000000000000000000e+01,5.320833333333330017e+01,0.000000000000000000e+00,1.542989999999999862e+00,3.149131666666669993e+00,1.023115999999999914e+00,-3.596875000000000000e+01,-3.543750127156579310e+01,-4.518750000000000000e+01,1.598324999999999996e+00,3.191461666666669750e+00,1.734425000000000106e+00,-6.043750000000000000e+01,-5.620833460489910038e+01,-8.038750457763670454e+01,4.084314447312979546e+00,4.132678700859710119e+00,4.261666877621880012e+00,-9.850000762939448862e+01,-7.968156433105470171e+01,8.831875305175779545e+01,1.221211330620760016e+01
2.059760489833039887e-01,6.965999999999999659e+01,6.785714285714289362e-02,1.133495000000000141e+00,4.001574999999999882e+00,1.025276000000000076e+00,-4.809375000000000000e+01,-5.100000000000000000e+01,-5.056250076293950002e+01,2.060432160000000010e+02,3.453999999999999432e-02,1.131379999999999830e+00,3.999561666666669790e+00,1.023422999999999972e+00,4.221875381469730115e+01,4.604167048136389440e+01,4.532500228881839632e+01,1.515625119209289835e+02,1.817192509770389902e-02,1.682618999999999865e+00,-7.777500152587890625e+01,1.300000000000000000e+02,7.445833333333330017e+01,1.800000000000000000e+02,1.130959999999999965e+00,3.999165000000000081e+00,1.023050999999999933e+00,-3.750000000000000000e+01,-3.948958333333330017e+01,-4.890625228881840059e+01,1.161810000000000009e+00,4.036908333333330212e+00,1.682618999999999865e+00,-5.262500381469729405e+01,-5.777083587646479401e+01,-7.777500152587890625e+01,3.621322830550770089e+00,3.583696737314479908e+00,3.892662528246329856e+00,-9.196875000000000000e+01,-7.665181732177730112e+01,9.588750305175790345e+01,1.435544071202989969e+01
2.239810149936249939e-02,8.502454545454540380e+01,1.029761956284099972e-01,1.136185000000000000e+00,6.097219166666669743e+00,1.026762000000000175e+00,-4.887500000000000000e+01,-4.919791730244950401e+01,-5.362500152587889346e+01,1.649297919999999920e+02,5.886500000000020189e-02,1.131974999999999953e+00,6.092438333333330291e+00,1.023392999999999997e+00,3.168750190734860084e+01,3.215625190734859729e+01,3.313125076293950144e+01,1.396875381469729973e+02,2.987607195973399424e-02,1.087439999999999962e+00,-6.531875305175779545e+01,1.300000000000000000e+02,1.267916666666669983e+02,5.680000000000000000e+02,1.131395000000000151e+00,6.091854166666669457e+00,1.022911000000000126e+00,-3.828125000000000000e+01,-3.766145896911620383e+01,-4.545000076293950286e+01,1.148295000000000066e+00,6.122124166666670142e+00,1.087439999999999962e+00,-5.215625000000000000e+01,-5.541145833333330017e+01,-6.531875305175779545e+01,3.987668408978270129e+00,3.942256725568929809e+00,4.055641642941720804e+00,-7.962500000000000000e+01,-6.383806610107419743e+01,8.675625228881840201e+01,1.176130956835990027e+01
6.075358152628099889e-02,8.607600000000000762e+01,2.370575264804930249e-01,1.251504999999999868e+00,3.050853333333330308e+00,1.024106249999999996e+00,-4.178125000000000000e+01,-4.398958587646479401e+01,-4.855468940734860439e+01,8.884118399999999838e+01,6.139500000000010227e-02,1.250054999999999916e+00,3.049440000000000150e+00,1.023001250000000084e+00,4.300000000000000000e+01,4.367708460489910038e+01,4.432031440734860439e+01,1.636717766523360069e+02,4.315179958939550225e-02,1.567786249999999937e+00,-6.565625381469729405e+01,5.000000000000000000e+01,5.070833206176759944e+01,5.800000000000000000e+02,1.249710000000000099e+00,3.049103333333329946e+00,1.022725000000000106e+00,-3.006250190734860084e+01,-3.154166857401530422e+01,-4.310156536102289948e+01,1.292135000000000034e+00,3.080108333333330339e+00,1.567786249999999937e+00,-5.162500381469729405e+01,-5.102083460489910038e+01,-6.565625381469729405e+01,2.639077188470839719e+00,2.729702318289279894e+00,3.381707107045379690e+00,-8.365625000000000000e+01,-6.478707885742188921e+01,9.287500381469720878e+01,1.161764022491749948e+01
1.228064227244510080e-02,9.565777777777780955e+01,1.700000000000000122e-01,1.424900000000000055e+00,3.939166666666670036e+00,1.026452000000000142e+00,-4.731250000000000000e+01,-4.972916920979820077e+01,-5.228750228881839490e+01,1.391901119999999992e+02,9.049999999999999711e-02,1.420500000000000096e+00,3.935853333333330095e+00,1.023460000000000036e+00,2.187500190734860084e+01,3.426041793823240056e+01,2.488125076293950144e+01,1.499998420476910042e+02,1.837975345551970049e-02,1.236256000000000022e+00,-6.935625305175778976e+01,7.000000000000000000e+01,7.287500000000000000e+01,1.120000000000000000e+02,1.419920000000000071e+00,3.935380000000000322e+00,1.023047999999999957e+00,-4.237500381469730115e+01,-4.536458714803060843e+01,-4.420000305175779687e+01,1.458660000000000068e+00,3.973926666666669938e+00,1.236256000000000022e+00,-5.600000000000000000e+01,-5.797917048136389440e+01,-6.935625305175778976e+01,5.076477734662169894e+00,5.069481426254579759e+00,3.992478963548069526e+00,-8.531250000000000000e+01,-6.837887573242188921e+01,7.716875305175790345e+01,1.045393300190490038e+01
3.886834551167459711e-02,6.533071428571429351e+01,1.943371444612019827e-01,1.110740000000000061e+00,3.936749999999999972e+00,1.025042000000000009e+00,-4.896875000000000000e+01,-5.111458587646479401e+01,-5.324375305175779260e+01,1.956396959999999865e+02,3.920000000000010282e-02,1.108964999999999979e+00,3.934915000000000163e+00,1.023262999999999812e+00,4.362500000000000000e+01,4.545833587646479401e+01,4.268750305175780113e+01,1.865624636411669997e+02,3.073611482977869902e-02,1.680026999999999937e+00,-7.843125305175779260e+01,9.000000000000000000e+01,7.287500000000000000e+01,5.099999694824220455e+02,1.108559999999999990e+00,3.934515000000000207e+00,1.022913999999999879e+00,-3.984375381469730115e+01,-4.184375000000000000e+01,-4.681250000000000000e+01,1.126630000000000020e+00,3.972325000000000106e+00,1.680026999999999937e+00,-5.240625000000000000e+01,-5.556250254313150094e+01,-7.843125305175779260e+01,3.781917912731729725e+00,4.183545426866099426e+00,4.054412709540040183e+00,-9.828125762939448862e+01,-7.752335357666019888e+01,9.593125610351559374e+01,1.530673605720349961e+01
2.998972239328370065e-02,5.792718750000000227e+01,2.117214199468769875e-01,1.154949999999999921e+00,2.679600000000000204e+00,1.025295000000000067e+00,-4.165625381469730115e+01,-4.281250381469730115e+01,-5.007812881469729405e+01,3.067401600000000030e+02,3.646999999999999548e-02,1.152500000000000080e+00,2.677690000000000126e+00,1.023590000000000000e+00,1.893750000000000000e+01,2.746875190734860084e+01,2.084375095367429864e+01,1.921871155500409998e+02,8.138301223516460070e-02,1.813107500000000094e+00,-7.598437881469729405e+01,8.000000000000000000e+01,4.137500000000000000e+01,0.000000000000000000e+00,1.151954999999999840e+00,2.677179999999999893e+00,1.023150000000000004e+00,-3.237500000000000000e+01,-3.300000000000000000e+01,-4.107812500000000000e+01,1.186025000000000107e+00,2.720895000000000064e+00,1.813107500000000094e+00,-5.068750381469729405e+01,-5.390625000000000000e+01,-7.598437881469729405e+01,2.461174450816059789e+00,2.518008565412150013e+00,2.432293308725100189e+00,-9.771875000000000000e+01,-7.335465240478519888e+01,7.092187976837159624e+01,1.726305113639429933e+01
2.060661072172700198e-02,7.223230769230769965e+01,1.919491525423730194e-01,1.364639999999999853e+00,4.421973333333330203e+00,1.024953333333330052e+00,-4.996875381469729405e+01,-5.088541920979820077e+01,-5.262500381469729405e+01,1.578719360000000052e+02,5.544000000000019746e-02,1.362500000000000044e+00,4.420053333333330059e+00,1.023246666666669968e+00,4.375000381469729405e+01,4.044791793823240056e+01,4.189583587646479401e+01,1.524999737739559862e+02,7.934711873531340165e-02,1.686053333333330073e+00,-7.608333841959640154e+01,7.000000000000000000e+01,8.500000000000000000e+01,8.700000000000000000e+02,1.362119999999999997e+00,4.419626666666669479e+00,1.022886666666670052e+00,-3.981250000000000000e+01,-3.953125254313150094e+01,-4.705208714803060843e+01,1.434719999999999995e+00,4.461706666666669818e+00,1.686053333333330073e+00,-6.193750381469729405e+01,-5.969791920979820077e+01,-7.608333841959640154e+01,3.807438090712379708e+00,3.642956705710660437e+00,4.091511846910290018e+00,-9.178125000000000000e+01,-7.559310913085940342e+01,9.452083969116209516e+01,1.384422057038190168e+01
2.842416112151690058e-02,9.660444444444441103e+01,1.006732263076130091e-01,1.366859999999999964e+00,9.738386666666670521e+00,1.025754999999999972e+00,-4.618750000000000000e+01,-4.647916920979820077e+01,-4.993750286102289948e+01,1.234847679999999883e+02,7.058000000000010099e-02,1.364300000000000068e+00,9.736039999999999139e+00,1.023525000000000018e+00,4.228125000000000000e+01,4.511458587646479401e+01,4.085937690734859729e+01,7.265632599592210283e+01,5.174235999584200080e-02,1.608950000000000102e+00,-8.479687690734859018e+01,2.100000000000000000e+02,2.178749898274739962e+02,1.410000000000000000e+03,1.363779999999999992e+00,9.735519999999999285e+00,1.023050000000000015e+00,-4.009375381469730115e+01,-4.027083460489910038e+01,-4.578906536102289948e+01,1.406800000000000050e+00,9.781033333333340352e+00,1.608950000000000102e+00,-5.550000381469729405e+01,-5.415625254313150094e+01,-8.479687690734859018e+01,3.742841686337159857e+00,3.997446357207610212e+00,3.760712342760780036e+00,-9.287500000000000000e+01,-8.411875152587890625e+01,9.079687976837151098e+01,1.035149061464849929e+01
2.581769057207020102e-01,1.047916666666669983e+02,-3.380523009681429998e-03,1.189130000000000020e+00,5.958838333333329906e+00,1.026841249999999928e+00,-4.600000000000000000e+01,-4.561458587646479401e+01,-5.202344036102289948e+01,1.536320639999999855e+02,6.184000000000010322e-02,1.182529999999999859e+00,5.953921666666669665e+00,1.023523750000000065e+00,2.400000000000000000e+01,2.429166793823239701e+01,3.240625095367430220e+01,1.541071087121960090e+02,7.593753188848499647e-02,1.352082500000000076e+00,-7.889843750000000000e+01,1.100000000000000000e+02,1.233333307902020124e+02,4.600000000000000000e+02,1.181850000000000067e+00,5.953228333333330013e+00,1.023052499999999920e+00,-3.193750190734860084e+01,-3.060416793823239701e+01,-4.911718940734860439e+01,1.236585000000000045e+00,5.989438333333330533e+00,1.352082500000000076e+00,-5.615625000000000000e+01,-5.258333460489910038e+01,-7.889843750000000000e+01,3.139299325452149958e+00,2.898329732569289607e+00,3.893947434883159975e+00,-9.462500000000000000e+01,-7.855315399169920454e+01,8.442969131469719457e+01,9.542743538767359368e+00
1.172673005408760016e-01,6.790333333333339283e+01,2.026515146392089961e-01,1.088834999999999997e+00,6.533826666666669780e+00,1.025068749999999973e+00,-4.878125000000000000e+01,-5.000000127156580021e+01,-5.346875000000000000e+01,1.533951679999999840e+02,3.395499999999999907e-02,1.086475000000000080e+00,6.531208333333330174e+00,1.023367499999999986e+00,3.218750000000000000e+01,3.213541857401530422e+01,3.925000000000000000e+01,1.362500786781310183e+02,6.840926595032220323e-03,1.770717499999999944e+00,-7.041406440734859018e+01,2.100000000000000000e+02,1.377916641235350141e+02,4.000000000000000000e+02,1.086029999999999829e+00,6.530728333333330582e+00,1.023025000000000073e+00,-3.393750000000000000e+01,-3.430208333333330017e+01,-4.899218845367429509e+01,1.098494999999999999e+00,6.550864999999999938e+00,1.770717499999999944e+00,-5.121875000000000000e+01,-5.503125127156580021e+01,-7.041406440734859018e+01,3.266752977409120184e+00,2.822668597470529672e+00,3.796149399131560465e+00,-8.468750000000000000e+01,-7.021352386474610796e+01,9.271875000000000000e+01,1.472681753473069932e+01
2.248103199651239892e-02,6.822142857142860350e+01,1.952029520295199827e-01,1.158839999999999870e+00,5.281846666666670131e+00,1.024486666666670098e+00,-5.003125381469729405e+01,-4.785416920979820077e+01,-5.216667048136389440e+01,1.347608639999999980e+02,4.422000000000009950e-02,1.156619999999999981e+00,5.279773333333330321e+00,1.022833333333329930e+00,4.137500381469730115e+01,4.401041793823240056e+01,4.098958714803060133e+01,1.701562106609339935e+02,5.593697726726529901e-02,1.793033333333330148e+00,-7.470833841959640154e+01,5.000000000000000000e+01,1.064999974568680017e+02,8.900000000000000000e+02,1.156199999999999894e+00,5.279313333333329972e+00,1.022433333333329974e+00,-3.618750381469730115e+01,-3.302083460489910038e+01,-4.601041793823240056e+01,1.184339999999999948e+00,5.305399999999999672e+00,1.793033333333330148e+00,-5.806250000000000000e+01,-5.505208714803060843e+01,-7.470833841959640154e+01,3.834631932409060084e+00,3.706436415099279902e+00,4.041106773229990345e+00,-9.071875000000000000e+01,-7.299732971191409092e+01,9.315625762939448862e+01,1.465815097895509922e+01
3.294653949148169947e-02,5.378147058823529392e+01,2.715323434236339706e-01,1.345040000000000013e+00,4.139836666666670162e+00,1.025349000000000066e+00,-5.496875381469729405e+01,-5.283333714803060843e+01,-5.830000381469729120e+01,2.017522079999999960e+02,5.180500000000010097e-02,1.343024999999999913e+00,4.138015000000000221e+00,1.023402000000000145e+00,4.006250381469730115e+01,4.230208587646479401e+01,4.203750076293950144e+01,1.934375464916230101e+02,1.904571056365969919e-02,1.683118000000000114e+00,-8.121250457763669317e+01,8.000000000000000000e+01,7.795833333333330017e+01,5.900000000000000000e+02,1.342594999999999983e+00,4.137588333333329871e+00,1.023031000000000024e+00,-4.078125381469730115e+01,-3.973958460489910038e+01,-4.708750228881839917e+01,1.376504999999999868e+00,4.162228333333330532e+00,1.683118000000000114e+00,-5.646875000000000000e+01,-5.373958587646479401e+01,-8.121250457763669317e+01,3.369661277374409902e+00,3.609647247897580069e+00,3.595929970883589899e+00,-9.881250762939448862e+01,-8.052465057373049717e+01,1.003375045776370058e+02,1.859376452637850008e+01
2.191830076559899698e-01,1.465374999999999943e+02,1.755555642398769767e-01,1.077360000000000095e+00,3.226268333333329963e+00,1.024073999999999929e+00,-4.690625000000000000e+01,-4.589583460489910038e+01,-4.885625228881839632e+01,1.009533519999999953e+02,3.046000000000019872e-02,1.075949999999999962e+00,3.224704999999999711e+00,1.022866999999999971e+00,4.309375381469729405e+01,4.614583460489910038e+01,4.492500152587889772e+01,1.809374690055849726e+02,4.674158059060570108e-03,1.443479999999999874e+00,-6.383750457763670028e+01,1.300000000000000000e+02,5.512499872843419979e+01,5.800000000000000000e+02,1.075629999999999864e+00,3.224378333333330016e+00,1.022595999999999838e+00,-3.659375000000000000e+01,-3.475000000000000000e+01,-4.260625228881839632e+01,1.085785000000000000e+00,3.247633333333330263e+00,1.443479999999999874e+00,-4.987500381469729405e+01,-5.213542048136389440e+01,-6.383750457763670028e+01,3.441712414416480126e+00,3.340800463391430331e+00,3.628222754512829606e+00,-8.100000000000000000e+01,-6.241884231567379970e+01,9.378125381469730826e+01,6.824191759788449829e+00
3.207963518286839968e-03,5.037210526315789849e+01,2.103449072367480077e-01,1.077150000000000052e+00,7.738705000000000389e+00,1.024629000000000012e+00,-5.196875381469729405e+01,-5.427083587646479401e+01,-5.535000076293950144e+01,1.030400640000000010e+02,2.511500000000000191e-02,1.075749999999999984e+00,7.737536666666669838e+00,1.023392000000000079e+00,2.359375190734860084e+01,4.505208587646479401e+01,3.536874999999999858e+01,9.834442138671859368e+01,1.928599476814270020e-01,1.078044000000000002e+00,-6.913124999999999432e+01,1.500000000000000000e+02,1.679583333333330017e+02,6.900000000000000000e+02,1.075295000000000112e+00,7.737158333333329807e+00,1.023033999999999999e+00,-4.378125000000000000e+01,-4.467708460489910038e+01,-4.736250228881839774e+01,1.107369999999999965e+00,7.771885000000000154e+00,1.078044000000000002e+00,-5.571875381469729405e+01,-5.494792048136389440e+01,-6.913125152587889488e+01,2.094328217240339907e+00,2.392916265367480033e+00,2.252908127913759717e+00,-7.943750000000000000e+01,-6.820192718505860796e+01,9.071875076293949292e+01,1.985225741063869975e+01
1.516286673320310086e-01,9.943399999999999750e+01,1.270293693828430104e-01,1.198110000000000008e+00,3.280455000000000343e+00,1.025288999999999895e+00,-4.890625000000000000e+01,-4.665625254313150094e+01,-5.307500000000000284e+01,2.012971520000000112e+02,3.375000000000020345e-02,1.194970000000000088e+00,3.277815000000000367e+00,1.023092000000000112e+00,4.587500000000000000e+01,4.817708587646479401e+01,4.751250381469729689e+01,2.443750053644180014e+02,1.434146706014870036e-02,1.574606999999999868e+00,-7.208750457763669317e+01,7.000000000000000000e+01,5.645833333333330017e+01,5.900000000000000000e+02,1.194544999999999968e+00,3.277400000000000091e+00,1.022739999999999982e+00,-3.831250381469730115e+01,-3.619791793823240056e+01,-4.631250381469729405e+01,1.225065000000000071e+00,3.305971666666669861e+00,1.574606999999999868e+00,-5.600000000000000000e+01,-5.348958587646479401e+01,-7.208750457763669317e+01,3.721753474574910570e+00,3.820033060745779974e+00,3.951796568090439887e+00,-9.640625000000000000e+01,-7.059728240966799717e+01,1.005875038146970013e+02,1.005692217953619938e+01
1.921999439072109850e-02,8.697200000000000841e+01,1.493885929579469862e-01,1.308240000000000069e+00,4.113879999999999981e+00,1.025152000000000063e+00,-4.646875381469729405e+01,-4.815625127156580021e+01,-5.047500228881839490e+01,1.564309599999999989e+02,6.236000000000000570e-02,1.305760000000000032e+00,4.111446666666670247e+00,1.023487999999999953e+00,4.537500000000000000e+01,4.364583460489910038e+01,4.743125152587889914e+01,1.460935622453689859e+02,7.247821986675259676e-02,1.185195999999999916e+00,-7.738125305175779545e+01,1.000000000000000000e+02,7.725000000000000000e+01,9.999999389648440911e+02,1.305320000000000036e+00,4.111006666666670029e+00,1.023120000000000029e+00,-3.493750000000000000e+01,-3.315625127156580021e+01,-4.574375228881839917e+01,1.352720000000000145e+00,4.157826666666669446e+00,1.185195999999999916e+00,-5.787500381469729405e+01,-5.727083714803060843e+01,-7.738125305175779545e+01,3.956667152719850034e+00,3.959977040405020077e+00,4.157154415418470528e+00,-9.309375000000000000e+01,-7.752407836914059658e+01,9.790625381469730826e+01,1.149795336430119974e+01
1.091267445551880044e-02,6.199066666666669789e+01,3.693641620275150417e-01,1.501239999999999908e+00,1.884526666666669792e+00,1.026991999999999905e+00,-5.496875381469729405e+01,-5.126041920979820077e+01,-5.801250305175779687e+01,4.423477440000000342e+02,5.038000000000009831e-02,1.496839999999999948e+00,1.880746666666669897e+00,1.023460000000000036e+00,2.181250000000000000e+01,3.400000127156580021e+01,2.541250190734859871e+01,4.879687726497650146e+02,2.163177430629730225e-01,1.117855999999999961e+00,-6.921250457763669317e+01,1.000000000000000000e+01,2.154166666666669983e+01,1.860000000000000000e+02,1.496140000000000025e+00,1.880153333333330234e+00,1.022915999999999936e+00,-4.331250000000000000e+01,-4.008333460489910038e+01,-4.145625076293950428e+01,1.556420000000000137e+00,1.919940000000000202e+00,1.117855999999999961e+00,-6.346875381469729405e+01,-5.714583714803060843e+01,-6.921250457763669317e+01,3.326278988522689772e+00,3.702525477079339655e+00,3.118949423621470540e+00,-9.093750000000000000e+01,-6.783271026611329546e+01,8.342500495910640268e+01,1.613146064999030216e+01
1.227535063223310005e-02,9.223449999999999704e+01,1.917233626972439930e-01,1.085239999999999982e+00,5.508729999999999905e+00,1.025472500000000009e+00,-5.481250381469729405e+01,-4.836458333333330017e+01,-5.350000317891439749e+01,1.454234879999999919e+02,3.787500000000010303e-02,1.083110000000000017e+00,5.506428333333330372e+00,1.023475833333330032e+00,4.565625381469729405e+01,4.781250381469729405e+01,4.646875317891439749e+01,1.881250739097600047e+02,1.371909826993940040e-01,1.515206666666669921e+00,-7.509375381469729405e+01,7.000000000000000000e+01,1.121666717529300143e+02,5.300000000000000000e+02,1.082579999999999876e+00,5.505849999999999689e+00,1.023024166666669954e+00,-4.628125381469729405e+01,-3.833333587646479401e+01,-4.797396024068200404e+01,1.099229999999999929e+00,5.539530000000000065e+00,1.515206666666669921e+00,-5.553125381469729405e+01,-5.134375381469729405e+01,-7.509375381469729405e+01,3.623466970242940288e+00,3.488285605132139811e+00,3.770408562109419659e+00,-9.618750000000000000e+01,-7.474044036865230112e+01,9.996875635782879499e+01,1.084193008039289907e+01
8.815453186421229326e-02,9.489499999999999602e+01,1.393833182584559849e-01,1.112410000000000121e+00,4.258363333333329948e+00,1.025786000000000087e+00,-5.328125000000000000e+01,-5.331250254313150094e+01,-5.756250228881840059e+01,1.882728480000000104e+02,4.550500000000010092e-02,1.110004999999999908e+00,4.255918333333330139e+00,1.023490000000000011e+00,3.309375000000000000e+01,3.626041666666669983e+01,3.276250190734860013e+01,1.445312201976779818e+02,5.573661252856249720e-02,1.671766999999999781e+00,-8.043125305175779260e+01,1.700000000000000000e+02,8.087500000000000000e+01,8.700000000000000000e+02,1.109550000000000036e+00,4.255485000000000184e+00,1.023066000000000031e+00,-4.634375000000000000e+01,-4.141666793823240056e+01,-5.365625305175779403e+01,1.126070000000000126e+00,4.291223333333330281e+00,1.671766999999999781e+00,-5.778125381469729405e+01,-6.175000254313150094e+01,-8.043125305175779260e+01,4.024285543697129874e+00,3.747417580676749793e+00,3.876813078704940185e+00,-9.684375762939448862e+01,-7.995320129394529829e+01,9.032500419616698650e+01,1.053796301174980066e+01
2.607151748948930044e-03,3.141612903225810172e+01,3.408482338913840226e-01,1.097900000000000098e+00,6.254480000000000040e+00,1.025247999999999937e+00,-4.896875000000000000e+01,-4.915625254313150094e+01,-5.134375152587889346e+01,2.912130240000000185e+02,1.168000000000010002e-02,1.095360000000000111e+00,6.251606666666670087e+00,1.023495999999999961e+00,2.150000000000000000e+01,2.394791666666669983e+01,2.695625152587889772e+01,2.504687011241910284e+02,7.630981504917140612e-02,1.056428000000000145e+00,-7.243125457763669317e+01,1.100000000000000000e+02,1.307500025431320125e+02,3.900000000000000000e+02,1.094899999999999984e+00,6.251086666666670233e+00,1.023131999999999930e+00,-3.668750000000000000e+01,-3.635416793823240056e+01,-4.213750228881839632e+01,1.106020000000000003e+00,6.260953333333330484e+00,1.056428000000000145e+00,-5.234375381469729405e+01,-5.247916920979820077e+01,-7.243125457763669317e+01,2.717109141194430144e+00,2.526602225610440122e+00,2.358212526577299961e+00,-9.678125000000000000e+01,-7.180655670166019888e+01,7.830000305175779829e+01,3.183078344799260151e+01
2.180985851955890079e-02,5.286222222222220068e+01,2.333333333333330317e-01,1.143000000000000016e+00,3.075417499999999915e+00,1.025079999999999991e+00,-4.384375000000000000e+01,-4.389062500000000000e+01,-4.881250000000000000e+01,1.512944320000000005e+02,3.405500000000020316e-02,1.141105000000000036e+00,3.073697499999999749e+00,1.023563750000000105e+00,3.453125000000000000e+01,3.920312690734859729e+01,3.829687690734859729e+01,3.046875000000000000e+02,8.212810754775999589e-02,1.740487499999999965e+00,-6.764062500000000000e+01,5.000000000000000000e+01,5.137500000000000000e+01,0.000000000000000000e+00,1.140670000000000073e+00,3.073304999999999954e+00,1.023208750000000000e+00,-3.534375000000000000e+01,-3.367187500000000000e+01,-4.053906345367429509e+01,1.181379999999999875e+00,3.112932499999999880e+00,1.740487499999999965e+00,-5.375000000000000000e+01,-5.590625190734860439e+01,-6.764062500000000000e+01,2.946760152165200264e+00,3.106796806540010003e+00,3.050681791678670152e+00,-7.971875000000000000e+01,-6.539808654785160513e+01,8.710937690734859018e+01,1.891710105935770159e+01
2.241479918350389872e-02,6.333733333333330506e+01,2.718451447016519418e-01,1.140800000000000036e+00,3.678933333333330058e+00,1.024988000000000010e+00,-4.687500381469729405e+01,-4.683333714803060843e+01,-5.080000076293950428e+01,2.297899040000000070e+02,4.018000000000009758e-02,1.138139999999999930e+00,3.676413333333329980e+00,1.023271999999999959e+00,3.837500000000000000e+01,3.704166666666669983e+01,3.851250228881839632e+01,2.437498867511750120e+02,3.617877885699270074e-02,1.743227999999999778e+00,-7.564375457763669885e+01,1.100000000000000000e+02,6.637499872843420690e+01,8.000000000000000000e+02,1.137699999999999934e+00,3.675933333333329944e+00,1.022907999999999928e+00,-3.318750000000000000e+01,-3.197916793823239701e+01,-4.183750228881839917e+01,1.153259999999999952e+00,3.697633333333329997e+00,1.743227999999999778e+00,-5.121875000000000000e+01,-5.319791920979820077e+01,-7.564375457763669885e+01,3.631820839807359480e+00,3.340731052010870172e+00,3.570414245783339879e+00,-9.318750000000000000e+01,-7.539405822753909092e+01,8.931250305175791482e+01,1.578847651727259915e+01
1.066315523380290120e-01,8.258727272727270474e+01,8.671877461485369420e-02,1.076600000000000001e+00,4.952706666666669477e+00,1.024804000000000048e+00,-4.628125381469729405e+01,-4.504166666666669983e+01,-4.756875305175779545e+01,1.883351679999999817e+02,2.999999999999999889e-02,1.074479999999999880e+00,4.950406666666669508e+00,1.023295999999999983e+00,4.137500381469730115e+01,4.219791920979820077e+01,4.598125228881839632e+01,1.389061659574510088e+02,4.850482568144800360e-02,1.449436000000000169e+00,-7.454375457763670454e+01,1.700000000000000000e+02,9.825000000000000000e+01,9.000000000000000000e+02,1.074060000000000015e+00,4.949946666666670048e+00,1.022960000000000091e+00,-3.268750000000000000e+01,-2.776041857401530422e+01,-4.538125305175779545e+01,1.083919999999999995e+00,4.971993333333330156e+00,1.449436000000000169e+00,-4.890625000000000000e+01,-5.265625381469729405e+01,-7.454375457763670454e+01,3.535950233115789931e+00,3.117268030506439747e+00,4.211358901475480643e+00,-9.190625762939448862e+01,-7.512820434570309658e+01,9.355000534057620598e+01,1.210840323184289957e+01
3.792310407479750067e-02,7.747083333333330302e+01,1.999999999999989841e-01,1.135560000000000125e+00,5.004116666666670099e+00,1.024842000000000031e+00,-5.053125381469729405e+01,-5.001042048136389440e+01,-5.397500228881839490e+01,1.356727679999999907e+02,5.306500000000009820e-02,1.133745000000000003e+00,5.002489999999999881e+00,1.023344000000000031e+00,4.412500000000000000e+01,4.952083587646479401e+01,4.901875305175779118e+01,1.656250357627870073e+02,3.910245746374130249e-02,1.371750000000000025e+00,-7.578750457763669601e+01,9.000000000000000000e+01,9.958333079020179923e+01,2.840000000000000000e+02,1.133375000000000021e+00,5.002144999999999619e+00,1.023036999999999974e+00,-3.896875381469730115e+01,-3.503125127156580021e+01,-4.681250228881840059e+01,1.159669999999999979e+00,5.038691666666669455e+00,1.371750000000000025e+00,-5.587500381469729405e+01,-5.514583587646479401e+01,-7.578750457763669601e+01,3.765298383318949949e+00,3.739297025737540192e+00,3.970971433502730186e+00,-9.343750762939448862e+01,-7.541098022460940342e+01,1.029937553405760013e+02,1.290808368740919754e+01
1.128501190621189997e-02,4.726800000000000068e+01,2.888888992301730241e-01,1.227970000000000006e+00,2.580900000000000194e+00,1.026176666666670068e+00,-5.234375381469729405e+01,-4.998958333333330017e+01,-5.407812754313150094e+01,1.994415360000000135e+02,3.280999999999999889e-02,1.225800000000000001e+00,2.578561666666669971e+00,1.023770833333329966e+00,3.612500000000000000e+01,3.922916793823240056e+01,2.662500095367430220e+01,2.428124248981480093e+02,2.935798838734629893e-02,1.480934166666669771e+00,-6.817187881469729405e+01,3.000000190734860084e+01,3.895833333333330017e+01,4.100000000000000000e+02,1.225265000000000049e+00,2.578019999999999978e+00,1.023238333333329919e+00,-4.328125381469729405e+01,-3.998958587646479401e+01,-4.419271087646479401e+01,1.275274999999999936e+00,2.622168333333330104e+00,1.480934166666669771e+00,-5.818750381469729405e+01,-5.516667048136389440e+01,-6.817187881469729405e+01,3.453035612244759633e+00,3.649723208739259928e+00,2.964148644993169768e+00,-9.409375762939448862e+01,-6.749119567871089487e+01,8.070312849680580314e+01,2.115596175002119850e+01
3.010996390497780451e-01,1.191299999999999955e+02,5.606434797682099958e-02,1.150335000000000107e+00,8.103726666666670297e+00,1.026515000000000066e+00,-4.678125381469729405e+01,-4.713541920979820077e+01,-5.098437500000000000e+01,9.369032800000000805e+01,5.798500000000020305e-02,1.146429999999999838e+00,8.100760000000001071e+00,1.023507500000000014e+00,3.631250000000000000e+01,4.018750381469730115e+01,4.404687690734860439e+01,8.245534449815750122e+01,6.865812093019489637e-02,1.748250000000000082e+00,-7.679687881469729405e+01,2.099999847412110228e+02,1.770000000000000000e+02,1.250000000000000000e+03,1.145925000000000082e+00,8.100235000000001406e+00,1.023082500000000117e+00,-3.625000381469730115e+01,-3.587500000000000000e+01,-5.168750381469729405e+01,1.618249999999999966e+00,8.148396666666670285e+00,1.748250000000000082e+00,-5.271875000000000000e+01,-5.503125254313150094e+01,-7.679687881469729405e+01,3.781401485813529639e+00,3.357039165077420062e+00,4.149681452436499995e+00,-8.650000762939448862e+01,-7.609506988525390625e+01,9.503125190734859018e+01,8.394191219675990467e+00
1.587516234926050207e-01,8.154800000000000182e+01,1.102124290587710026e-01,1.113820000000000032e+00,3.665815000000000268e+00,1.025967000000000073e+00,-4.846875381469729405e+01,-4.862500127156580021e+01,-5.215000228881839917e+01,1.502616480000000081e+02,4.436999999999999972e-02,1.110735000000000028e+00,3.662969999999999615e+00,1.023414999999999964e+00,3.887500381469730115e+01,3.896875254313150094e+01,4.567500152587889772e+01,1.575000435113909987e+02,9.337715059518809924e-02,1.451345000000000107e+00,-7.523125610351559089e+01,1.100000000000000000e+02,6.604166793823240766e+01,7.600000000000000000e+02,1.110265000000000057e+00,3.662455000000000460e+00,1.023017000000000065e+00,-3.750000000000000000e+01,-3.617708587646479401e+01,-5.111250381469729120e+01,1.133874999999999966e+00,3.711371666666670066e+00,1.451345000000000107e+00,-5.221875381469729405e+01,-5.420833714803060843e+01,-7.523125610351559089e+01,4.015347909237129365e+00,3.735824428252759510e+00,4.964644905425710242e+00,-9.221875762939448862e+01,-7.451540374755859375e+01,9.782500381469729689e+01,1.226271643694509983e+01
3.611678456350760069e-02,5.985531249999999659e+01,2.425476603119580132e-01,1.189464999999999995e+00,2.780484999999999651e+00,1.025340833333330037e+00,-5.171875381469729405e+01,-5.120833587646479401e+01,-5.391145960489910038e+01,2.184001759999999877e+02,4.059999999999999720e-02,1.187060000000000004e+00,2.778125000000000178e+00,1.023373333333329915e+00,4.012500000000000000e+01,4.172916793823240056e+01,4.218750063578289655e+01,2.304687052965159921e+02,1.708100177347660065e-02,1.395674166666669880e+00,-7.611979293823240766e+01,5.000000000000000000e+01,4.395833333333330017e+01,4.899999694824220455e+02,1.186625000000000041e+00,2.777696666666670033e+00,1.023012500000000102e+00,-3.968750000000000000e+01,-3.806250000000000000e+01,-4.840625190734860439e+01,1.213214999999999932e+00,2.803463333333330088e+00,1.395674166666669880e+00,-5.750000000000000000e+01,-5.546875127156580021e+01,-7.611979293823240766e+01,3.573322171639849998e+00,3.623476090702390184e+00,3.816924058106820006e+00,-1.007500000000000000e+02,-7.589622497558590908e+01,9.609896024068198983e+01,1.670695479202450073e+01
8.464571786594610181e-02,1.311225000000000023e+02,1.662581845528390001e-01,1.238145000000000051e+00,4.712606666666669497e+00,1.025843999999999978e+00,-4.415625381469729405e+01,-4.448958714803060843e+01,-4.930625152587889914e+01,2.163836799999999698e+02,9.040500000000009639e-02,1.234399999999999942e+00,4.709418333333330153e+00,1.023307999999999884e+00,3.150000000000000000e+01,3.553125127156579310e+01,3.587500152587889346e+01,1.404687911272050087e+02,5.480319261550900545e-02,1.573454999999999826e+00,-7.680625152587890625e+01,1.100000000000000000e+02,9.220833333333330017e+01,1.140000000000000000e+03,1.233940000000000037e+00,4.708983333333329746e+00,1.022955999999999976e+00,-3.109375190734860084e+01,-3.144791730244949690e+01,-4.462500228881840059e+01,1.284624999999999906e+00,4.756841666666669965e+00,1.573454999999999826e+00,-5.290625381469729405e+01,-5.139583587646479401e+01,-7.680625152587890625e+01,3.857287974702130029e+00,4.021143684277620700e+00,4.326086535368140140e+00,-9.143750000000000000e+01,-7.590489196777340908e+01,8.518125305175779260e+01,7.626456176476200000e+00
1.389547080364380294e-01,1.290057142857139922e+02,1.697031039136299990e-01,1.056220000000000159e+00,5.732366666666670163e+00,1.025207999999999897e+00,-5.068750381469729405e+01,-4.909375127156580021e+01,-5.488125305175779545e+01,2.357221600000000024e+02,9.780000000000120194e-03,1.054179999999999895e+00,5.730646666666669553e+00,1.023439999999999905e+00,3.528125381469730115e+01,3.547916793823240056e+01,4.026875305175779829e+01,1.766518056392669962e+02,3.427852317690849998e-02,1.083552000000000071e+00,-6.154375305175779687e+01,1.100000000000000000e+02,1.177499974568680017e+02,3.100000000000000000e+02,1.053639999999999910e+00,5.730039999999999800e+00,1.022980000000000000e+00,-3.446875000000000000e+01,-3.294791920979820077e+01,-4.453125228881840059e+01,1.056499999999999995e+00,5.732660000000000089e+00,1.083552000000000071e+00,-5.087500000000000000e+01,-4.931250000000000000e+01,-6.154375305175779687e+01,2.407658344811029583e+00,2.044384730271230133e+00,2.660816342822439839e+00,-8.056250000000000000e+01,-6.044378662109379974e+01,9.515000610351559374e+01,7.751594613749129614e+00
1.007404005170050021e-01,8.264818181818179710e+01,1.799999999999999933e-01,1.083525000000000071e+00,3.404573333333330343e+00,1.025596999999999870e+00,-4.671875381469729405e+01,-4.834375254313150094e+01,-5.108125152587889772e+01,2.968024960000000192e+02,3.112500000000010050e-02,1.081050000000000066e+00,3.402180000000000426e+00,1.023708000000000062e+00,2.287500190734860084e+01,2.815625127156580021e+01,2.434375114440920029e+01,3.328124582767489983e+02,5.592593178153040107e-02,1.624686000000000075e+00,-7.690000610351559374e+01,7.000000000000000000e+01,5.949999872843419979e+01,1.140000000000000000e+02,1.080470000000000041e+00,3.401591666666669678e+00,1.023201000000000027e+00,-4.021875000000000000e+01,-3.578125127156579310e+01,-4.586875305175779260e+01,1.123159999999999936e+00,3.437166666666669812e+00,1.624686000000000075e+00,-4.821875381469729405e+01,-5.428125254313150094e+01,-7.690000610351559374e+01,2.776299545892500387e+00,2.357772918726290357e+00,2.528431977090880078e+00,-9.900000762939448862e+01,-7.489093780517579546e+01,7.542500267028809446e+01,1.209947972237189973e+01
9.474455912183979422e-02,1.167674999999999983e+02,1.540532715691949883e-01,1.142539999999999889e+00,3.989590000000000192e+00,1.024880000000000013e+00,-4.450000000000000000e+01,-4.665625381469729405e+01,-5.040000228881839917e+01,1.931188640000000021e+02,4.565999999999999920e-02,1.140560000000000018e+00,3.987840000000000273e+00,1.023400000000000087e+00,4.428125000000000000e+01,4.482812881469729405e+01,4.329375228881839632e+01,1.553125679492950155e+02,1.059022098779680010e-01,1.179556000000000049e+00,-7.210625305175778976e+01,9.000000000000000000e+01,7.418750000000000000e+01,8.800000000000000000e+02,1.140160000000000062e+00,3.987419999999999742e+00,1.023052000000000072e+00,-3.990625381469730115e+01,-4.017187500000000000e+01,-4.565625152587889346e+01,1.218239999999999990e+00,3.989850000000000119e+00,1.179556000000000049e+00,-5.546875381469729405e+01,-4.682812690734860439e+01,-7.210625305175778976e+01,4.128099156424890559e+00,3.907048534512850058e+00,3.687579915856990187e+00,-8.900000000000000000e+01,-7.137044525146480112e+01,9.369375457763679549e+01,8.564026805403900156e+00
1.427934798047169988e-02,5.955812499999999687e+01,2.306994948494280051e-01,1.093855000000000022e+00,4.504261666666669939e+00,1.024886249999999999e+00,-4.762500000000000000e+01,-4.953125254313150094e+01,-5.149218845367429509e+01,2.062873600000000067e+02,3.680000000000020061e-02,1.092110000000000136e+00,4.502489999999999881e+00,1.023397499999999960e+00,3.465625381469730115e+01,3.601041793823240056e+01,3.228125190734859729e+01,1.273437440395360056e+02,1.781907528638839722e-01,1.510303750000000056e+00,-7.059375381469729405e+01,1.100000000000000000e+02,8.704166666666669983e+01,7.600000000000000000e+02,1.091725000000000056e+00,4.502093333333330172e+00,1.023053750000000095e+00,-3.865625381469730115e+01,-4.033333460489910038e+01,-4.626562595367429509e+01,1.131420000000000092e+00,4.549956666666670202e+00,1.510303750000000056e+00,-5.350000381469729405e+01,-5.562500254313150094e+01,-7.059375381469729405e+01,3.007641273765029766e+00,2.997016244860270184e+00,2.870831348304269781e+00,-8.387500000000000000e+01,-6.923255920410160513e+01,8.377344036102290659e+01,1.679032038030080187e+01
1.264561790565980059e-01,9.848625000000009777e+01,1.074941430574809925e-01,1.112190000000000012e+00,5.628196666666670289e+00,1.025155999999999956e+00,-4.875000381469729405e+01,-4.904166920979820077e+01,-5.105625152587889914e+01,1.719517600000000073e+02,5.449999999999999983e-02,1.109175000000000022e+00,5.625143333333330276e+00,1.023235000000000117e+00,3.678125000000000000e+01,3.971875000000000000e+01,3.825000000000000000e+01,1.264062821865080082e+02,1.343371067196130059e-02,1.621770000000000156e+00,-8.262500305175778692e+01,1.900000000000000000e+02,1.151249974568680017e+02,1.250000000000000000e+03,1.108785000000000132e+00,5.624741666666669637e+00,1.022897999999999863e+00,-3.600000381469730115e+01,-3.468750000000000000e+01,-4.732500000000000284e+01,1.126109999999999944e+00,5.651366666666669758e+00,1.621770000000000156e+00,-5.484375000000000000e+01,-5.666666920979820077e+01,-8.262500305175778692e+01,3.724704630038350395e+00,3.293516297401720472e+00,3.708429326458490660e+00,-9.703125000000000000e+01,-8.334430694580079546e+01,8.930625152587890625e+01,1.015370165886100118e+01
1.970516335731150107e-02,6.162533333333330177e+01,2.004716981132080023e-01,1.120560000000000000e+00,3.392640000000000100e+00,1.025225000000000053e+00,-4.806250381469729405e+01,-4.942708460489910038e+01,-5.164062500000000000e+01,2.329359839999999906e+02,5.464000000000000107e-02,1.118079999999999963e+00,3.390606666666669877e+00,1.023529999999999829e+00,3.746875000000000000e+01,3.914583460489910038e+01,4.080469036102289948e+01,1.665624231100079840e+02,3.477856144309039721e-02,1.607279999999999820e+00,-8.074219131469729405e+01,9.000000000000000000e+01,5.920833333333330017e+01,8.500000000000000000e+02,1.117620000000000058e+00,3.390133333333330334e+00,1.023125000000000062e+00,-3.196875000000000000e+01,-3.345833460489910038e+01,-4.480468845367429509e+01,1.129639999999999977e+00,3.418746666666669931e+00,1.607279999999999820e+00,-5.228125381469729405e+01,-5.565625127156580021e+01,-8.074219131469729405e+01,3.563955146849480116e+00,3.355959261395829785e+00,3.782907842802539999e+00,-9.859375762939448862e+01,-7.936051177978519888e+01,9.244531536102290659e+01,1.622709275406219831e+01
3.384282883715609980e-02,6.025666666666669613e+01,1.761194068834719684e-01,1.139075000000000060e+00,3.270925000000000082e+00,1.025592999999999977e+00,-4.684375381469729405e+01,-4.614583587646479401e+01,-4.839375228881839774e+01,2.095600320000000067e+02,4.377500000000009855e-02,1.137129999999999974e+00,3.268768333333329945e+00,1.023437000000000152e+00,4.278125381469730115e+01,2.573958396911620028e+01,1.800000114440920029e+01,2.510938644409179972e+02,1.882055215537550147e-02,1.866040000000000143e+00,-7.843750457763670170e+01,7.000000000000000000e+01,5.620833206176759944e+01,6.900000000000000000e+02,1.136775000000000091e+00,3.268306666666669802e+00,1.023044000000000064e+00,-3.493750000000000000e+01,-3.572916666666669983e+01,-3.789375076293950428e+01,1.151810000000000000e+00,3.297216666666670015e+00,1.866040000000000143e+00,-5.206250381469729405e+01,-5.159375127156580021e+01,-7.843750457763670170e+01,4.044318792099879545e+00,3.031096852625410065e+00,2.740685725758279734e+00,-1.011562576293950144e+02,-7.747270202636720171e+01,6.639375343322760159e+01,1.659567406096140019e+01
1.628796926164089998e-01,5.947299999999999898e+01,9.453043131490079798e-02,1.066025000000000000e+00,6.724680000000000213e+00,1.025095000000000089e+00,-5.018750381469729405e+01,-5.115625254313150094e+01,-5.535156631469729405e+01,1.656625919999999894e+02,3.128999999999999837e-02,1.063670000000000115e+00,6.722389999999998977e+00,1.023341250000000091e+00,3.003125000000000000e+01,3.343750127156580021e+01,3.565625286102289948e+01,1.445313245058059977e+02,4.236857965588570335e-02,1.422443750000000007e+00,-7.519531440734859018e+01,2.900000000000000000e+02,1.425833358764649859e+02,2.075000000000000000e+02,1.063315000000000010e+00,6.722021666666670114e+00,1.023012500000000102e+00,-3.465625381469730115e+01,-3.401041666666669983e+01,-5.019531631469729405e+01,1.070084999999999953e+00,6.737874999999999837e+00,1.422443750000000007e+00,-5.162500381469729405e+01,-5.532291920979820077e+01,-7.519531440734859018e+01,3.758079437599269657e+00,3.308424890129779694e+00,3.694207017062680176e+00,-8.996875762939448862e+01,-7.423156738281250000e+01,9.100781917572020063e+01,1.681435273149159926e+01
2.034951681438880097e-02,6.286999999999999744e+01,1.931818181818179825e-01,1.368370000000000086e+00,2.914274999999999949e+00,1.025243750000000009e+00,-4.750000000000000000e+01,-4.663541920979820077e+01,-4.926562500000000000e+01,2.181611520000000155e+02,4.736000000000010340e-02,1.364400000000000057e+00,2.911351666666669669e+00,1.023442500000000033e+00,4.225000000000000000e+01,4.413541793823240056e+01,4.653906250000000000e+01,1.336161494255069897e+02,3.841771930456160111e-02,1.425587500000000007e+00,-7.057812690734859018e+01,5.000000000000000000e+01,4.729166666666669983e+01,6.500000000000000000e+02,1.363979999999999970e+00,2.910944999999999894e+00,1.023099999999999898e+00,-3.628125000000000000e+01,-3.560416666666669983e+01,-4.684375095367429509e+01,1.426804999999999879e+00,2.950674999999999937e+00,1.425587500000000007e+00,-5.753125381469729405e+01,-5.528125127156580021e+01,-7.057812690734859018e+01,3.989207834981970180e+00,3.973301865015240519e+00,4.312351590806319912e+00,-8.503125000000000000e+01,-6.993441772460938921e+01,9.580468750000000000e+01,1.590583744234130137e+01
4.849876878105859740e-02,1.274021428571430050e+02,1.241935466405110072e-01,1.118260000000000032e+00,7.475701666666670242e+00,1.024752000000000107e+00,-4.281250381469730115e+01,-4.518750127156580021e+01,-5.060000152587889488e+01,1.101344479999999919e+02,4.848500000000009746e-02,1.116329999999999822e+00,7.474139999999999340e+00,1.023352000000000039e+00,4.403125000000000000e+01,4.828125254313150094e+01,4.663125152587889488e+01,9.562488645315170288e+01,1.559875756502150101e-01,1.094062000000000090e+00,-7.485000305175779545e+01,1.900000000000000000e+02,1.613333333333330017e+02,1.190000000000000000e+03,1.115995000000000070e+00,7.473808333333329834e+00,1.023054999999999826e+00,-3.515625000000000000e+01,-3.679166666666669983e+01,-4.825000305175779403e+01,1.163135000000000030e+00,7.532738333333329983e+00,1.094062000000000090e+00,-5.409375381469729405e+01,-5.248958460489910038e+01,-7.485000305175779545e+01,4.280574186829479544e+00,4.242586857917579835e+00,3.784541438576289885e+00,-8.462500762939450283e+01,-7.387277221679690342e+01,9.723125305175778976e+01,7.849161541351059590e+00
2.411945542194790168e-02,8.340181818181820006e+01,2.095982254615849916e-01,1.221745000000000081e+00,3.984205000000000219e+00,1.025298000000000043e+00,-4.337500000000000000e+01,-4.450000127156580021e+01,-4.842500152587889772e+01,2.645656160000000341e+02,6.478000000000010139e-02,1.218804999999999916e+00,3.981603333333330053e+00,1.023506000000000027e+00,3.950000000000000000e+01,4.123958333333330017e+01,3.841875228881839632e+01,1.743750721216199793e+02,9.028831869363780627e-02,1.192304000000000030e+00,-7.523125000000000284e+01,7.000000000000000000e+01,7.400000000000000000e+01,9.200000000000000000e+02,1.218370000000000175e+00,3.981168333333330089e+00,1.023117999999999972e+00,-3.684375000000000000e+01,-3.752083460489910038e+01,-4.646250152587889914e+01,1.299729999999999830e+00,4.030800000000000161e+00,1.192304000000000030e+00,-5.700000381469729405e+01,-5.577083714803060843e+01,-7.523125000000000284e+01,3.460560015269630085e+00,3.558670806038060075e+00,3.575213816804500233e+00,-9.365625762939448862e+01,-7.457196044921879263e+01,8.684375381469730826e+01,1.199014627978460013e+01
1.354584582443530139e-01,1.186516666666669977e+02,9.421642231022239744e-02,1.154945000000000110e+00,4.804783333333330297e+00,1.024972999999999912e+00,-4.671875381469729405e+01,-4.608333460489910038e+01,-5.070000228881839632e+01,1.434821600000000217e+02,5.425500000000019890e-02,1.152139999999999942e+00,4.802541666666670039e+00,1.023237000000000174e+00,3.831250381469730115e+01,4.198958587646479401e+01,4.155000305175779829e+01,1.414732187986370207e+02,2.659364789724349976e-02,1.891913000000000178e+00,-7.799375457763669317e+01,1.300000000000000000e+02,9.454166666666669983e+01,9.600000610351559089e+02,1.151689999999999880e+00,4.802098333333329805e+00,1.022882000000000069e+00,-3.456250381469730115e+01,-3.322916793823240056e+01,-4.660625228881839632e+01,1.175249999999999906e+00,4.834803333333329789e+00,1.891913000000000178e+00,-5.250000381469729405e+01,-5.330208587646479401e+01,-7.799375457763669317e+01,3.520890025799549683e+00,3.393329700371180202e+00,3.855185190954729890e+00,-9.346875762939448862e+01,-7.739997863769529829e+01,9.225000534057620882e+01,8.428031633212039964e+00
3.750355505696779945e-02,6.960153846153849599e+01,1.563086579793469821e-01,1.150760000000000005e+00,3.830253333333330179e+00,1.025063749999999940e+00,-4.615625000000000000e+01,-4.428125000000000000e+01,-5.226562500000000000e+01,1.725768159999999796e+02,5.263000000000019746e-02,1.148474999999999913e+00,3.828008333333330349e+00,1.023372500000000018e+00,4.300000000000000000e+01,4.500000254313150094e+01,4.717187786102289948e+01,1.645312905311580209e+02,5.838372930884359879e-02,1.679807500000000120e+00,-8.253906250000000000e+01,9.000000000000000000e+01,7.020833333333330017e+01,9.000000000000000000e+02,1.148039999999999949e+00,3.827566666666669892e+00,1.023017499999999913e+00,-3.412500000000000000e+01,-3.290625127156580021e+01,-4.668750095367429509e+01,1.173394999999999966e+00,3.867621666666670066e+00,1.679807500000000120e+00,-5.290625381469729405e+01,-5.278125254313150094e+01,-8.253906250000000000e+01,3.361573266301530083e+00,3.617940013436250268e+00,4.220433424616669704e+00,-1.007812576293950144e+02,-8.252419281005859375e+01,9.943750286102290659e+01,1.436749850799050066e+01
6.067450708070799836e-02,1.032450000000000045e+02,-1.504832268473139945e-02,1.288240000000000052e+00,1.181867333333330095e+01,1.027959999999999985e+00,-4.550000381469729405e+01,-4.464583460489910038e+01,-5.542968845367429509e+01,8.915973599999999522e+01,6.863999999999999269e-02,1.284899999999999931e+00,1.181559333333330208e+01,1.023704999999999865e+00,3.159375190734860084e+01,3.500000381469730115e+01,3.296093750000000000e+01,1.117187887430190045e+02,3.487614914774889857e-02,1.394329999999999847e+00,-7.783593940734859018e+01,1.700000000000000000e+02,2.698750000000000000e+02,0.000000000000000000e+00,1.284320000000000128e+00,1.181503333333330197e+01,1.023235000000000117e+00,-3.890625000000000000e+01,-3.670833333333330017e+01,-4.572656440734860439e+01,1.319039999999999990e+00,1.183921999999999919e+01,1.394329999999999847e+00,-5.371875381469729405e+01,-5.080208460489910038e+01,-7.783593940734859018e+01,3.728768223737990439e+00,3.567379157580379712e+00,3.640646454216839523e+00,-8.946875762939448862e+01,-7.724678039550779829e+01,8.839062595367430220e+01,9.685699065330039659e+00
2.188444013928139975e-01,2.473799999999999955e+02,1.767751479289939864e-01,1.247940000000000049e+00,3.662413333333330190e+00,1.024920000000000053e+00,-4.743750381469729405e+01,-4.825000254313150094e+01,-5.150625228881839490e+01,2.683386560000000145e+02,1.153200000000000058e-01,1.245940000000000047e+00,3.660486666666669997e+00,1.023331999999999908e+00,3.931250000000000000e+01,4.075000254313150094e+01,4.096875076293950002e+01,1.934373527765269785e+02,2.472391352057460093e-02,1.543879999999999919e+00,-7.573750305175779829e+01,7.000000000000000000e+01,6.599999872843420690e+01,7.200000000000000000e+02,1.245500000000000052e+00,3.660066666666669910e+00,1.022968000000000099e+00,-3.634375381469730115e+01,-3.517708460489910038e+01,-4.555000076293950428e+01,1.268839999999999968e+00,3.679913333333330261e+00,1.543879999999999919e+00,-5.378125381469729405e+01,-5.438541793823240056e+01,-7.573750305175779829e+01,3.420410213409500244e+00,3.339686863972230135e+00,3.760698874578430217e+00,-9.546875000000000000e+01,-7.421207427978519888e+01,9.247500305175790913e+01,4.042363974452259257e+00
1.280182785907290066e-01,9.610600000000000875e+01,1.550236401979240008e-01,1.273220000000000018e+00,1.516760000000000108e+00,1.026444000000000134e+00,-5.643750381469729405e+01,-5.640625127156580021e+01,-5.753750228881839490e+01,3.713381759999999758e+02,9.480000000000149765e-03,1.269139999999999935e+00,1.513500000000000068e+00,1.023471999999999937e+00,3.771875000000000000e+01,4.130208714803060133e+01,3.970625152587889772e+01,3.123437762260439854e+02,8.486745506525039673e-02,1.054035999999999973e+00,-6.373750076293950428e+01,2.000000000000000000e+01,1.233333333333330195e+01,9.600000000000000000e+01,1.268680000000000030e+00,1.513033333333330122e+00,1.023068000000000088e+00,-4.315625000000000000e+01,-4.347917048136389440e+01,-4.649375076293949860e+01,1.288899999999999935e+00,1.536399999999999988e+00,1.054035999999999973e+00,-6.125000000000000000e+01,-6.179167048136389440e+01,-6.373750076293950428e+01,4.397913662525160028e+00,4.470204708434970087e+00,4.182714078467809848e+00,-9.459375762939448862e+01,-5.936676788330080257e+01,9.724375381469729973e+01,1.040517761638190031e+01
1.773810567388790088e-02,8.432999999999999829e+01,2.124238308757720184e-01,1.860779999999999879e+00,2.989293333333330249e+00,1.026715000000000044e+00,-5.300000000000000000e+01,-5.351041920979820077e+01,-5.720312786102289948e+01,2.449438879999999870e+02,8.588000000000020617e-02,1.856459999999999777e+00,2.985173333333330348e+00,1.023514999999999953e+00,4.115625000000000000e+01,4.391666920979820077e+01,4.138281631469730115e+01,2.212501168251039871e+02,8.338934928178790007e-02,1.597820000000000018e+00,-7.497656440734859018e+01,5.000000000000000000e+01,4.912500000000000000e+01,7.400000000000000000e+02,1.855979999999999963e+00,2.984673333333330181e+00,1.023099999999999898e+00,-4.331250000000000000e+01,-4.421875381469729405e+01,-4.707812881469729405e+01,1.915559999999999929e+00,3.040406666666669810e+00,1.597820000000000018e+00,-6.137500381469729405e+01,-6.166667048136389440e+01,-7.497656440734859018e+01,4.689856972780110489e+00,4.606281229538000233e+00,4.346693996474470190e+00,-9.856250000000000000e+01,-7.464925384521480112e+01,9.858594417572020063e+01,1.185817621249850085e+01
1.984642482247640088e-02,1.379124999999999943e+02,9.971930351056659814e-02,1.288114999999999899e+00,5.643683333333330054e+00,1.026164166666670097e+00,-4.700000381469729405e+01,-4.780208333333330017e+01,-5.080729420979820077e+01,1.099298800000000114e+02,1.203450000000000075e-01,1.284294999999999964e+00,5.640248333333330422e+00,1.023436666666670103e+00,4.909375381469729405e+01,5.210416920979820077e+01,4.937500254313150094e+01,1.050000786781310040e+02,2.165809087455269899e-02,1.584138333333330095e+00,-7.769271214803059422e+01,1.300000000000000000e+02,1.155416692097979876e+02,1.460000000000000000e+03,1.283900000000000041e+00,5.639888333333329840e+00,1.023097499999999993e+00,-3.712500381469730115e+01,-3.629166920979820077e+01,-4.551041857401529001e+01,1.334060000000000024e+00,5.689776666666669591e+00,1.584138333333330095e+00,-5.815625000000000000e+01,-5.776041793823240056e+01,-7.769271214803059422e+01,4.677202082327649890e+00,4.989833160504129950e+00,4.187373937515380007e+00,-8.903125762939448862e+01,-7.727115631103519888e+01,1.001822967529300143e+02,7.250974349678239506e+00
1.107827761359070004e-02,3.198049999999999926e+01,3.200000000000000067e-01,1.095434999999999937e+00,3.212129999999999708e+00,1.024440000000000017e+00,-4.706250000000000000e+01,-4.596875190734860439e+01,-5.435937881469729405e+01,2.699008319999999799e+02,1.688000000000000264e-02,1.093835000000000113e+00,3.210665000000000102e+00,1.023264999999999869e+00,3.912500381469730115e+01,3.995312690734859729e+01,4.121875190734859729e+01,2.991965413093569737e+02,6.773187965154650603e-02,1.351777499999999854e+00,-7.387500000000000000e+01,7.000000000000000000e+01,5.475000190734860439e+01,1.900000000000000000e+02,1.093460000000000099e+00,3.210259999999999891e+00,1.022957499999999964e+00,-3.584375381469730115e+01,-3.459375190734859729e+01,-4.582812881469729405e+01,1.110319999999999974e+00,3.240290000000000337e+00,1.351777499999999854e+00,-5.196875381469729405e+01,-5.315625000000000000e+01,-7.387500000000000000e+01,2.931989156383810080e+00,2.812710509107999801e+00,3.078047741072659882e+00,-9.931250762939448862e+01,-7.235060119628909092e+01,9.557813072204589844e+01,3.126905458013480299e+01
3.663835888386459683e-01,9.067000000000000171e+01,1.101562398858340064e-01,1.122829999999999995e+00,1.114841666666669795e+01,1.025402000000000147e+00,-5.356250381469729405e+01,-5.332291920979820077e+01,-6.078750228881839490e+01,1.457492479999999944e+02,4.177000000000009872e-02,1.120840000000000058e+00,1.114631666666669929e+01,1.023529999999999829e+00,3.212500000000000000e+01,3.697916793823240056e+01,3.681250228881840059e+01,1.256695091724400015e+02,1.103913933038710021e-01,1.317435000000000134e+00,-8.126250000000000284e+01,2.900000000000000000e+02,2.531666564941409945e+02,7.900000000000000000e+02,1.120304999999999884e+00,1.114576499999999903e+01,1.023093999999999948e+00,-3.915625000000000000e+01,-3.660416793823240056e+01,-5.554375228881839632e+01,1.139379999999999837e+00,1.116386333333330150e+01,1.317435000000000134e+00,-5.390625000000000000e+01,-5.560416920979820077e+01,-8.126250000000000284e+01,2.998952751220169688e+00,2.824064936562640238e+00,3.425284722387190062e+00,-9.371875000000000000e+01,-8.015825653076170454e+01,9.760000457763679549e+01,1.102900628653359938e+01
1.821411862741120075e-02,7.579333333333330813e+01,2.107569721115540029e-01,1.118600000000000039e+00,4.108286666666669973e+00,1.025616000000000083e+00,-5.490625381469729405e+01,-5.564583587646479401e+01,-6.036875152587889914e+01,2.807477440000000115e+02,2.551999999999999755e-02,1.116339999999999888e+00,4.105879999999999974e+00,1.023315999999999892e+00,4.743750381469729405e+01,4.872916920979820077e+01,4.691875228881839632e+01,2.128124982118609978e+02,1.486803740262989948e-01,1.667027999999999954e+00,-7.305625305175779260e+01,9.000000000000000000e+01,7.716666666666669983e+01,5.099999694824220455e+02,1.115860000000000074e+00,4.105393333333330119e+00,1.022899999999999920e+00,-4.250000000000000000e+01,-3.966666920979820077e+01,-4.863750228881839632e+01,1.149040000000000061e+00,4.135819999999999830e+00,1.667027999999999954e+00,-5.631250000000000000e+01,-5.726041793823240056e+01,-7.305625305175779260e+01,3.630774309890680396e+00,3.674493691887569913e+00,3.922286590979589871e+00,-9.546875000000000000e+01,-7.216459655761720171e+01,1.072875038146970041e+02,1.319377253936140093e+01
3.077366539836289827e-01,8.673000000000000398e+01,1.179047552638780166e-01,1.072875000000000023e+00,3.603469999999999729e+00,1.028329999999999966e+00,-3.868750000000000000e+01,-4.545312500000000000e+01,-5.200000076293950002e+01,1.382242880000000014e+02,2.232000000000010018e-02,1.069085000000000063e+00,3.599707499999999616e+00,1.023468999999999962e+00,2.950000000000000000e+01,3.509375190734859729e+01,3.039375000000000071e+01,1.510937809944149990e+02,3.450002893805500376e-02,1.592887999999999860e+00,-7.109999999999999432e+01,2.499999847412110228e+02,6.443750000000000000e+01,8.400000000000000000e+02,1.068335000000000035e+00,3.599047499999999733e+00,1.022882999999999987e+00,-3.084375190734860084e+01,-3.454687500000000000e+01,-2.096250038146969885e+01,1.084025000000000016e+00,3.639294999999999725e+00,1.592887999999999860e+00,-4.159375000000000000e+01,-5.068750190734860439e+01,-7.109999999999999432e+01,3.398680726020680165e+00,3.606478048127220060e+00,2.699353543101029818e+00,-8.753125000000000000e+01,-6.945157623291019888e+01,8.239375076293950428e+01,1.153003574311079937e+01
3.032677832574710245e-03,6.200133333333329944e+01,2.132588606811439969e-01,1.181720000000000104e+00,4.457716666666669880e+00,1.024668333333329961e+00,-5.212500381469729405e+01,-5.092708714803060843e+01,-5.384896024068200404e+01,1.243953360000000146e+02,3.187500000000009770e-02,1.180309999999999970e+00,4.456180000000000696e+00,1.023376666666669932e+00,4.831250381469729405e+01,5.125000127156580021e+01,4.797396024068200404e+01,1.193749234080310089e+02,1.596059799194339823e-01,1.087579166666670094e+00,-6.995833969116209516e+01,8.000000000000000000e+01,8.591666666666669983e+01,6.100000000000000000e+02,1.179904999999999982e+00,4.455778333333330288e+00,1.023009166666670078e+00,-4.678125381469729405e+01,-4.544791793823240056e+01,-4.822916920979820077e+01,1.226229999999999931e+00,4.508843333333330428e+00,1.087579166666670094e+00,-5.981250000000000000e+01,-5.746875381469729405e+01,-6.995833969116209516e+01,3.160055503832820190e+00,3.373940430849859506e+00,3.118631410376599966e+00,-8.140625000000000000e+01,-6.795308685302730112e+01,1.018229204813640081e+02,1.612868540461499833e+01
8.309020585910899953e-03,4.173318181818179795e+01,2.695105820105820338e-01,1.175595000000000168e+00,2.584040000000000337e+00,1.025108750000000013e+00,-4.512500381469729405e+01,-4.594791666666669983e+01,-5.432031536102289948e+01,1.449372960000000035e+02,4.200500000000009782e-02,1.173489999999999922e+00,2.581983333333329966e+00,1.023332499999999978e+00,2.828125190734860084e+01,3.092708460489910038e+01,3.375000190734859729e+01,2.067186683416369988e+02,2.156516313552860054e-01,1.122686250000000108e+00,-6.215625190734860439e+01,5.000000000000000000e+01,3.900000000000000000e+01,3.600000000000000000e+02,1.172935000000000061e+00,2.581409999999999982e+00,1.022943750000000041e+00,-3.196875000000000000e+01,-3.493750254313150094e+01,-4.331250381469729405e+01,1.201124999999999998e+00,2.620793333333330200e+00,1.122686250000000108e+00,-4.825000000000000000e+01,-5.014583587646479401e+01,-6.215625190734860439e+01,2.318318111833700179e+00,2.352338542465930438e+00,2.622991299412099853e+00,-8.646875762939448862e+01,-6.126511383056639914e+01,8.807031726837151098e+01,2.396174833629229894e+01
2.198844099814030104e-02,8.715149999999999864e+01,1.684659242137400148e-01,1.331955000000000000e+00,6.640076666666669958e+00,1.025032500000000013e+00,-3.900000000000000000e+01,-4.444791920979820077e+01,-4.951562690734860439e+01,9.389681600000000117e+01,7.715000000000009350e-02,1.328850000000000087e+00,6.637639999999999318e+00,1.023419999999999996e+00,3.203125381469730115e+01,4.247916920979820077e+01,4.928125190734860439e+01,1.314062476158140100e+02,5.341337993741040319e-02,1.466345000000000010e+00,-7.542188262939450283e+01,1.100000000000000000e+02,1.404166666666669983e+02,0.000000000000000000e+00,1.328304999999999847e+00,6.637210000000000498e+00,1.023092499999999960e+00,-2.537500190734860084e+01,-3.001041857401530422e+01,-4.235937881469730115e+01,1.371179999999999843e+00,6.674251666666670246e+00,1.466345000000000010e+00,-5.015625000000000000e+01,-5.029166920979820077e+01,-7.542188262939450283e+01,2.593776671351129881e+00,3.351210245438029922e+00,3.858102059067340051e+00,-9.050000762939448862e+01,-7.535213470458980112e+01,9.879687881469720878e+01,1.147427181402499841e+01
1.993933427645629974e-01,1.514933333333329983e+02,1.363793097347469896e-01,1.118814999999999893e+00,5.468805000000000582e+00,1.025132500000000002e+00,-4.325000381469729405e+01,-4.344791793823240056e+01,-4.807812595367429509e+01,2.374744000000000028e+02,5.009999999999999870e-02,1.116310000000000136e+00,5.466516666666669799e+00,1.023448750000000018e+00,3.625000000000000000e+01,3.665625000000000000e+01,4.130468750000000000e+01,1.353124976158140100e+02,1.140901595354080061e-01,1.639258749999999987e+00,-6.952343750000000000e+01,2.100000000000000000e+02,1.111249974568680017e+02,1.180000000000000000e+03,1.115850000000000009e+00,5.466033333333330191e+00,1.023090000000000055e+00,-2.737500190734860084e+01,-2.628125190734860084e+01,-4.072656440734859729e+01,1.138070000000000137e+00,5.493471666666669861e+00,1.639258749999999987e+00,-4.890625000000000000e+01,-5.216666920979820077e+01,-6.952343750000000000e+01,3.136395181111640174e+00,2.816160097435669751e+00,3.406289055009999789e+00,-8.203125000000000000e+01,-6.908446502685549717e+01,8.938281345367430220e+01,6.600950536877319585e+00
