"","adaptation","avg_isi","f_i_curve_slope","latency","ri","sag","tau","vrest","firing_rate","fast_trough_t_long_square","fast_trough_v_long_square","peak_t_long_square","peak_v_long_square","threshold_i_long_square","threshold_t_long_square","threshold_v_long_square","trough_t_long_square","trough_v_long_square","upstroke_downstroke_ratio_long_square","height_long","transgenic_line"
"3",0.0422146009,81.3945454545,0.1627293749,0.027555,266.406327486,0.0415404625,21.9450109341,-72.1746749878,12.2858355485,69.75,-48.90625,66.395,33.28125,110,65.825,-38.1562538147,79.575,-52.09375,4.2084853999,82.1875,"Cux2-CreERT2"
"5",0.5423579673,307.1,0.1553466075,0.03378,136.562421918,0.1326381862,14.1818948651,-80.0506210327,3.25626831651,65.16,-47,62.98,40.7812538147,210,62.44,-33.96875,66.12,-47.8750038147,2.7189014122,87.7812538147,"Ntsr1-Cre_GN220"
"9",0.0259499525,79.6,0.1640540541,0.04384,153.749927878,0.1038112193,20.4216258325,-68.5057373047,12.5628140704,163.34,-47.4375038147,161.42,43,70,161,-33.1250038147,200.7,-56.5625038147,3.3893320895,90.4375038147,"Scnn1a-Tg3-Cre"
"10",0.0092892927,60.1843333333,0.2173949196,0.06071,151.562616229,0.149849534,14.6088103604,-76.2948379517,16.6156197903,448.86,-49.53125,446.59,25.5312519073,120.000007629,446.065,-39.5312538147,474.74,-55.0937538147,2.4319977954,75.0625019073,"Ntsr1-Cre_GN220"
"16",0.0476945778,62.894,0.1594697074,0.04292,210.468634963,0.0526439473,24.6336885047,-75.3036117554,15.8997678634,98.395,-45.6875,96.36,37.71875,70,95.85,-37.7812538147,119.235,-48.25,3.2371678674,83.40625,"Nr5a1-Cre"
"20",1,61.145,0.0877221248,0.028495,121.63464725,0.0059941025,25.790011613,-68.0202865601,16.3545670128,69.335,-48.5312538147,66.18,23.5000019073,200,65.565,-36.59375,82.57,-52.5312538147,2.4462161428,72.031255722,"Rbp4-Cre_KL100"
"25",1,225.13,0.1203583075,0.12062,198.593750596,0.0686916411,28.2190427436,-74.0220184326,4.44187802603,150.07,-46.0625,145.69,20.5625,70,144.965,-35.8125,188.565,-51.9375,3.302888924,66.625,"Scnn1a-Tg2-Cre"
"26",0.0238049459,64.0257142857,0.192937237,0.05254,133.437380195,0.048348248,17.5430625077,-80.5925750732,15.6187246196,136.94,-47.84375,135.28,45.3437538147,110,134.86,-37.40625,161.86,-52.4375038147,3.569341884,93.1875038147,"Nr5a1-Cre"
"27",1,1000,0.2039999989,0.052085,148.437306285,0.0371574648,15.557695003,-80.2609176636,1,57.23,-52.5312538147,55.745,40.8125038147,170,55.355,-44.5312538147,950.905,-53.90625,3.6852628408,93.3437576294,"Nr5a1-Cre"
"29",0.0260136954,84.2527272727,0.1746212138,0.04248,160.156279802,0.1646226496,14.9630881567,-76.3359832764,11.8690519865,180,-46.90625,177.5,33.3750038147,170,176.84,-33.65625,202.54,-48.03125,2.4592183831,80.2812538147,"Ntsr1-Cre_GN220"
"31",0.0423226332,83.7481818182,0.1900442562,0.054805,187.343835831,0.0894831419,20.6980678321,-78.4394836426,11.9405577326,186.21,-44.28125,182.2,18.78125,90,181.635,-36.46875,231.33,-55.7812538147,2.6789959347,63.0625,"Rbp4-Cre_KL100"
"32",0.0311050608,62.4966666667,0.2859043901,0.041805,339.620679617,0.026388593,35.1773729723,-72.08177948,16.0008533788,249.505,-52.09375,247.385,39.6875038147,30.0000019073,246.9,-42.8125038147,285.3,-57.5,3.701594925,91.7812538147,"Slc17a6-IRES-Cre"
"33",1,315.8,0.2418936446,0.139925,214.999929071,0.1055687144,28.2906596791,-68.580871582,3.16656111463,214.845,-49.8125038147,212.6,45.5937538147,40,212.13,-41.0312538147,273.445,-57.7812538147,3.8059332009,95.4062576294,"Cux2-CreERT2"
"39",0.0091525921,55.5352941176,0.2783333333,0.02666,150.156363845,0.0869927704,10.1986055903,-66.0966186523,18.006567101,199.02,-51.5000038147,195.4,42.5625038147,50,194.86,-46.0000038147,221.9,-55.84375,4.0431381903,94.0625076294,"Ctgf-T2A-dgCre"
"42",0.0399574818,103.737777778,0.1358940397,0.05102,184.843823314,0.1374426186,22.9521681877,-76.536239624,9.6396898162,159.24,-52.4687538147,156.66,37.875,70,156.22,-41.46875,201.68,-63.3125,4.0391183387,90.3437538147,"Rorb-IRES2-Cre"
"43",0.174034525,124.386666667,0.1119047657,0.044125,169.999882579,0.0129319085,21.0301888631,-78.5291442871,8.03944688605,92.2,-50.3125,89.215,38.53125,130,88.82,-36.21875,104.02,-54.53125,4.1473791549,88.84375,"Rorb-IRES2-Cre"
"48",0.1505945359,121.0825,0.1151419558,0.028715,197.187453508,0.0051550046,29.7304313784,-57.1328697205,8.25883178824,65.42,-44.5,60.925,36.6875,90,60.455,-32.375,79.12,-49.59375,3.7091375648,81.1875,"Rorb-IRES2-Cre"
"49",1,1000,0.1222165554,0.1058,153.437465429,0.0041912519,27.5812462127,-75.4887542725,1,157.08,-48.25,154.84,36.2500038147,110,154.38,-38.6875,184.86,-56.2187538147,3.7715877618,84.5000038147,"Cux2-CreERT2"
"51",0.0868781787,101.536111111,0.1365522202,0.05453,118.080377579,0.0944587663,16.1776718329,-68.4131774902,9.84871282795,255.455,-44.96875,253.605,30.8125019073,50,253.13,-40.8125038147,423.175,-56.3437538147,2.9693590104,75.7812519073,"Rbp4-Cre_KL100"
"52",1,1000,0.0237227589,0.04512,173.59367013,0.0820133761,25.5547534197,-75.2498779297,1,79.94,-46.1250038147,76.7,29.2812519073,150,76.12,-32.0937538147,113.36,-51.84375,2.4615950708,75.406255722,"Rbp4-Cre_KL100"
"55",1,42.005,0.0666666698,0.0329,173.995539546,0.0387143195,15.0959429687,-75.2556762695,23.8066896798,161.825,-48.4375038147,160.015,27.125,130,159.51,-48.5625,182.945,-51.5625038147,2.9083137042,75.5625038147,"Nr5a1-Cre"
"57",0.0200593683,61.381,0.1996212208,0.044355,178.28117311,0.0534816235,18.6733564981,-79.4305877686,16.2916863525,98.42,-48.34375,95.56,33.8125,90,95.1,-34.9687538147,119.46,-54.40625,3.3345517426,82.15625,"Rbp4-Cre_KL100"
"58",0.1004902901,80.4504545455,0.2221446793,0.049,197.812542319,0.0240997374,22.8412526885,-81.9204101563,12.4300105655,106.865,-43.6562538147,104.815,26.1875019073,90,104.285,-39.1875038147,117.835,-44.28125,3.2999292534,69.843755722,"Rorb-IRES2-Cre"
"59",1,1000,0.1020366672,0.08209,145.156219602,0.0200218763,16.3408782644,-81.0480804443,1,120.28,-42.7187538147,117.125,40.5,150,116.685,-32.6875,140.08,-47.5000038147,3.6589712908,83.2187538147,"Rorb-IRES2-Cre"
"61",0.0763599331,116.445,0.1541666753,0.047445,136.87504828,0.2040595114,18.6989093448,-68.0052108765,8.58774528747,119.98,-46.6250038147,117.32,38.1562538147,70,116.845,-43.7500038147,192.86,-56.78125,3.8862715922,84.7812576294,"Rbp4-Cre_KL100"
"63",0.0411127832,126.037142857,0.1864341227,0.08262,114.375077188,0.0083082104,16.7570747806,-74.8086242676,7.93416906581,141.98,-43.375,139.66,38.5625038147,110,139.12,-35.34375,169.1,-48.4375038147,3.4161073918,81.9375038147,"Rorb-IRES2-Cre"
"67",1,42.315,0.0509680838,0.03385,86.249999702,0.0111183869,13.7658263198,-74.0055999756,23.6322816968,74.18,-44.6875038147,69.39,21.25,230,68.775,-28.0937519073,84.41,-49.6875,2.9211096496,65.9375038147,"Scnn1a-Tg3-Cre"
"69",0.0584582705,74.53,0.2107579462,0.05854,200.468793511,0.0824973285,83.6099317423,-67.3841094971,13.4174158057,428.28,-46.8437538147,425.32,35.40625,70,424.84,-38.03125,451.66,-54.2812538147,3.6975132356,82.2500038147,"Ctgf-T2A-dgCre"
"70",0.0455503957,94.072,0.2083333387,0.05872,149.151861668,0.1280240119,11.782991498,-73.0108566284,10.6301556255,253.52,-52.5000038147,251.62,46.5,150,251.18,-34.0312538147,259.72,-53.03125,2.8329930535,99.0000038147,"Ntsr1-Cre_GN220"
"76",0.0503965892,76.6381818182,0.121361509,0.05434,202.812537551,0.062282633,20.7574754721,-77.232673645,13.0483262556,102.04,-46.59375,98.18,36.375,130,97.72,-32.21875,117.68,-51.375,4.2642714544,82.96875,"Cux2-CreERT2"
"77",0.1291978713,50.5925,0.1235294036,0.03008,124.062463641,0.0150359999,17.1659822889,-80.3704452515,19.7657755596,61.785,-49.6562538147,57.925,29.59375,190,57.37,-37.5,74.28,-54.1875038147,3.8895726102,79.2500038147,"Cux2-CreERT2"
"85",1,1000,0.01461039,0.02006,194.218784571,0.1414680332,17.9649075208,-77.8036346436,1,44.94,-43.40625,42.88,28.1875019073,190,42.26,-29.2187519073,797.86,-46.65625,2.1574245857,71.5937519073,"Ntsr1-Cre_GN220"
"87",0.0640748559,98.0666666667,0.179113936,0.061335,208.906248212,0.0733392835,27.6165733133,-72.9885177612,10.1971447995,160.315,-47.5937538147,155.715,35.6250038147,70,155.15,-37.40625,204.55,-53.6562538147,4.1967505762,83.2187576294,"Cux2-CreERT2"
"88",0.110505779,90.435,0.1218390805,0.05537,186.875000596,0.0202918146,24.2792770492,-75.2422332764,11.0576657268,176.73,-47.9375,173.86,35.90625,90,173.38,-33.5625,205.11,-54.40625,3.1423566242,83.84375,"Nr5a1-Cre"
"89",0.227778151,72.46,0.0696428441,0.024765,109.218865633,0.0487773642,13.2480858952,-69.3731918335,13.8007176373,89.16,-50.2812538147,87.395,41.1250038147,170,86.97,-39.1250038147,109.015,-53.84375,3.2390660332,91.4062576294,"Cux2-CreERT2"
"91",1,1000,0.1299973091,0.00522,100.000038743,0.0120830201,8.48381375018,-57.3023872375,1,15.295,-51.9687538147,13.185,31.0000019073,140,12.705,-42.65625,15.605,-52.25,2.7462963644,82.968755722,"Rorb-IRES2-Cre"
"93",0.0752613537,109.455,0.1596650892,0.064345,233.281329274,0.1183055267,30.4840765486,-73.0314865112,9.13617468366,182.305,-46.0625038147,179.685,46.03125,50,179.225,-37.40625,255.735,-55.6875038147,3.6236248733,92.0937538147,"Rorb-IRES2-Cre"
"94",1,49.28,0.0707386364,0.03072,220.156252384,0.1936496496,24.715286411,-75.2548217773,20.2922077922,67.56,-48.5,65.86,36.1562538147,70,65.42,-40.9687538147,97.84,-56.2187538147,2.8178060899,84.6562538147,"Scnn1a-Tg3-Cre"
"95",0.0543448402,77.4791666667,0.1738764199,0.048245,121.562540531,0.1921915859,17.6999565475,-70.8589324951,12.9066953482,155.68,-46.5625038147,153.84,44.1875,120.000007629,153.435,-43,206.765,-57.0000038147,3.7168961468,90.7500038147,"Rbp4-Cre_KL100"
"96",0.0083711584,138.005,0.1679961244,0.05319,85.9374776483,0.1082189828,10.9784275589,-70.4233016968,7.24611427122,87.815,-50.34375,85.79,37.7812538147,130,85.39,-42.03125,119.105,-58.21875,3.5580965198,88.1250038147,"Rbp4-Cre_KL100"
"97",0.0201171852,65.7785714286,0.1890661903,0.05602,148.437619209,0.0588746518,18.8904002954,-78.7241210938,15.2025192746,539.56,-52.6562538147,536.56,37.0625038147,59.9999961853,535.98,-41.0312538147,606.66,-62.375,3.685256854,89.7187576294,"Rorb-IRES2-Cre"
"98",0.5957585165,293.97,0.2038612644,0.02812,248.125046492,0.178474471,22.1116708312,-72.4742507935,3.40170765724,63.9,-46.6875038147,61.37,37.25,90,60.745,-37,73.475,-48.4687538147,2.754261032,83.9375038147,"Rorb-IRES2-Cre"
"99",0.0187310267,49.4557894737,0.2459748145,0.03755,195.937529206,0.0292322263,21.92828359,-78.8551330566,20.2200796033,399.255,-54.3125,397.325,39.625,50,396.83,-41.5000038147,440.715,-61.1875038147,3.3482350151,93.9375,"Scnn1a-Tg3-Cre"
"101",0.1864363974,133.743333333,0.1182619205,0.04158,154.218822718,0.1746139079,22.5543011985,-66.1993484497,7.47700819979,96.105,-42.0937538147,94.44,37.8125,70,94.035,-40.1562538147,96.235,-42.28125,3.345482063,79.9062538147,"Rbp4-Cre_KL100"
"111",0.0297156416,49.5855263158,0.2057377049,0.021885,267.968744039,0.1623771042,26.0993637697,-73.1547622681,20.1671752687,53.79,-50.7500038147,51.875,26.84375,50,51.38,-41.6562538147,60.365,-51.6875,2.6286820771,77.5937538147,"Scnn1a-Tg3-Cre"
"113",0.0278465493,151.652,0.1074452029,0.08578,99.06257689,0.0279425401,18.6710725472,-75.1433410645,6.59404425923,261.2,-49.4062538147,257.04,40.03125,130,256.48,-39.7500038147,307,-57.59375,4.0615370028,89.4375038147,"Ctgf-T2A-dgCre"
"115",0.288858289,147.79,0.1621387283,0.01549,58.2812875509,0.0498790592,17.0602466832,-63.5755844116,6.76635766967,31.765,-49.1875,26.835,33,190,26.235,-40.34375,37.575,-50.875,5.2611661773,82.1875,"Scnn1a-Tg2-Cre"
"116",0.0127354028,46.165,0.2849806132,0.05064,189.107134938,0.0259323791,22.8357900394,-77.3416595459,21.6614318206,206.32,-48.5,204.51,31.6875019073,59.9999961853,204.04,-39.4375038147,243.295,-55.15625,2.937839269,80.1875019073,"Scnn1a-Tg3-Cre"
"118",0.0145937569,63.3460714286,0.1823616584,0.06211,210.624992847,0.2835232019,25.0833391584,-68.5026245117,15.7862986204,482.145,-48.96875,479.03,36.0625,59.9999961853,478.4,-38.5625038147,529.615,-54.71875,3.3291524076,85.03125,"Rorb-IRES2-Cre"
"119",0.0135167677,56.1635294118,0.2239130435,0.04022,217.187687755,0.0523097552,25.8783158023,-70.7851715088,17.8051488301,233.94,-48.5625,230.92,44.125,50,230.48,-33.6875038147,258.52,-56.46875,3.8047895317,92.6875,"Cux2-CreERT2"
"123",0.0180185396,46.556,0.2642649763,0.035175,212.031289935,0.0468316674,26.5532295727,-73.9191589355,21.4795085488,210.72,-47.5937538147,208.6,38.4687538147,70,208.2,-36.0937538147,233.81,-55.4687538147,3.0987129734,86.0625076294,"Cux2-CreERT2"
"124",0.0362674315,62.1703333333,0.2393501805,0.02706,162.812381983,0.1168040186,19.4287140851,-73.9795761108,16.0848421809,54.79,-46.4375,52.995,36.375,150,52.59,-34.625,64.44,-49.21875,2.7614619912,82.8125,"Rorb-IRES2-Cre"
"125",0.0739083083,84.3431818182,0.1222350312,0.03987,250.468790531,0.154492259,31.2870282241,-66.1167221069,11.8563229231,125.775,-44.8125,123.875,47.125,80,123.395,-35.3125,170.79,-50.25,2.9269439263,91.9375,"Scnn1a-Tg3-Cre"
"126",0.0795338249,110.256,0.1124999898,0.058305,160.000115633,0.0200274847,26.7912492393,-77.0050354004,9.06980118996,103.885,-46.4375,99.275,24.53125,209.999984741,98.755,-33.6250038147,120.605,-51.7812538147,4.1556621666,70.96875,"Cux2-CreERT2"
"129",0.0027568738,12.5740384615,0.8245761459,0.00759,103.90625149,0.0919351429,4.88846495921,-72.3729629517,79.5289439476,9.555,-60.5,8.66,13.03125,249.999984741,8.32,-42.09375,9.59,-60.53125,1.55732838,73.53125,"Nr5a1-Cre"
"131",0.0233020465,56.7364705882,0.1868292785,0.029705,136.718794704,0.0877228975,15.9611719901,-61.491153717,17.625347323,136.78,-47.2812538147,134.755,46.03125,70,134.35,-37.3750038147,167.77,-53.7812538147,3.5390984523,93.3125038147,"Rorb-IRES2-Cre"
"134",1,353.06,0.0828719487,0.02304,80.6249976158,0.0433410928,10.696395056,-76.6868133545,2.83237976548,39.38,-45.15625,37.42,33.3750038147,469.999969482,36.82,-33.3125038147,39.56,-45.4375038147,2.3885619228,78.5312538147,"Ntsr1-Cre_GN220"
"136",0.0237073068,51.0925,0.3485211407,0.0266,147.499918938,0.1379958093,14.9430428134,-74.173248291,19.5723442775,86.795,-55.8125038147,85.13,45.9687538147,90,84.665,-47.0937538147,121.42,-58.0312538147,2.6555707356,101.781257629,"Ntsr1-Cre_GN220"
"137",0.0450018072,90.26,0.1723214377,0.04582,123.281359673,0.0316939764,12.7026528309,-85.1570739746,11.0791048083,109.69,-53.03125,107.78,33.15625,110,107.27,-45.28125,155.875,-59.09375,3.5244247946,86.1875,"Nr5a1-Cre"
"140",0.0557216459,99.9033333333,0.1570340607,0.05736,170.312494039,0.0473887436,23.0778482023,-78.7213439941,10.0096760202,171.825,-47.75,169.375,40.25,110,168.97,-34.4062538147,199.855,-54.9062538147,2.8745506029,88,"Nr5a1-Cre"
"143",1,47.555,0.0405063291,0.03439,234.687611461,0.0607179217,23.6110219254,-76.8264770508,21.0282830407,60.785,-47.6562538147,58.795,29.8437519073,150,58.335,-32.84375,78.805,-51.0312538147,2.2906380048,77.500005722,"Rbp4-Cre_KL100"
"146",0.0176063191,61.5173333333,0.1975795253,0.05122,191.093742847,0.1313373893,29.7536142466,-76.037902832,16.2555810828,309.58,-54.3125,305.76,28.3125,50,305.2,-45.4062538147,366.32,-62.5625038147,4.0739823915,82.625,"Rorb-IRES2-Cre"
"147",0.0171561136,53.4020588235,0.2444881979,0.035225,144.062504172,0.2682667673,15.339010287,-68.8367080688,18.7258697891,754.925,-49.0312538147,753.02,44.6250038147,80,752.59,-40.28125,807.815,-56.0625,3.4879629387,93.6562576294,"Rbp4-Cre_KL100"
"151",1,1000,-3.86004028867e-19,0.0136,89.5832106471,0.1518599391,9.7215596407,-76.8494796753,1,22.4,-48.34375,20.985,34.78125,290,20.53,-40.53125,29.805,-49.1875038147,2.4712835169,83.125,"Ntsr1-Cre_GN220"
"152",0.0614919916,92.6515,0.2028846244,0.055515,197.343707085,0.071781531,34.8281314838,-72.4250030518,10.7931334085,437.27,-42.9375038147,435.19,40.6250038147,90,434.805,-33.1875,464.96,-54.15625,2.9676890485,83.5625076294,"Cux2-CreERT2"
"153",0.034848305,81.592,0.2131469962,0.06443,139.375120401,0.063060686,22.7528516191,-79.9310379028,12.2561035396,143.81,-46.75,141.44,35.6875038147,210,140.98,-32.0625,155.58,-49.7187538147,3.1319760188,82.4375038147,"Rorb-IRES2-Cre"
"155",0.0268691569,68.485,0.1912698518,0.064,156.874880195,0.0137283849,17.018974107,-67.0353393555,14.6017376068,128.64,-48.4687538147,124.88,38.375,110,124.44,-42.7187538147,139.74,-53.0625038147,6.0965560729,86.8437538147,"Ctgf-T2A-dgCre"
"156",0.0233147925,72.1273076923,0.1782534375,0.060175,150.312572718,0.0128363045,19.9989448684,-82.9683837891,13.8643744234,170.66,-48.8437538147,168.38,39.9062538147,110,167.98,-36.28125,196.17,-57.40625,3.1330203798,88.7500076294,"Rorb-IRES2-Cre"
"161",0.0481019466,76.1216666667,0.1895565324,0.050805,181.093752384,0.0409501716,16.8366440234,-82.3311004639,13.1368642305,208.135,-50,205.325,36.0937538147,110,204.875,-33.8437538147,226.99,-57.34375,3.1333442973,86.0937538147,"Nr5a1-Cre"
"166",0.0368844851,65.8692307692,0.2336640212,0.06385,241.40624702,0.0152476402,27.5330781404,-78.1602478027,15.1815952353,190.72,-48.8750038147,188.8,46.3750038147,50,188.385,-41.09375,220.675,-55.8750038147,4.027633222,95.2500076294,"Rorb-IRES2-Cre"
"167",0.0386690158,105.96125,0.1659810211,0.07976,137.968748808,0.0681690127,24.2422131145,-79.8806610107,9.43741226156,138.95,-47.0000038147,135.91,34.8125038147,130,135.48,-38.03125,179.06,-54.9687538147,4.195805859,81.8125076294,"Rbp4-Cre_KL100"
"168",0.027384956,71.7215384615,0.1725446498,0.06211,158.125042915,0.03639495,18.713148949,-72.2956085205,13.9428130162,138.605,-41.5937538147,134.89,35.71875,90,134.35,-32.46875,174.47,-47.9375,4.1500095692,77.3125038147,"Scnn1a-Tg2-Cre"
"170",0.0361283234,76.46125,0.2225000156,0.04385,214.531287551,0.0620325468,20.4339386502,-74.4105987549,13.0785201654,157.535,-54.5937538147,155.845,41.9062538147,70,155.4,-42.59375,204.1,-59.6875038147,2.709897683,96.5000076294,"Rorb-IRES2-Cre"
"172",0.0225671905,58.9066666667,0.2564769382,0.05304,180.468738079,0.0440940261,17.1355170066,-79.6418533325,16.9760072431,301.06,-57.4375,297.56,49.1562538147,70,297.14,-49.0000038147,329.92,-61.96875,6.0116548083,106.593753815,"Ctgf-T2A-dgCre"
"178",0.1947762783,143.756666667,0.0336691218,0.073905,127.812504768,0.1069689319,18.9762903346,-74.2105255127,6.95619913279,261.97,-46.1250038147,258.58,39.46875,150,258.16,-38.4375,305.17,-55.7187538147,3.812401369,85.5937538147,"Cux2-CreERT2"
"179",0.0522637766,124.382142857,0.0959208319,0.06746,96.4062511921,0.1284628212,15.7911016595,-77.0904159546,8.03973928274,199.805,-45.6875,197.015,42.90625,200,196.545,-36.75,255.02,-55.8750038147,3.5949752774,88.59375,"Rorb-IRES2-Cre"
"180",0.0207115105,52.4866666667,0.234375,0.0413,210.000112653,0.0674153268,25.535392817,-76.3125610352,19.052457767,128.72,-50.96875,126.34,38.625,50,125.9,-41.21875,149.4,-56.9062538147,4.7304564138,89.59375,"Rorb-IRES2-Cre"
"182",0.0221943326,61.623,0.1981216488,0.060645,202.812537551,0.0736343935,22.9783631392,-66.8419036865,16.2277071873,203.43,-32.5625,200.875,47.0937538147,70,200.435,-21.25,240.615,-41.84375,2.8938175018,79.6562538147,"Scnn1a-Tg2-Cre"
"184",0.0232530315,86.6536363636,0.1408031088,0.044805,171.093553305,0.1004177034,17.766057521,-77.6002655029,11.540196603,119.955,-58.46875,117.46,34.7500038147,90,116.925,-45.2812538147,156.43,-62.21875,3.4713138041,93.2187538147,"Rbp4-Cre_KL100"
"190",0.0690320929,95.628,0.1322485217,0.038815,90.156249702,0.1762121171,15.4935912138,-71.9120330811,10.4571882712,194.5,-43.1875038147,192.11,45,160,191.72,-40.6250038147,247.68,-55.5000038147,4.4891410803,88.1875038147,"Rbp4-Cre_KL100"
"191",0.3073805979,89.7,0.0691854234,0.0465,101.562425494,0.0296605732,12.5413100674,-74.6041259766,11.1482720178,124.58,-46.90625,120.62,35.5625,270,120,-38.03125,131.64,-48.96875,4.1431060315,82.46875,"Ctgf-T2A-dgCre"
"195",0.0629883953,84.175,0.1113235431,0.04478,150.468751788,0.0196336731,17.2733130739,-75.2881317139,11.88001188,130.56,-47.53125,127.72,38.4062538147,130,127.3,-33.8437538147,145.7,-54.875,3.8019869287,85.9375038147,"Cux2-CreERT2"
"200",0.0774982509,168.123,0.12,0.0984,118.75037849,0.0723411068,27.556439425,-71.7197418213,5.94802614752,259.825,-43.40625,254.59,21.5625019073,110,253.94,-34.59375,306.94,-51.53125,4.5132629741,64.9687519073,"Rorb-IRES2-Cre"
"206",0.0458341391,89.794,0.1897849455,0.02694,356.249958277,0.076568976,39.8619819949,-59.0870780945,11.1366015547,139.32,-47.3125,136.14,34.9062538147,29.9999980927,135.62,-34.5000038147,164.02,-54.9687538147,3.4376338145,82.2187538147,"Rbp4-Cre_KL100"
"208",0.02226991,59.8203333333,0.2130719055,0.05286,181.718721986,0.0295567587,23.4027815803,-80.5188903809,16.7167239679,116.89,-49.2500038147,115.005,36.3125,90,114.625,-38.9375,133.48,-54.5625,3.406229534,85.5625038147,"Scnn1a-Tg3-Cre"
"209",0.0539655045,73.9578571429,0.1676254174,0.038035,138.258814812,0.1186074466,15.8888819551,-72.4948730469,13.5212138187,69.385,-46.9375038147,67.535,43.6875038147,180,67.055,-32.2500038147,88.135,-48.71875,2.3125413509,90.6250076294,"Ntsr1-Cre_GN220"
"210",0.0141302592,50.4922222222,0.2353686592,0.03494,263.593733311,0.0127053382,26.8565937063,-77.0944213867,19.8050304778,119.64,-51.9062538147,117.52,44.8437538147,50,117.12,-36.21875,134.94,-57.0000038147,3.7379973518,96.7500076294,"Scnn1a-Tg3-Cre"
"211",1,88.09,0.1677083346,0.067375,143.281206489,0.00599158,21.6365184812,-78.8448944092,11.3520263367,85.46,-47.6875,83.13,41.46875,150,82.78,-36.1562538147,99.565,-51.5000038147,3.9835933104,89.15625,"Rorb-IRES2-Cre"
"215",0.1527855517,146.2475,0.2623127319,0.062435,182.031333447,0.0285894461,24.556073344,-74.3327331543,6.83772372177,194.08,-45.1875038147,192.065,42.125,90,191.685,-32.625,219.075,-53.6250038147,2.9803720653,87.3125038147,"Cux2-CreERT2"
"219",0.0185935976,56.9271875,0.2557692461,0.032505,251.874893904,0.15363805,27.4752091503,-69.9340515137,17.5662990553,132.5,-51.0312538147,130.855,28.1250019073,60.0000038147,130.305,-43.2812538147,160.56,-54.5000038147,2.3829065111,79.156255722,"Rbp4-Cre_KL100"
"221",0.1238071413,125.053333333,0.0793956035,0.069145,102.656133473,0.0125178266,25.7608101089,-66.1836395264,7.9965881224,140.29,-48.2812538147,134.83,32.9062538147,190,134.285,-35.5,163.625,-53.53125,3.2249206239,81.1875076294,"Rorb-IRES2-Cre"
"224",0.0086449434,57.665,0.2343750099,0.05036,188.593819737,0.0488955341,20.5036844997,-74.1413345337,17.3415416631,116.02,-48.3750038147,113.68,36.1562538147,130,113.22,-37.6875038147,125.24,-55.03125,3.8410125729,84.5312576294,"Rorb-IRES2-Cre"
"229",0.0116282761,95.6244444444,0.1541403808,0.07504,193.281367421,0.0975460112,30.1351968105,-65.6994934082,10.4575770956,211.895,-46.9375038147,209.2,46.34375,50,208.82,-36.75,250.865,-57.0000038147,3.9711315285,93.2812538147,"Rorb-IRES2-Cre"
"231",0.2077250898,141.385833333,0.115174903,0.045985,175.000041723,0.0361807421,22.9385790753,-78.5516433716,7.07284440332,98.52,-51.7812538147,96.35,46.65625,90,96.005,-42.5,122.19,-57.8125038147,4.311725613,98.4375038147,"Rorb-IRES2-Cre"
"234",0.0921209855,113.670625,0.1241706177,0.04587,331.250011921,0.1422371566,49.7167411658,-61.3951797485,8.7973475997,127.385,-43.0312538147,123.74,31.0000019073,30.0000019073,123.05,-34.3437538147,177.88,-50.34375,2.8534474832,74.031255722,"Rorb-IRES2-Cre"
"236",0.0226394565,59.69,0.1961538462,0.038845,278.794765472,0.098568581,28.8238727566,-74.1093292236,16.7532249958,514.2,-55.28125,509.98,44.3125,70,509.43,-36.5625038147,524.1,-58.84375,4.3148191256,99.59375,"Ntsr1-Cre_GN220"
"239",0.0071029118,52.2558333333,0.2719512195,0.047835,248.571425676,0.1037928164,25.5804550671,-75.8354644775,19.1366195162,138.29,-49.8750038147,136.405,32.0625,50,135.98,-36.46875,169.1,-59.8437538147,3.0017979556,81.9375038147,"Scnn1a-Tg2-Cre"
"240",0.2069373655,123.719,0.1292899524,0.04564,180.46875298,0.1657259315,18.7481127365,-77.5682601929,8.08283287126,101.995,-46.7187538147,100.075,40.7187538147,90,99.66,-39.8125,168.22,-56.0937538147,3.548158853,87.4375076294,"Rbp4-Cre_KL100"
"244",0.0358613139,107.61,0.1463349014,0.07696,160.312458873,0.077374354,24.0613465493,-74.1493377686,9.29281665273,174.94,-46.1250038147,171.88,40.5,90,171.4,-35.7812538147,213.1,-54.9375038147,4.1436436103,86.6250038147,"Rorb-IRES2-Cre"
"245",0.0394658867,86.26,0.1623222749,0.043375,214.84375,0.038029734,32.8031513337,-62.6768341064,11.592858799,91.83,-48.4375038147,87.34,34.0937538147,50,86.85,-33.5,113.87,-55.34375,3.9207614192,82.5312576294,"Scnn1a-Tg3-Cre"
"247",0.0320481523,63.9953571429,0.1529762016,0.05055,155.781254172,0.0507714227,21.0263990318,-81.7539978027,15.6261335923,105.425,-49.34375,103.485,34,110,103.06,-36.1562538147,119.325,-53.6875,3.0544488474,83.34375,"Nr5a1-Cre"
"251",0.0314171806,80.3122727273,0.1495290716,0.046135,146.093830466,0.0842964947,13.7048037855,-73.2192153931,12.4513971033,77.85,-44.3750038147,75.845,30.0937519073,190,75.375,-32.2500038147,90.815,-45.53125,2.354592213,74.468755722,"Ntsr1-Cre_GN220"
"255",1,89.51,0.1096405132,0.057675,116.40625447,0.0635878891,18.5473587434,-77.7801132202,11.1719360965,120.725,-53.90625,115.08,27.8437519073,190,114.53,-39.40625,136.345,-57.9375038147,4.1641729582,81.7500019073,"Rorb-IRES2-Cre"
"256",0.0406693969,65.5535714286,0.2186046512,0.02257,268.359363079,0.0222496465,54.0359864918,-66.9598922729,15.2546989921,504.835,-54.9062538147,503.005,33.1250038147,40,502.495,-42.5,528.91,-60.1562538147,2.4464250007,88.0312576294,"Nr5a1-Cre"
"257",0.1303708929,74.37,0.0313543563,0.04106,134.687542915,0.0297235642,15.4000760796,-81.1610488892,13.446282103,75.52,-47.78125,73.5,40.28125,150,73.1,-36.1562538147,85.26,-51.0312538147,3.6315118977,88.0625,"Cux2-CreERT2"
"258",0.0085722064,59.995,0.206250011,0.03832,128.78613174,0.1035796404,15.289644046,-74.2342147827,16.6680556713,105.92,-50.4687538147,104.08,36.75,110,103.64,-41.09375,144.58,-59.1250038147,2.9557570022,87.2187538147,"Rbp4-Cre_KL100"
"260",0.0214200304,70.8525,0.1920250714,0.057935,115.468673408,0.1227882802,13.6680116419,-75.9193191528,14.113828023,116.395,-48.34375,114.24,44.8125,209.999984741,113.805,-33.34375,127.955,-48.96875,2.8098324976,93.15625,"Ntsr1-Cre_GN220"
"264",0.0740124609,98.3183333333,0.2028673974,0.056525,201.87497139,0.0250958018,21.8645086753,-77.4324569702,10.1710430405,199.06,-50.7812538147,195.26,43.375,70,194.875,-38.2500038147,233.845,-58.375,4.8169449356,94.1562538147,"Rorb-IRES2-Cre"
"266",0.0144138954,61.5,0.2148452758,0.03966,216.562509537,0.0540811755,23.608140987,-71.4015350342,16.2601626016,83.4,-50.34375,79.5,40.6562538147,110,79.02,-36.5625038147,93.56,-54.875,4.2403849425,91.0000038147,"Cux2-CreERT2"
"267",1,1000,0.1469961347,0.081195,169.687539339,0.0485379249,21.1852333172,-81.5740814209,1,200.1,-49.78125,198.1,39.5937538147,110,197.685,-39.28125,231.05,-56.03125,3.2542227679,89.3750038147,"Rorb-IRES2-Cre"
"270",1,1000,0.0096976396,0.032295,154.218822718,0.1610584408,14.9306682669,-77.58253479,1,65.745,-43.4375038147,63.49,24.25,249.999984741,62.86,-29.7187519073,96.89,-48.5,2.1818765682,67.6875038147,"Ntsr1-Cre_GN220"
"272",0.0259485715,81.8504545455,0.1833333333,0.06451,231.562495232,0.0547779799,27.9901209637,-74.4558258057,12.2174031354,223.39,-45.875,220.39,37.78125,70,219.875,-35.65625,256.835,-54.5937538147,3.6098653848,83.65625,"Rorb-IRES2-Cre"
"273",0.0846362769,81.065,0.1998666646,0.03991,163.28124702,0.0542853847,17.5390899557,-78.5653686523,12.3357799297,91.025,-49.7187538147,89.24,45,90,88.9,-38.09375,117.72,-53.84375,3.6602782705,94.7187538147,"Nr5a1-Cre"
"275",0.0287486663,80.1609090909,0.1875,0.07257,129.687696695,0.0590607636,15.9206166533,-74.278503418,12.4749084228,237.09,-44.8437538147,234.395,29.8437519073,110,233.9,-38.59375,270.045,-52.9062538147,3.5197300481,74.687505722,"Cux2-CreERT2"
"276",0.0143658818,81.5127272727,0.185,0.0274,210.937574506,0.0956082568,25.9021873691,-61.8505935669,12.2680228408,144.34,-51.9062538147,141.54,45.875,50,141.06,-41.0312538147,162.66,-56.4062538147,3.3301299366,97.7812538147,"Ntsr1-Cre_GN220"
"283",1,1000,0.0421568659,0.045045,323.281377554,0.0213349648,35.0726067065,-71.5274658203,1,94.04,-42,91.485,31.3750019073,110,90.975,-27.6562519073,124.405,-50.15625,2.5879497122,73.3750019073,"Rorb-IRES2-Cre"
"284",0.0200246041,77.6227272727,0.275,0.078965,182.968750596,0.0105836531,21.9868656339,-76.0704803467,12.8828248521,310.675,-40.90625,307.97,23.25,90,307.49,-32.0625,350.91,-51.28125,2.9302972071,64.15625,"Nr5a1-Cre"
"287",0.0010974061,13.6338888889,0.9006018725,0.0124,82.9688236117,0.0387163348,7.14909642977,-73.0732498169,73.346644391,20.6,-53.125,19.72,10.8750009537,270,19.4,-31.65625,20.62,-53.2187538147,1.4058102777,64.0000009537,"Cux2-CreERT2"
"290",0.0136482229,84.1309090909,0.1276515152,0.05754,153.124794364,0.0595687665,18.5621089191,-73.5985412598,11.8862378976,116.12,-49.6875,113.72,43.875,90,113.3,-38.90625,147.42,-56.9375038147,3.6470023711,93.5625,"Cux2-CreERT2"
"292",1,65.62,0.2240020881,0.04954,269.374966621,0.0405708998,14.2527423087,-76.3499221802,15.2392563243,164.165,-49.7187538147,161.995,26.5312519073,70,161.475,-38.1562538147,863.505,-57.90625,2.7706464728,76.250005722,"Cux2-CreERT2"
"294",0.006833305,93.3938888889,0.1726190476,0.089995,219.999998808,0.1123706996,23.8237256885,-75.9695968628,10.707338691,230.13,-49.0625,226.7,33.625,70,226.16,-34.5,254.825,-54.9375,3.298298978,82.6875,"Rorb-IRES2-Cre"
"297",0.0691117027,50.715,0.10447761,0.04087,166.718706489,0.0119197704,17.8996721968,-77.0500564575,19.7180321404,107.835,-45.5625038147,105.725,43.6562538147,170,105.355,-27.4687519073,119.88,-51.0000038147,2.8385972715,89.2187576294,"Nr5a1-Cre"
"298",1,1000,0.1208484858,0.04045,155.937537551,0.0185238365,16.922560485,-68.9345703125,1,53.785,-50.6250038147,51.335,37.5312538147,170,50.9,-37.1875,63.07,-53.59375,3.5694296742,88.1562576294,"Nr5a1-Cre"
"299",0.0649189349,91.3371428571,0.1863013818,0.030765,263.437449932,0.0362643152,23.2744910341,-73.1930770874,10.9484484485,60.395,-47.8125038147,58.715,23.1562519073,90,58.225,-33.59375,60.42,-47.9062538147,2.3962109067,70.968755722,"Rorb-IRES2-Cre"
"300",1,56.77,0.027665705,0.047385,122.812658548,0.1129248142,18.9229147209,-77.0024642944,17.614937467,90.005,-44.1875,86.145,31.0937519073,170,85.56,-30.8125019073,128.005,-50,2.46979509,75.2812519073,"Rbp4-Cre_KL100"
"307",1,41.42,0.1249999999,0.0295,160.468786955,0.1241720691,15.9091840799,-77.1066818237,24.1429261226,58.06,-44.6250038147,55.34,32.84375,210,54.7,-31.4375019073,59.26,-45,2.9365881401,77.4687538147,"Ntsr1-Cre_GN220"
"308",-0.1928444975,485.78,0.1209219853,0.01792,162.812456489,0.1143226027,19.1271703565,-75.4487686157,2.05854502038,49.78,-46,47.6,41.5625,210,47.06,-35.34375,50.1,-46.25,2.8310441167,87.5625,"Ntsr1-Cre_GN220"
"309",1,1000,0.1592307759,0.05652,187.031209469,0.0800438523,20.4911864642,-77.4786224365,1,62.495,-48.96875,60.735,36.6875,110,60.32,-35.96875,73.46,-52.40625,3.1658794898,85.65625,"Nr5a1-Cre"
"310",0.0714051949,118.105,0.0890624996,0.075645,160.044744611,0.0414860658,18.5011826118,-80.5922088623,8.46704203886,208.73,-46.03125,204.96,37,90,204.445,-32.375,259.525,-55.4062538147,3.80076773,83.03125,"Rbp4-Cre_KL100"
"312",0.0217096944,59.4376666667,0.221875,0.05243,210.937619209,0.0096952049,29.7585465011,-69.4225387573,16.8243481967,124.44,-44.8750038147,122.37,35.40625,50,122.02,-32.7500038147,145.99,-50.71875,2.9849977028,80.2812538147,"Scnn1a-Tg3-Cre"
"315",0.0296417935,62.0183333333,0.2523109244,0.029715,144.687533379,0.0101551265,16.5931222158,-61.4261207581,16.1242643304,81.605,-49,79.09,35.8437538147,70,78.585,-34.6875,92.695,-53.28125,3.0914355399,84.8437538147,"Scnn1a-Tg3-Cre"
"317",0.0404934153,47.7113888889,0.3182812777,0.02121,240.624904633,0.0472334884,16.5874680757,-81.4488296509,20.9593563149,76.64,-50.4687538147,75.07,37,110,74.71,-34.875,93.255,-55.7812538147,2.8647845862,87.4687538147,"Nr5a1-Cre"
"319",0.0349519303,116.194375,0.1555555949,0.032215,69.2187920213,0.1738492548,11.5026163353,-80.2801742554,8.60626859088,58.225,-46.8437538147,55.74,35.875,370,55.22,-45.8125038147,93.54,-55.4062538147,3.3142730977,82.7187538147,"Rbp4-Cre_KL100"
"320",0.0166821998,60.035,0.2462915601,0.03694,241.562604904,0.030267382,23.6371235315,-76.6850128174,16.6569501124,241.38,-55.5000038147,238.42,44.28125,40,237.96,-49.8125038147,310.28,-63.5937538147,5.344802578,99.7812538147,"Ctgf-T2A-dgCre"
"321",0.0095086921,64.9457142857,0.2125,0.031335,192.18750298,0.222719267,17.0229095006,-78.7448654175,15.3974748141,135.165,-54.21875,132.33,30.46875,50,131.85,-41.40625,163.585,-65.0000076294,2.7644424544,84.6875,"Nr5a1-Cre"
"323",0.0084821108,71.6784615385,0.1705708704,0.05194,108.593635261,0.1551139355,17.5729806951,-75.1248931885,13.9511922903,167.54,-48.4687538147,165.54,31.34375,140,165.04,-42.4687538147,221.28,-57.5625038147,3.128037125,79.8125038147,"Ctgf-T2A-dgCre"
"326",0.1227687715,43.94,0.1512531273,0.01753,205.758854747,0.0131401904,9.34320676787,-75.356300354,22.758306782,32.765,-46.25,29.045,25.75,230,28.46,-34.75,37.425,-48.21875,3.6172989526,72,"Scnn1a-Tg3-Cre"
"333",0.0376878658,49.2970833333,0.2247311925,0.022735,197.142958641,0.0730278194,20.6727675676,-76.7895889282,20.2851757626,56.77,-47.5000038147,55.31,38.7187538147,90,54.955,-33.6250038147,69.595,-51.6875,3.0399683561,86.2187576294,"Nr5a1-Cre"
"334",0.0587541873,104.32,0.0961538496,0.0544,139.543265104,0.04143475,24.3841225906,-67.8305053711,9.58588957055,115.86,-49.9062538147,110.68,27.3750019073,130,110.04,-34.9687538147,134.52,-54.2187538147,4.076530399,77.281255722,"Scnn1a-Tg3-Cre"
"337",1,1000,0.0150371908,0.0216,77.8125375509,0.0249022879,11.2372094415,-72.8597488403,1,35.7,-41.9062538147,34.08,25,410,33.38,-27.8437519073,782.22,-42.8750038147,1.7168803693,66.9062538147,"Ntsr1-Cre_GN220"
"338",0.1935920902,156.661,0.0347826105,0.050415,132.142856717,0.0823451877,15.4321944902,-72.100112915,6.38320960545,80.325,-47.3125,78.02,44.5,130,77.66,-36.28125,111.69,-54.3437538147,4.0321708701,91.8125,"Rbp4-Cre_KL100"
"341",0.0407697152,82.9690909091,0.1431324111,0.05849,134.843751788,0.1027392223,21.911616455,-77.1888580322,12.0526811737,170.31,-47.9687538147,167.44,42.34375,80,166.99,-37.875,213.785,-58.0937538147,4.0115898895,90.3125038147,"Scnn1a-Tg2-Cre"
"345",0.0233129948,41.5130434783,0.2954274403,0.017215,332.477658987,0.0149144968,26.088915004,-67.9460296631,24.0888144114,54.49,-50.96875,52.09,45.3125,50,51.68,-36.7187538147,65.105,-54.4375038147,3.8095199162,96.28125,"Rorb-IRES2-Cre"
"350",0.0283625815,83.4390909091,0.1833333333,0.04224,232.968792319,0.0223539155,20.1743668469,-76.3015518188,11.9847902117,152.045,-47.90625,150.355,37,70,149.9,-34.34375,181.72,-57.03125,3.0012022315,84.90625,"Nr5a1-Cre"
"353",0.0255161595,76.3208333333,0.179905338,0.054425,134.218677878,0.0976739973,15.4246382179,-76.8444442749,13.1025823006,94.88,-47.5937538147,92.805,40.9375038147,190,92.255,-31.40625,115.235,-49.125,2.3617435688,88.5312576294,"Ntsr1-Cre_GN220"
"359",0.0269525533,81.8859090909,0.1800233645,0.075775,159.531250596,0.0344274789,25.1125429018,-79.6815643311,12.2121133062,528.23,-51.03125,523.555,33.875,50,522.99,-35.96875,578.325,-60.4375,4.0843144473,84.90625,"Scnn1a-Tg2-Cre"
"364",0.0223981015,85.0245454545,0.1029761956,0.058865,139.687538147,0.029876072,27.6047277572,-63.8380661011,11.7613095684,116.185,-48.875,111.975,31.6875019073,130,111.395,-38.28125,128.295,-52.15625,3.987668409,80.5625019073,"Scnn1a-Tg3-Cre"
"366",0.1134402018,86.349,0.2060606316,0.050605,146.406248212,0.0493269563,23.2283383879,-77.6622772217,11.5809100279,143.575,-43.8125038147,141.86,46.90625,110,141.445,-37.71875,188.845,-51.375,3.6176181454,90.7187538147,"Rbp4-Cre_KL100"
"367",1,1000,0.0968749869,0.050055,69.3750008941,0.1039638519,8.66689780796,-73.9276123047,1,70.175,-45.9687538147,68.1,36.59375,290,67.76,-47.1562538147,101.445,-59.2812538147,4.1464390347,82.5625038147,"Rbp4-Cre_KL100"
"368",0.1297247895,38.3125,0.1136160702,0.02713,144.53125,0.0176777113,22.1557888882,-75.2367324829,26.101141925,48.21,-48.3125038147,45.685,40.5625038147,190,45.345,-34,962.3,-50.96875,3.5471908782,88.8750076294,"Scnn1a-Tg3-Cre"
"373",0.0112589502,95.0088888889,0.1527472492,0.05462,203.906327486,0.0947432816,21.5441395481,-71.2786102295,10.5253309632,230.92,-51.1875038147,227.42,46.5,90,226.98,-42.9375038147,267.14,-56.9062538147,4.9828845575,97.6875038147,"Ctgf-T2A-dgCre"
"375",0.0825362574,103.197,0.0942528731,0.057055,156.562507153,0.0194823537,19.8171190301,-76.8808288574,9.6902041726,210.375,-47.8125038147,207.885,53.7187538147,130,207.485,-38.1875,251.375,-55.6250038147,4.5042944831,101.531257629,"Scnn1a-Tg3-Cre"
"379",0.0170265693,43.8488095238,0.3488888889,0.05157,208.281219006,0.0155193536,28.8058511449,-74.9811172485,22.8056362501,148.905,-46.0625038147,146.515,20.0625,50,146.04,-40.8125038147,163.38,-50.2187538147,2.9583214852,66.1250038147,"Scnn1a-Tg2-Cre"
"380",0.0180102393,111.531875,0.1428370363,0.08869,154.687494039,0.036914859,21.4664851772,-81.3229217529,8.9660467019,225.585,-45.9375,222.6,17.2812519073,90,222.08,-34.59375,275.39,-58.8750038147,2.6782962593,63.2187519073,"Scnn1a-Tg3-Cre"
"381",0.018039382,64.0957142857,0.2025510204,0.04502,146.093860269,0.0295471437,14.9792377061,-78.6970443726,15.6016671496,204.1,-49.4687538147,202.02,35.09375,70,201.5,-36.5000038147,240.98,-58.5937538147,2.9966158152,84.5625038147,"Scnn1a-Tg3-Cre"
"384",0.1739393312,82.904,0.1225368732,0.0343,267.968744039,0.1054822654,34.1245300885,-80.1675643921,12.0621441667,123.58,-48.1562538147,120.9,33.59375,70,120.32,-35.03125,157.94,-57.03125,2.7717877043,81.7500038147,"Rbp4-Cre_KL100"
"385",0.0617952114,92.028,0.1669776191,0.04695,162.343785167,0.040973939,18.9256658045,-73.3130340576,10.8662580954,123.035,-47.5000038147,120.325,42.6250038147,90,119.92,-36.8125038147,147.07,-53.28125,3.5048731339,90.1250076294,"Cux2-CreERT2"
"387",0.0421622045,79.6509090909,0.2283898305,0.07392,157.343789935,0.0458727479,23.6166024499,-81.4509658813,12.5547845142,242.9,-49.4062538147,241.06,25.0937519073,70,240.63,-40.03125,299.22,-61.7187538147,2.993885291,74.500005722,"Scnn1a-Tg3-Cre"
"388",0.0122806423,95.6577777778,0.17,0.0905,149.999842048,0.0183797535,18.8218352121,-68.3788757324,10.4539330019,404.9,-47.3125,400.5,21.8750019073,70,399.92,-42.3750038147,438.66,-56,5.0764777347,69.1875019073,"Ctgf-T2A-dgCre"
"389",0.0239146106,65.1326923077,0.2718750184,0.048075,198.906213045,0.0090793539,20.0473948299,-77.2901382446,15.3532729044,311.84,-52.5312538147,309.54,44.25,70,309.025,-49.78125,959.785,-56.7500038147,4.5757324526,96.7812538147,"Cux2-CreERT2"
"391",0.0929322943,101.343333333,0.1547619048,0.04745,215.624928474,0.0188374985,31.5536223492,-71.1050338745,9.86744729139,131.05,-49.7187538147,128.27,33.5625,90,127.83,-36.5,151.2,-54.40625,3.387519999,83.2812538147,"Rorb-IRES2-Cre"
"393",0.2798290598,87.75,0.0444444403,0.05044,141.562610865,0.0726919919,18.7788583406,-76.4054412842,11.396011396,105.385,-44.5625038147,101.465,36.1562538147,190,101.02,-32.0312538147,130.58,-51.53125,3.4473208755,80.7187576294,"Rorb-IRES2-Cre"
"395",0.0123755954,51.88,0.2801477378,0.04168,191.718757153,0.0411933288,23.9900848054,-67.5364532471,19.2752505783,111.26,-47.46875,109.405,40.5625038147,70,109.03,-39.5,132.485,-50.9062538147,3.6928634067,88.0312538147,"Rorb-IRES2-Cre"
"399",0.0307136335,75.905,0.2145664759,0.03189,232.812494039,0.1006960124,22.3245203054,-64.3289031982,13.1743626902,120.3,-46.5312538147,118.445,47.125,50,118.035,-36.4062538147,153.395,-55.7187538147,3.2786588371,93.6562538147,"Cux2-CreERT2"
"405",0.0882908841,81.585,0.1119538349,0.027675,193.593636155,0.0834234953,25.878555662,-75.9269332886,12.2571551143,82.865,-44.8125,78.285,39.0625,150,77.79,-32.40625,103.905,-49.4687538147,4.1042965291,83.875,"Rorb-IRES2-Cre"
"406",0.0299897224,57.9271875,0.2117214199,0.03647,192.18711555,0.0813830122,24.7563297047,-73.3546524048,17.2630511364,134.95,-41.6562538147,132.5,18.9375,80,131.955,-32.375,166.025,-50.6875038147,2.4611744508,60.5937538147,"Cux2-CreERT2"
"409",0.0341315331,71.885,0.1773809524,0.037245,260.781347752,0.0842232332,19.9408336147,-74.8125076294,13.9111080198,870.585,-48.96875,867.41,22.28125,70,866.675,-39.09375,891.19,-54.3125,2.4871608298,71.25,"Scnn1a-Tg3-Cre"
"412",0.0473092917,138.083333333,0.0230841105,0.08198,74.9998837709,0.0403347202,20.6521335795,-78.1814880371,7.242003621,254.1,-47.1562538147,249.56,40.6562538147,190,249,-38.1562538147,292.92,-55.3125038147,4.7183407512,87.8125076294,"Cux2-CreERT2"
"414",0.0206066107,72.2323076923,0.1919491525,0.05544,152.499973774,0.0793471187,26.8179912502,-75.5931091309,13.8442205704,344.64,-49.9687538147,342.5,43.7500038147,70,342.12,-39.8125,414.72,-61.9375038147,3.8074380907,93.7187576294,"Scnn1a-Tg3-Cre"
"417",0.0284241611,96.6044444444,0.1006732263,0.07058,72.6563259959,0.05174236,9.23500034113,-84.1187515259,10.3514906147,346.86,-46.1875,344.3,42.28125,210,343.78,-40.0937538147,386.8,-55.5000038147,3.7428416863,88.46875,"Cux2-CreERT2"
"418",0.0185858154,42.7184090909,0.2159049458,0.03673,137.343794107,0.0292228591,15.5658292633,-76.8331451416,23.4091114646,114.02,-41.4375038147,112.25,33.90625,90,111.865,-31.1562519073,138.625,-49.4375,2.6689812763,75.3437538147,"Scnn1a-Tg3-Cre"
"419",0.0292641029,73.74,0.1895019157,0.05546,123.906247318,0.1195352152,15.3103857262,-79.6576766968,13.5611608354,202.54,-44.96875,200.26,37.90625,80,199.8,-33.40625,253.46,-59.0000038147,3.3847802659,82.875,"Scnn1a-Tg3-Cre"
"420",1,64.985,0.0802083249,0.04376,94.3750739098,0.0468432941,15.5961482196,-68.6219024658,15.3881665,78.135,-46.59375,75.475,35.5,290,75.02,-33.7812538147,87.78,-50.5,3.5442468637,82.09375,"Rbp4-Cre_KL100"
"421",0.1506819303,117.956666667,0.1045454588,0.059775,128.90625,0.0993512869,26.2819927496,-73.0203781128,8.47768954701,102.24,-45.03125,98.16,22.0312519073,130,97.64,-34.4062538147,137.61,-53.71875,2.893732392,67.0625019073,"Scnn1a-Tg2-Cre"
"425",0.0521251995,103.772222222,0.2211538462,0.034375,158.035814762,0.0683922395,17.8273180408,-71.477355957,9.63649017614,130.435,-46.15625,128.655,38.5625038147,130,128.245,-33.3750038147,148.685,-52.4375038147,2.722549065,84.7187538147,"Rorb-IRES2-Cre"
"431",0.2581769057,104.791666667,-0.003380523,0.06184,154.107108712,0.0759375319,19.1436016614,-78.5531539917,9.54274353876,169.13,-46,162.53,24,110,161.85,-31.9375019073,216.585,-56.15625,3.1392993255,70,"Scnn1a-Tg3-Cre"
"432",0.019726424,101.615,0.1544326353,0.071565,118.750080466,0.094195433,18.3984475518,-70.9766464233,9.84106677164,246.075,-47.0000038147,244.235,30.7187519073,100,243.745,-39.3750038147,299.15,-57.90625,2.8114617518,77.718755722,"Rbp4-Cre_KL100"
"433",0.0209838679,92.3588888889,0.1479910773,0.08169,161.250039935,0.0677762702,23.5228038619,-76.4173431396,10.8273281763,266.835,-43.0937538147,263.345,38.7187538147,90,262.69,-36.5625038147,343.635,-53.84375,3.455637882,81.8125076294,"Scnn1a-Tg2-Cre"
"438",0.2167476362,73.2266666667,0.2524082679,0.03554,242.031246424,0.0318112709,23.4798486095,-73.0221557617,13.6562272396,65.56,-45.0937538147,63.76,37.5,130,63.3,-33.40625,80.56,-45.9062538147,3.441285679,82.5937538147,"Nr5a1-Cre"
"441",0.0653829047,88.2835,0.171405456,0.03633,177.031293511,0.0687024817,23.4333560435,-73.6229324341,11.3271449365,132.1,-49.8750038147,129.805,40.34375,80,129.39,-40.4687538147,520.055,-59.1250038147,4.0209908637,90.2187538147,"Cux2-CreERT2"
"442",1,1000,0.182860779,0.13602,127.142742276,0.0397769921,18.2617506984,-78.2927856445,1,132.36,-48.5,129.04,36.375,130,128.58,-33.09375,146.44,-54.46875,3.9873244962,84.875,"Rorb-IRES2-Cre"
"444",0.0267317212,94.2335,0.1642857143,0.056125,166.250005364,0.1662214994,23.1827548874,-69.4028549194,10.6119373683,177.855,-47.75,176.355,43.9375,70,175.93,-36.84375,217.065,-57.2812538147,2.9741942344,91.6875,"Scnn1a-Tg3-Cre"
"446",0.0330282831,79.2636363636,0.175892864,0.06008,129.776865244,0.1384126991,18.6729106982,-78.4465026855,12.6161257025,206.505,-48.03125,203.965,33.3125038147,90,203.585,-35.34375,252.59,-59.7812538147,3.1247076057,81.3437538147,"Scnn1a-Tg2-Cre"
"447",0.027104301,48.5865789474,0.3163556531,0.02448,339.062571526,0.0973013043,24.8041949599,-67.7243728638,20.5818154244,127.535,-48.0625038147,125.39,31.7500019073,40,124.935,-38.9375,171.365,-54.5937538147,2.6642604896,79.812505722,"Rbp4-Cre_KL100"
"450",0.0290599191,67.4334615385,0.219167873,0.03169,126.718744636,0.0246091373,15.7814397386,-76.2288208008,14.8294330023,92.56,-52.1875038147,90.72,33.5312538147,110,90.285,-44.7812538147,112.755,-57.9375038147,3.4604709322,85.7187576294,"Cux2-CreERT2"
"453",0.000475832,75.3683333333,0.2374733939,0.051065,137.812420726,0.17492643,20.3768973721,-68.4113006592,13.2681718671,801.585,-51.6875,800,50.71875,70,799.54,-46.34375,868.4,-57.3750038147,3.1639470906,102.40625,"Rbp4-Cre_KL100"
"454",0.0273124145,102.0725,0.1174999998,0.07214,76.4062851667,0.0527104288,12.7815539149,-79.4310836792,9.79695804453,171.22,-46.8437538147,168.92,49.7187538147,210,168.48,-38.78125,196.96,-54.15625,3.9403996277,96.5625076294,"Cux2-CreERT2"
"455",0.2000678076,95.035,0.0861344513,0.048005,99.06257689,0.0131795164,20.3629385587,-65.9213867188,10.5224391014,156.415,-49.4687538147,151.295,32.875,230,150.78,-31.3125,166.68,-53.2187538147,3.9532771964,82.3437538147,"Scnn1a-Tg3-Cre"
"459",0.0339882254,69.7319230769,0.2477272727,0.05479,245.55298686,0.0131556671,22.9289414375,-82.9349517822,14.340634187,149.665,-55.5312538147,147.735,40.59375,50,147.315,-45.53125,167.02,-60.6562538147,3.9751213548,96.1250038147,"Slc17a6-IRES-Cre"
"468",1,1000,0.1123266595,0.09963,168.281286955,0.0573905855,24.350588881,-72.4253845215,1,150.71,-46.2187538147,147.495,31.2812519073,90,146.985,-34.21875,182.78,-52.9062538147,3.4357991376,77.500005722,"Cux2-CreERT2"
"470",0.022481032,68.2214285714,0.195202952,0.04422,170.156210661,0.0559369773,46.923182351,-72.9973297119,14.658150979,138.84,-50.0312538147,136.62,41.3750038147,50,136.2,-36.1875038147,164.34,-58.0625,3.8346319324,91.4062576294,"Nr5a1-Cre"
"473",0.0540873886,76.2683333333,0.2117424154,0.031835,125.000193715,0.1410330683,12.6728764575,-75.3490219116,13.1116015821,58.175,-51.0312538147,56.345,43.8437538147,209.999984741,55.92,-34.875,58.535,-51.3125038147,2.792200772,94.8750076294,"Ntsr1-Cre_GN220"
"474",0.1227994256,127.0975,0.0742187545,0.056675,162.343755364,0.0750596449,20.2702571347,-72.1620178223,7.86797537324,163.94,-43.5000038147,159.605,40.375,150,159.155,-29.1875,193.53,-52.6875038147,3.6789367382,83.8750038147,"Rbp4-Cre_KL100"
"475",0.0329465395,53.7814705882,0.2715323434,0.051805,193.437546492,0.0190457106,20.7416789841,-80.5246505737,18.5937645264,325.04,-54.9687538147,323.025,40.0625038147,80,322.595,-40.7812538147,356.505,-56.46875,3.3696612774,95.0312576294,"Cux2-CreERT2"
"479",0.2013858116,149.07,0.1966666497,0.03052,142.968714237,0.0046993615,16.9624803277,-78.8050384521,6.70825786543,66.22,-52.0312538147,63.6,37.71875,230,63.14,-38.5625038147,75.8,-55.0000038147,3.9914940638,89.7500038147,"Nr5a1-Cre"
"480",0.2191830077,146.5375,0.1755555642,0.03046,180.937469006,0.0046741581,18.6400926442,-62.4188423157,6.82419175979,57.36,-46.90625,55.95,43.0937538147,130,55.63,-36.59375,65.785,-49.8750038147,3.4417124144,90.0000038147,"Scnn1a-Tg3-Cre"
"481",0.0239902802,68.4515384615,0.1756286253,0.060385,150.624990463,0.0503459089,22.8166202229,-72.6047592163,14.6088754537,418.16,-46.5,415.68,41.40625,59.9999961853,415.225,-38.59375,508.61,-58.0937538147,3.5026686266,87.90625,"Scnn1a-Tg2-Cre"
"485",0.0309422389,186.84,0.2858452959,0.07432,162.968754768,0.0657943487,13.6846137598,-66.1220245361,5.35217298223,198.48,-51.5000038147,196.5,47.6875,70,195.96,-44.125,222.42,-55.0000038147,3.4285926674,99.1875038147,"Rbp4-Cre_KL100"
"488",0.0121176655,49.1368421053,0.2073033708,0.05534,187.656283379,0.0240895767,21.236039382,-80.8980407715,20.3513281919,170.36,-51.7187538147,168.76,39.2187538147,70,168.3,-41.3125,192.4,-54.2812538147,3.1652918675,90.9375076294,"Nr5a1-Cre"
"491",0.0744861953,97.8427777778,0.2,0.0464,170.781180263,0.0273176432,20.0068022966,-72.5783004761,10.2204784319,100.275,-45.4375038147,97.37,34.15625,90,96.855,-34.625,126.3,-49.5000038147,3.7953221718,79.5937538147,"Cux2-CreERT2"
"494",0.0571274006,52.161,0.2295535881,0.015515,248.125046492,0.0593741946,18.9313955219,-72.4813919067,19.171411591,50.1,-54.3437538147,46.3,18.0000019073,90,45.725,-45.6562538147,58.77,-58.21875,3.2266838754,72.343755722,"Cux2-CreERT2"
"497",1,49.905,0.0108209012,0.03722,101.562574506,0.0585205704,15.3165200563,-77.6154632568,20.0380723374,73.03,-48.7500038147,70.2,31.0937519073,330,69.66,-33.8125,83.59,-50.1875038147,3.1546793315,79.843755722,"Rbp4-Cre_KL100"
"499",0.0032079635,50.3721052632,0.2103449072,0.025115,98.3444213867,0.1928599477,13.6589096926,-68.2019271851,19.8522574106,57.15,-51.9687538147,55.75,23.5937519073,150,55.295,-43.78125,87.37,-55.7187538147,2.0943282172,75.562505722,"Rbp4-Cre_KL100"
"500",0.1436420944,90.0285714286,0.2123417656,0.02079,146.874994039,0.0278807431,16.9137772983,-82.7248153687,11.1075848937,89.095,-53.59375,85.695,28.2812519073,209.999984741,85.14,-39.0625,103.46,-57.2812538147,3.5836123272,81.8750019073,"Rorb-IRES2-Cre"
"502",0.1516286673,99.434,0.1270293694,0.03375,244.375005364,0.0143414671,25.693978805,-70.5972824097,10.0569221795,178.11,-48.90625,174.97,45.875,70,174.545,-38.3125038147,205.065,-56,3.7217534746,94.78125,"Scnn1a-Tg3-Cre"
"505",1,1000,0.1126488154,0.04828,197.812452912,0.0260047987,29.1357366417,-75.0118560791,1,109.245,-50.0312538147,107.16,42.4375,110,106.76,-37.9375,486.64,-53.9375038147,3.2932411812,92.4687538147,"Nr5a1-Cre"
"509",0.0273401063,54.8355882353,0.3026515066,0.034195,171.093717217,0.0406936817,17.5577359319,-76.9504776001,18.2363321372,68.855,-44.25,67.045,38.0625,190,66.595,-31.4687519073,84.55,-46.25,3.1491299754,82.3125,"Rorb-IRES2-Cre"
"510",1,1000,0.0142857217,0.07963,88.4374603629,0.0902357399,18.808327605,-79.6286087036,1,126.41,-48.1562538147,118.785,21.1562519073,410,117.935,-32.8125038147,155.75,-51.7500038147,3.0574027285,69.312505722,"Rbp4-Cre_KL100"
"521",0.2278132432,79.89,0.0670785097,0.03829,108.437538147,0.0948032439,12.379894935,-72.2610549927,12.5172111654,79.515,-46.96875,76.31,40.4375,209.999984741,75.89,-37.6250038147,105.6,-53.5625038147,4.2140501194,87.40625,"Cux2-CreERT2"
"522",0.1110990189,149.989,0.090098575,0.08562,121.093638241,0.0830635205,25.7681413593,-73.8577346802,6.66715559141,250.1,-45.71875,246.11,32.0625,110,245.6,-36.28125,311.47,-57.1250038147,3.4608120666,77.78125,"Scnn1a-Tg2-Cre"
"527",0.0192199944,86.972,0.149388593,0.06236,146.093562245,0.0724782199,19.3189463442,-77.5240783691,11.4979533643,288.24,-46.4687538147,285.76,45.375,100,285.32,-34.9375,332.72,-57.8750038147,3.9566671527,91.8437538147,"Scnn1a-Tg2-Cre"
"531",0.0674525337,92.256,0.1741641329,0.03648,305.937498808,0.0182690695,62.5643982931,-61.8339958191,10.8394033992,244.84,-50.0312538147,243.26,35.40625,29.9999980927,242.76,-38.125,268.42,-52.875,3.0127907881,85.4375038147,"Ctgf-T2A-dgCre"
"532",0.0637968972,118.585714286,0.1954545455,0.08357,204.374998808,0.1007180512,28.8778971711,-67.8072128296,8.43271894953,214.22,-35.59375,212.02,49.625,50,211.65,-28.15625,277.69,-49.0000038147,3.5360488039,85.21875,"Scnn1a-Tg2-Cre"
"533",0.0179312507,69.5984615385,0.2283333333,0.05622,268.415033817,0.1223601103,28.8296120731,-75.5874557495,14.3681336899,205.14,-52.0625038147,201.58,31.4687519073,50,201,-43.40625,237.78,-57.4687538147,3.6220409409,83.531255722,"Ctgf-T2A-dgCre"
"534",0.0100219639,44.6533333333,0.2898545691,0.03624,238.593742251,0.020983953,16.1320378919,-76.0615768433,22.3947446999,343.4,-55.90625,340.96,36.125,29.9999980927,340.4,-42.5,367.52,-60.0937538147,3.1858882212,92.03125,"Rorb-IRES2-Cre"
"535",0.0135322099,54.3470588235,0.174864863,0.0479,237.500116229,0.0383980758,32.5375415666,-69.4436645508,18.4002597684,346.6,-44.03125,344.92,33.1875,29.9999980927,344.42,-34.28125,394.16,-56.875,2.5249170839,77.21875,"Scnn1a-Tg2-Cre"
"537",0.1936614547,89.79125,0.1359848514,0.051915,365.000069141,0.1433081478,46.5714514051,-76.1378860474,11.1369426308,112.54,-44.6250038147,109.17,24.6562519073,50,108.51,-37.7812538147,144.955,-49.5937538147,2.9947934185,69.281255722,"Rorb-IRES2-Cre"
"538",0.0228414568,54.5728125,0.2502212679,0.045005,135.468870401,0.0208985545,19.8407923916,-80.2579421997,18.3241426305,118.27,-50.0312538147,116.41,42.90625,110,116.015,-41.6562538147,138.52,-55.1875,3.5915440217,92.9375038147,"Rorb-IRES2-Cre"
"540",0.2248069461,98.1166666667,0.0969737789,0.045665,164.218783379,0.0750427693,17.1019390996,-76.1374206543,10.1919483608,100.255,-44.7812538147,96.61,42.1875,130,96.18,-34.875,138.56,-53.0000038147,3.6121828153,86.9687538147,"Cux2-CreERT2"
"541",0.1387779555,119.192142857,0.1377540437,0.043765,104.843787849,0.037169531,19.1187489981,-74.8752670288,8.38981476488,105.735,-47.21875,102.12,24.1562519073,230,101.565,-41.09375,551.73,-52.5625,3.5933688452,71.3750019073,"Scnn1a-Tg2-Cre"
"544",0.0263349865,57.2909375,0.2301181056,0.04043,228.515625,0.0570130385,24.3680719568,-75.684387207,17.4547676061,200.605,-48.71875,198.545,34.75,59.9999961853,198.095,-38.65625,227.2,-57.5625,3.2378645023,83.46875,"Nr5a1-Cre"
"545",0.0360390731,110.28625,0.1212121285,0.073425,115.781329572,0.1137753576,20.045260178,-75.1748199463,9.06731346836,163.15,-43.6875038147,160.73,32.71875,130,160.275,-37.34375,215,-53.9375038147,3.2048788725,76.4062538147,"Rorb-IRES2-Cre"
"546",0.0201766759,69.6338461538,0.2155601613,0.07022,171.718671918,0.0210417602,23.7512050134,-81.4805679321,14.3608324864,403.88,-51.4687538147,400.66,40.3125038147,50,400.16,-38.5000038147,426.3,-58.6562538147,4.2211474584,91.7812576294,"Rorb-IRES2-Cre"
"548",0.022991674,57.5034375,0.236150239,0.06152,199.375003576,0.0103877271,28.2512834702,-76.3757705688,17.3902647124,176.295,-44.5,173.91,47.0625,50,173.545,-32.8125038147,199.55,-50.8125,4.7563838258,91.5625,"Scnn1a-Tg3-Cre"
"549",0.0348404831,74.0158333333,0.2006329292,0.04909,119.55357343,0.1685982794,18.696578849,-68.143371582,13.5106227271,192.375,-46.40625,190.835,47.5937538147,90,190.46,-39.625,263.16,-53.2187538147,3.3749299734,94.0000038147,"Rbp4-Cre_KL100"
"550",0.0284554053,102.525,0.1368804665,0.06842,226.562425494,0.0979147926,32.807554557,-73.26587677,9.75371860522,176.555,-45.5000038147,174.405,23.7500019073,50,173.845,-36.4062538147,227.725,-57.65625,2.5873784261,69.250005722,"Rbp4-Cre_KL100"
"554",0.0179674667,58.6875,0.2578431491,0.02762,162.656202912,0.0085155461,17.96684937,-75.2355270386,17.0394036209,57.16,-50.40625,54.88,42.2500038147,130,54.46,-39.5937538147,64.82,-54.5937538147,4.1465962199,92.6562538147,"Rorb-IRES2-Cre"
"556",0.0455405854,75.4083333333,0.1518750078,0.053705,171.2500453,0.0251490939,20.4431337158,-78.4160385132,13.2611338269,134.605,-47.2812538147,131.15,35.2812538147,110,130.655,-38.5000038147,166.065,-53.59375,4.1923051698,82.5625076294,"Cux2-CreERT2"
"557",0.0109126745,61.9906666667,0.369364162,0.05038,487.96877265,0.2163177431,36.6362010455,-67.8327102661,16.13146065,481.24,-54.9687538147,476.84,21.8125,10,476.14,-43.3125,536.42,-63.4687538147,3.3262789885,76.7812538147,"Ctgf-T2A-dgCre"
"559",1,1000,0.2211693285,0.124575,267.187505961,0.0908984393,33.3699572091,-78.8586959839,1,151.525,-51.0312538147,149.48,30.2500019073,50,149.075,-36.7187538147,180.15,-56.9062538147,3.1937594188,81.281255722,"Scnn1a-Tg3-Cre"
"564",0.0122753506,92.2345,0.1917233627,0.037875,188.12507391,0.1371909827,18.7583573854,-74.7404403687,10.8419300804,65.24,-54.8125038147,63.11,45.6562538147,70,62.58,-46.2812538147,79.23,-55.5312538147,3.6234669702,100.468757629,"Ntsr1-Cre_GN220"
"565",0.1783534746,75.043,0.1044464669,0.040755,130.156129599,0.0427862033,18.2879089094,-79.2622070313,13.3256932692,86.82,-47.0625,84.135,32.4375038147,150,83.63,-36.75,969.61,-54.9062538147,3.313076173,79.5000038147,"Nr5a1-Cre"
"569",0.0333816133,77.5836363636,0.1888520971,0.1441,244.687616825,0.1482791454,32.5240686703,-67.9803619385,12.8893159289,366.62,-48.8125,362.28,34.1875038147,90,361.78,-39.3750038147,381.4,-54,4.6809277135,83.0000038147,"Ctgf-T2A-dgCre"
"570",1,1000,0.1594302554,0.143365,220.937460661,0.0263815299,21.1076413318,-71.0636901855,1,82.61,-48.3125,79.275,50.4375038147,70,78.825,-36.46875,97.655,-53.4687538147,4.780396083,98.7500038147,"Rorb-IRES2-Cre"
"571",0.0881545319,94.895,0.1393833183,0.045505,144.531220198,0.0557366125,17.6031911815,-79.9532012939,10.5379630117,92.41,-53.28125,90.005,33.09375,170,89.55,-46.34375,106.07,-57.7812538147,4.0242855437,86.375,"Rbp4-Cre_KL100"
"572",0.0362030289,77.0054545455,0.1824803109,0.05864,213.750079274,0.0653698221,30.5055063301,-70.960609436,12.9860930749,263.46,-47,260.06,32.5000038147,59.9999961853,259.58,-36.7187538147,324.96,-54.4375038147,4.455772231,79.5000038147,"Scnn1a-Tg2-Cre"
"574",0.1892336382,93.7166666667,0.170120899,0.024975,436.71888113,0.0639035106,45.3610918055,-58.3095245361,10.6704606082,64.67,-50.9062538147,61.245,23.125,30.0000019073,60.635,-32.78125,86.77,-55.34375,2.2096504774,74.0312538147,"Rbp4-Cre_KL100"
"578",0.0181273967,77.06875,0.1806818245,0.049725,109.843634069,0.1881266385,16.956399784,-75.0866622925,12.9754277836,104.575,-48.4687538147,103.305,47.0000038147,150,102.91,-41.3750038147,156.575,-53.3125038147,3.0269697689,95.4687576294,"Rbp4-Cre_KL100"
"579",0.0440022495,73.0569230769,0.2218292789,0.04204,157.187581062,0.0274023879,16.5907497515,-78.2233123779,13.6879567039,121.805,-53.40625,119.235,39.1875038147,130,118.71,-41.53125,131.1,-56.9062538147,3.7451433995,92.5937538147,"Scnn1a-Tg3-Cre"
"580",0.0165695667,61.6391666667,0.2006302607,0.02215,189.062491059,0.0512830764,15.8417259986,-75.5707397461,16.2234509984,63.33,-47.4062538147,61.445,31.8437519073,130,61.02,-35.96875,74.285,-51.7812538147,3.1326653001,79.250005722,"Nr5a1-Cre"
"583",0.025823463,78.1,0.1623031496,0.05826,122.656323016,0.1415288746,21.4404134616,-74.2980117798,12.8040973111,199.1,-50.2187538147,196.48,38.0937538147,80,196.02,-42.4062538147,263.04,-59.4062538147,4.1341109256,88.3125076294,"Scnn1a-Tg2-Cre"
"584",0.0218098585,52.8622222222,0.2333333333,0.034055,304.6875,0.0821281075,40.8273037203,-65.3980865479,18.9171010594,123,-43.84375,121.105,34.53125,50,120.67,-35.34375,161.38,-53.75,2.9467601522,78.375,"Scnn1a-Tg2-Cre"
"592",0.0447834448,71.5730769231,0.2335968251,0.037405,211.250036955,0.0520097166,21.4893385367,-82.4907913208,13.9717341071,149.51,-48.78125,147.415,40.125,119.999992371,147.085,-33.5,167.105,-56.625,3.5417062022,88.90625,"Nr5a1-Cre"
"593",0.0230086409,60.61,0.2236486454,0.02398,208.593711257,0.0560376011,27.0237032863,-60.6267623901,16.4989275697,85.62,-50.5312538147,82.78,39.46875,29.9999980927,82.34,-41.1875038147,109.64,-56.9375038147,4.4374948847,90.0000038147,"Ctgf-T2A-dgCre"
"594",0.0170197337,45.68575,0.3029801223,0.0405,293.437510729,0.0731709823,34.7774554418,-64.6614532471,21.8886633141,137.415,-44.5,134.87,34,59.9999961853,134.435,-33.8437538147,154.74,-50.15625,3.4194409594,78.5,"Rorb-IRES2-Cre"
"596",0.1066315523,82.5872727273,0.0867187746,0.03,138.906165958,0.0485048257,17.6587269945,-75.1282043457,12.1084032318,56.6,-46.2812538147,54.48,41.3750038147,170,54.06,-32.6875,63.92,-48.90625,3.5359502331,87.6562576294,"Nr5a1-Cre"
"598",0.008942715,52.1844444444,0.2190346219,0.01946,315.156310797,0.0342812911,13.0876496174,-72.1856307983,19.1627986203,63.92,-44.5,61.7,28,110,61.04,-35,64.2,-44.7187538147,2.2413271124,72.5,"Ntsr1-Cre_GN220"
"599",0.0106580757,39.4422916667,0.3056818364,0.043795,220.781207085,0.2110567391,16.3963969052,-70.1241836548,25.3534964056,126.84,-47.84375,124.695,31.1875,70,124.175,-31.8437519073,146.935,-49.6875,2.553382345,79.03125,"Ntsr1-Cre_GN220"
"601",0.0266305931,100.808333333,0.1196428634,0.07263,113.281257451,0.0807848945,22.4541160442,-77.2494049072,9.91981483013,142.19,-49.0625,138.89,31.0000019073,110,138.43,-37.71875,183.735,-57.34375,3.660713243,80.0625019073,"Rbp4-Cre_KL100"
"605",0.0150098763,53.5364705882,0.213888898,0.065525,245.312705636,0.119957462,24.0032527496,-65.2310028076,18.6788555355,434.135,-50.34375,431.385,19.53125,30.0000019073,430.87,-40.53125,471.615,-57.0937538147,2.7584284824,69.875,"Ntsr1-Cre_GN220"
"606",0.0379231041,77.4708333333,0.2,0.053065,165.625035763,0.0391024575,21.1683740043,-75.4109802246,12.9080836874,115.56,-50.5312538147,113.745,44.125,90,113.375,-38.9687538147,139.67,-55.8750038147,3.7652983833,94.6562538147,"Nr5a1-Cre"
"609",0.0112850119,47.268,0.2888888992,0.03281,242.812424898,0.0293579884,28.8938254755,-67.4911956787,21.15596175,207.97,-52.3437538147,205.8,36.125,30.0000019073,205.265,-43.2812538147,255.275,-58.1875038147,3.4530356122,88.4687538147,"Cux2-CreERT2"
"611",0.301099639,119.13,0.056064348,0.057985,82.4553444982,0.0686581209,19.962453649,-76.0950698853,8.39419121968,130.335,-46.7812538147,126.43,36.3125,209.999984741,125.925,-36.2500038147,598.25,-52.71875,3.7814014858,83.0937538147,"Rbp4-Cre_KL100"
"612",0.0279520347,73.9795833333,0.1672178536,0.063885,167.031258345,0.0678625926,23.0270488999,-72.4311676025,13.517242933,169.405,-46.1562538147,166.41,47.5000038147,90,166.05,-35.3750038147,210.255,-53.84375,4.697517125,93.6562576294,"Rorb-IRES2-Cre"
"615",1,505.87,0.1372812787,0.045935,70.0000375509,0.1693059802,10.621334108,-77.3865509033,1.97679245656,100.37,-46.09375,97.6,36.375,330,97.05,-39.1250038147,128.435,-56.0625,3.4821824155,82.46875,"Rbp4-Cre_KL100"
"618",0.008749423,108.7825,0.1487119421,0.10988,85.7813283801,0.046508383,23.7406353163,-78.3298187256,9.1926550686,483.26,-50.6875038147,480.04,40.75,210,479.54,-44.8437538147,514.8,-56.71875,4.3756021839,91.4375038147,"Ctgf-T2A-dgCre"
"620",0.026020641,79.5516666667,0.2258522786,0.04296,185.468822718,0.0676468536,17.4269768807,-79.0932922363,12.5704468794,93.1,-46.09375,90.12,39.7500038147,150,89.62,-32.5937538147,105.66,-51.9687538147,3.5701365234,85.8437538147,"Rorb-IRES2-Cre"
"622",0.0190914819,64.7967857143,0.252984135,0.046875,219.374895096,0.0632189065,21.1206047118,-75.6800003052,15.4328642845,168.955,-51.5625038147,167.355,20.5625019073,70,166.895,-42.0937538147,196.455,-57.0937538147,2.3287105258,72.125005722,"Nr5a1-Cre"
"626",0.0259065092,93.429,0.1622663618,0.051735,172.343745828,0.1668581814,17.8252477273,-72.852104187,10.7033148166,108.77,-49.4375,106.46,30.375,130,105.92,-33.9375,139.6,-53.40625,2.4558143506,79.8125,"Ntsr1-Cre_GN220"
"627",0.0229502289,52.2875,-0.0431506897,0.041565,346.986591816,0.0401627757,37.1513622623,-71.6418075562,19.1250298829,129.44,-49.0312538147,127.565,26.7500019073,30.0000019073,127.09,-38.78125,159.605,-55.0937538147,2.8227330779,75.781255722,"Rorb-IRES2-Cre"
"628",0.0388419782,81.5077272727,0.2666666789,0.03919,160.624995828,0.029907519,15.6231131756,-80.7081985474,12.2687754089,150.48,-48.7500038147,148.185,30.53125,130,147.565,-36.78125,182.6,-54,2.6878557105,79.2812538147,"Nr5a1-Cre"
"633",0.0148977871,90.02,0.1631578975,0.08728,76.8750756979,0.0046334364,13.2395486379,-83.517868042,11.1086425239,460.54,-47.7187538147,458.24,36.6875,150,457.72,-39.0312538147,498.7,-55.6562538147,3.7030478968,84.4062538147,"Cux2-CreERT2"
"634",0.0095073086,79.9181818182,0.1696095076,0.06408,130.312532186,0.0329664536,20.498393152,-67.2591934204,12.5127971789,932.82,-50.15625,929.88,37.5625,70,929.42,-39.15625,961.46,-58.15625,3.9256725762,87.71875,"Scnn1a-Tg3-Cre"
"638",0.1191785916,122.786666667,0.0925000052,0.091185,146.249994636,0.0350065604,26.0019863212,-78.3960266113,8.14420675426,282.465,-42.4687538147,278.15,43.15625,90,277.64,-34.5,341.92,-54.53125,4.8258683827,85.6250038147,"Rorb-IRES2-Cre"
"639",1,138.265,0.0529761905,0.09052,76.5625014901,0.0140298037,17.2513895788,-82.4833450317,7.23248833761,184.215,-48.03125,179.435,38.8750038147,290,179.015,-32.40625,212.635,-55.3125,4.0937806747,86.9062538147,"Scnn1a-Tg3-Cre"
"641",0.05621605,58.2925,0.25,0.02208,217.85710752,0.1550892144,18.6092935836,-65.5099563599,17.1548655487,148.48,-50.71875,145.78,40.6875,40,145.36,-41.7500038147,186.76,-55.5000038147,4.3515235356,91.40625,"Ctgf-T2A-dgCre"
"651",0.2998732321,108.91,0.0785526378,0.04457,181.249991059,0.0185740925,31.9673300374,-75.099899292,9.1818933064,89.425,-46.2187538147,86.14,46.5625,110,85.655,-32.125,107.505,-49.03125,3.9855562188,92.7812538147,"Scnn1a-Tg3-Cre"
"652",0.0287884758,77.1545833333,0.1842519815,0.056655,202.5000453,0.0303479787,26.2873860918,-71.7186203003,12.9609928121,283.105,-45,279.59,20.4062519073,60.0000038147,279.005,-38.0000038147,316.895,-54,3.4823686974,65.4062519073,"Rorb-IRES2-Cre"
"655",0.0259065092,93.429,0.1622663618,0.051735,172.343745828,0.1668581814,17.8252477273,-72.852104187,10.7033148166,108.77,-49.4375,106.46,30.375,130,105.92,-33.9375,139.6,-53.40625,2.4558143506,79.8125,"Ntsr1-Cre_GN220"
"656",0.0429870483,79.42375,0.2642857143,0.0294,348.437339067,0.1520920396,35.4837583971,-71.2270584106,12.5906923307,90.735,-53.3437538147,88.425,23.0000019073,50,87.875,-42.03125,131.485,-57.5625038147,2.7437166657,76.343755722,"Rorb-IRES2-Cre"
"657",0.2194884105,66.655,0.1097222145,0.030765,115.625075996,0.0224851035,14.8473252841,-69.5698165894,15.0026254595,72.62,-46.09375,70.425,29.1250019073,290,69.78,-32.0937538147,72.67,-46.1562538147,2.0295515024,75.2187519073,"Ntsr1-Cre_GN220"
"658",1,51.5,0.1704545529,0.02956,204.06241715,0.07012178,21.4082217427,-69.5888595581,19.4174757282,80.24,-47.625,78.72,35.6250038147,130,78.2,-33.5625,93.5,-49.7187538147,2.4652067116,83.2500038147,"Ntsr1-Cre_GN220"
"665",0.0794005506,45.055625,0.1673579137,0.018035,181.25012517,0.0314755552,15.655497418,-75.177406311,22.1947869994,45.605,-52,42.905,47.0312538147,180,42.475,-40.125,54.1,-53.7812538147,4.435970622,99.0312538147,"Scnn1a-Tg3-Cre"
"666",0.0085289634,26.0156756757,0.2699803144,0.01402,413.437455893,0.0900622904,25.3465120244,-68.5833206177,38.4383635646,127.72,-52.15625,125.48,38.2500038147,20,124.98,-42.9375038147,151.22,-54.9375038147,3.2085565206,90.4062538147,"Ctgf-T2A-dgCre"
"667",1,1000,0.1614058301,0.07877,190.468758345,0.1142416,23.7795135041,-72.726852417,1,87.9,-48.5,85.835,36.5625038147,70,85.45,-39.09375,110.365,-55.5000038147,3.6354997458,85.0625038147,"Cux2-CreERT2"
"670",0.2123690515,175.191666667,0.1006455843,0.10397,231.081172398,0.0272550602,21.9768924098,-78.2009353638,5.70803405794,245.98,-45.0625,241.605,33.59375,70,241.075,-33.0625038147,302.12,-55.34375,4.114900527,78.65625,"Cux2-CreERT2"
"672",0.1091188607,95.111,0.2014610442,0.03914,191.406175494,0.0643628687,15.4400532291,-71.1436080933,10.5140309743,100.885,-41.8125,99.08,29.3125,150,98.62,-28.4687519073,130.67,-43.9687538147,2.7143383539,71.125,"Ntsr1-Cre_GN220"
"675",1,1000,0.1960978619,0.05955,161.250010133,0.0582558997,18.0959283531,-70.3620529175,1,93.835,-48.9375038147,91.73,40.84375,110,91.295,-42.0000038147,126.59,-52.5937538147,3.6949135069,89.7812538147,"Cux2-CreERT2"
"678",0.0062299763,58.665625,0.3058333488,0.036935,192.812457681,0.2229978889,21.0970990341,-73.0367202759,17.0457572045,144.92,-66.5625,143.295,31.65625,90,142.85,-49.125,145.31,-66.78125,2.2913726177,98.21875,"Scnn1a-Tg3-Cre"
"680",0.188154311,139.458,0.1686305732,0.024655,137.544646859,0.1324702948,14.0547357351,-71.6495666504,7.17061767701,41.15,-43.2812538147,39.165,35.40625,270,38.645,-30.5312519073,41.18,-43.375,2.615208725,78.6875038147,"Ntsr1-Cre_GN220"
"681",0.0207695335,58.775,0.2821969697,0.03318,183.281138539,0.0208022743,27.120667223,-74.2386169434,17.0140365802,225.14,-50.9062538147,222.06,32,90,221.52,-35.5,239.04,-57.5,3.1201105957,82.9062538147,"Cux2-CreERT2"
"684",0.1132330972,93.4666666667,0.1164855062,0.051395,140.937536955,0.057835035,19.511607004,-76.5860595703,10.6990014265,111.515,-43.3437538147,108.51,37.65625,170,108.03,-36.9062538147,134.505,-48.8125,3.9160296986,81.0000038147,"Cux2-CreERT2"
"686",0.0260752598,66.0242857143,0.287,0.02468,249.218702316,0.0317335948,35.1347308845,-59.6444473267,15.1459419694,198.46,-47.7500038147,195.38,26.5000019073,40,194.84,-39.9062538147,218.38,-55.0000038147,3.3189458962,74.250005722,"Scnn1a-Tg3-Cre"
"687",1,1000,0.1582191894,0.131265,132.031440735,0.0269164871,19.9462067829,-77.573135376,1,176.71,-48.9375038147,174.48,49.8750038147,90,174.07,-41.3437538147,203.755,-55.75,4.0733728869,98.8125076294,"Rorb-IRES2-Cre"
"688",1,1000,0.0408005121,0.022655,115.625187755,0.026608685,11.4966748723,-70.9210128784,1,34.105,-49.375,32.525,41.3437538147,249.999984741,32.13,-39.46875,814.695,-50.1250038147,3.3821239244,90.7187538147,"Slc17a6-IRES-Cre"
"689",0.0846457179,131.1225,0.1662581846,0.090405,140.468791127,0.0548031926,20.5879705006,-75.9048919678,7.62645617648,218.145,-44.1562538147,214.4,31.5,110,213.94,-31.0937519073,264.625,-52.9062538147,3.8572879747,75.6562538147,"Scnn1a-Tg2-Cre"
"690",0.138954708,129.005714286,0.1697031039,0.00978,176.651805639,0.0342785232,17.8743341598,-60.4437866211,7.75159461375,36.22,-50.6875038147,34.18,35.2812538147,110,33.64,-34.46875,36.5,-50.875,2.4076583448,85.9687576294,"Ntsr1-Cre_GN220"
"693",0.0648533744,86.4995,0.2206370789,0.04484,164.218708873,0.0255275797,16.4014739991,-83.154548645,11.5607604668,90.45,-54.40625,88.93,46.90625,110,88.57,-42.2500038147,90.525,-54.5000038147,4.2788860408,101.3125,"Nr5a1-Cre"
"694",0.0917128299,73.97625,0.2081693059,0.0443,193.281248212,0.0893409029,25.6384772994,-77.2745437622,13.5178520133,133.57,-48.8437538147,132.145,37.4375038147,100,131.73,-37.5937538147,194.985,-53.4687538147,2.8107646052,86.2812576294,"Rbp4-Cre_KL100"
"695",0.0526763296,105.542222222,0.0708333344,0.04652,129.799082875,0.0137624592,14.1557831411,-77.2036209106,9.47488103761,98.2,-44.4062538147,95.58,47.4375038147,150,95.16,-37.2812538147,128.96,-50.15625,4.6665374067,91.8437576294,"Cux2-CreERT2"
"700",0.014401567,58.2290625,0.2911490696,0.062265,278.906285763,0.0573231094,29.3123749733,-67.0109786987,17.1735548722,275.5,-50.8125,273.855,38.0625,30.0000019073,273.42,-37,315.51,-55.4062538147,2.9386547549,88.875,"Rbp4-Cre_KL100"
"703",0.0596814016,52.473,0.079268303,0.03283,190.156295896,0.0252655018,20.1760337929,-75.3656616211,19.0574200065,76.21,-48.65625,74.005,30.7187519073,130,73.565,-39.0312538147,89.705,-53.5625038147,2.94862077,79.3750019073,"Rorb-IRES2-Cre"
"704",1,58.6,0.0950757729,0.03786,120.624959469,0.1176001355,12.6449060915,-80.4029312134,17.0648464164,81.68,-48.1250038147,79.24,29.59375,350,78.54,-31.40625,81.9,-48.3125038147,2.1210345546,77.7187538147,"Rorb-IRES2-Cre"
"707",0.0157505756,114.108571429,0.1576182155,0.08362,125.781327486,0.1387125254,23.4138185733,-72.150680542,8.76358355451,174.78,-43.6562538147,171.82,38.84375,110,171.38,-34.78125,226.18,-56,4.133757105,82.5000038147,"Scnn1a-Tg2-Cre"
"709",0.0019687691,118.630714286,0.1936058683,0.066365,80.3125798702,0.1708509177,13.2719447786,-71.4556655884,8.42952017967,730.325,-48.4375038147,728.685,42.8750038147,190,728.32,-41.1875038147,758.765,-55.0625038147,3.0848607096,91.3125076294,"Rbp4-Cre_KL100"
"713",0.1007404005,82.6481818182,0.18,0.031125,332.812458277,0.0559259318,26.9592504555,-74.8909378052,12.0994797224,63.525,-46.7187538147,61.05,22.8750019073,70,60.47,-40.21875,103.16,-48.2187538147,2.7762995459,69.593755722,"Rorb-IRES2-Cre"
"714",0.0947445591,116.7675,0.1540532716,0.04566,155.312567949,0.1059022099,18.405873261,-71.3704452515,8.5640268054,122.54,-44.5,120.56,44.28125,90,120.16,-39.9062538147,198.24,-55.4687538147,4.1280991564,88.78125,"Rbp4-Cre_KL100"
"717",0.0641239862,121.147142857,0.1234541604,0.060525,162.499919534,0.1040345058,18.3740570866,-71.9448699951,8.25442496138,103.38,-38.1875,100.815,44.03125,150,100.315,-26.9062519073,132.115,-45.0312538147,3.3024396461,82.21875,"Rbp4-Cre_KL100"
"722",0.0241698568,69.2788461538,0.1898225957,0.063615,187.656208873,0.0164662357,23.5740948608,-77.76537323,14.4344205413,180.035,-46.78125,177.745,42.84375,70,177.325,-41.21875,208.05,-55.40625,3.7267389452,89.625,"Scnn1a-Tg3-Cre"
"723",0.014279348,59.558125,0.2306994948,0.0368,127.34374404,0.1781907529,13.1647589759,-69.2325592041,16.7903203803,73.855,-47.625,72.11,34.6562538147,110,71.725,-38.6562538147,111.42,-53.5000038147,3.0076412738,82.2812538147,"Rbp4-Cre_KL100"
"726",0.1264561791,98.48625,0.1074941431,0.0545,126.406282186,0.0134337107,19.0448100312,-83.3443069458,10.1537016589,92.19,-48.7500038147,89.175,36.78125,190,88.785,-36.0000038147,106.11,-54.84375,3.72470463,85.5312538147,"Rorb-IRES2-Cre"
"728",1,1000,0.0378731306,0.041435,148.437544704,0.1499426812,17.3012148086,-78.6672973633,1,77.06,-43.5937538147,74.61,37.1875,209.999984741,74.095,-34.375,100.215,-48.7500038147,3.0116649463,80.7812538147,"Rbp4-Cre_KL100"
"731",0.120438047,116.5925,0.1838624339,0.027465,131.790757179,0.1609167904,13.7837214968,-77.4934310913,8.57688101722,58.705,-48.9375038147,56.915,34.1875038147,190,56.45,-32.28125,77.405,-50.8125,2.2049847698,83.1250076294,"Ntsr1-Cre_GN220"
"732",0.0392018113,94.5194444444,0.2026180055,0.06665,178.571432829,0.1305298954,20.9199814758,-70.2577819824,10.5798336615,298.48,-38.4062538147,297.175,37.65625,70,296.745,-30.8750019073,357.61,-53.6250038147,2.5208940115,76.0625038147,"Scnn1a-Tg3-Cre"
"734",1,87.54,0.1175862008,0.05352,138.750001788,0.0841244981,19.6778754594,-76.1048126221,11.423349326,92.28,-48.34375,88.4,35.71875,230,87.98,-34.21875,105.54,-53.84375,3.6282732238,84.0625,"Scnn1a-Tg2-Cre"
"738",1,1000,0.1360017688,0.03266,104.374997318,0.1128655896,14.3525271962,-80.711227417,1,64.8,-47.7187538147,62.16,34.71875,290,61.64,-37.1250038147,78.88,-51.6250038147,3.1222454487,82.4375038147,"Ntsr1-Cre_GN220"
"739",0.0338428288,60.2566666667,0.1761194069,0.043775,251.093864441,0.0188205522,25.0744308124,-77.4727020264,16.595674061,119.075,-46.8437538147,117.13,42.7812538147,70,116.775,-34.9375,131.81,-52.0625038147,4.0443187921,89.6250076294,"Rorb-IRES2-Cre"
"745",1,67.14,0.1252840909,0.03384,258.281350136,0.0883925259,30.7516701037,-67.6213760376,14.8942508192,81.52,-44.2187538147,79.64,39.0625,70,79.18,-34.3437538147,109.92,-50.96875,2.9763393101,83.2812538147,"Rbp4-Cre_KL100"
"748",0.2304282786,45.1225,0.0759450051,0.045735,118.906252086,0.0068135336,14.5863624486,-81.7420120239,22.1618926256,128.605,-46.96875,125.91,38.6562538147,209.999984741,125.445,-34.9062538147,997.215,-52.6562538147,3.26062288,85.6250038147,"Nr5a1-Cre"
"750",0.0160230598,45.709,0.2720472385,0.03448,218.437537551,0.0321931913,23.3630925517,-75.7922058105,21.8775295894,261.16,-49.5000038147,258.5,38.0000038147,59.9999961853,258.02,-35.8125,289.22,-56.46875,3.4050395621,87.5000076294,"Nr5a1-Cre"
"751",0.0833337735,131.882857143,0.0857142931,0.0533,148.437514901,0.1106079072,45.4654375999,-72.2378997803,7.58248662232,129.58,-42.4375,123.9,45,130,123.28,-36.625,161.375,-48.2812538147,4.7093360603,87.4375,"Rbp4-Cre_KL100"
"752",0.0339354609,105.8175,0.1498134328,0.05054,176.339313388,0.1318251491,23.2229100399,-69.7545013428,9.45023271198,104.02,-43.875,102.06,38.8750038147,90,101.64,-31.0000019073,130.58,-54.5000038147,3.180070432,82.7500038147,"Rbp4-Cre_KL100"
"753",0.0500393597,45.90425,0.2827127858,0.046195,237.6562953,0.1138931736,24.8947147944,-75.7492904663,21.7844752937,305.82,-47.5000038147,304.045,27.5312519073,60.0000038147,303.52,-42.28125,363.85,-54.3437538147,2.4694016135,75.031255722,"Rbp4-Cre_KL100"
"757",0.0483952062,101.733333333,0.1190217454,0.0481,154.687494039,0.0473360866,20.5762416057,-78.1916351318,9.82961992137,89.32,-50.96875,86.34,33.5625,130,85.82,-38.78125,109.34,-55.9687538147,4.520036676,84.53125,"Rorb-IRES2-Cre"
"758",1,1000,0.0158742936,0.071675,107.968866825,0.0309457462,11.4596946592,-82.7531585693,1,62.46,-47.84375,60.6,39.78125,249.999984741,60.17,-38.5625038147,786.795,-53.0937538147,3.1272173036,87.625,"Rorb-IRES2-Cre"
"761",0.0677642414,96.0311111111,0.1747596317,0.032395,143.348321319,0.1129425913,17.3954122577,-77.2986679077,10.4132919887,63.03,-56.9375038147,61.33,39.4375038147,110,60.895,-45.3437538147,87.62,-59.3750038147,3.4794353312,96.3750076294,"Rbp4-Cre_KL100"
"762",0.0266963921,71.6454166667,0.1630352156,0.0505,158.203125,0.0266639311,17.716430121,-74.8717956543,13.9576269708,160.385,-49.6562538147,158.57,43.15625,80,158.155,-41.09375,185.755,-57.2187538147,2.9546419343,92.8125038147,"Nr5a1-Cre"
"763",1,49.125,0.1341386558,0.034465,146.718755364,0.0478804708,20.8098833517,-76.0803756714,20.3562340967,60.915,-48.65625,58.785,31.7812519073,190,58.37,-39.84375,80.53,-54.21875,2.9823366857,80.4375019073,"Rorb-IRES2-Cre"
"764",0.018131046,56.16125,0.2013991163,0.04592,142.187535763,0.0362740457,14.1134506005,-79.633972168,17.8058714861,124.94,-47.5625038147,123.14,32.6875,90,122.66,-36.1562538147,150.96,-53.0625038147,2.6711778894,80.2500038147,"Cux2-CreERT2"
"768",1,43.575,0.0734756124,0.026055,255.625009537,0.0045739571,30.3393788501,-58.8650283813,22.9489386116,58.705,-43.9375,55.79,31.25,110,55.195,-29.1875,69.13,-46.46875,2.1776202681,75.1875,"Rorb-IRES2-Cre"
"769",0.0457753237,120.978571429,0.1885416841,0.061705,184.062585235,0.0286597423,19.3543002007,-79.03540802,8.26592666942,175.455,-49,171.235,32,110,170.73,-38.2500038147,210.11,-55.5312538147,4.090604062,81,"Cux2-CreERT2"
"772",0.0153300747,77.6633333333,0.1582589253,0.053785,127.031207085,0.162562117,14.2446446743,-78.6349716187,12.8760891025,93.79,-49.6562538147,91.745,38.0000038147,190,91.3,-38.625,118.955,-54.0312538147,2.6977301624,87.6562576294,"Ntsr1-Cre_GN220"
"773",0.0203495168,62.87,0.1931818182,0.04736,133.616149425,0.0384177193,19.8759000792,-69.9344177246,15.9058374423,348.37,-47.5,344.4,42.25,50,343.98,-36.28125,406.805,-57.5312538147,3.989207835,89.75,"Rorb-IRES2-Cre"
"776",0.0155496076,67.9057692308,0.1860294118,0.06271,146.562427282,0.0326740965,22.4267854082,-78.1255340576,14.7262892583,338.785,-48.4375038147,336.945,35.3125,90,336.45,-37.21875,370.685,-54.28125,2.6180051507,83.7500038147,"Scnn1a-Tg2-Cre"
"777",0.0259653067,99.8333333333,0.1604166667,0.0742,178.437530994,0.0934729278,24.4105386199,-77.0473403931,10.0166944908,198.78,-49.5000038147,195.16,31.65625,90,194.66,-39.3125,241.1,-57.8437538147,4.0592770969,81.1562538147,"Rbp4-Cre_KL100"
"778",0.0484987688,127.402142857,0.1241935466,0.048485,95.6248864532,0.1559875757,14.0124088272,-73.8727722168,7.84916154135,98.26,-42.8125038147,96.33,44.03125,190,95.995,-35.15625,143.135,-54.0937538147,4.2805741868,86.8437538147,"Rbp4-Cre_KL100"
"781",0.0241194554,83.4018181818,0.2095982255,0.06478,174.375072122,0.0902883187,24.721293018,-74.5719604492,11.9901462798,201.745,-43.375,198.805,39.5,70,198.37,-36.84375,279.73,-57.0000038147,3.4605600153,82.875,"Rorb-IRES2-Cre"
"782",0.0306945688,98.9694444444,0.2011438094,0.048655,159.37499702,0.0594470799,18.3716487785,-72.3198471069,10.1041286592,205.885,-48.9375038147,203.695,46.75,110,203.175,-41.25,246.31,-54.7812538147,3.4463698218,95.6875038147,"Cux2-CreERT2"
"786",1,86.94,0.0449218772,0.052885,182.343706489,0.0474418104,25.097116025,-75.3202514648,11.5021854152,138.8,-49.4062538147,134.56,34.78125,90,134.09,-36.21875,170.1,-57.2187538147,3.6114337192,84.1875038147,"Rorb-IRES2-Cre"
"789",0.1526106835,80.324,0.1357502366,0.025485,154.374957085,0.0087629054,15.3134585909,-78.7234420776,12.4495792042,50.485,-53.90625,48.63,44.7187538147,209.999984741,48.21,-38.90625,50.635,-54.1250038147,3.7752421955,98.6250038147,"Rorb-IRES2-Cre"
"792",0.0248267549,78.105,0.15546875,0.04306,214.062571526,0.0316042677,28.1795362452,-70.1578445435,12.8032776391,91.84,-51.375,89.22,33.1875,90,88.78,-38.1875,106.84,-55.0000038147,3.940221332,84.5625,"Rorb-IRES2-Cre"
"793",0.0483089979,69.9879166667,0.1825000093,0.041235,148.749962449,0.0189885516,20.1432456387,-83.5632095337,14.2881806979,88.285,-53.4062538147,86.26,43.6562538147,110,85.93,-43.1250038147,106.49,-59.8437538147,4.4122934809,97.0625076294,"Nr5a1-Cre"
"794",1,1000,0.0212643678,0.036535,82.81211555,0.1284872741,9.43292454457,-76.9102935791,1,43.52,-38.9375,42.275,23.5625,230,41.62,-24.5625,63.26,-42.1875,1.4182510407,62.5,"Ntsr1-Cre_GN220"
"796",0.032339618,55.895,0.25,0.038685,213.124960661,0.0295581277,20.5677674593,-76.9283905029,17.8906878969,92.495,-49.0000038147,89.795,17.2500019073,70,89.235,-40.6250038147,119.07,-54.0312538147,3.0429334796,66.250005722,"Cux2-CreERT2"
"798",0.3571494678,54.025,0.0724405394,0.040275,132.031321526,0.0289461408,14.1106646559,-79.4617538452,18.5099490976,75.555,-50.875,73.53,40.1875,170,73.105,-38.8125038147,999.915,-56,3.4335018035,91.0625,"Nr5a1-Cre"
"802",0.1354584582,118.651666667,0.0942164223,0.054255,141.473218799,0.0265936479,21.801150087,-77.3999786377,8.42803163321,134.945,-46.7187538147,132.14,38.3125038147,130,131.69,-34.5625038147,155.25,-52.5000038147,3.5208900258,85.0312576294,"Cux2-CreERT2"
"805",0.0165394608,77.6472727273,0.1828125095,0.06025,197.968706489,0.1251424104,27.1697639624,-70.4693603516,12.8787524001,183.31,-44.28125,180.985,36.75,70,180.535,-36.6875,223.58,-54.8125038147,3.0920751173,81.03125,"Scnn1a-Tg2-Cre"
"807",0.0086853313,56.3541176471,0.2067351561,0.0412,192.499995232,0.0993435383,24.9436757584,-74.2431030273,17.7449322561,166.76,-51.0937538147,164.34,40.3125038147,59.9999961853,163.92,-42.34375,213.16,-60.1562538147,4.3522414326,91.4062576294,"Cux2-CreERT2"
"809",0.0375035551,69.6015384615,0.156308658,0.05263,164.531290531,0.0583837293,19.3078718473,-82.5241928101,14.367498508,130.76,-46.15625,128.475,43,90,128.04,-34.125,153.395,-52.9062538147,3.3615732663,89.15625,"Rorb-IRES2-Cre"
"811",1,1000,0.0348101196,0.062115,60.6970116496,0.0136078075,13.5020592641,-79.3246078491,1,89.405,-42,86.385,40.4062538147,489.999969482,85.965,-32.46875,114.905,-49.125,3.9219324933,82.4062538147,"Cux2-CreERT2"
"816",0.0408295723,72.7323076923,0.2584221748,0.047055,241.562500596,0.0291162785,25.7970683979,-71.7120742798,13.7490481428,105.645,-45.9687538147,102.75,18.75,70,102.205,-39,129.525,-51.28125,3.2072917561,64.7187538147,"Nr5a1-Cre"
"819",0.0657434948,85.2555555556,0.1250000046,0.028605,144.375011325,0.0486131236,26.5553157158,-79.6181793213,11.7294408966,59.445,-52.2187538147,56.465,32.2500038147,130,55.94,-43.875,69.625,-55.6562538147,3.976624067,84.4687576294,"Rorb-IRES2-Cre"
"822",0.0228542238,88.649,0.1279671009,0.05405,117.968633771,0.0710932538,15.2171302378,-78.1322631836,11.2804430958,143.96,-45.15625,141.625,47.53125,150,141.23,-34.78125,175.805,-53.9687538147,4.0678328598,92.6875,"Cux2-CreERT2"
"825",0.2721965112,35.1125,0.1401442364,0.01915,195.3125,0.0442003123,15.2172669601,-79.6588592529,28.4798860805,53.89,-55.4687538147,52.35,41.0312538147,130,51.965,-40.8750038147,861.865,-58.0937538147,3.6236678518,96.5000076294,"Nr5a1-Cre"
"826",0.0606745071,103.245,-0.0150483227,0.06864,111.718788743,0.0348761491,15.9847847406,-77.2467803955,9.68569906533,268.24,-45.5000038147,264.9,31.5937519073,170,264.32,-38.90625,299.04,-53.7187538147,3.7287682237,77.093755722,"Rbp4-Cre_KL100"
"827",0.0248265692,85.355,0.2303294677,0.05396,218.593791127,0.02898743,21.6933456682,-81.9060440063,11.7157752914,189.005,-57.2500038147,185.34,28.5312519073,90,184.79,-42.65625,210.15,-62.3125038147,3.5142738747,85.781255722,"Rorb-IRES2-Cre"
"828",0.1354922007,60.6128571429,0.1279761863,0.014835,130.31257689,0.008927308,11.6207900929,-71.0000686646,16.4981498503,41.195,-51.9375,38.88,42.75,210,38.485,-39.21875,46.395,-54.5937538147,3.7668851033,94.6875,"Rorb-IRES2-Cre"
"830",0.0181605133,64.4066666667,0.228257749,0.02634,163.906291127,0.1337776482,14.2239231437,-75.3721694946,15.5263430287,63.16,-50.5,60.46,43.5000038147,130,60.02,-34.0312538147,73.4,-53.125,3.0665196829,94.0000038147,"Ntsr1-Cre_GN220"
"833",0.1311896986,93.3492857143,0.1115079483,0.03046,152.500003576,0.0536783263,22.2336101831,-74.0730209351,10.712454759,80.99,-48.1250038147,78.64,44.3125038147,130,78.195,-40.4375,100.73,-54.2187538147,3.2993565023,92.4375076294,"Scnn1a-Tg3-Cre"
"834",0.0139533913,81.4872727273,0.2064393939,0.02802,230.46875,0.0601955093,19.8958824563,-68.2306518555,12.2718550582,86.44,-54.5937538147,83.76,44.6875038147,70,83.24,-39.8437538147,97.1,-56.3125,3.5222316104,99.2812576294,"Ctgf-T2A-dgCre"
"836",0.010100823,79.6781818182,0.1983333333,0.06146,146.562576294,0.161756143,17.6241785268,-75.5517425537,12.5504871871,254.82,-49.9062538147,252.98,40.6250038147,90,252.52,-38.4062538147,281.78,-59.4375038147,2.8295797027,90.5312576294,"Rorb-IRES2-Cre"
"842",0.005792573,64.7871428571,0.2554687447,0.03632,280.000001192,0.0829196796,23.7587787163,-67.2280197144,15.4351612974,172.18,-53.7812538147,168.76,41.25,29.9999980927,168.2,-46.8437538147,197.44,-58.0000038147,4.2828163066,95.0312538147,"Ctgf-T2A-dgCre"
"843",1,1000,0.0625,0.03918,139.062613249,0.0669399872,14.9399484218,-75.7961120605,1,55.38,-46.8750038147,53.3,30.1250019073,270,52.7,-32.40625,55.54,-47.0937538147,2.3359184497,77.000005722,"Ntsr1-Cre_GN220"
"844",0.1458048422,93.6733333333,0.1948598131,0.03298,256.562560797,0.0209606458,26.3317405565,-72.633605957,10.6753967689,98.39,-46.03125,96.06,33.1250038147,70,95.56,-34.1875,117.935,-50.34375,2.6330407995,79.1562538147,"Nr5a1-Cre"
"845",0.1280182786,96.106,0.1550236402,0.00948,312.343776226,0.0848674551,26.2135115039,-59.3667678833,10.4051776164,253.22,-56.4375038147,249.14,37.71875,20,248.68,-43.15625,268.9,-61.25,4.3979136625,94.1562538147,"Ctgf-T2A-dgCre"
"847",0.2601650585,92.18125,0.1468421131,0.040535,191.562384367,0.0298675895,23.8061440147,-76.0891113281,10.8481930978,111.81,-45.3125,109.42,41.625,110,108.98,-36.4375,918.78,-54.6875,3.9183698788,86.9375,"Rorb-IRES2-Cre"
"848",0.0198464248,137.9125,0.0997193035,0.120345,105.000078678,0.0216580909,22.5945108648,-77.271156311,7.25097434968,268.115,-47.0000038147,264.295,49.0937538147,130,263.9,-37.1250038147,314.06,-58.15625,4.6772020823,96.0937576294,"Scnn1a-Tg3-Cre"
"849",0.2463579888,144.204,0.052375218,0.02936,80.4688632488,0.0389747396,14.5365935302,-77.819480896,6.93462039888,83.84,-47.46875,81.58,40.9375038147,310,81.08,-40.84375,102.78,-52.3125,3.6973323787,88.4062538147,"Cux2-CreERT2"
"850",0.0771844224,98.2777777778,0.1301303573,0.03926,156.093791127,0.035120111,18.1096322647,-78.3591156006,10.1752402487,76.755,-49.0000038147,74.075,46.5625038147,110,73.69,-39.0312538147,96.64,-52.1875038147,4.4010473812,95.5625076294,"Rorb-IRES2-Cre"
"852",1,32.505,0.1562500025,0.029005,136.406332254,0.0191581454,15.5799676396,-80.1997756958,30.7644977696,102.355,-51.7500038147,99.62,29.0000019073,170,99.07,-36.4062538147,118.02,-56.4062538147,2.1935312373,80.750005722,"Cux2-CreERT2"
"853",0.057665334,53.2483333333,0.1464208427,0.032255,195.703119039,0.0432634503,19.7543953381,-77.2277679443,18.7799305143,77.69,-47.4375,75.685,43.5625,110,75.32,-31.2812519073,88.045,-52.5000038147,3.2670119739,91,"Nr5a1-Cre"
"854",0.0110782776,31.9805,0.32,0.01688,299.196541309,0.0677318797,20.9766155697,-72.3506011963,31.2690545801,75.435,-47.0625,73.835,39.1250038147,70,73.46,-35.8437538147,90.32,-51.9687538147,2.9319891564,86.1875038147,"Cux2-CreERT2"
"857",0.1522093407,34.03,0.0998417691,0.0229,183.593720198,0.0271508954,16.2883755047,-76.0058441162,29.385836027,44.22,-47.5000038147,42.235,28.1250019073,230,41.78,-33.9375038147,900.24,-49.6875,2.3012501323,75.625005722,"Nr5a1-Cre"
"859",0.1025004759,81.9285714286,0.2489379085,0.0254,259.28580761,0.0217895862,18.3088230464,-72.3453674316,12.2057541412,78.68,-53.0625038147,76.16,41.2812538147,90,75.68,-39.3750038147,92.86,-56.78125,3.9798682982,94.3437576294,"Nr5a1-Cre"
"861",0.0283360591,127.053571429,0.1619047691,0.098,155.156210065,0.034036506,20.8754975418,-74.0390396118,7.87069571328,232.775,-44.7187538147,230.675,28.6562519073,90,230.175,-34.6562538147,294.205,-55.9375038147,2.8463913532,73.375005722,"Rorb-IRES2-Cre"
"868",0.0970207861,97.561875,0.1654017921,0.047135,141.718834639,0.0218500663,19.6543592461,-73.443939209,10.2499055087,103.39,-45.6562538147,101.01,43.5937538147,90,100.515,-39.96875,148.58,-51.2500038147,3.5274473833,89.2500076294,"Rorb-IRES2-Cre"
"869",0.0319918128,55.9603125,0.2246212253,0.054435,233.437612653,0.0222372673,25.4114754757,-72.7411804199,17.8698072853,135.34,-44.3125038147,133.115,49.625,70,132.73,-32.3125,154.98,-48.03125,3.9758365021,93.9375038147,"Rorb-IRES2-Cre"
"870",0.0146677685,57.0815625,0.2902143903,0.064105,149.519309402,0.0320296884,28.1226515066,-76.7724685669,17.5187916413,172.635,-44.5312538147,170.82,39.7500038147,50,170.44,-32.0625,215.85,-53.9375038147,3.5388814059,84.2812576294,"Rorb-IRES2-Cre"
"872",0.0431775031,92.508,0.1472222299,0.073575,124.955430627,0.0801045448,25.5832807237,-75.4485092163,10.8098759026,261.135,-45.3125,258.155,42,100,257.745,-38.4687538147,341.32,-58.84375,3.9346611077,87.3125,"Nr5a1-Cre"
"875",0.0312285179,62.092,0.0404191617,0.03548,174.99999702,0.059799172,23.8389264038,-77.4748916626,16.1051343168,121.46,-54.40625,118.76,41.8437538147,70,118.34,-36.9375,135.54,-59.3125038147,4.1402373115,96.2500038147,"Nr5a1-Cre"
"876",1,1000,0.223126011,0.06884,167.031243444,0.0475235619,15.6347206335,-75.7844924927,1,121.3,-50.2812538147,118.98,36.8750038147,110,118.54,-33.3125038147,134.68,-55.7812538147,3.2212039613,87.1562576294,"Cux2-CreERT2"
"877",0.0426828602,55.8046875,0.2607229663,0.01994,206.875070929,0.0038701426,24.5760341135,-67.1831893921,17.9196416072,67.275,-51.59375,63.995,21.34375,80,63.43,-37.9375038147,74.58,-55.0000038147,2.9241470097,72.9375,"Rorb-IRES2-Cre"
"879",0.0967998278,108.468333333,0.0501028807,0.05877,290.468782186,0.1246919185,50.699732851,-58.9267463684,9.21928058881,790.425,-40.53125,783.665,34,50,783.06,-29.3750019073,833.45,-49.0000038147,3.9813649113,74.53125,"Rorb-IRES2-Cre"
"881",0.0566028652,81.5690909091,0.1693527988,0.03303,122.187539935,0.2755068839,17.3801509965,-66.0431060791,12.2595457281,97.555,-46.5,95.465,33.8125,90,94.935,-38.4062538147,151.09,-56,2.9008821514,80.3125,"Rorb-IRES2-Cre"
"886",0.0299218855,63.4036666667,0.2413669165,0.037775,178.125008941,0.0289575644,20.2364350614,-70.5754852295,15.7719585092,168.715,-51.28125,167.46,50.1250038147,90,167.085,-40.125,190.595,-52.71875,3.2573269948,101.406253815,"Nr5a1-Cre"
"890",0.0269213213,78.1066666667,0.1686023705,0.05536,143.593862653,0.0808621943,19.0040971369,-77.3134155273,12.8030044384,190.16,-47.0937538147,188,35.4375038147,100,187.54,-38.3437538147,230.26,-57.5625038147,3.411549724,82.5312576294,"Scnn1a-Tg2-Cre"
"894",0.0507697406,90.917,0.1950677885,0.05846,171.093955636,0.0318340622,21.5285741725,-76.1808242798,10.9990430833,106.19,-48.03125,103.515,39.0625,110,103.09,-37.2187538147,122.04,-53.1562538147,3.9266693843,87.09375,"Cux2-CreERT2"
"896",0.307736654,86.73,0.1179047553,0.02232,151.093780994,0.0345000289,15.0420671304,-69.4515762329,11.5300357431,52.875,-38.6875,49.085,29.5,249.999984741,48.335,-30.8437519073,64.025,-41.59375,3.398680726,68.1875,"Rorb-IRES2-Cre"
"899",0.0970233487,129.621666667,0.1244164256,0.064515,125.781208277,0.0596978143,17.1797306673,-80.3194351196,7.71475962095,202.8,-46.8750038147,198.81,33.3125038147,160,198.355,-37.3125,243.06,-54.3437538147,4.0717152717,80.1875076294,"Cux2-CreERT2"
"902",0.0030326778,62.0013333333,0.2132588607,0.031875,119.374923408,0.1596059799,16.0924509911,-67.953086853,16.1286854046,161.72,-52.1250038147,160.31,48.3125038147,80,159.905,-46.7812538147,206.23,-59.8125,3.1600555038,100.437507629,"Rbp4-Cre_KL100"
"903",0.0040571435,98.3411111111,0.1403249631,0.03601,174.99999702,0.0227014329,6.88706988095,-66.6081771851,10.1686872225,323.92,-51.03125,318.7,31.1250019073,90,318.195,-31.5,332.03,-56.78125,2.8210546523,82.1562519073,"Rorb-IRES2-Cre"
"909",0.0140651738,43.6254545455,0.3402439063,0.0315,330.312430859,0.0188371781,43.2594585782,-61.6267166138,22.922397266,182.165,-46.9375038147,180.425,35.0625038147,30.0000019073,179.905,-33.90625,205.895,-49.0937538147,2.1932470422,82.0000076294,"Rorb-IRES2-Cre"
"914",0.0103034531,63.6757142857,0.2048841115,0.05394,159.374848008,0.0329797305,19.6820768478,-80.3756484985,15.7045745182,114.56,-46.1562538147,112.66,36.7187538147,110,112.2,-32.875,133.44,-53.5000038147,2.7994870989,82.8750076294,"Rorb-IRES2-Cre"
"918",1,140.73,0.002463192,0.10863,151.562646031,0.0386723652,22.3812942284,-77.8381347656,7.10580544305,270.12,-45.0312538147,264.345,33.1875,130,263.76,-33.40625,323.52,-54.25,4.8153308206,78.2187538147,"Cux2-CreERT2"
"921",0.021990432,53.9873529412,0.2820261438,0.05778,248.125001788,0.0537547953,28.103135622,-73.4638595581,18.5228566603,156.795,-46.7812538147,154.7,44.7187538147,50,154.35,-32.78125,181.805,-52.5937538147,3.6461133101,91.5000076294,"Rorb-IRES2-Cre"
"925",0.0122443751,66.1728571429,0.2499850702,0.03964,163.59385848,0.0291495863,31.3002813538,-79.1894683838,15.1119362708,69.36,-50.40625,66.86,39.7500038147,170,66.44,-36.9375,78.7,-54,3.9166680058,90.1562538147,"Nr5a1-Cre"
"927",0.0330766322,48.5260526316,0.3728287841,0.02432,199.062541127,0.0018877762,23.3613179824,-69.7152557373,20.6074870254,93.275,-51,91.64,38.4375,70,91.215,-39.09375,110.865,-52.0312538147,3.4000943397,89.4375,"Nr5a1-Cre"
"928",0.0083090206,41.7331818182,0.269510582,0.042005,206.718668342,0.2156516314,22.6424192702,-61.2651138306,23.9617483363,155.595,-45.1250038147,153.49,28.2812519073,50,152.935,-31.96875,181.125,-48.25,2.3183181118,73.406255722,"Ntsr1-Cre_GN220"
"929",0.1392882149,116.774375,0.2044702178,0.0344,225.937500596,0.0250830818,17.3646342039,-77.0405426025,8.56352260502,83.5,-47.2500038147,81.63,27.5625,90,81.135,-37.9375038147,101.35,-51.8750038147,2.6512243171,74.8125038147,"Nr5a1-Cre"
"934",1,1000,0.0155303046,0.01932,144.062578678,0.1027401239,15.8092229089,-78.934173584,1,33.76,-47.9062538147,32.18,26,330,31.6,-33.5312538147,33.9,-48,2.2569312314,73.9062538147,"Ntsr1-Cre_GN220"
"939",0.0205717361,53.5075,0.26107956,0.028535,107.343748212,0.0506856926,10.3073840433,-70.3413925171,18.6889688361,100.7,-49.53125,99.3,42.3125038147,130,98.89,-39.5937538147,113.73,-53.0937538147,2.7883953929,91.8437538147,"Nr5a1-Cre"
"943",0.0551576636,128.938333333,0.1557242991,0.09216,140.937611461,0.0726220906,20.2817158561,-76.5253677368,7.7556454636,230.68,-47.125,226.78,37.625,90,226.275,-35.59375,282.39,-55.09375,4.1983029988,84.75,"Scnn1a-Tg3-Cre"
"944",0.021988441,87.1515,0.1684659242,0.07715,131.406247616,0.0534133799,15.9289129016,-75.3521347046,11.474271814,311.955,-39,308.85,32.0312538147,110,308.305,-25.3750019073,351.18,-50.15625,2.5937766714,71.0312538147,"Scnn1a-Tg2-Cre"
"945",0.0434096206,69.7430769231,0.218259542,0.040105,174.218848348,0.063827537,18.7334272774,-73.7013092041,14.3383407231,167.515,-48.5312538147,165.46,32,90,165.06,-35.25,196.96,-58.4375,2.9594710991,80.5312538147,"Nr5a1-Cre"
"946",0.0048217804,72.5384615385,0.1550892933,0.028025,157.031327486,0.0059356811,8.52965758001,-68.5474395752,13.7857900318,107.045,-53.7812538147,100.62,27.6250019073,110,100.16,-35.5625,114.31,-56.8125038147,3.7164701068,81.406255722,"Rorb-IRES2-Cre"
"947",0.0251319275,128.169166667,0.087690182,0.097435,129.843786359,0.1199376285,28.577912789,-68.9887924194,7.80218851388,195.205,-42.8125038147,190.995,48.5,110,190.575,-34.6875,252.035,-53.6875,4.1111810372,91.3125038147,"Rorb-IRES2-Cre"
"948",1,144.6,0.1462121215,0.04535,171.562537551,0.0384177454,15.7470055984,-67.611000061,6.91562932227,67.14,-48.40625,64.265,30.2812519073,170,63.8,-36.90625,74.755,-51.375,3.0986918206,78.6875019073,"Scnn1a-Tg3-Cre"
"949",0.0139529334,33.58,0.4015936242,0.02352,369.218885899,0.0484769903,29.6113796074,-71.9150695801,29.7796307326,317.42,-55.4375,315.86,47.21875,20,315.5,-42.0000038147,356.2,-60.0937538147,4.3291652343,102.65625,"Rorb-IRES2-Cre"
"950",1,72.635,0.0557142857,0.05712,96.093788743,0.0138095831,18.0701405821,-77.2543792725,13.7674674744,94.82,-48.7500038147,90.45,29.1250019073,270,89.965,-37.90625,106.19,-53.1562538147,4.4120144009,77.875005722,"Scnn1a-Tg2-Cre"
"955",0.0534274194,88.9972222222,0.1111111111,0.06294,167.343750596,0.0222554952,25.2234543117,-78.7549057007,11.2363057524,138.08,-46.65625,134.115,37.65625,90,133.47,-36.4375,175.375,-53.125,4.3752068374,84.3125,"Scnn1a-Tg3-Cre"
"956",0.1993933428,151.493333333,0.1363793097,0.0501,135.312497616,0.1140901595,16.338332716,-69.0844650269,6.60095053688,98.815,-43.2500038147,96.31,36.25,210,95.85,-27.3750019073,118.07,-48.90625,3.1363951811,79.5000038147,"Scnn1a-Tg3-Cre"
"958",0.131211981,59.4933333333,0.0748974367,0.03448,171.562463045,0.0030225227,21.4725955572,-79.3514709473,16.8086060063,110.22,-44.5,107.94,30.03125,150,107.44,-34.3125,127.96,-48.03125,2.9321689287,74.53125,"Nr5a1-Cre"
"959",0.0085102866,109.7325,0.1625048468,0.0922,137.500077486,0.0892390981,21.5385469129,-75.5594406128,9.11307042125,367.94,-51.6250038147,365.38,41.3125,70,364.96,-44.3750038147,426.96,-62.2812538147,4.6748068812,92.9375038147,"Scnn1a-Tg2-Cre"
"960",0.0244104559,68.6076923077,0.2027891169,0.038125,243.750065565,0.1118249819,24.9293147075,-81.1754684448,14.5756250701,98.235,-55.84375,96.26,38.53125,50,95.845,-44.9375038147,133.875,-56.2812538147,3.5641927196,94.375,"Ntsr1-Cre_GN220"
"965",1,1000,0.223076938,0.158745,149.687543511,0.0093678525,19.4128678832,-82.7500915527,1,310.96,-49.5937538147,308.71,32.0625,70,308.225,-39.5,358.7,-58.9687538147,3.4198288516,81.6562538147,"Scnn1a-Tg3-Cre"
"967",0.0371403163,60.2106666667,0.244980315,0.033,167.656168342,0.0564404875,24.304051078,-73.415802002,16.6083528943,94.445,-48.0625,92.81,31.46875,80,92.45,-35.1250038147,108.095,-53,2.9587891633,79.53125,"Nr5a1-Cre"
"968",0.0213311008,55.8575,0.1261904762,0.04898,162.968829274,0.0304045584,16.5834144453,-78.2592773438,17.9026988318,125.22,-46.09375,123.16,39.5937538147,90,122.74,-35.875,136.72,-51.0625038147,3.5417232805,85.6875038147,"Scnn1a-Tg3-Cre"
"969",0.0282925608,84.4036363636,0.1228251563,0.05648,119.687534869,0.0475014672,18.6858190149,-79.3867645264,11.8478307699,112.98,-44.125,110.18,30.90625,130,109.68,-35.71875,148.82,-52.4687538147,3.911546162,75.03125,"Rorb-IRES2-Cre"
