"","fast_trough_t_ramp","fast_trough_v_ramp","peak_t_ramp","peak_v_ramp","threshold_i_ramp","threshold_t_ramp","threshold_v_ramp","trough_t_ramp","trough_v_ramp","upstroke_downstroke_ratio_ramp","height_ramp","transgenic_line"
"3",1.3164266667,-51.0833346049,1.3132283333,38.8229179382,32.8333333333,1.312735,-40.1666692098,1.3417783333,-57.6145858765,4.2741508224,89.9062525431,"Cux2-CreERT2"
"5",7.5167066667,-46.9270858765,7.5144333333,42.7291692098,187.833333333,7.5138466667,-33.7604179382,7.5339666667,-49.7291679382,2.5281373528,89.6562550863,"Ntsr1-Cre_GN220"
"9",3.2930333333,-49.3854192098,3.2912933333,44.5104166667,82.25,3.29088,-33.5104192098,3.3191666667,-55.9791692098,3.2384560859,93.8958358765,"Scnn1a-Tg3-Cre"
"10",5.2211966667,-49.2604192098,5.2195133333,42.0104192098,130.458333333,5.2190483333,-40.4895833333,5.2519316667,-54.4479192098,2.5716143936,91.2708384196,"Ntsr1-Cre_GN220"
"16",3.15376,-46.9583358765,3.1517083333,40.0833339691,78.7916666667,3.1512016667,-35.3750025431,3.1898583333,-53.0833358765,3.0344421751,87.0416698456,"Nr5a1-Cre"
"20",7.95773,-48.1458358765,7.9539216667,20.3645846049,198.833328247,7.9531833333,-32.3750012716,7.97274,-52.5625025431,1.9241111542,68.5104204814,"Rbp4-Cre_KL100"
"25",3.269245,-46.7604166667,3.2650866667,24.96875,81.625,3.2643783333,-35.875,3.312895,-53.7812512716,3.3261024368,71.7291666667,"Scnn1a-Tg2-Cre"
"26",3.23414,-49.3437525431,3.2324266667,44.7812512716,80.7916666667,3.2319733333,-36.4270846049,3.27098,-53.7812525431,3.4268663155,94.1250038147,"Nr5a1-Cre"
"27",3.326615,-51.5312519073,3.324885,42.0000019073,83.125,3.3244825,-40.671875,3.36288,-59.0781269073,3.5499880524,93.5312538146,"Nr5a1-Cre"
"29",7.5237933333,-46.9166679382,7.5213133333,37.34375,188,7.5206333333,-32.0625006358,7.5522266667,-49.7083346049,2.3792733951,84.2604179382,"Ntsr1-Cre_GN220"
"31",4.4107816667,-42.7500038147,4.4089666667,32.5104179382,110.208333333,4.4084683333,-34.0520833333,4.4494116667,-53.239587148,2.7594340109,75.2604217529,"Rbp4-Cre_KL100"
"32",1.3980525,-51.4375038147,1.395935,42.390625,34.8749990463,1.3954475,-42.1718769073,1.42975,-55.9687519073,3.8797589127,93.8281288147,"Slc17a6-IRES-Cre"
"33",2.1229016667,-45.364587148,2.120345,40.9687512716,52.9999987284,2.1198266667,-36.4583358765,2.175075,-54.0104204814,3.5857822672,86.3333384196,"Cux2-CreERT2"
"39",2.0175333333,-50.3750012716,2.0143,46.4583346049,50.3333333333,2.0137533333,-45.4687525431,2.0552466667,-54.2916692098,4.3652231808,96.8333358765,"Ctgf-T2A-dgCre"
"42",3.1791333333,-52.1666704814,3.1764,34.5833333333,79.375,3.1758666667,-40.1250025431,3.2171933333,-60.1666704814,3.5062108851,86.7500038147,"Rorb-IRES2-Cre"
"43",3.0196533333,-49.7083333333,3.0174233333,42.8333333333,75.4166666667,3.017025,-36.6354179382,3.0419166667,-57.0833346049,3.8816394559,92.5416666666,"Rorb-IRES2-Cre"
"48",1.6474416667,-43.2500025431,1.6451466667,37.8333358765,41.125,1.64464,-32.5937512716,1.6755633333,-52.9479166667,3.195395876,81.0833384196,"Rorb-IRES2-Cre"
"49",4.0738466667,-47.9166692098,4.0718333333,38.2916692098,101.791666667,4.0713666667,-36.6041666667,4.1005133333,-55.3125012716,3.6035451629,86.2083384196,"Cux2-CreERT2"
"51",2.3869383333,-45.6770846049,2.3851166667,33.3437506358,59.5833333333,2.384635,-42.1562512716,2.42091,-48.7604192098,3.0438174153,79.0208352407,"Rbp4-Cre_KL100"
"52",4.5817,-43.9479166667,4.5798866667,30.8854173024,114.458333333,4.5792733333,-29.4687519073,4.6096,-52.7083346049,2.1631889429,74.8333339691,"Rbp4-Cre_KL100"
"55",3.3087283333,-51.1562525431,3.3070366667,42.020837148,82.6666666667,3.3066166667,-35.5729166667,3.330725,-55.6562512716,2.9832091976,93.1770896911,"Nr5a1-Cre"
"57",2.6729616667,-45.8437525431,2.67031,37.8958358765,66.75,2.669865,-32.3958339691,2.7108966667,-57.1666679382,3.38663802,83.7395884196,"Rbp4-Cre_KL100"
"58",4.2866366667,-45.4062525431,4.2844083333,34.5833333333,107.083333333,4.2839033333,-36.3541666667,4.3361516667,-52.5729179382,3.3662233421,79.9895858764,"Rorb-IRES2-Cre"
"59",3.47471,-45.4895858765,3.4721383333,43.7916666667,86.7916666667,3.471695,-33.4583346049,3.5027983333,-50.677087148,3.6455874465,89.2812525432,"Rorb-IRES2-Cre"
"61",4.0128466667,-48.5208358765,4.01032,40.3333358765,100.25,4.0098566667,-43.4687512716,4.073455,-56.5312538147,4.175687352,88.854171753,"Rbp4-Cre_KL100"
"63",5.7699666667,-42.2812525431,5.76766,42.1666679382,144.208333333,5.7671466667,-32.5208333333,5.80152,-49.9479179382,3.5977578755,84.4479204813,"Rorb-IRES2-Cre"
"67",3.80059,-42.1354192098,3.7969733333,33.0000031789,94.9166692098,3.7965166667,-26.7291673024,3.8261833333,-50.6979192098,3.1022655796,75.1354223887,"Scnn1a-Tg3-Cre"
"69",2.24562,-49.6250025431,2.2427866667,36.1458358765,56.0833320618,2.24232,-37.9791679382,2.2811266667,-56.1041679382,3.7212710578,85.7708384196,"Ctgf-T2A-dgCre"
"70",5.0158266667,-54.4583346049,5.01404,47.8333358765,125.33333079,5.0135666667,-36.4270858765,5.02588,-55.9270846049,2.7116600364,102.291670481,"Ntsr1-Cre_GN220"
"76",3.57284,-44.7395833333,3.5700866667,38.7291666667,89.25,3.5695866667,-32.4479198456,3.6033,-54.4166704814,3.7955504783,83.46875,"Cux2-CreERT2"
"77",3.6402683333,-47.9583346049,3.63592,33.8541692098,90.875,3.6353916667,-35.7916679382,3.6757766667,-55.020837148,3.998154499,81.8125038147,"Cux2-CreERT2"
"85",7.9977666667,-40.6041679382,7.9959466667,32.8125,199.916666667,7.99526,-28.6666679382,8.01752,-45.8750012716,2.0307934004,73.4166679382,"Ntsr1-Cre_GN220"
"87",2.34348,-47.0208346049,2.3399666667,40.3958346049,58.5,2.3394283333,-37.4166679382,2.3837166667,-55.458337148,3.9828134155,87.4166692098,"Cux2-CreERT2"
"88",2.44798,-48.65625,2.44545,37.53125,61.125,2.44498,-33.6875038147,2.47128,-55,3.0306799947,86.1875,"Nr5a1-Cre"
"89",4.2767183333,-49.9062525431,4.2748983333,44.1666692098,106.916671753,4.27447,-37.1145833333,4.3158516667,-56.6354192098,3.3374489963,94.0729217529,"Cux2-CreERT2"
"91",7.741275,-46.2916679382,7.7392533333,26.9687519073,193.41666158,7.7385966667,-34.2604179382,7.755585,-47.895837148,1.99134582,73.2604198455,"Rorb-IRES2-Cre"
"93",2.2078466667,-47.2291692098,2.2055733333,47.7812525431,55.125,2.2050966667,-37.7916679382,2.2528216667,-56.145837148,3.513540135,95.0104217529,"Rorb-IRES2-Cre"
"94",4.8708866667,-44.8541666667,4.8692533333,31.0416673024,121.66666158,4.8686533333,-32.1770846049,4.89192,-53.958337148,1.8692291679,75.8958339691,"Scnn1a-Tg3-Cre"
"95",4.78178,-47.2916704814,4.7801866667,50.1562538147,119.499992371,4.7798,-39.2916679382,4.8251033333,-54.1250025431,3.8413954768,97.4479242961,"Rbp4-Cre_KL100"
"96",3.37875,-51.3593769073,3.3770425,41.875,84.375,3.376665,-42.7187519073,3.415555,-58.3906288147,3.2268222561,93.2343769073,"Rbp4-Cre_KL100"
"97",3.33376,-51.8437525431,3.3306933333,35.3750012716,83.25,3.3301133333,-40.2083333333,3.3786666667,-56.9479192098,3.6073560039,87.2187538147,"Rorb-IRES2-Cre"
"98",3.5237666667,-45.78125,3.5213916667,37.8854192098,88.0416666667,3.520735,-36.5520846049,3.5520966667,-50.5104192098,2.6133343996,83.6666692098,"Rorb-IRES2-Cre"
"99",1.96699,-49.0937512716,1.9649716667,45.3229179382,49.125,1.9645383333,-36.3854179382,2.0046166667,-52.4062512716,3.7882966343,94.4166692098,"Scnn1a-Tg3-Cre"
"101",2.7646833333,-43.5729192098,2.76313,41.9270858765,69.0833333333,2.76272,-41.0000025431,2.7647566667,-43.7083346049,3.3462739757,85.5000050863,"Rbp4-Cre_KL100"
"111",1.4559375,-47.203125,1.4535425,34.03125,36.3125,1.453055,-34.921875,1.488675,-54.5625,2.8669443365,81.234375,"Scnn1a-Tg3-Cre"
"113",6.7423466667,-51.1250025431,6.7388866667,49.6666679382,168.458333333,6.7384066667,-40.5104179382,6.76842,-56.427087148,4.6145018645,100.791670481,"Ctgf-T2A-dgCre"
"115",2.560725,-47.8125038147,2.55477,42.40625,63.8750038147,2.55418,-34.59375,2.573095,-51.1562538147,5.3864399823,90.2187538147,"Scnn1a-Tg2-Cre"
"116",2.3242283333,-47.8854179382,2.3222283333,30.322918574,58.0416666667,2.3217566667,-36.53125,2.355925,-53.4479166667,2.7680449577,78.2083365122,"Scnn1a-Tg3-Cre"
"118",2.2418583333,-50.0520846049,2.2390783333,38.2604166667,55.9583320618,2.238485,-38.2083346049,2.2802933333,-53.625,3.2845733018,88.3125012716,"Rorb-IRES2-Cre"
"119",1.5205,-50.2500025431,1.5178333333,45.2916692098,37.9583333333,1.5173866667,-35.8437525431,1.5420666667,-58.1562512716,3.9641114836,95.5416717529,"Cux2-CreERT2"
"123",2.138835,-47.90625,2.1367025,36.125,53.3749980927,2.1363,-36.3125019073,2.1606825,-54.4687538147,3.0956400061,84.03125,"Cux2-CreERT2"
"124",4.4890416667,-47.4166679382,4.487565,44.8541692098,112.16666921,4.4871716667,-35.9166692098,4.5064833333,-53.8750012716,2.7856893914,92.270837148,"Rorb-IRES2-Cre"
"125",3.249355,-43.0312538147,3.2474983333,46.5937512716,81.1666666667,3.2469816667,-28.7500019073,3.2808366667,-47.1875038147,2.7354953355,89.6250050863,"Scnn1a-Tg3-Cre"
"126",3.8149266667,-48.6666692098,3.8109583333,33.3020846049,95.2499974569,3.810475,-36.1979179382,3.84961,-57.2916692098,4.0197224542,81.9687538147,"Cux2-CreERT2"
"129",10.05332,-52.2916666667,10.0520533333,7.8958341281,251.291656494,10.0516,-31.0833333333,10.0534933333,-52.4791679382,1.3748092416,60.1875007948,"Nr5a1-Cre"
"131",2.6064616667,-47.8541692098,2.604465,46.6875025431,65.1250012716,2.6040533333,-37.5104204814,2.640065,-52.9166679382,3.5937530175,94.5416717529,"Rorb-IRES2-Cre"
"134",10.9916266667,-46.6041692098,10.98966,31.8958352407,274.708333333,10.9890466667,-32.7604198456,11.0112666667,-50.2812525431,2.0981962343,78.5000044505,"Ntsr1-Cre_GN220"
"136",4.0842333333,-53.3854192098,4.08269,47.6458346049,102.041664123,4.0822033333,-45.4375025431,4.119565,-56.4791704814,2.6994918978,101.031253815,"Ntsr1-Cre_GN220"
"137",5.241465,-52.0625012716,5.2395366667,41.9583358765,130.958333333,5.23906,-40.1458333333,5.27017,-58.1354179382,3.7028573619,94.0208371481,"Nr5a1-Cre"
"140",3.4041216667,-47.28125,3.4023916667,44.2291679382,85.0416666667,3.4019916667,-34.8125,3.4296983333,-54.9375,2.9842956052,91.5104179382,"Nr5a1-Cre"
"143",3.4211733333,-46.8854192098,3.419255,31.1979173024,85.5,3.41877,-31.6145852407,3.44532,-54.9479204814,2.0862672899,78.0833365122,"Rbp4-Cre_KL100"
"146",2.6256333333,-53.5833346049,2.62226,29.1979179382,65.5,2.6216733333,-44.6250025431,2.6668666667,-60.395837148,3.9542149854,82.7812525431,"Rorb-IRES2-Cre"
"147",2.9627766667,-49.1458346049,2.9609733333,48.1250038147,74.0416641235,2.9605633333,-38.9895846049,3.01179,-52.833337148,3.6635134804,97.2708384196,"Rbp4-Cre_KL100"
"151",9.400175,-47.6562525431,9.3987666667,33.2395852407,234.958323161,9.3982416667,-32.1875025431,9.4136416667,-53.239587148,1.8575177708,80.8958377838,"Ntsr1-Cre_GN220"
"152",2.750245,-43.4687538147,2.74856,42.7656269073,68.7500019073,2.7481725,-35.0312519073,2.788815,-52.6718769073,3.1107647576,86.234380722,"Cux2-CreERT2"
"153",3.8342233333,-49.3020833333,3.832005,39.2604192098,95.7499974569,3.831575,-32.0937506358,3.8581583333,-54.1562538147,3.0551942558,88.5625025431,"Rorb-IRES2-Cre"
"155",3.3768666667,-48.0104179382,3.37286,39.552087148,84.2916666667,3.3724066667,-43.4270858765,3.40072,-54.8541679382,5.6746059384,87.5625050862,"Ctgf-T2A-dgCre"
"156",4.7103016667,-49.1250012716,4.7079583333,35.5104166667,117.708335877,4.7075183333,-36.1458358765,4.7318733333,-56.1354179382,2.7930379895,84.6354179383,"Rorb-IRES2-Cre"
"161",2.4157233333,-49.4375012716,2.4132883333,42.4687525431,60.3333333333,2.4128666667,-34.8958333333,2.4426983333,-56.6979192098,3.5257134352,91.9062538147,"Nr5a1-Cre"
"166",2.0337083333,-47.4166692098,2.031765,45.8229204814,50.7916666667,2.03135,-38.4687538147,2.0682466667,-53.7187512716,4.0003925983,93.2395896912,"Rorb-IRES2-Cre"
"167",5.840495,-46.864587148,5.8379583333,37.1041679382,145.958323161,5.8375266667,-36.739587148,5.8788766667,-55.6250038147,3.9715798597,83.9687550862,"Rbp4-Cre_KL100"
"168",3.5021133333,-43.2291692098,3.499095,46.2500012716,87.4583333333,3.4985966667,-33.3541679382,3.5437683333,-49.6354192098,4.2223572552,89.4791704814,"Scnn1a-Tg2-Cre"
"170",2.3145,-50.9687538147,2.3127125,44.828125,57.8124980927,2.3122875,-39.7500019073,2.36579,-55.875,3.0975564179,95.7968788147,"Rorb-IRES2-Cre"
"172",2.8735333333,-55.4270858765,2.87036,49.9791692098,71.7916641235,2.8699533333,-47.9687525431,2.9072066667,-60.5625025431,6.2967074082,105.406255086,"Ctgf-T2A-dgCre"
"178",4.4991583333,-46.2604192098,4.4967083333,42.5104179382,112.41666921,4.4963166667,-37.9791679382,4.5487866667,-54.9583358765,3.8152643876,88.770837148,"Cux2-CreERT2"
"179",6.5548383333,-51.1666704814,6.55237,41.8333346049,163.791666667,6.5518683333,-40.0625025431,6.6061416667,-57.0208358765,3.3476937506,93.0000050863,"Rorb-IRES2-Cre"
"180",1.9301266667,-50.6770833333,1.9276466667,38.9895846049,48.1666666667,1.9271933333,-39.2812525431,1.9553066667,-56.4687525431,4.3830206539,89.6666679382,"Rorb-IRES2-Cre"
"182",2.6176,-39.2708346049,2.61566,41.9791666667,65.375,2.6152033333,-27.1250006358,2.644705,-46.5104166667,2.9337051575,81.2500012716,"Scnn1a-Tg2-Cre"
"184",3.8737916667,-57.3854192098,3.8711683333,40.1979192098,96.7499974569,3.870665,-41.8020846049,3.91345,-62.1979192098,3.5995495951,97.5833384196,"Rbp4-Cre_KL100"
"190",5.7213533333,-45.6875012716,5.7192083333,47.71875,142.958328247,5.7188333333,-40.8958346049,5.7901166667,-53.6979204814,4.2980526995,93.4062512716,"Rbp4-Cre_KL100"
"191",9.2124866667,-47.020837148,9.2075533333,37.3229179382,230.166666667,9.2069133333,-34.7395846049,9.2259733333,-51.770837148,4.400859881,84.3437550862,"Ctgf-T2A-dgCre"
"195",3.84926,-48.7395858765,3.84726,40.2708346049,96.1666666667,3.8468533333,-34.1250038147,3.8739666667,-55.7916704814,3.5790734756,89.0104204814,"Cux2-CreERT2"
"200",3.15222,-46.0312512716,3.1481466667,28.3541679382,78.7083333333,3.1475366667,-37.2083346049,3.1978,-54.0520858765,4.3875852558,74.3854192098,"Rorb-IRES2-Cre"
"206",1.0063266667,-46.5937512716,1.0036133333,37.6979179382,25.0833326976,1.00312,-34.7708333333,1.0338733333,-55.0104192098,3.384262875,84.2916692098,"Rbp4-Cre_KL100"
"208",2.8486416667,-50.5416704814,2.846825,38.2187512716,71.1249974569,2.84646,-36.9166679382,2.8879183333,-57.4062525431,3.388868911,88.760421753,"Scnn1a-Tg3-Cre"
"209",7.49848,-45.6979192098,7.4965783333,42.5000012716,187.374994914,7.4960116667,-29.0000019073,7.521385,-47.5312525431,2.1037421171,88.1979204814,"Ntsr1-Cre_GN220"
"210",1.5828733333,-51.8645858765,1.5808133333,45.3645858765,39.4583333333,1.5803866667,-36.2500012716,1.5997133333,-57.0104204814,3.7250987515,97.229171753,"Scnn1a-Tg3-Cre"
"211",6.23717,-47.2604179382,6.235215,46.1041692098,155.833333333,6.2348566667,-35.5000012716,6.2581533333,-53.239587148,3.9233688707,93.364587148,"Rorb-IRES2-Cre"
"215",3.2212066667,-44.5312525431,3.2194416667,41.0937512716,80.4583333333,3.2190616667,-32.8333346049,3.2441016667,-51.9583358765,2.9897993001,85.6250038147,"Cux2-CreERT2"
"219",2.1002016667,-51.0104192098,2.0986016667,39.3541679382,52.4583320618,2.0980966667,-42.5000038147,2.1328466667,-54.2812512716,2.4828724092,90.364587148,"Rbp4-Cre_KL100"
"221",12.8979016667,-44.1041666667,12.8916433333,21.7291679382,322.25,12.8908616667,-29.7291673024,12.9145083333,-49.4270858765,2.652842375,65.8333346049,"Rorb-IRES2-Cre"
"224",2.6858533333,-51.8437525431,2.6821133333,37.8750012716,67.0416666667,2.68166,-35.9166666667,2.7052266667,-58.6562525431,3.802911229,89.7187538147,"Rorb-IRES2-Cre"
"229",2.2155783333,-48.8750012716,2.2124866667,45.5729166667,55.3333346049,2.2120866667,-37.8958358765,2.253265,-57.3541704814,4.2779831474,94.4479179383,"Rorb-IRES2-Cre"
"231",3.6214,-50.4166679382,3.6195183333,49.4375038147,90.5,3.6191666667,-39.2395846049,3.6508333333,-57.8854166667,4.3763501976,99.8541717529,"Rorb-IRES2-Cre"
"234",1.12802,-44.1875,1.124635,39.5,28.125,1.123995,-37.3125,1.195035,-52.875,2.9634292559,83.6875,"Rorb-IRES2-Cre"
"236",2.2820183333,-51.6041704814,2.27834,46.4062525431,56.9166666667,2.2777966667,-34.4895846049,2.3057883333,-58.0520858765,3.8803080459,98.0104230245,"Ntsr1-Cre_GN220"
"239",2.141575,-51.2812538147,2.1393983333,35.1250012716,53.5000012716,2.138965,-35.2083358765,2.1722566667,-60.6666679382,3.0120864214,86.4062550863,"Scnn1a-Tg2-Cre"
"240",4.00867,-47.1250012716,4.006265,42.5729166667,100.125,4.0057966667,-37.2604192098,4.04657,-57.520837148,3.1817626143,89.6979179383,"Rbp4-Cre_KL100"
"244",3.85002,-47.4062525431,3.8475266667,45.5416692098,96.1666666667,3.8470933333,-36.3541679382,3.8913733333,-54.4270858765,4.493890238,92.9479217529,"Rorb-IRES2-Cre"
"245",0.7699666667,-48.9270858765,0.76655,38.5520833333,19.1666666667,0.76609,-34.4479166667,0.810165,-59.6562512716,3.8004989787,87.4791692098,"Scnn1a-Tg3-Cre"
"247",4.45531,-49.0729192098,4.4534383333,33.9791666667,111.333333333,4.453,-36.7083333333,4.4751066667,-53.9583346049,2.7734693276,83.0520858765,"Nr5a1-Cre"
"251",7.12928,-44.1666692098,7.1277466667,33.1145839691,178.208333333,7.1272533333,-30.9687525431,7.151265,-48.0416692098,2.1418234579,77.2812531789,"Ntsr1-Cre_GN220"
"255",4.01061,-54.1979192098,4.0052016667,29.5729173024,100.125,4.0046866667,-38.2500012716,4.043655,-60.3437538147,4.0130559841,83.7708365122,"Rorb-IRES2-Cre"
"256",0.95948,-54.7812519073,0.95783,42.5937538147,23.9375,0.9573975,-42.875,0.996675,-60.0156288147,2.981056576,97.375005722,"Nr5a1-Cre"
"257",4.1064533333,-49.4166692098,4.1044933333,44.3854179382,102.5,4.1040933333,-35.1145858765,4.1269466667,-54.5937512716,3.5144191329,93.802087148,"Cux2-CreERT2"
"258",3.01784,-52.0937512716,3.0160666667,37.3750012716,75.375,3.0156133333,-43.3958346049,3.0694666667,-57.895837148,3.0341228205,89.4687525432,"Rbp4-Cre_KL100"
"260",7.0426083333,-47.2187525431,7.0408066667,42.8229179382,176,7.0403566667,-31.9270852407,7.0640783333,-51.2291679382,2.5102833192,90.0416704813,"Ntsr1-Cre_GN220"
"264",1.9692266667,-49.4687512716,1.96661,47.3541692098,49.1666666667,1.966245,-37.625,1.9982533333,-56.3541704814,5.118272089,96.8229204814,"Rorb-IRES2-Cre"
"266",1.9139866667,-52.6458358765,1.90958,42.4270858765,47.75,1.90908,-36.0104179382,1.9337333333,-58.6979204814,4.3618932875,95.072921753,"Cux2-CreERT2"
"267",3.5315883333,-49.5312512716,3.5297666667,43.25,88.25,3.529365,-38.5625012716,3.56141,-55.4479179382,3.3814930799,92.7812512716,"Rorb-IRES2-Cre"
"270",11.4843966667,-43.9791666667,11.4824933333,23.8645846049,287.041666667,11.4816866667,-29.7916679382,11.50623,-47.6250025431,1.7891355966,67.8437512716,"Ntsr1-Cre_GN220"
"272",2.6372483333,-46.1666666667,2.6342233333,39.6770833333,65.8333320618,2.633705,-35.1979166667,2.6770083333,-53.9687512716,3.4983100855,85.84375,"Rorb-IRES2-Cre"
"273",3.3115516667,-50.375,3.3100516667,47.1979179382,82.7083333333,3.3097016667,-37.9479179382,3.3318266667,-54.59375,3.592296106,97.5729179382,"Nr5a1-Cre"
"275",3.98073,-43.6250025431,3.97862,36.3333346049,99.4583333333,3.9781666667,-36.8958346049,4.0267966667,-51.6770858765,3.5683947221,79.958337148,"Cux2-CreERT2"
"276",1.4754466667,-51.9166692098,1.4727866667,48.9895858765,36.8333320618,1.4722666667,-41.2187512716,1.5014133333,-56.6250025431,3.3433931086,100.906255086,"Ntsr1-Cre_GN220"
"283",4.932615,-40.1041666667,4.9305066667,29.8645846049,123.208328247,4.92994,-26.1145852407,4.9574583333,-48.0416692098,2.2397378104,69.9687512716,"Rorb-IRES2-Cre"
"284",3.5029733333,-44.5104166667,3.5012833333,42.5520846049,87.5416666667,3.5009033333,-34.4375025431,3.536065,-52.2708358765,3.5673839385,87.0625012716,"Nr5a1-Cre"
"287",7.6652533333,-52.7916704814,7.6643,8.7708338102,191.624994914,7.6638933333,-38.2812506358,7.66942,-53.9375038147,1.3574585984,61.5625042916,"Cux2-CreERT2"
"290",3.2562,-47.9375025431,3.2540133333,46.1458346049,81.3333333333,3.2535733333,-35.6770833333,3.29484,-57.5729179382,3.5698365038,94.083337148,"Cux2-CreERT2"
"292",1.8399783333,-50.364587148,1.8381633333,31.5104179382,45.9583333333,1.8376833333,-38.645837148,1.869705,-56.1354192098,2.9297766418,81.8750050862,"Cux2-CreERT2"
"294",2.67945,-48.7604179382,2.67623,38.5833333333,66.9166666667,2.6757216667,-34.8333333333,2.715025,-56.5625,3.3957013858,87.3437512715,"Rorb-IRES2-Cre"
"297",3.9258433333,-48.5312538147,3.92418,45.0729166667,98.0833333333,3.92384,-29.4895846049,3.94848,-54.2604192098,2.8119085445,93.6041704814,"Nr5a1-Cre"
"298",4.5984425,-50.3593759537,4.59575875,34.8203144073,114.874992371,4.5952725,-33.929690361,4.6116025,-55.5546894073,2.9593594045,85.179690361,"Nr5a1-Cre"
"299",2.3402,-51.0208358765,2.33851,32.1458339691,58.4166666667,2.3380233333,-34.1875,2.36436,-52.7500025431,2.431802747,83.1666698456,"Rorb-IRES2-Cre"
"300",6.4769116667,-43.1041679382,6.474415,28.2708339691,161.875,6.4737683333,-29.3645852407,6.5006233333,-49.8229192098,1.9978389998,71.3750019073,"Rbp4-Cre_KL100"
"307",7.1621266667,-45.2812525431,7.1594466667,36.34375,179,7.1587733333,-29.8333352407,7.18524,-50.0937512716,2.6087823632,81.6250025431,"Ntsr1-Cre_GN220"
"308",6.1848,-43.239587148,6.1829066667,38.6666679382,154.54166158,6.1822,-32.2083346049,6.2250533333,-45.8437512716,2.3177126048,81.9062550862,"Ntsr1-Cre_GN220"
"309",2.812715,-49.708337148,2.8107183333,34.8854179382,70.2916666667,2.810265,-34.9479192098,2.8335183333,-56.3750025431,2.7482605765,84.5937550862,"Nr5a1-Cre"
"310",4.30817,-48.1770858765,4.3055433333,37.8645833333,107.625,4.30502,-35.0208358765,4.352525,-54.9375038147,3.8072699393,86.0416692098,"Rbp4-Cre_KL100"
"312",1.78304,-45.7812525431,1.7813066667,36.4791692098,44.5416641235,1.7809433333,-31.6250012716,1.8124316667,-52.8020858765,2.8161601681,82.2604217529,"Scnn1a-Tg3-Cre"
"315",3.1915783333,-47.03125,3.1886516667,36.1458333333,79.7083333333,3.1881433333,-33.625,3.20866,-52.5937512716,3.0679998546,83.1770833333,"Scnn1a-Tg3-Cre"
"317",2.2695983333,-48.8750012716,2.26803,42.770837148,56.7083307902,2.26767,-33.2083358765,2.2922333333,-54.9895858765,2.9281581955,91.6458384196,"Nr5a1-Cre"
"319",7.9421333333,-47.9583358765,7.939535,36.8750025431,198.500005086,7.9390516667,-41.3854179382,7.990915,-56.5000025431,3.2851636292,84.8333384196,"Rbp4-Cre_KL100"
"320",2.1233933333,-53.8958346049,2.1202666667,46.1666679382,52.9999987284,2.1198066667,-48.0104192098,2.1631466667,-60.7604192098,5.6142889851,100.062502543,"Ctgf-T2A-dgCre"
"321",2.1977416667,-50.5416692098,2.1954833333,41.0520833333,54.875,2.19503,-38.3437512716,2.2280333333,-61.6458346049,2.9734735384,91.5937525431,"Nr5a1-Cre"
"323",6.2978933333,-49.8541704814,6.29612,42.6354179382,157.416666667,6.2957066667,-43.5729192098,6.35012,-55.3125038147,3.8167609837,92.4895884196,"Ctgf-T2A-dgCre"
"326",2.5901783333,-48.0937512716,2.5871733333,44.9791679382,64.6666666667,2.586715,-33.8645846049,2.6067566667,-52.7187512716,4.260809817,93.0729192098,"Scnn1a-Tg3-Cre"
"333",4.3103975,-46.8593769073,4.308885,37.640625,107.687496185,4.308435,-32.187502861,4.3271125,-52.6093769073,2.4588152073,84.5000019073,"Nr5a1-Cre"
"334",5.41888,-49.3854192098,5.4124466667,30.3125019073,135.25,5.4117666667,-33.0208339691,5.4365133333,-54.1562525431,3.9379978109,79.6979211171,"Scnn1a-Tg3-Cre"
"337",19.22113,-36.1093769073,19.21971,6.062500596,480.437484741,19.21778,-25.84375,19.24075,-40.8593769073,0.9075582695,42.1718775033,"Ntsr1-Cre_GN220"
"338",3.765905,-48.8541679382,3.7638633333,47.3125012716,94.0416692098,3.76349,-39.0625025431,3.8122566667,-58.6250038147,3.9680734132,96.1666692098,"Rbp4-Cre_KL100"
"341",3.38076,-48.9270846049,3.378015,42.75,84.4583333333,3.37757,-36.2916666667,3.4296983333,-58.2604179382,3.9138066313,91.6770846049,"Scnn1a-Tg2-Cre"
"345",1.255845,-48.4062525431,1.2529433333,44.3645846049,31.2916666667,1.2524816667,-30.8958346049,1.2782966667,-55.7812525431,3.1854421568,92.770837148,"Rorb-IRES2-Cre"
"350",2.6255,-50.0208346049,2.623945,48.9791666667,65.5833333333,2.623575,-34.4687512716,2.649125,-56.7812512716,3.7186721319,99.0000012716,"Nr5a1-Cre"
"353",6.4359433333,-48.5625038147,6.4339083333,41.2812525431,160.791666667,6.4333533333,-31.8645852407,6.4588233333,-52.2187512716,2.2060896021,89.8437563578,"Ntsr1-Cre_GN220"
"359",2.1333366667,-48.6250012716,2.1296683333,37.6875,53.2083333333,2.1291316667,-35.4375012716,2.1714616667,-56.2083346049,4.1326787009,86.3125012716,"Scnn1a-Tg2-Cre"
"364",5.0772191667,-49.1979173024,5.0724383333,32.1562519073,126.791666667,5.0718541667,-37.6614589691,5.1021241667,-55.4114583333,3.9422567256,81.3541692097,"Scnn1a-Tg3-Cre"
"366",4.0821766667,-45.9166704814,4.0803733333,49.1145858765,102.041666667,4.079955,-37.1354204814,4.1154433333,-51.4895858765,3.73220855,95.0312563579,"Rbp4-Cre_KL100"
"367",8.1021283333,-47.4895858765,8.100255,38.875,202.500005086,8.09991,-44.2916666667,8.1512716667,-58.3958346049,3.7606497314,86.3645858765,"Rbp4-Cre_KL100"
"368",3.8878883333,-47.4062525431,3.8854583333,39.3020858765,97.1250025431,3.8850883333,-30.166668574,3.9025016667,-53.9375025431,2.7951151069,86.7083384196,"Scnn1a-Tg3-Cre"
"373",2.4638466667,-52.7604192098,2.46072,47.0729179382,61.5000025431,2.4602866667,-43.2500012716,2.5032133333,-58.7604204814,4.8238747588,99.833337148,"Ctgf-T2A-dgCre"
"375",4.9959166667,-45.8854204814,4.993595,47.0833358765,124.833325704,4.9931433333,-34.7708358765,5.033675,-53.1875038147,4.1425866405,92.9687563579,"Scnn1a-Tg3-Cre"
"379",2.2020466667,-45.3541692098,2.200255,32.1250012716,54.9999987284,2.1998216667,-36.2187512716,2.233675,-49.2604204814,3.0988768823,77.4791704814,"Scnn1a-Tg2-Cre"
"380",3.96653,-48.4166666667,3.96455,31.4166673024,99.0833333333,3.9640916667,-35.625,4.0064883333,-58.6145858765,2.8620353458,79.8333339691,"Scnn1a-Tg3-Cre"
"381",4.1276266667,-49.7500012716,4.1255533333,37.4166704814,103.125,4.12502,-36,4.1503733333,-56.0312512716,3.1223476667,87.166671753,"Scnn1a-Tg3-Cre"
"384",3.98279,-45.5156269073,3.98045,30.921877861,99.5,3.97979,-31.2187509537,4.00386,-54.4843788147,2.1034827919,76.4375047683,"Rbp4-Cre_KL100"
"385",4.1289883333,-47.6875012716,4.12701,45.8020858765,103.166666667,4.1266183333,-36.2604192098,4.1632166667,-56.0312538147,3.5386556126,93.4895871481,"Cux2-CreERT2"
"387",3.881045,-47.7812512716,3.8790466667,30.2083346049,97,3.8786216667,-37.583337148,3.9168816667,-57.2187525431,2.9881084807,77.9895858765,"Scnn1a-Tg3-Cre"
"388",2.9191666667,-49.7291692098,2.9158533333,34.2604179382,72.875,2.91538,-45.364587148,2.9539266667,-57.9791704814,5.0694814263,83.989587148,"Ctgf-T2A-dgCre"
"389",2.7420233333,-49.2916692098,2.73981,45.5937525431,68.5,2.7393066667,-44.5,2.7810583333,-53.0208346049,4.7296453017,94.8854217529,"Cux2-CreERT2"
"391",2.727055,-49.3750019073,2.724635,38.0312519073,68.0625019073,2.7242125,-36.390625,2.74989,-55.3750038147,3.346647193,87.4062538146,"Rorb-IRES2-Cre"
"393",4.5363833333,-43.7500012716,4.532895,34.7291692098,113.291666667,4.5324216667,-30.4166679382,4.5678366667,-55.0312525431,2.9087175233,78.4791704814,"Rorb-IRES2-Cre"
"395",1.93779,-48.1718769073,1.93594,43.1718769073,48.375,1.9355675,-39.7812519073,1.9708825,-53.2343788147,3.856255763,91.3437538146,"Rorb-IRES2-Cre"
"399",1.4020716667,-48.6250012716,1.4001766667,48.7604192098,35,1.399785,-35.5625,1.4263766667,-55.96875,3.3630662465,97.3854204814,"Cux2-CreERT2"
"405",1.96872,-48.3541692098,1.9654216667,32.583337148,49.1249974569,1.9649033333,-38.3020858765,2.0225316667,-59.6875025431,3.5993857891,80.9375063578,"Rorb-IRES2-Cre"
"406",1.6596,-42.8125038147,1.65769,27.4687519073,41.375,1.65718,-33,1.700895,-53.90625,2.5180085654,70.281255722,"Cux2-CreERT2"
"409",1.8811025,-50.828125,1.8785525,30.609375,46.9375,1.87787,-41.15625,1.907345,-53.7031288147,2.6212179822,81.4375,"Scnn1a-Tg3-Cre"
"412",6.43446,-46.2395833333,6.4301533333,44.1666692098,160.708333333,6.4295866667,-38.1562525431,6.4745333333,-52.8437538147,5.0020923274,90.4062525431,"Cux2-CreERT2"
"414",3.4019733333,-50.8854192098,3.4000533333,40.4479179382,85,3.3996266667,-39.5312525431,3.4417066667,-59.6979192098,3.6429567057,91.333337148,"Scnn1a-Tg3-Cre"
"417",8.7183866667,-46.4791692098,8.71604,45.1145858765,217.874989828,8.71552,-40.2708346049,8.7610333333,-54.1562525431,3.9974463572,91.5937550863,"Cux2-CreERT2"
"418",2.9598316667,-41.1770858765,2.95844,37.8854192098,73.9166666667,2.9580883333,-29.1875012716,2.9943616667,-49.4791692098,2.8436603988,79.0625050863,"Scnn1a-Tg3-Cre"
"419",2.30364,-51.9687512716,2.3016933333,40.8125025431,57.5833307902,2.3012666667,-41.3958358765,2.35398,-59.2812512716,3.9153686853,92.7812538147,"Scnn1a-Tg3-Cre"
"420",5.382645,-48.7916666667,5.3794216667,37.5312512716,134.458333333,5.3789633333,-33.8020858765,5.404045,-56.2395858765,3.387342553,86.3229179383,"Rbp4-Cre_KL100"
"421",6.1392066667,-41.3750025431,6.136975,25.5937506358,153.416666667,6.1364283333,-30.5312506358,6.1682683333,-52.3750025431,2.5074163218,66.9687531789,"Scnn1a-Tg2-Cre"
"425",5.21887,-48.2500038147,5.2174266667,41.9583333333,130.416664123,5.217,-36.3125,5.2376216667,-53.8958333333,2.6551965338,90.208337148,"Rorb-IRES2-Cre"
"431",4.9388383333,-45.6145858765,4.9339216667,24.2916679382,123.33333079,4.9332283333,-30.6041679382,4.9694383333,-52.5833346049,2.8983297326,69.9062538147,"Scnn1a-Tg3-Cre"
"432",4.9545316667,-48.6354179382,4.9528616667,42.6354192098,123.833333333,4.9524366667,-40.9270846049,5.005045,-57.3854204814,3.2372212626,91.270837148,"Rbp4-Cre_KL100"
"433",3.6267633333,-46.2291679382,3.623915,49.864587148,90.625,3.623385,-38.2187512716,3.69164,-54.9375025431,4.263918919,96.0937550862,"Scnn1a-Tg2-Cre"
"438",2.99382,-45.7187525431,2.99178,37.7187512716,74.75,2.9913133333,-33.1041679382,3.0124133333,-51.3750025431,3.111407909,83.4375038147,"Nr5a1-Cre"
"441",3.1887116667,-49.2187525431,3.1865783333,43.2083358765,79.6666666667,3.18616,-36.4375012716,3.2085433333,-55.6875025431,3.7723781328,92.4270884196,"Cux2-CreERT2"
"442",3.79056,-49.2291692098,3.7881666667,40.1875,94.7083333333,3.78772,-34.1562512716,3.81388,-55.9166679382,3.7443345228,89.4166692098,"Rorb-IRES2-Cre"
"444",2.4031,-48.3125012716,2.4015416667,47.3333333333,60.0416679382,2.401125,-37.53125,2.4478466667,-56.8958333333,3.1561173738,95.6458346049,"Scnn1a-Tg3-Cre"
"446",3.6831966667,-49.0520833333,3.68108,30.3750012716,92.0416666667,3.6806633333,-35.2395833333,3.7246,-59.1354204814,2.9095392586,79.4270846049,"Scnn1a-Tg2-Cre"
"447",1.6360116667,-46.2812525431,1.6340833333,34.7604179382,40.8333333333,1.6335916667,-37.4375025431,1.674415,-52.9270846049,2.533556732,81.0416704813,"Rbp4-Cre_KL100"
"450",3.9269116667,-49.5104192098,3.9248966667,44.0000038147,98.125,3.9244683333,-39.6666692098,3.965775,-55.5104204814,3.6958263822,93.5104230245,"Cux2-CreERT2"
"453",3.677935,-49.802087148,3.6763316667,52.7812525431,91.9166666667,3.67589,-45.7500038147,3.7361133333,-52.927087148,3.3472189683,102.583339691,"Rbp4-Cre_KL100"
"454",6.6249,-49.3020846049,6.6229,51.8020858765,165.583333333,6.62242,-41.4479192098,6.65852,-53.9375012716,4.116552681,101.104170481,"Cux2-CreERT2"
"455",8.45868,-48.6562512716,8.4524383333,29.8229166667,211.33333842,8.4518183333,-29.3125006358,8.469735,-52.2291679382,3.6152617207,78.4791679383,"Scnn1a-Tg3-Cre"
"459",1.6848233333,-54.5000038147,1.682845,42.9687525431,42.0416653951,1.6824183333,-40.9791692098,1.70992,-58.4062525431,3.7180388332,97.4687563578,"Slc17a6-IRES-Cre"
"468",5.7381133333,-40.8541679382,5.7322183333,10.1979166667,143.291666667,5.7310633333,-22.8437506358,5.75431,-45.2395846049,1.5599230877,51.0520846049,"Cux2-CreERT2"
"470",4.2618466667,-47.8541692098,4.2597733333,44.0104179382,106.499997457,4.2593133333,-33.0208346049,4.2854,-55.052087148,3.7064364151,91.864587148,"Nr5a1-Cre"
"473",7.4749866667,-51.2395846049,7.4730816667,42.5729179382,186.833333333,7.472575,-34.4583358765,7.48996,-52.6250012716,2.2431878267,93.8125025431,"Ntsr1-Cre_GN220"
"474",3.9196366667,-42.520837148,3.917595,44.5625025431,97.9166641235,3.9171716667,-32.4479204814,3.957895,-53.5937538147,3.6699545244,87.0833396911,"Rbp4-Cre_KL100"
"475",3.1198366667,-52.833337148,3.118015,42.3020858765,77.9583333333,3.1175883333,-39.7395846049,3.1422283333,-53.7395858765,3.6096472479,95.1354230245,"Cux2-CreERT2"
"479",7.15106,-53.3125025431,7.14806,39.0729179382,178.708328247,7.14758,-36.4166679382,7.1603333333,-57.6145833333,3.6613043182,92.3854204813,"Nr5a1-Cre"
"480",2.2062683333,-45.8958346049,2.204705,46.1458346049,55.1249987284,2.2043783333,-34.75,2.2276333333,-52.1354204814,3.3408004634,92.0416692098,"Scnn1a-Tg3-Cre"
"481",3.1972133333,-46.8229179382,3.1938616667,32.6979166667,79.8333333333,3.1933333333,-37.8020846049,3.237195,-54.5625012716,3.3968326686,79.5208346049,"Scnn1a-Tg2-Cre"
"485",2.4522533333,-51.6562538147,2.45008,51.3125025431,61.25,2.44956,-42.8125025431,2.4816266667,-54.8229204814,3.7033076614,102.968756358,"Rbp4-Cre_KL100"
"488",2.8207666667,-49.7291692098,2.81902,40.8437525431,70.4583333333,2.8185533333,-38.4583358765,2.84534,-53.9791692098,3.3214711294,90.5729217529,"Nr5a1-Cre"
"491",3.5586033333,-46.1770858765,3.5555416667,35.7916666667,88.9166666667,3.5550116667,-34.5729179382,3.5879083333,-52.0000025431,3.7828568012,81.9687525432,"Cux2-CreERT2"
"494",1.2812233333,-52.2291704814,1.2788583333,32.8958339691,31.9999987284,1.27837,-41.7812512716,1.316685,-59.2604192098,3.6058158975,85.1250044505,"Cux2-CreERT2"
"497",7.8130633333,-49.0937512716,7.80983,33.0416692098,195.249994914,7.8093,-33.5625012716,7.83829,-54.5625025431,3.2448113691,82.1354204814,"Rbp4-Cre_KL100"
"499",6.718705,-54.2708358765,6.7175366667,45.0520858765,167.958333333,6.7171583333,-44.6770846049,6.751885,-54.9479204814,2.3929162654,99.322921753,"Rbp4-Cre_KL100"
"500",3.4797466667,-54.0208358765,3.4760116667,34.0729166667,86.9166666667,3.4754933333,-37.1979192098,3.5050716667,-60.5833358765,3.7531006359,88.0937525432,"Rorb-IRES2-Cre"
"502",2.260455,-46.6562525431,2.257815,48.1770858765,56.4583333333,2.2574,-36.1979179382,2.2859716667,-53.4895858765,3.8200330607,94.8333384196,"Scnn1a-Tg3-Cre"
"505",3.18505,-50.9166692098,3.1833333333,44.8541679382,79.5833333333,3.1829483333,-35.5,3.2044066667,-55.96875,3.1755587375,95.770837148,"Nr5a1-Cre"
"509",3.1109366667,-43.1979192098,3.108825,42.3437512716,77.75,3.1084083333,-31.6666673024,3.1448466667,-52.0625012716,3.1272615439,85.5416704814,"Rorb-IRES2-Cre"
"510",8.6122,-48.8645858765,8.6053183333,27.3750006358,215.125,8.60464,-33.7187512716,8.6370966667,-54.6041679382,3.412593841,76.2395865123,"Rbp4-Cre_KL100"
"521",4.4514283333,-47.2812525431,4.4489933333,44.1666666667,111.20833842,4.448595,-37.7500012716,4.49345,-56.3958358765,4.0600973326,91.4479192098,"Cux2-CreERT2"
"522",3.8955166667,-47.0416704814,3.8924666667,36.0937512716,97.3333333333,3.89195,-37.4687525431,3.9486866667,-56.1770858765,3.4130093983,83.135421753,"Scnn1a-Tg2-Cre"
"527",3.09388,-48.1562512716,3.0914466667,43.6458346049,77.25,3.0910066667,-33.1562512716,3.1378266667,-57.270837148,3.9599770404,91.8020858765,"Scnn1a-Tg2-Cre"
"531",0.9514266667,-50.4166666667,0.9498533333,41.7187512716,23.75,0.94936,-37.8750025431,0.9678466667,-52.6875025431,3.0436094276,92.1354179383,"Ctgf-T2A-dgCre"
"532",2.5357183333,-38.7291704814,2.5338233333,49.8020858765,63.3333320618,2.533445,-28.4791679382,2.5840633333,-48.8125025431,3.5879177223,88.5312563579,"Scnn1a-Tg2-Cre"
"533",2.9728,-52.0833333333,2.9696133333,42.9687512716,74.2083333333,2.9690466667,-46.0208358765,3.01156,-56.9687525431,4.1051960948,95.0520846049,"Ctgf-T2A-dgCre"
"534",1.3563266667,-55.8229204814,1.3540933333,43.6770858765,33.8333333333,1.3535866667,-40.4166679382,1.3704333333,-58.7916692098,3.5655087325,99.5000063579,"Rorb-IRES2-Cre"
"535",1.6552066667,-43.5937512716,1.6536933333,37.5625012716,41.3333333333,1.6532133333,-32.8750012716,1.69364,-51.4791692098,2.6729266981,81.1562525432,"Scnn1a-Tg2-Cre"
"537",2.6408133333,-40.9583346049,2.6380216667,27.6875012716,65.9583320618,2.637325,-31.8125019073,2.683135,-51.6979192098,2.3765978731,68.6458358765,"Rorb-IRES2-Cre"
"538",3.05975,-49.2395858765,3.05784,45.2604179382,76.4166666667,3.057455,-39.2812512716,3.0942916667,-55.6041679382,3.6956735029,94.5000038147,"Rorb-IRES2-Cre"
"540",3.2435375,-45.0156288147,3.2408525,44.1875,80.9999961853,3.240425,-34.3437538147,3.2892875,-56.0625,3.3771343039,89.2031288147,"Cux2-CreERT2"
"541",4.618095,-46.4270858765,4.61499,31.9687525431,115.374994914,4.6145516667,-36.3750025431,4.6572083333,-56.1666692098,3.4206157545,78.3958384196,"Scnn1a-Tg2-Cre"
"544",2.88912,-49.6250012716,2.8873433333,46.9791704814,72.1666666667,2.886955,-35.9791666667,2.91586,-55.8541666667,3.7619572503,96.604171753,"Nr5a1-Cre"
"545",4.4078583333,-47.3854204814,4.4055933333,34.4791679382,110.125,4.40514,-39.4583333333,4.4571516667,-57.1875038147,3.2073752207,81.8645884196,"Rorb-IRES2-Cre"
"546",3.0773866667,-52.5416679382,3.0745133333,40.4270846049,76.875,3.0740133333,-40.8229179382,3.0995933333,-58.7916704814,4.2578377635,92.9687525431,"Rorb-IRES2-Cre"
"548",2.1556675,-43.3437519073,2.15334,37.0000019073,53.8125019073,2.15289,-33.0000019073,2.189625,-50.2968788147,3.4894392902,80.3437538146,"Scnn1a-Tg3-Cre"
"549",5.1386283333,-47.083337148,5.1370166667,49.895837148,128.41666921,5.1366383333,-39.4895858765,5.1879933333,-51.1770858765,3.3707042326,96.979174296,"Rbp4-Cre_KL100"
"550",2.6346333333,-48.8333358765,2.632875,39.6458346049,65.8333333333,2.6323733333,-37.5625025431,2.6824766667,-56.9687538147,2.7047697104,88.4791704814,"Rbp4-Cre_KL100"
"554",2.19634,-51.0208358765,2.1937666667,43.1770858765,54.8333333333,2.1933466667,-37.2500012716,2.21954,-58.5937538147,3.9501866144,94.197921753,"Rorb-IRES2-Cre"
"556",2.70705,-47.5833333333,2.7040733333,41.3750012716,67.5833333333,2.70362,-37.7812525431,2.7456966667,-55.1979204814,4.153560463,88.9583346049,"Cux2-CreERT2"
"557",0.8645266667,-51.2604192098,0.8607466667,34.0000012716,21.5416666667,0.8601533333,-40.0833346049,0.89994,-57.145837148,3.7025254771,85.2604204814,"Ctgf-T2A-dgCre"
"559",2.0274075,-50.2656269073,2.0256325,31.609377861,50.625,2.0252275,-36.4843788147,2.056995,-56.4375038147,3.0473521384,81.8750047683,"Scnn1a-Tg3-Cre"
"564",4.48873,-48.3645833333,4.4864283333,47.8125038147,112.166671753,4.48585,-38.3333358765,4.51953,-51.3437538147,3.4882856051,96.177087148,"Ntsr1-Cre_GN220"
"565",4.5219066667,-47.5000012716,4.5194083333,41.3020858765,112.958333333,4.5189483333,-35.9687512716,4.5595883333,-54.0104192098,3.56671556,88.8020871481,"Nr5a1-Cre"
"569",2.40094,-51.4166692098,2.3960333333,34.25,59.9166666667,2.3955133333,-39.03125,2.4203666667,-56.9062512716,4.6269267162,85.6666692098,"Ctgf-T2A-dgCre"
"570",1.69352,-48.96875,1.689475,49.5,42.25,1.68901,-36.375,1.71969,-55.96875,4.5714005453,98.46875,"Rorb-IRES2-Cre"
"571",3.2383633333,-53.3125025431,3.2359183333,36.2604166667,80.875,3.235485,-41.4166679382,3.2712233333,-61.7500025431,3.7474175807,89.5729192098,"Rbp4-Cre_KL100"
"572",2.0514133333,-48.9479204814,2.0487,38.4270846049,51.25,2.0482133333,-36.7291692098,2.0812133333,-52.7500038147,4.1079174346,87.3750050863,"Scnn1a-Tg2-Cre"
"574",2.4580183333,-47.5937525431,2.4544916667,16.8125006358,61.3333333333,2.4536433333,-28.947918574,2.4760916667,-52.5416692098,1.6543141834,64.4062531789,"Rbp4-Cre_KL100"
"578",5.8347083333,-48.4166704814,5.833335,43.4375025431,145.833323161,5.8329016667,-40.3125025431,5.9185,-51.677087148,2.7471199496,91.8541730245,"Rbp4-Cre_KL100"
"579",1.782185,-53.9791666667,1.77998,40.7812512716,44.5,1.7795283333,-42.1041679382,1.80377,-59.21875,3.7235954831,94.7604179383,"Scnn1a-Tg3-Cre"
"580",4.703685,-50.7291704814,4.7012266667,35.0937512716,117.500002543,4.7007766667,-34.0520858765,4.71499,-56.7083346049,2.865240198,85.822921753,"Nr5a1-Cre"
"583",5.3575333333,-50.5416692098,5.3552266667,41.8229192098,133.874992371,5.35478,-41.7708358765,5.3995333333,-56.6562538147,4.5117311692,92.3645884196,"Scnn1a-Tg2-Cre"
"584",2.0554175,-43.890625,2.0536975,39.2031269073,51.375,2.053305,-33.671875,2.0929325,-55.9062519073,3.1067968065,83.0937519073,"Scnn1a-Tg2-Cre"
"592",5.62589,-48.2343788147,5.624305,40.3437538147,140.625,5.623955,-33.90625,5.6382775,-55.4062519073,3.3296906949,88.5781326294,"Nr5a1-Cre"
"593",1.0048,-51.9687525431,1.0016266667,41.5416704814,25,1.0012,-41.6979179382,1.0330466667,-57.4687525431,4.5649352662,93.5104230245,"Ctgf-T2A-dgCre"
"594",1.573655,-46.6041666667,1.571625,42.25,39.25,1.571235,-33.7395846049,1.5942266667,-52.9270846049,3.4866773018,88.8541666667,"Rorb-IRES2-Cre"
"596",3.9327066667,-45.0416666667,3.9304066667,42.1979192098,98.25,3.9299466667,-27.760418574,3.9519933333,-52.6562538147,3.1172680305,87.2395858765,"Nr5a1-Cre"
"598",5.226,-43.4270846049,5.2240466667,31.291668574,130.583333333,5.2233666667,-33.0625012716,5.2404333333,-44.208337148,1.9746765171,74.7187531789,"Ntsr1-Cre_GN220"
"599",5.06373,-45.5208346049,5.0615383333,31.4166679382,126.499994914,5.0609966667,-32.0000038147,5.0912466667,-49.1562538147,2.5448621035,76.9375025431,"Ntsr1-Cre_GN220"
"601",5.4438733333,-49.5625012716,5.44112,33.1875025431,136,5.4406333333,-38.6875025431,5.4844966667,-57.1562525431,3.3456745535,82.7500038147,"Rbp4-Cre_KL100"
"605",2.0450375,-48.578125,2.0424475,28.3906269073,51.0625,2.0419725,-38.2968769073,2.0783025,-54.59375,2.7653321125,76.9687519073,"Ntsr1-Cre_GN220"
"606",3.9841166667,-50.0104204814,3.98249,49.5208358765,99.5833307902,3.982145,-35.0312512716,4.0186916667,-55.1458358765,3.7392970257,99.5312563579,"Nr5a1-Cre"
"609",1.5609,-49.9895833333,1.5585616667,39.2291679382,38.9583333333,1.55802,-39.9895858765,1.6021683333,-55.1666704814,3.6497232087,89.2187512715,"Cux2-CreERT2"
"611",7.0837266667,-47.1354192098,7.08076,40.1875038147,177,7.080235,-35.875,7.1283966667,-55.0312525431,3.3570391651,87.3229230245,"Rbp4-Cre_KL100"
"612",3.2451333333,-46.5104166667,3.2426866667,48.4479179382,81.0833333333,3.2423283333,-34.9166679382,3.281485,-55.2500038147,4.7020426441,94.9583346049,"Rorb-IRES2-Cre"
"615",6.58834,-49.4375038147,6.5862066667,40.6041679382,164.666666667,6.58576,-41.0729192098,6.6383766667,-57.4375025431,3.3539511295,90.0416717529,"Rbp4-Cre_KL100"
"618",8.6319533333,-52.4270858765,8.6290466667,43.3020858765,215.708333333,8.62858,-45.5312512716,8.6604133333,-57.4687512716,4.4920025143,95.729171753,"Ctgf-T2A-dgCre"
"620",4.43626,-47.1875025431,4.4330666667,42.8333346049,110.791666667,4.4325533333,-33.1562512716,4.4525333333,-54.989587148,3.7667513992,90.020837148,"Rorb-IRES2-Cre"
"622",2.8162033333,-53.1145846049,2.8149183333,36.9375038147,70.375,2.81452,-43.4166692098,2.84451,-55.8750025431,2.640355348,90.0520884196,"Nr5a1-Cre"
"626",5.02271,-49.9166666667,5.0205316667,34.9479166667,125.500002543,5.01997,-34.4375,5.054515,-54.1875012716,2.310317396,84.8645833334,"Ntsr1-Cre_GN220"
"627",1.50931125,-50.539065361,1.507525,36.0703134537,37.65625,1.50710125,-37.0312519073,1.53952375,-54.8281259537,3.0944151965,86.6093788147,"Rorb-IRES2-Cre"
"628",3.0234216667,-51.9687512716,3.0214583333,38.6875,75.5,3.0209533333,-41.6666666667,3.0561483333,-57.0208358765,3.2794925362,90.6562512716,"Nr5a1-Cre"
"633",6.2468133333,-49.302087148,6.24474,42.3437525431,156.125,6.24426,-39.1562525431,6.2784533333,-54.3437525431,3.9123076985,91.6458396911,"Cux2-CreERT2"
"634",2.7090466667,-49.0937512716,2.7063933333,42.1041679382,67.6666653951,2.70592,-37.5000012716,2.7356866667,-54.7812512716,4.2227128507,91.1979192098,"Scnn1a-Tg3-Cre"
"638",3.2953016667,-45.2187512716,3.2903116667,43.6666679382,82.25,3.2897683333,-35.9583358765,3.3499183333,-53.8750012716,4.8851031864,88.8854192098,"Rorb-IRES2-Cre"
"639",4.6687633333,-47.7812512716,4.6651633333,44.6250025431,116.625,4.6647633333,-34.0208333333,4.7108216667,-59.4583346049,4.2825507705,92.4062538147,"Scnn1a-Tg3-Cre"
"641",1.0228733333,-53.5520858765,1.0201066667,40.0312512716,25.5,1.0197,-43.3541692098,1.07682,-57.6875038147,4.3112216529,93.5833371481,"Ctgf-T2A-dgCre"
"651",2.8240033333,-47.4583333333,2.8207266667,45.9479179382,70.5,2.8201916667,-31.6041666667,2.8534516667,-52.6354166667,3.581182211,93.4062512715,"Scnn1a-Tg3-Cre"
"652",2.1603116667,-47.9687525431,2.15792,45.1875038147,53.9583346049,2.1575233333,-37.9062525431,2.203685,-56.1979192098,4.311239896,93.1562563578,"Rorb-IRES2-Cre"
"655",5.02271,-49.9166666667,5.0205316667,34.9479166667,125.500002543,5.01997,-34.4375,5.054515,-54.1875012716,2.310317396,84.8645833334,"Ntsr1-Cre_GN220"
"656",2.1811183333,-50.3645858765,2.179065,35.125,54.5,2.1785366667,-37.9166666667,2.2174266667,-57.8854204814,2.6017083967,85.4895858765,"Rorb-IRES2-Cre"
"657",8.8713366667,-47.3125012716,8.869355,29.9895852407,221.75,8.8686483333,-32.2812512716,8.88384,-48.2187538147,1.9028142831,77.3020865123,"Ntsr1-Cre_GN220"
"658",6.6125533333,-46.8541692098,6.6110933333,33.0208333333,165.249994914,6.6104533333,-31.0937512716,6.6338333333,-49.0208358765,2.0247865813,79.8750025431,"Ntsr1-Cre_GN220"
"665",3.4914575,-50.3750038147,3.488445,47.3125038147,87.1875,3.487975,-32.578125,3.50731,-54.7031269073,4.2232945368,97.6875076294,"Scnn1a-Tg3-Cre"
"666",0.7053666667,-52.2916692098,0.70304,45.2291679382,17.5416666667,0.70254,-43.0729192098,0.7259,-53.8854204814,3.6467127704,97.520837148,"Ctgf-T2A-dgCre"
"667",2.4481066667,-47.677087148,2.4454833333,36.5833346049,61.1249987284,2.4450816667,-36.4270858765,2.4769866667,-58.6562538147,3.4025305233,84.2604217529,"Cux2-CreERT2"
"670",2.7501716667,-43.4270858765,2.7462166667,39.8750012716,68.6666666667,2.7457066667,-32.0104173024,2.79726,-51.9166692098,4.2233691252,83.3020871481,"Cux2-CreERT2"
"672",5.6432266667,-41.7916666667,5.6417083333,32.7500012716,141.041666667,5.6412216667,-28.0833352407,5.6698416667,-45.770837148,2.3156746325,74.5416679383,"Ntsr1-Cre_GN220"
"675",2.7111575,-48.84375,2.70924,45.1562519073,67.7500019073,2.70881,-41.0312538147,2.7654,-54.7656269073,3.6077837983,94.0000019073,"Cux2-CreERT2"
"678",3.5266316667,-61.6354179382,3.5250133333,40.5104192098,88.125,3.52453,-46.4895846049,3.5269716667,-61.8958346049,2.5858218164,102.145837148,"Scnn1a-Tg3-Cre"
"680",10.3212033333,-43.7812538147,10.3193983333,38.7708333333,257.958333333,10.31879,-29.447918574,10.3341966667,-45.020837148,2.1803340301,82.552087148,"Ntsr1-Cre_GN220"
"681",3.32714,-50.5781269073,3.32462,34.21875,83.125,3.3241,-36.046875,3.34631,-57.6875038147,3.034932799,84.7968769073,"Cux2-CreERT2"
"684",4.091035,-43.7708358765,4.08825,40.7083333333,102.208333333,4.0877716667,-36.8750025431,4.1371166667,-52.2916666667,3.8597963361,84.4791692098,"Cux2-CreERT2"
"686",0.6948733333,-49.989587148,0.6926133333,35.6041692098,17.2916666667,0.6921333333,-38.8437525431,0.7214266667,-55.7291666667,3.4117736245,85.5937563578,"Scnn1a-Tg3-Cre"
"687",3.3667233333,-49.4687538147,3.3644716667,49.9166692098,84.1249974569,3.3640666667,-40.9791704814,3.4005166667,-54.2083358765,4.1245886729,99.3854230245,"Rorb-IRES2-Cre"
"688",2.99089,-47.5156269073,2.9891875,46.0781269073,74.6875,2.988765,-35.2343769073,3.0068125,-51.9531288147,3.1578523741,93.5937538146,"Slc17a6-IRES-Cre"
"689",3.6926066667,-44.489587148,3.6894183333,35.5312512716,92.2083333333,3.6889833333,-31.4479173024,3.7368416667,-51.3958358765,4.0211436843,80.0208384196,"Scnn1a-Tg2-Cre"
"690",4.7123666667,-49.0937512716,4.7106466667,35.4791679382,117.749997457,4.71004,-32.9479192098,4.71266,-49.3125,2.0443847303,84.5729192098,"Ntsr1-Cre_GN220"
"693",5.239855,-53.1666692098,5.2383316667,49.1250025431,130.95833079,5.2379833333,-38.8958346049,5.2707633333,-55.2812538147,4.3298103265,102.291671753,"Nr5a1-Cre"
"694",4.2705766667,-50.708337148,4.26911,41.6250025431,106.75,4.2687016667,-37.6562525431,4.30119,-53.364587148,3.0254907722,92.3333396911,"Rbp4-Cre_KL100"
"695",5.5204,-42.8437519073,5.51735,43.46875,137.9375,5.51684,-34.8281269073,5.55274,-50.4218769073,3.9562454219,86.3125019073,"Cux2-CreERT2"
"700",1.3437125,-49.4062538147,1.3420925,42.671875,33.4999990463,1.341655,-36.609375,1.3748725,-52.0625019073,3.226972535,92.0781288147,"Rbp4-Cre_KL100"
"703",2.5459833333,-51.4791704814,2.54403,37.1770846049,63.5833295186,2.543605,-37.3541666667,2.5731066667,-58.833337148,2.7215900509,88.6562550863,"Rorb-IRES2-Cre"
"704",10.1138333333,-47.1354179382,10.1114266667,30.8750006358,252.749989828,10.1106266667,-30.3645846049,10.1324266667,-49.5208346049,1.7978708635,78.010418574,"Rorb-IRES2-Cre"
"707",4.3387866667,-46.958337148,4.3360066667,40.8958358765,108.374997457,4.33558,-38.1458358765,4.3902466667,-57.552087148,3.9979121255,87.8541730245,"Scnn1a-Tg2-Cre"
"709",6.8293833333,-50.6041692098,6.82801,45.6875012716,170.666666667,6.8276716667,-40.8437525431,6.8607783333,-55.1458346049,3.038632109,96.2916704814,"Rbp4-Cre_KL100"
"713",2.3845733333,-48.3437525431,2.38218,28.1562512716,59.4999987284,2.3815916667,-35.7812512716,2.4171666667,-54.2812525431,2.3577729187,76.5000038147,"Rorb-IRES2-Cre"
"714",2.96959,-46.6562538147,2.96784,44.8281288147,74.1875,2.96742,-40.171875,2.96985,-46.8281269073,3.9070485345,91.4843826294,"Rbp4-Cre_KL100"
"717",3.3849766667,-41.8750025431,3.382915,46.3854204814,84.5833333333,3.3824383333,-29.2083346049,3.4307216667,-52.1666692098,3.3123765392,88.2604230245,"Rbp4-Cre_KL100"
"722",3.1697425,-46.0156288147,3.16748,44.6250019073,79.1875,3.167065,-37.2968769073,3.2133575,-55.015625,3.7883495047,90.640630722,"Scnn1a-Tg3-Cre"
"723",3.4842616667,-49.5312525431,3.48249,36.0104179382,87.0416666667,3.4820933333,-40.3333346049,3.5299566667,-55.6250025431,2.9970162449,85.5416704813,"Rbp4-Cre_KL100"
"726",4.6081966667,-49.0416692098,4.6051433333,39.71875,115.124997457,4.6047416667,-34.6875,4.6313666667,-56.6666692098,3.2935162974,88.7604192098,"Rorb-IRES2-Cre"
"728",6.4286416667,-43.3229179382,6.42572,37.9062512716,160.583333333,6.425185,-31.4895852407,6.4642983333,-52.677087148,2.9130819637,81.2291692098,"Rbp4-Cre_KL100"
"731",6.673945,-48.1979204814,6.672325,34.8437512716,166.833333333,6.67184,-32.2604198456,6.694515,-53.0000038147,2.0571590227,83.041671753,"Ntsr1-Cre_GN220"
"732",3.3085483333,-41.2708358765,3.3071233333,41.8333346049,82.625,3.30671,-31.8958352407,3.3541266667,-51.0937525431,2.7333353755,83.1041704814,"Scnn1a-Tg3-Cre"
"734",4.95288,-46.4166692098,4.9498733333,37.6354179382,123.70833079,4.94944,-34.2916679382,4.9754933333,-57.7916666667,3.4650382421,84.052087148,"Scnn1a-Tg2-Cre"
"738",11.2920133333,-47.1354204814,11.2898066667,36.6250012716,282.25,11.2892666667,-34.2187525431,11.30954,-52.2604204814,2.6268075558,83.760421753,"Ntsr1-Cre_GN220"
"739",2.250925,-46.1458358765,2.2487683333,25.7395839691,56.2083320618,2.2483066667,-35.7291666667,2.2772166667,-51.5937512716,3.0310968526,71.8854198456,"Rorb-IRES2-Cre"
"745",3.5965133333,-43.46875,3.5947266667,37.0416679382,89.875,3.5941933333,-31.5208352407,3.6188466667,-50.8333358765,2.5100327099,80.5104179382,"Rbp4-Cre_KL100"
"748",3.787935,-49.2916692098,3.7858616667,41.0416692098,94.5833282471,3.7854233333,-36.2812512716,3.8168183333,-54.895837148,3.1602611167,90.3333384196,"Nr5a1-Cre"
"750",2.5995066667,-49.145837148,2.5969533333,42.2916679382,64.9166666667,2.59648,-35.8333358765,2.61352,-54.8958346049,4.2149879569,91.4375050862,"Nr5a1-Cre"
"751",4.48128,-43.7187525431,4.4746066667,48.7708346049,111.833333333,4.47403,-34.6875012716,4.51536,-49.3958333333,5.1942167344,92.489587148,"Rbp4-Cre_KL100"
"752",3.08813,-45.5468788147,3.08654,42.2656269073,77.1875,3.08611,-30.8281269073,3.11735,-55.4843788147,3.0699217896,87.812505722,"Rbp4-Cre_KL100"
"753",2.608725,-49.7187525431,2.60722,47.6250038147,65.1666653951,2.6067816667,-41.1458346049,2.646955,-51.4166692098,3.1180586943,97.3437563578,"Rbp4-Cre_KL100"
"757",3.72692,-52.6250025431,3.7227533333,42.3020833333,93.0833307902,3.72226,-36.4791692098,3.7484266667,-58.7187525431,4.8800713092,94.9270858764,"Rorb-IRES2-Cre"
"758",6.7726983333,-48.0104179382,6.7709066667,43.4583333333,169.25,6.7705,-33.1562525431,6.78942,-54.0000025431,3.0896951838,91.4687512715,"Rorb-IRES2-Cre"
"761",3.807195,-54.40625,3.80534,42.8125038147,95.125,3.80489,-40.4375,3.851355,-60.4687538147,3.3806645138,97.2187538147,"Rbp4-Cre_KL100"
"762",2.0484725,-48.0781269073,2.0465925,47.3437538147,51.1249980927,2.0461925,-36.2968769073,2.0778725,-54.6093788147,3.0715055511,95.421880722,"Nr5a1-Cre"
"763",3.554735,-46.6041679382,3.5522,33.71875,88.7916666667,3.5517533333,-37.90625,3.5859283333,-57.2604179382,2.7998434396,80.3229179382,"Rorb-IRES2-Cre"
"764",3.82312,-49.2916692098,3.82132,32.4583346049,95.5416666667,3.8208,-36.1354192098,3.84668,-55.1875012716,2.5534037615,81.7500038147,"Cux2-CreERT2"
"768",5.0336483333,-42.2708346049,5.029495,21.2812506358,125.708333333,5.028385,-26.34375,5.0480133333,-47.3229204814,1.6865097984,63.5520852407,"Rorb-IRES2-Cre"
"769",2.133505,-50.4791692098,2.1291966667,35.2812525431,53.2083320618,2.1287283333,-37.96875,2.1701233333,-58.0520858765,4.2095987828,85.7604217529,"Cux2-CreERT2"
"772",7.3551133333,-49.1145858765,7.3532466667,37.6875025431,183.833333333,7.35277,-36.3958346049,7.3809616667,-54.5937538147,2.4797440451,86.8020884196,"Ntsr1-Cre_GN220"
"773",1.894275,-46.6354192098,1.8913516667,44.1354179382,47.2916666667,1.890945,-35.6041666667,1.930675,-55.2812512716,3.973301865,90.770837148,"Rorb-IRES2-Cre"
"776",3.00341,-50.4687512716,3.00173,43.1770846049,75.0416666667,3.00127,-38.3333346049,3.0356233333,-54.8541666667,2.979551254,93.6458358765,"Scnn1a-Tg2-Cre"
"777",2.72834,-52.1458346049,2.7255933333,30.3229179382,68.0833333333,2.7250733333,-41.90625,2.76814,-58.8541704814,3.7350314414,82.4687525431,"Rbp4-Cre_KL100"
"778",6.4557016667,-45.1875012716,6.45414,48.2812525431,161.333333333,6.4538083333,-36.7916666667,6.5127383333,-52.4895846049,4.2425868579,93.4687538147,"Rbp4-Cre_KL100"
"781",2.964205,-44.5000012716,2.9616033333,41.2395833333,74,2.9611683333,-37.5208346049,3.0108,-55.770837148,3.558670806,85.7395846049,"Rorb-IRES2-Cre"
"782",3.6341583333,-49.833337148,3.6321033333,49.8333346049,90.75,3.6315916667,-41.8750012716,3.6795383333,-54.1770858765,3.6701615531,99.6666717529,"Cux2-CreERT2"
"786",2.375995,-48.6250038147,2.372885,37.7812538147,59.2499923706,2.372435,-37,2.407275,-56.0625,3.4785479582,86.4062576294,"Rorb-IRES2-Cre"
"789",3.5675833333,-52.1041704814,3.565665,45.427087148,89.125,3.5652383333,-36.1041679382,3.59466,-53.3229179382,3.637358464,97.5312576294,"Rorb-IRES2-Cre"
"792",2.8540533333,-48.4687538147,2.8515533333,33.5208358765,71.2916666667,2.8510533333,-35.0416692098,2.8756133333,-53.5000012716,3.5111222214,81.9895896912,"Rorb-IRES2-Cre"
"793",3.0091733333,-51.0520858765,3.0073283333,47.8541692098,75.2083307902,3.006995,-38.7812525431,3.0446716667,-59.8958358765,4.3307576358,98.9062550863,"Nr5a1-Cre"
"794",11.4359516667,-38.75,11.4347683333,11.75,285.833333333,11.4331183333,-26.7604179382,11.4571166667,-44.1562525431,0.8501959439,50.5,"Ntsr1-Cre_GN220"
"796",1.8333766667,-51.9895858765,1.8313116667,42.8958346049,45.7499987284,1.8308916667,-38.9687525431,1.8681333333,-57.3854192098,3.5176844004,94.8854204814,"Cux2-CreERT2"
"798",4.7220616667,-50.583337148,4.720225,44.46875,118,4.7198066667,-36.2083358765,4.744625,-54.052087148,3.3855041059,95.052087148,"Nr5a1-Cre"
"802",3.7847833333,-46.0833346049,3.7825416667,41.9895858765,94.5416666667,3.7820983333,-33.2291679382,3.8148033333,-53.3020858765,3.3933297004,88.0729204814,"Cux2-CreERT2"
"805",2.1120033333,-43.3750038147,2.1101683333,43.9270858765,52.7500012716,2.1097483333,-35.7812512716,2.16764,-56.6041692098,3.3021391552,87.3020896912,"Scnn1a-Tg2-Cre"
"807",2.6036733333,-50.7916704814,2.6013933333,46.3125025431,65.0416666667,2.6009866667,-41.9791679382,2.6425466667,-58.2500025431,4.7668162065,97.1041730245,"Cux2-CreERT2"
"809",2.8102533333,-44.28125,2.8080083333,45.0000025431,70.2083333333,2.8075666667,-32.9062512716,2.8476216667,-52.7812525431,3.6179400134,89.2812525431,"Rorb-IRES2-Cre"
"811",10.27304,-41.71875,10.27091,48.7812538147,256.749992371,10.2705325,-33.7968769073,10.3088975,-51.5781269073,3.8654396008,90.5000038147,"Cux2-CreERT2"
"816",2.8466266667,-44.8229192098,2.843725,24.4375006358,71.125,2.8431466667,-34.5312525431,2.8726783333,-50.020837148,2.9184865569,69.2604198456,"Nr5a1-Cre"
"819",2.7906166667,-52.4270858765,2.7871683333,35.5104179382,69.7083333333,2.7866633333,-41.3645858765,2.8191183333,-58.5833358765,3.8118548296,87.9375038147,"Rorb-IRES2-Cre"
"822",6.2466583333,-45.6145858765,6.2441166667,49.8750025431,156.083333333,6.243695,-34.3854166667,6.2754983333,-53.3333358765,4.053186268,95.4895884196,"Cux2-CreERT2"
"825",3.3436216667,-54.7395858765,3.3419383333,43.2604192098,83.5,3.3415366667,-34.7916666667,3.3612533333,-57.3437512716,3.2178108599,98.0000050863,"Nr5a1-Cre"
"826",10.7986733333,-44.6458346049,10.7955933333,35.0000038147,269.875,10.7950333333,-36.7083333333,10.81922,-50.8020846049,3.5673791576,79.6458384196,"Rbp4-Cre_KL100"
"827",2.0167533333,-57.6145858765,2.01378,32.6458339691,50.3749987284,2.0132833333,-45.1562538147,2.0487783333,-63.9270858765,3.8541022088,90.2604198456,"Rorb-IRES2-Cre"
"828",3.891585,-50.4375038147,3.88893,45.84375,97.25,3.88854,-36.375,3.905565,-56.46875,3.6081792418,96.2812538147,"Rorb-IRES2-Cre"
"830",4.92268,-47.5104166667,4.92026,47.1145858765,123,4.9198133333,-33.5104179382,4.9424533333,-52.864587148,3.3990843332,94.6250025432,"Ntsr1-Cre_GN220"
"833",4.3006266667,-45.6666692098,4.2981016667,47.7187525431,107.416664123,4.2976283333,-36.7604166667,4.3363866667,-54.7187525431,3.4002443894,93.3854217529,"Scnn1a-Tg3-Cre"
"834",2.5305266667,-53.2708346049,2.52776,46.614587148,63.2083320618,2.52726,-38.8020846049,2.5464266667,-56.770837148,3.564110643,99.8854217529,"Ctgf-T2A-dgCre"
"836",2.51325,-49.3750038147,2.51147,46.3593788147,62.75,2.51102,-36.09375,2.53983,-55.3281288147,3.3626453755,95.7343826294,"Rorb-IRES2-Cre"
"842",0.9420666667,-55.1250038147,0.9387933333,34.4791679382,23.3333333333,0.9381533333,-48.5000025431,1.0038533333,-61.9791704814,3.7004877834,89.6041717529,"Ctgf-T2A-dgCre"
"843",12.3509866667,-42.4479192098,12.34928,25.4583333333,308.75,12.3484533333,-27.8645846049,12.3724533333,-43.8020858765,1.7223907613,67.9062525431,"Ntsr1-Cre_GN220"
"844",2.4424516667,-47.1979179382,2.439965,34.59375,60.9583358765,2.439445,-31.8958339691,2.4586283333,-52.6979166667,2.4594017443,81.7916679382,"Nr5a1-Cre"
"845",0.49676,-56.4062512716,0.4935,41.302087148,12.3333333333,0.4930333333,-43.4791704814,0.5164,-61.7916704814,4.4702047084,97.7083384196,"Ctgf-T2A-dgCre"
"847",2.3123066667,-47.3645858765,2.3099933333,43.8958333333,57.7499987284,2.3095633333,-35.8333333333,2.3462566667,-53.4270846049,3.8952023078,91.2604192098,"Rorb-IRES2-Cre"
"848",4.6236833333,-47.8020833333,4.6202483333,52.1041692098,115.54166921,4.6198883333,-36.2916692098,4.6697766667,-57.7604179382,4.9898331605,99.9062525431,"Scnn1a-Tg3-Cre"
"849",10.65442,-46.8645858765,10.6510866667,41.2187538147,266.25,10.6506133333,-36.6145833333,10.6731266667,-53.7187512716,3.7667464322,88.0833396912,"Cux2-CreERT2"
"850",2.7720716667,-48.6666704814,2.7697266667,48.6354192098,69.2499974569,2.7693333333,-37.4375,2.8046816667,-54.8750012716,4.500728976,97.3020896912,"Rorb-IRES2-Cre"
"852",7.5936366667,-52.4687538147,7.5909483333,28.8958352407,189.75,7.590355,-36.7291679382,7.6027266667,-55.8958346049,2.107802073,81.3645890554,"Cux2-CreERT2"
"853",3.3040416667,-47.5729166667,3.301155,32.8125012716,82.5,3.3006783333,-32.3645846049,3.31644,-54.0833333333,2.8377878772,80.3854179383,"Nr5a1-Cre"
"854",2.19213,-45.9687519073,2.190665,39.9531269073,54.7500019073,2.19026,-34.5937519073,2.22029,-53.15625,2.8127105091,85.9218788146,"Cux2-CreERT2"
"857",6.10058,-47.145837148,6.098565,30.6354179382,152.41666158,6.0980616667,-30.7187506358,6.1114933333,-50.6041679382,2.0287061504,77.7812550862,"Nr5a1-Cre"
"859",3.3473066667,-53.8125025431,3.3446533333,43.2395846049,83.625,3.3441533333,-37.9062538147,3.3570866667,-58.2395846049,3.7201079271,97.052087148,"Nr5a1-Cre"
"861",3.6577266667,-46.5104179382,3.6558083333,36.9166679382,91.3749974569,3.655345,-34.7291679382,3.7139233333,-55.1979192098,2.9782474675,83.4270858764,"Rorb-IRES2-Cre"
"868",4.1624933333,-47.1458333333,4.16047,54.4687525431,104.000002543,4.160025,-38.0000012716,4.195715,-51.5104179382,4.1260827885,101.614585876,"Rorb-IRES2-Cre"
"869",2.734175,-46.2708346049,2.7320533333,50.2812538147,68.2916666667,2.7316616667,-32.6041679382,2.754555,-48.1562525431,3.9902997022,96.5520884196,"Rorb-IRES2-Cre"
"870",2.2199233333,-44.3125,2.218025,44.5729192098,55.4166679382,2.2176283333,-32.1562512716,2.2527666667,-50.8437538147,3.5132784168,88.8854192098,"Rorb-IRES2-Cre"
"872",4.2440783333,-45.8958333333,4.240745,36.2500025431,106.041666667,4.2403,-38.2500012716,4.310135,-56.53125,3.8463316037,82.1458358764,"Nr5a1-Cre"
"875",2.0837266667,-57.2083346049,2.0813333333,37.3333358765,51.9999987284,2.0808933333,-43.3229192098,2.1047933333,-63.9166692098,4.0344185616,94.5416704814,"Nr5a1-Cre"
"876",3.1926733333,-52.3958358765,3.1906466667,37.8437512716,79.7916666667,3.19022,-34.0312512716,3.20926,-58.8750038147,3.0071412807,90.2395871481,"Cux2-CreERT2"
"877",2.7702833333,-50.1041704814,2.7668666667,25.7395846049,69.1666666667,2.7663033333,-36.1875012716,2.7839483333,-55.0625025431,2.9118285076,75.8437550863,"Rorb-IRES2-Cre"
"879",1.4477,-40.5000038147,1.4420266667,35.0000012716,36,1.4414166667,-29.9687506358,1.4890633333,-48.5104179382,3.8221474732,75.5000050863,"Rorb-IRES2-Cre"
"881",2.7235233333,-47.5416704814,2.7216366667,35.6562538147,68.0416666667,2.7211366667,-38.6875025431,2.787675,-54.4166692098,2.8924134475,83.1979242961,"Rorb-IRES2-Cre"
"886",2.5088033333,-50.6666704814,2.5074633333,52.2083346049,62.6666641235,2.507105,-38.4687512716,2.5368016667,-52.6145858765,3.586739445,102.875005086,"Nr5a1-Cre"
"890",4.0911266667,-50.5833346049,4.0890133333,34.7083346049,102.20833079,4.0885333333,-39.9166692098,4.1278333333,-57.0937512716,3.2608660368,85.2916692098,"Scnn1a-Tg2-Cre"
"894",2.5928625,-51.125,2.59077,41.2812519073,64.7500019073,2.5903625,-39.9687538147,2.6293975,-57.5312519073,3.5826478002,92.4062519073,"Cux2-CreERT2"
"896",2.58347,-45.453125,2.5797075,35.0937519073,64.4375,2.5790475,-34.546875,2.619295,-50.6875019073,3.6064780481,80.5468769073,"Rorb-IRES2-Cre"
"899",5.3263416667,-47.114587148,5.3231533333,34.8437512716,133.041666667,5.3227283333,-35.2812525431,5.3745433333,-57.0625025431,3.7095965409,81.9583384196,"Cux2-CreERT2"
"902",3.4377166667,-50.927087148,3.43618,51.2500012716,85.9166666667,3.4357783333,-45.4479179382,3.4888433333,-57.4687538147,3.3739404308,102.17708842,"Rbp4-Cre_KL100"
"903",3.3439633333,-52.9895846049,3.3388533333,38.3958346049,83.5,3.3384166667,-33.3125,3.3525116667,-59.0520846049,3.3099493057,91.3854192098,"Rorb-IRES2-Cre"
"909",1.037005,-49.4218769073,1.035605,55.8593769073,25.8750009537,1.0352125,-34.0312519073,1.03709,-49.5000038147,2.8834068486,105.281253815,"Rorb-IRES2-Cre"
"914",4.19642,-48.8750012716,4.1948266667,41.2708358765,104.833333333,4.19438,-33.2708333333,4.21824,-55.7604204814,2.754781675,90.1458371481,"Rorb-IRES2-Cre"
"918",2.9452816667,-47.5833358765,2.9419433333,36.4166679382,73.4999974569,2.94148,-37.6041692098,2.999195,-57.0416692098,4.534321212,84.0000038147,"Cux2-CreERT2"
"921",1.9057416667,-46.5520846049,1.9040033333,37.6458358765,47.5833320618,1.9035866667,-33.7083346049,1.9385,-52.3437538147,2.8455682543,84.1979204814,"Rorb-IRES2-Cre"
"925",3.3071466667,-51.6250012716,3.3044733333,40.59375,82.5833333333,3.3040333333,-35.0208346049,3.3253666667,-58.1666679382,3.7014303091,92.2187512716,"Nr5a1-Cre"
"927",4.020615,-43.8645833333,4.0188883333,39.4062538147,100.458335877,4.01844,-35.8645846049,4.0443116667,-50.4375025431,3.374628251,83.270837148,"Nr5a1-Cre"
"928",1.56404,-45.9479166667,1.5619833333,30.9270846049,39,1.56141,-34.9375025431,1.6007933333,-50.1458358765,2.3523385425,76.8750012716,"Ntsr1-Cre_GN220"
"929",3.97063,-50.2604192098,3.9688933333,35.1979192098,99.2083333333,3.968405,-36.8854179382,3.9901483333,-54.7395858765,2.633821389,85.4583384196,"Nr5a1-Cre"
"934",13.3091466667,-42.1770858765,13.3076466667,19.989584287,332.666666667,13.30662,-27.4791679382,13.3292866667,-45.7291704814,1.4232112282,62.1666701635,"Ntsr1-Cre_GN220"
"939",5.848955,-47.5937525431,5.8474983333,43.2708346049,146.166666667,5.8470833333,-36.5833346049,5.86445,-51.8229192098,2.8267041654,90.864587148,"Nr5a1-Cre"
"943",3.357055,-49.5625012716,3.3539533333,39.4375012716,83.7916666667,3.3534633333,-35.8229166667,3.3945166667,-55.7187512716,3.9556167881,89.0000025432,"Scnn1a-Tg3-Cre"
"944",5.6200766667,-44.4479192098,5.61764,42.4791692098,140.416666667,5.61721,-30.010418574,5.6542516667,-50.2916692098,3.3512102454,86.9270884196,"Scnn1a-Tg2-Cre"
"945",2.3655733333,-48.3020833333,2.3639433333,38.6875,59.0833333333,2.3635783333,-36.9270833333,2.4058383333,-57.5625012716,3.2648046235,86.9895833333,"Nr5a1-Cre"
"946",3.7822916667,-55.645837148,3.776365,36.4895846049,94.375,3.7759283333,-37.7395846049,3.7907183333,-59.7916666667,4.1080498684,92.1354217529,"Rorb-IRES2-Cre"
"947",4.3009933333,-44.6250012716,4.29738,49.0520858765,107.45833079,4.2969666667,-36.59375,4.3566116667,-54.7708333333,4.2104992716,93.6770871481,"Rorb-IRES2-Cre"
"948",3.4888783333,-49.6875012716,3.4852566667,32.2916666667,87.125,3.484775,-35.1875,3.505915,-56.1354192098,3.0048427022,81.9791679383,"Scnn1a-Tg3-Cre"
"949",1.09872,-53.5833358765,1.09712,48.7812538147,27.4166666667,1.0967466667,-37.2916679382,1.11998,-55.8229204814,4.1993000994,102.364589691,"Rorb-IRES2-Cre"
"950",3.9335733333,-48.6979166667,3.9294016667,33.3958333333,98.2499974569,3.9289283333,-37.4791666667,3.970635,-57.6666679382,4.0699266598,82.09375,"Scnn1a-Tg2-Cre"
"955",2.4164266667,-47.6770833333,2.4130883333,49.7812512716,60.2916666667,2.4125666667,-37.4479179382,2.4718016667,-56.3125025431,5.0692264703,97.4583346049,"Scnn1a-Tg3-Cre"
"956",4.448805,-43.4479179382,4.4465166667,36.65625,111.124997457,4.4460333333,-26.2812519073,4.4734716667,-52.1666692098,2.8161600974,80.1041679382,"Scnn1a-Tg3-Cre"
"958",3.9566866667,-44.8020858765,3.9545066667,33.9270833333,98.8333333333,3.9539666667,-30.2500019073,3.98046,-51.8854179382,2.3773429998,78.7291692098,"Nr5a1-Cre"
"959",3.2999933333,-51.5520846049,3.2973333333,43.833337148,82.4166666667,3.2969066667,-44.1562538147,3.3492,-59.4062525431,4.8688714678,95.3854217529,"Scnn1a-Tg2-Cre"
"960",2.392525,-52.7500038147,2.39061,41.4687519073,59.7499980927,2.39016,-41.515625,2.4405375,-56.3437538147,3.2254217781,94.218755722,"Ntsr1-Cre_GN220"
"965",2.1726883333,-50.4375025431,2.1705716667,42.5208358765,54.2916666667,2.17013,-40.09375,2.2085533333,-56.8125038147,4.0608129197,92.9583384196,"Scnn1a-Tg3-Cre"
"967",3.72808,-49.9166666667,3.7265533333,34.6041666667,93.1666666667,3.7261883333,-35.5729179382,3.7407883333,-54.2812512716,2.8769048391,84.5208333334,"Nr5a1-Cre"
"968",3.8405933333,-47.0208346049,3.83854,43.4270846049,95.9583333333,3.8381333333,-35.3645846049,3.8573466667,-52.3437538147,3.7103212853,90.4479192098,"Scnn1a-Tg3-Cre"
"969",6.0952333333,-48.2500025431,6.09322,38.5104179382,152.333333333,6.0927066667,-37.0937512716,6.13544,-54.2916692098,3.4816669332,86.7604204813,"Rorb-IRES2-Cre"
