1.346764799999999980e+02,1.097768843170000110e+02,2.447049915790000252e-01,-7.859375000000000000e+01,-6.608506774899998959e+01,1.050312576289999953e+02,6.438417493629999822e-02,7.628333333329999277e+01,1.952468017969999914e-01,3.187999999999999862e-02,1.310902337779999982e+01,1.102659999999999973e+00,-4.871875000000000000e+01,1.100879999999999859e+00,5.650000381470000121e+01,1.100000000000000000e+02,1.100459999999999994e+00,-4.421875381470000121e+01,1.102800000000000002e+00,-4.884375381470000121e+01,4.231335160980000509e+00
1.752376320000000192e+02,1.148435622450000011e+02,4.711215943100000025e-02,-1.012500076289999953e+02,-7.716303253169999721e+01,8.558750419620000116e+01,6.064990084229999632e-04,6.286867088609999321e+00,2.509251392749999976e+00,5.980000000000000072e-03,1.590617370950000122e+02,1.032065000000000010e+00,-6.584375000000000000e+01,1.031545000000000156e+00,6.687500476840000374e+00,2.300000000000000000e+02,1.031285000000000007e+00,-3.771875000000000000e+01,1.032079999999999886e+00,-6.593750762940000243e+01,9.866171007320000408e-01
3.608790399999999750e+02,3.379464447500000119e+02,1.777706742289999753e-01,-1.000312576289999953e+02,-6.922314453119999200e+01,8.723437929149999093e+01,2.390688461740000242e-02,2.986093749999999858e+01,5.583579902820000607e-01,2.137500000000000164e-02,3.348856679400000047e+01,1.189420000000000144e+00,-6.137500381470000121e+01,1.188420000000000032e+00,2.362500190729999971e+01,2.000000000000000000e+01,1.188020000000000076e+00,-4.512500381470000121e+01,1.189505000000000035e+00,-6.146875381470000121e+01,1.648523530620000122e+00
2.038793119999999988e+02,2.646875083450000261e+02,8.488912880419999252e-02,-9.487500762940000243e+01,-6.586357116700000347e+01,1.028359441759999982e+02,1.408178831689999889e-02,5.168472222220000134e+01,3.299107142859999953e-01,2.328000000000000208e-02,1.934807728479999867e+01,1.189230000000000009e+00,-6.306250381470000121e+01,1.188444999999999974e+00,3.650000381470000121e+01,5.000000000000000000e+01,1.188120000000000065e+00,-4.206250381470000121e+01,1.189259999999999984e+00,-6.315625381470000121e+01,1.749209580409999854e+00
1.904098720000000071e+02,1.437499970199999950e+02,8.304777741430000026e-02,-9.137500000000000000e+01,-7.099865722660000245e+01,8.561979262030000370e+01,1.635187579099999788e-01,3.977166666669999984e+01,6.599743699269999819e-02,2.923000000000000251e-02,2.514352763690000003e+01,1.092850000000000099e+00,-5.550000000000000000e+01,1.092019999999999991e+00,1.875000000000000000e+01,9.000000000000000000e+01,1.091609999999999969e+00,-4.365625381470000121e+01,1.092929999999999957e+00,-5.565625000000000000e+01,1.396525059260000035e+00
2.469215200000000152e+02,2.493303567170000008e+02,1.250998526810000178e-01,-9.446875000000000000e+01,-6.552274322510000104e+01,6.967187857630000281e+01,1.411537535380000090e-02,3.430071428570000336e+01,4.464864864859999782e-01,2.503999999999999976e-02,2.915391183019999843e+01,1.089295000000000124e+00,-5.375000000000000000e+01,1.088200000000000056e+00,1.281250000000000000e+01,7.000000000000000000e+01,1.087800000000000100e+00,-3.962500000000000000e+01,1.089364999999999917e+00,-5.384375000000000000e+01,1.660508046299999929e+00
3.648855040000000258e+02,1.699998825790000012e+02,1.293190848079999941e-02,-9.665625762940000243e+01,-7.852914428709999584e+01,9.500781250000000000e+01,1.740345249659999705e-01,1.243866666670000143e+02,1.119047657109999983e-01,4.412499999999999756e-02,8.039446886049999463e+00,1.112200000000000077e+00,-5.031250000000000000e+01,1.109215000000000062e+00,3.853125000000000000e+01,1.300000000000000000e+02,1.108820000000000139e+00,-3.621875000000000000e+01,1.124020000000000019e+00,-5.453125000000000000e+01,4.147379154910000310e+00
2.220378240000000289e+02,1.971874535080000044e+02,5.155004560949999481e-03,-8.184375000000000000e+01,-5.713286972050000401e+01,8.868750572200001159e+01,1.505945359120000049e-01,1.210824999999999960e+02,1.151419558359999956e-01,2.871499999999999747e-02,8.258831788239998417e+00,1.085420000000000051e+00,-4.450000000000000000e+01,1.080924999999999914e+00,3.668750000000000000e+01,9.000000000000000000e+01,1.080454999999999943e+00,-3.237500000000000000e+01,1.099120000000000097e+00,-4.959375000000000000e+01,3.709137564810000232e+00
1.326510800000000074e+02,1.978125423190000163e+02,2.409973740580000079e-02,-1.004687576289999953e+02,-8.192041015619999200e+01,7.185156583789999729e+01,1.004902901190000003e-01,8.045045454550000841e+01,2.221446792579999940e-01,4.900000000000000189e-02,1.243001056549999994e+01,1.126865000000000006e+00,-4.365625381470000121e+01,1.124814999999999898e+00,2.618750190729999971e+01,9.000000000000000000e+01,1.124284999999999979e+00,-3.918750381470000121e+01,1.137834999999999930e+00,-4.428125000000000000e+01,3.299929253380000205e+00
1.543512959999999907e+02,1.585937887430000046e+02,3.064785152670000332e-02,-9.671875000000000000e+01,-8.168371582029999445e+01,9.592187881469999411e+01,1.188551548619999898e-01,6.733333333330000414e+01,1.449567892970000105e-01,3.485500000000000403e-02,1.485148514849999835e+01,1.159870000000000179e+00,-5.365625381470000121e+01,1.157764999999999933e+00,4.006250381470000121e+01,1.100000000000000000e+02,1.157324999999999937e+00,-4.078125381470000121e+01,1.180555000000000021e+00,-5.828125381470000121e+01,3.328956985490000076e+00
2.523323839999999905e+02,2.740626037119999978e+02,3.907333593819999930e-03,-9.453125000000000000e+01,-6.458713531489999582e+01,5.331250190729999616e+01,3.131140249259999758e-02,4.367340909090000167e+01,4.428571428570000079e-01,2.948999999999999885e-02,2.289722787429999684e+01,1.131345000000000045e+00,-3.987500000000000000e+01,1.128695000000000004e+00,1.437500000000000000e+01,5.000000000000000000e+01,1.128049999999999997e+00,-3.709375000000000000e+01,1.179764999999999953e+00,-4.650000000000000000e+01,2.753548433120000194e+00
2.907590079999999944e+02,2.585937976840000374e+02,1.468254178760000084e-01,-9.828125762940000243e+01,-7.518585968020001076e+01,6.970312690729998906e+01,1.612242361779999897e-02,2.709818181820000049e+01,4.368303571430000032e-01,1.315999999999999982e-02,3.690284487390000123e+01,1.050459999999999949e+00,-4.962500000000000000e+01,1.048920000000000075e+00,1.856250190729999971e+01,9.000000000000000000e+01,1.048559999999999937e+00,-4.018750000000000000e+01,1.050499999999999989e+00,-4.968750000000000000e+01,2.642182665540000031e+00
4.551436160000000086e+02,3.385936617849999948e+02,3.369707986710000075e-02,-9.678125000000000000e+01,-6.518809509279999759e+01,6.909375476840000374e+01,3.334921328190000589e-02,5.068111111109999456e+01,-2.027026705749999935e-02,3.193999999999999617e-02,1.973121697759999904e+01,1.254620000000000068e+00,-5.128125000000000000e+01,1.253079999999999972e+00,1.428125095369999897e+01,2.999999809270000029e+01,1.252639999999999976e+00,-4.215625381470000121e+01,1.285900000000000043e+00,-5.425000000000000000e+01,2.596848254769999809e+00
2.011568320000000085e+02,2.089062482120000084e+02,7.333928346630000372e-02,-9.496875000000000000e+01,-7.298851776120000068e+01,9.269792048139998997e+01,6.407485587939999727e-02,9.806666666670000154e+01,1.791139359549999976e-01,6.133500000000000063e-02,1.019714479950000019e+01,1.180315000000000003e+00,-4.759375381470000121e+01,1.175715000000000066e+00,3.562500381470000121e+01,7.000000000000000000e+01,1.175149999999999917e+00,-3.740625000000000000e+01,1.224550000000000027e+00,-5.365625381470000121e+01,4.196750576210000361e+00
1.610017919999999947e+02,1.051562502979999891e+02,2.808085642759999834e-02,-1.004687576289999953e+02,-7.409919738770000208e+01,7.907031583789999729e+01,2.544944118250000008e-03,8.300888888889998540e+00,1.364870424359999834e+00,4.954999999999999336e-03,1.204690260750000022e+02,1.029525000000000023e+00,-6.515625000000000000e+01,1.028964999999999907e+00,2.550000190729999971e+01,3.700000000000000000e+02,1.028679999999999817e+00,-3.471875000000000000e+01,1.029549999999999965e+00,-6.528125000000000000e+01,1.157195340159999919e+00
2.279818240000000173e+02,3.121875822540000058e+02,2.859929017719999716e-02,-9.459375762940000243e+01,-6.192630767819999704e+01,8.683593940729998906e+01,1.333969544359999981e-01,1.014749999999999943e+02,1.331168831169999844e-01,3.402000000000000163e-02,9.854644000989999597e+00,1.119839999999999947e+00,-4.553125000000000000e+01,1.117159999999999931e+00,3.350000000000000000e+01,5.000000000000000000e+01,1.116579999999999906e+00,-3.453125000000000000e+01,1.142439999999999900e+00,-5.315625381470000121e+01,2.449480026599999860e+00
2.857558720000000108e+02,2.679687440399999900e+02,1.623771041629999967e-01,-1.035937500000000000e+02,-7.315476226810000071e+01,8.357291857399999913e+01,2.971564161559999903e-02,4.958552631579999570e+01,2.057377049180000028e-01,2.188499999999999820e-02,2.016717526869999944e+01,1.073790000000000022e+00,-5.075000381470000121e+01,1.071874999999999911e+00,2.684375000000000000e+01,5.000000000000000000e+01,1.071379999999999999e+00,-4.165625381470000121e+01,1.080365000000000020e+00,-5.168750000000000000e+01,2.628682077100000125e+00
1.771771200000000022e+02,1.326562464239999883e+02,1.843403726819999866e-01,-8.946875762940000243e+01,-7.360150909419999721e+01,9.629687881469999411e+01,2.219406227369999929e-01,5.524000000000000199e+01,1.945255540009999951e-01,3.323999999999999871e-02,1.810282404059999806e+01,1.064620000000000122e+00,-6.496875000000000000e+01,1.063719999999999999e+00,3.078125190729999971e+01,1.700000000000000000e+02,1.063339999999999952e+00,-4.615625381470000121e+01,1.064679999999999849e+00,-6.500000762940000243e+01,1.921169000389999937e+00
3.211084160000000338e+02,2.171876877550000131e+02,5.230975523590000037e-02,-9.046875762940000243e+01,-7.078517150880000486e+01,9.910000610350000727e+01,1.351676772690000097e-02,5.616352941180000613e+01,2.239130434780000067e-01,4.021999999999999881e-02,1.780514883009999849e+01,1.253940000000000055e+00,-4.856250000000000000e+01,1.250920000000000032e+00,4.412500000000000000e+01,5.000000000000000000e+01,1.250480000000000036e+00,-3.368750381470000121e+01,1.278520000000000101e+00,-5.646875000000000000e+01,3.804789531750000009e+00
1.403509120000000223e+02,1.328126937149999947e+02,2.852007374170000345e-02,-8.856250000000000000e+01,-7.524282836909999617e+01,8.652083619440000462e+01,-1.447168431009999978e-02,8.054791666670000438e+01,1.892064414599999855e-01,2.907500000000000015e-02,1.241497038510000017e+01,1.075970000000000093e+00,-4.959375381470000121e+01,1.072969999999999979e+00,1.550000095369999897e+01,3.100000000000000000e+02,1.072545000000000082e+00,-3.590625000000000000e+01,1.079164999999999930e+00,-5.106250381470000121e+01,3.130522737739999783e+00
1.041560479999999984e+02,1.628123819829999945e+02,1.168040186170000022e-01,-9.459375762940000243e+01,-7.397957611079999651e+01,9.421875457760000927e+01,3.626743145280000163e-02,6.217033333330000033e+01,2.393501805050000097e-01,2.706000000000000072e-02,1.608484218090000084e+01,1.074789999999999912e+00,-4.643750000000000000e+01,1.072995000000000143e+00,3.637500000000000000e+01,1.500000000000000000e+02,1.072589999999999932e+00,-3.462500000000000000e+01,1.084440000000000071e+00,-4.921875000000000000e+01,2.761461991219999579e+00
2.275086080000000095e+02,1.973437070850000055e+02,7.178153097630000923e-02,-9.103125000000000000e+01,-7.242500305180000453e+01,9.311979738870000745e+01,6.149199157940000299e-02,9.265149999999999864e+01,2.028846243680000050e-01,5.551499999999999491e-02,1.079313340849999925e+01,1.457270000000000065e+00,-4.293750381470000121e+01,1.455189999999999984e+00,4.062500381470000121e+01,9.000000000000000000e+01,1.454804999999999904e+00,-3.318750000000000000e+01,1.484960000000000058e+00,-5.415625000000000000e+01,2.967689048530000040e+00
1.659772639999999910e+02,1.810937523840000267e+02,4.095017164950000288e-02,-1.000312576289999953e+02,-8.233110046390000036e+01,9.284375508629999274e+01,4.810194661669999622e-02,7.612166666669999415e+01,1.895565323539999958e-01,5.080500000000000294e-02,1.313686423049999874e+01,1.228134999999999977e+00,-5.000000000000000000e+01,1.225324999999999998e+00,3.609375381470000121e+01,1.100000000000000000e+02,1.224874999999999936e+00,-3.384375381470000121e+01,1.246990000000000043e+00,-5.734375000000000000e+01,3.133344297309999860e+00
2.481946240000000330e+02,2.145312875509999913e+02,6.203254684809999392e-02,-9.759375762940000243e+01,-7.441059875489999342e+01,9.435000381469998842e+01,3.612832344300000165e-02,7.646125000000000682e+01,2.225000155769999988e-01,4.385000000000000009e-02,1.307852016539999873e+01,1.177534999999999998e+00,-5.459375381470000121e+01,1.175845000000000029e+00,4.190625381470000121e+01,7.000000000000000000e+01,1.175400000000000000e+00,-4.259375000000000000e+01,1.224099999999999966e+00,-5.968750381470000121e+01,2.709897682979999889e+00
2.940329600000000028e+02,1.924553513529999975e+02,4.701840132469999739e-02,-9.628125000000000000e+01,-7.508994293210000137e+01,8.768125419620001537e+01,1.677045028629999684e-02,6.441285714289999476e+01,1.750000096220000190e-01,4.233999999999999569e-02,1.552485085050000002e+01,1.190939999999999888e+00,-5.690625381470000121e+01,1.186800000000000077e+00,2.550000190729999971e+01,1.100000000000000000e+02,1.186339999999999950e+00,-3.665625381470000121e+01,1.196439999999999948e+00,-5.906250381470000121e+01,4.473812989109999805e+00
4.913033280000000218e+02,2.492188662290000138e+02,6.638875603680000070e-02,-9.925000000000000000e+01,-7.213717651369999828e+01,8.448750419619999263e+01,4.817179044960000558e-03,3.889119999999999777e+01,4.001712328769999605e-01,1.844000000000000153e-02,2.571275764179999967e+01,1.787159999999999860e+00,-5.084375381470000121e+01,1.785279999999999978e+00,2.900000190729999971e+01,5.000000000000000000e+01,1.784840000000000204e+00,-3.684375000000000000e+01,1.787659999999999805e+00,-5.096875000000000000e+01,2.699057252699999854e+00
2.273029919999999890e+02,2.028125375509999913e+02,7.363439351319998882e-02,-8.946875762940000243e+01,-6.684190368649998959e+01,8.310937627159999863e+01,2.219433256990000283e-02,6.162300000000000466e+01,1.981216487559999961e-01,6.064500000000000446e-02,1.622770718730000183e+01,1.223430000000000017e+00,-3.256250000000000000e+01,1.220874999999999932e+00,4.709375381470000121e+01,7.000000000000000000e+01,1.220434999999999937e+00,-2.125000000000000000e+01,1.260615000000000041e+00,-4.184375000000000000e+01,2.893817501800000080e+00
1.030009920000000108e+02,9.015624970200001087e+01,1.762121170760000133e-01,-8.278125762940000243e+01,-7.191203308109999170e+01,9.552083841959999688e+01,6.903209290699999223e-02,9.562799999999998590e+01,1.322485216809999864e-01,3.881499999999999534e-02,1.045718827119999972e+01,1.214499999999999913e+00,-4.318750381470000121e+01,1.212110000000000021e+00,4.500000000000000000e+01,1.600000000000000000e+02,1.211720000000000130e+00,-4.062500381470000121e+01,1.267679999999999918e+00,-5.550000381470000121e+01,4.489141080259999583e+00
9.990983199999999442e+01,1.015624254939999958e+02,2.966057322920000183e-02,-8.590625000000000000e+01,-7.460412597660000245e+01,9.253125457760000927e+01,3.073805979379999886e-01,8.970000000000000284e+01,6.918542336550000116e-02,4.649999999999999967e-02,1.114827201780000010e+01,1.144579999999999931e+00,-4.690625000000000000e+01,1.140619999999999967e+00,3.556250000000000000e+01,2.700000000000000000e+02,1.139999999999999902e+00,-3.803125000000000000e+01,1.151639999999999997e+00,-4.896875000000000000e+01,4.143106031480000340e+00
1.470778559999999970e+02,1.510937958960000174e+02,6.574832648040000727e-02,-9.012500000000000000e+01,-7.377761077879999618e+01,8.464375305180000453e+01,3.984706837569999827e-02,1.001181250000000063e+02,1.503517059039999881e-01,7.426499999999999768e-02,9.988201437049999853e+00,1.145524999999999904e+00,-4.146875000000000000e+01,1.143454999999999888e+00,3.662500000000000000e+01,7.000000000000000000e+01,1.143140000000000045e+00,-3.259375381470000121e+01,1.192250000000000032e+00,-5.306250381470000121e+01,3.343085733339999699e+00
1.394748800000000131e+02,2.131251096729999972e+02,4.929671809080000272e-02,-9.137500000000000000e+01,-6.770989227290000656e+01,9.003750305180000169e+01,1.782374194249999877e-01,1.253666666670000041e+02,8.733075653869999677e-02,5.540499999999999592e-02,7.976601967560000617e+00,1.151185000000000125e+00,-4.946875381470000121e+01,1.146560000000000024e+00,3.478125000000000000e+01,7.000000000000000000e+01,1.146020000000000039e+00,-3.965625000000000000e+01,1.184285000000000032e+00,-5.628125381470000121e+01,3.871348097980000347e+00
3.891111999999999966e+02,2.714062929149999945e+02,6.634571403269999557e-02,-1.012812576289999953e+02,-6.923754119870000068e+01,7.644792079930000739e+01,2.220767519100000018e-02,3.107806451610000309e+01,5.540201005029999903e-01,1.321999999999999911e-02,3.217703597599999910e+01,1.099460000000000104e+00,-4.821875381470000121e+01,1.097620000000000040e+00,3.334375000000000000e+01,5.000000000000000000e+01,1.097239999999999993e+00,-3.721875381470000121e+01,1.110579999999999901e+00,-5.075000381470000121e+01,3.650051436369999625e+00
1.781539360000000158e+02,1.506250053640000033e+02,2.087346464400000046e-02,-9.015625762940000243e+01,-7.365138244630000486e+01,7.834375500680000926e+01,-2.157175866529999902e-02,5.609142857140000160e+01,2.040372729970000021e-01,1.998199999999999976e-01,1.782803585979999994e+01,1.884519999999999973e+00,-5.112500000000000000e+01,1.880479999999999929e+00,1.131250095369999897e+01,1.500000000000000000e+02,1.879899999999999904e+00,-3.359375000000000000e+01,1.891399999999999970e+00,-5.412500381470000121e+01,2.955254705659999814e+00
8.153848800000000097e+01,5.859378725290000034e+01,5.428151041269999727e-02,-9.212500762940000243e+01,-7.701545715330000519e+01,7.551250572200000022e+01,-5.350953010109999082e-03,1.617024590160000130e+01,5.769068116600000184e-01,8.459999999999998771e-03,6.184197853779999576e+01,1.081735000000000113e+00,-6.103125381470000121e+01,1.080975000000000019e+00,9.500000953669999859e+00,5.200000000000000000e+02,1.080670000000000019e+00,-3.809375381470000121e+01,1.081795000000000062e+00,-6.118750381470000121e+01,1.242690960989999871e+00
2.046128640000000019e+02,1.820313334470000086e+02,2.858944609759999853e-02,-9.350000000000000000e+01,-7.433273315430000139e+01,8.955000534059999495e+01,1.527855517220000070e-01,1.462475000000000023e+02,2.623127319190000084e-01,6.243500000000000438e-02,6.837723721769998875e+00,1.214079999999999826e+00,-4.518750381470000121e+01,1.212064999999999948e+00,4.212500000000000000e+01,9.000000000000000000e+01,1.211685000000000123e+00,-3.262500000000000000e+01,1.239074999999999926e+00,-5.362500381470000121e+01,2.980372065340000542e+00
1.725025600000000168e+02,1.449998468160000016e+02,1.031743139029999978e-01,-9.468750762940000243e+01,-6.784756469730000106e+01,9.270312976840000374e+01,1.234066725329999972e-04,1.697517241380000286e+01,8.906249907340000327e-01,1.460999999999999972e-02,5.890956366300000013e+01,1.404920000000000169e+00,-5.406250381470000121e+01,1.404115000000000002e+00,2.518750190729999971e+01,1.700000000000000000e+02,1.403739999999999988e+00,-3.012500190729999971e+01,1.404965000000000019e+00,-5.421875381470000121e+01,1.357182695559999930e+00
1.918219200000000058e+02,1.387945413589999930e+02,8.007895201439999000e-02,-1.011250000000000000e+02,-7.564860534669999481e+01,8.778125190729998906e+01,2.951266257099999929e-02,1.127833333329999910e+01,1.404545454550000239e+00,7.450000000000000025e-03,8.866558297620001383e+01,1.034729999999999928e+00,-6.146875381470000121e+01,1.034010000000000096e+00,1.637500190729999971e+01,2.700000000000000000e+02,1.033700000000000063e+00,-3.503125000000000000e+01,1.034825000000000106e+00,-6.162500381470000121e+01,1.185436403259999993e+00
2.077806239999999889e+02,1.700000017879999916e+02,5.503659695390000078e-02,-8.596875762940000243e+01,-6.716606903080000279e+01,8.774375534059998927e+01,9.840450429510001762e-02,6.702181818180000050e+01,1.891732250350000033e-01,1.190000000000000085e-02,1.492051435079999955e+01,1.055819999999999981e+00,-4.837500381470000121e+01,1.054039999999999866e+00,3.231250000000000000e+01,1.199999923710000047e+02,1.053620000000000001e+00,-3.237500000000000000e+01,1.055839999999999890e+00,-4.840625000000000000e+01,3.124044720569999711e+00
1.587818879999999808e+02,1.750000417229999812e+02,3.618074208500000194e-02,-9.540625762940000243e+01,-7.855164337159999377e+01,9.609375534059999779e+01,2.077250898030000292e-01,1.413858333329999937e+02,1.151749030469999963e-01,4.598500000000000504e-02,7.072844403320000417e+00,1.118520000000000181e+00,-5.178125381470000121e+01,1.116349999999999953e+00,4.665625000000000000e+01,9.000000000000000000e+01,1.116004999999999914e+00,-4.250000000000000000e+01,1.142190000000000039e+00,-5.781250381470000121e+01,4.311725613030000126e+00
2.887863680000000386e+02,2.356251180170000055e+02,2.357217483220000118e-02,-9.309375000000000000e+01,-6.907585906979998924e+01,8.248437976840000374e+01,3.199556542079999913e-03,1.660338983049999939e+01,9.703539823010000065e-01,1.171999999999999952e-02,6.022866476109999923e+01,1.052459999999999951e+00,-5.878125000000000000e+01,1.051479999999999970e+00,1.153125095369999897e+01,7.000000000000000000e+01,1.051139999999999963e+00,-3.846875381470000121e+01,1.052540000000000031e+00,-5.893750000000000000e+01,1.569718857200000039e+00
3.870795200000000023e+02,4.684151709080000501e+02,4.110554233190000240e-02,-9.631250000000000000e+01,-6.741948699949999479e+01,9.515625000000000000e+01,1.070670749950000146e-02,3.023687500000000128e+01,5.257281504899999902e-01,2.763500000000000331e-02,3.307220074829999845e+01,1.251270000000000104e+00,-5.359375000000000000e+01,1.250305000000000000e+00,3.490625000000000000e+01,2.000000000000000000e+01,1.249904999999999822e+00,-4.287500000000000000e+01,1.998480000000000034e+00,-5.668750000000000000e+01,1.876785595379999894e+00
2.055793280000000038e+02,2.148437500000000000e+02,3.802973404530000240e-02,-9.462500000000000000e+01,-6.267683410640000119e+01,8.584375305180000737e+01,3.946588671230000234e-02,8.626000000000000512e+01,1.623222748819999894e-01,4.337499999999999689e-02,1.159285879900000182e+01,1.111829999999999874e+00,-4.843750381470000121e+01,1.107339999999999991e+00,3.409375381470000121e+01,5.000000000000000000e+01,1.106849999999999890e+00,-3.350000000000000000e+01,1.133870000000000156e+00,-5.534375000000000000e+01,3.920761419190000208e+00
1.592772479999999860e+02,2.683593630789999906e+02,2.224964648490000002e-02,-9.693750762940000243e+01,-6.695989227290000656e+01,9.229687881469999411e+01,4.066939692219999347e-02,6.555357142859999442e+01,2.186046511630000133e-01,2.256999999999999978e-02,1.525469899209999980e+01,1.524834999999999940e+00,-5.490625381470000121e+01,1.523004999999999942e+00,3.312500381470000121e+01,4.000000000000000000e+01,1.522495000000000154e+00,-4.250000000000000000e+01,1.548910000000000009e+00,-6.015625381470000121e+01,2.446425000740000133e+00
2.170398079999999936e+02,1.346875429149999945e+02,2.972356416289999997e-02,-9.659375000000000000e+01,-8.116104888920000349e+01,9.756771214799999825e+01,1.303708929480000001e-01,7.437000000000000455e+01,3.135435628310000167e-02,4.105999999999999928e-02,1.344628210299999971e+01,1.095520000000000049e+00,-4.778125000000000000e+01,1.093499999999999917e+00,4.028125000000000000e+01,1.500000000000000000e+02,1.093099999999999961e+00,-3.615625381470000121e+01,1.105260000000000131e+00,-5.103125381470000121e+01,3.631511897709999825e+00
1.991636159999999904e+02,1.287861317400000019e+02,1.035796403879999938e-01,-8.656250762940000243e+01,-7.423421478270000762e+01,8.963281631469999411e+01,8.572206418010000495e-03,5.999499999999999744e+01,2.062500109840000040e-01,3.831999999999999990e-02,1.666805567129999943e+01,1.125920000000000032e+00,-5.046875381470000121e+01,1.124079999999999968e+00,3.675000000000000000e+01,1.100000000000000000e+02,1.123639999999999972e+00,-4.109375000000000000e+01,1.164579999999999949e+00,-5.912500381470000121e+01,2.955757002190000371e+00
2.786386560000000259e+02,1.976561993359999860e+02,4.502790048719999133e-02,-8.237500762940000243e+01,-5.977737426760000261e+01,8.825000457760000927e+01,7.207332762989999975e-02,9.588200000000000500e+01,1.913043478260000041e-01,3.456000000000000044e-02,1.042948624349999953e+01,1.112379999999999924e+00,-4.750000381470000121e+01,1.109920000000000018e+00,3.921875381470000121e+01,7.000000000000000000e+01,1.109439999999999982e+00,-3.584375381470000121e+01,1.128160000000000052e+00,-5.396875381470000121e+01,3.020556805420000046e+00
1.817280320000000131e+02,2.109375745059999758e+02,9.560825675730001694e-02,-8.696875762940000243e+01,-6.185059356689999532e+01,1.017312553410000078e+02,1.436588178970000032e-02,8.151272727270000473e+01,1.849999999999999978e-01,2.740000000000000074e-02,1.226802284079999872e+01,1.164339999999999931e+00,-5.190625381470000121e+01,1.161540000000000017e+00,4.587500000000000000e+01,5.000000000000000000e+01,1.161059999999999981e+00,-4.103125381470000121e+01,1.182660000000000045e+00,-5.640625381470000121e+01,3.330129936600000118e+00
1.315343359999999961e+02,9.171886742120000235e+01,4.270620271560000153e-02,-8.371875762940000243e+01,-7.291931152339999755e+01,8.690625343319999274e+01,8.742820676449998551e-02,7.834999999999999964e+00,1.190481808979999778e+00,6.185000000000000393e-03,1.276324186339999898e+02,1.030889999999999862e+00,-6.515625000000000000e+01,1.030399999999999983e+00,1.178125000000000000e+01,3.200000000000000000e+02,1.030145000000000088e+00,-3.496875381470000121e+01,1.030895000000000117e+00,-6.528125000000000000e+01,1.008696889289999898e+00
1.587982080000000167e+02,1.531247943639999960e+02,5.956876650449999949e-02,-8.900000000000000000e+01,-7.359854125980000106e+01,1.000125045779999908e+02,1.364822289170000008e-02,8.413090909090000480e+01,1.276515151519999891e-01,5.754000000000000087e-02,1.188623789759999916e+01,1.136120000000000019e+00,-4.968750000000000000e+01,1.133720000000000061e+00,4.387500000000000000e+01,9.000000000000000000e+01,1.133299999999999974e+00,-3.890625000000000000e+01,1.167420000000000124e+00,-5.693750381470000121e+01,3.647002371060000137e+00
1.684998239999999896e+02,2.199999988079999866e+02,1.123706996440000105e-01,-9.618750000000000000e+01,-7.596959686280000312e+01,8.770833460490000277e+01,6.833305012939999354e-03,9.339388888889999407e+01,1.726190476190000156e-01,8.999500000000000555e-02,1.070733869100000035e+01,1.250129999999999963e+00,-4.906250000000000000e+01,1.246699999999999919e+00,3.362500000000000000e+01,7.000000000000000000e+01,1.246159999999999934e+00,-3.450000000000000000e+01,1.274825000000000097e+00,-5.493750000000000000e+01,3.298298978029999606e+00
1.143625199999999893e+02,1.321428567170000008e+02,8.234518766399999412e-02,-8.775000000000000000e+01,-7.210011291499999686e+01,9.795625457760000643e+01,1.935920901559999852e-01,1.566610000000000014e+02,3.478261049840000035e-02,5.041499999999999454e-02,6.383209605449999380e+00,1.100324999999999998e+00,-4.731250000000000000e+01,1.098019999999999996e+00,4.450000000000000000e+01,1.300000000000000000e+02,1.097660000000000080e+00,-3.628125000000000000e+01,1.131689999999999863e+00,-5.434375381470000121e+01,4.032170870079999858e+00
2.221547680000000184e+02,1.478125005960000067e+02,3.484145924449999487e-02,-1.011250000000000000e+02,-7.096172332759999790e+01,7.435416746140001010e+01,-7.069445466919998698e-04,4.467772727270000388e+01,9.227953375650000956e-01,1.206500000000000107e-02,2.238251721929999860e+01,1.449304999999999843e+00,-5.406250000000000000e+01,1.448380000000000001e+00,8.000000000000000000e+00,1.900000000000000000e+02,1.448039999999999994e+00,-3.312500381470000121e+01,1.449494999999999978e+00,-5.425000000000000000e+01,1.287027918559999984e+00
9.802323199999999304e+01,1.348437517879999916e+02,1.027392223479999950e-01,-9.253125000000000000e+01,-7.718885803220000241e+01,9.572916793819999270e+01,4.076971517319999405e-02,8.296909090910000373e+01,1.431324110670000038e-01,5.849000000000000032e-02,1.205268117369999814e+01,1.190309999999999979e+00,-4.796875381470000121e+01,1.187440000000000051e+00,4.234375000000000000e+01,8.000000000000000000e+01,1.186989999999999990e+00,-3.787500000000000000e+01,1.233785000000000132e+00,-5.809375381470000121e+01,4.011589889459999725e+00
2.115348480000000109e+02,1.690624952320000034e+02,4.134840518240000262e-02,-8.450000000000000000e+01,-6.425883483890000036e+01,1.013883955820000011e+02,1.701783470049999733e-02,5.367138888890000459e+01,4.246666666669999812e-01,2.126000000000000112e-02,1.863190091970000140e+01,1.115754999999999830e+00,-6.218750000000000000e+01,1.114745000000000097e+00,3.412500000000000000e+01,9.000000000000000000e+01,1.114295000000000035e+00,-4.209375000000000000e+01,1.115870000000000140e+00,-6.228125000000000000e+01,1.717169845629999969e+00
1.583077920000000063e+02,1.434375047679999966e+02,6.838410161439999885e-03,-8.484375762940000243e+01,-6.908229064939999375e+01,8.706250228879999042e+01,-1.497528799999999979e-02,5.991466666670000052e+01,1.848214297759999958e-01,5.383500000000000091e-02,1.669040413029999925e+01,1.547144999999999992e+00,-5.428125381470000121e+01,1.541884999999999950e+00,1.431250095369999897e+01,1.700000000000000000e+02,1.541404999999999914e+00,-3.456250381470000121e+01,1.552175000000000082e+00,-5.628125381470000121e+01,2.961358428909999674e+00
1.583609600000000057e+02,1.595312505960000067e+02,3.442747890950000056e-02,-9.850000762940000243e+01,-7.968156433109999170e+01,8.831875305180000169e+01,2.695255329109999889e-02,8.188590909090000025e+01,1.800233644860000093e-01,7.577499999999999514e-02,1.221211330619999913e+01,1.548229999999999995e+00,-5.103125000000000000e+01,1.543555000000000010e+00,3.387500000000000000e+01,5.000000000000000000e+01,1.542989999999999862e+00,-3.596875000000000000e+01,1.598324999999999996e+00,-6.043750000000000000e+01,4.084314447309999707e+00
4.026653120000000285e+02,3.159374892710000040e+02,7.289691269399999063e-02,-1.019375000000000000e+02,-7.235136413569999547e+01,8.519375305180000169e+01,1.315442782709999939e-02,1.984265306120000005e+01,6.024961597540000602e-01,1.072999999999999995e-02,5.039648664489999419e+01,1.070985000000000076e+00,-5.396875381470000121e+01,1.069504999999999928e+00,2.884375190729999971e+01,4.000000000000000000e+01,1.069120000000000070e+00,-4.537500000000000000e+01,1.071239999999999970e+00,-5.415625000000000000e+01,2.831951928920000139e+00
2.445047839999999724e+02,1.368751078839999877e+02,1.223289873450000148e-02,-9.015625762940000243e+01,-7.484197235109999724e+01,8.976250381469999695e+01,2.186137774980000201e-03,1.730222222220000106e+01,8.085814858670000715e-01,4.547999999999999959e-02,5.779604418189999393e+01,1.112659999999999982e+00,-5.590625000000000000e+01,1.111539999999999973e+00,1.737500190729999971e+01,1.500000000000000000e+02,1.111120000000000108e+00,-3.909375000000000000e+01,1.112800000000000011e+00,-5.596875381470000121e+01,1.486673874560000108e+00
2.499481279999999686e+02,2.039063274859999808e+02,9.474328160289999246e-02,-9.362500000000000000e+01,-7.127861022950000347e+01,1.000000038149999995e+02,1.125895020320000044e-02,9.500888888889998896e+01,1.527472492090000133e-01,5.462000000000000188e-02,1.052533096320000006e+01,1.250920000000000032e+00,-5.118750381470000121e+01,1.247419999999999973e+00,4.650000000000000000e+01,9.000000000000000000e+01,1.246979999999999977e+00,-4.293750381470000121e+01,1.287139999999999951e+00,-5.690625381470000121e+01,4.982884557550000260e+00
1.411854560000000163e+02,9.531261026860001095e+01,7.312628626820000255e-02,-8.290625000000000000e+01,-7.264405822749999686e+01,8.690000457760000074e+01,5.894472354730000141e-03,2.053720930229999908e+01,7.556397977009999822e-01,7.263999999999999624e-02,4.869210734909999871e+01,1.205579999999999874e+00,-5.440625000000000000e+01,1.204800000000000093e+00,2.331250190729999971e+01,3.200000000000000000e+02,1.204439999999999955e+00,-3.218750381470000121e+01,1.205620000000000136e+00,-5.450000381470000121e+01,1.374866153190000162e+00
1.240223600000000062e+02,1.546874940399999900e+02,3.691485896709999909e-02,-9.890625000000000000e+01,-8.132292175290000102e+01,7.407031536099999869e+01,1.801023929030000012e-02,1.115318749999999994e+02,1.428370363330000170e-01,8.868999999999999106e-02,8.966046701899999860e+00,1.245584999999999942e+00,-4.593750000000000000e+01,1.242599999999999927e+00,1.728125190729999971e+01,9.000000000000000000e+01,1.242079999999999851e+00,-3.459375000000000000e+01,1.295390000000000041e+00,-5.887500381470000121e+01,2.678296259290000148e+00
1.215275520000000000e+02,1.460938602690000039e+02,2.954714372750000262e-02,-9.543750762940000243e+01,-7.869704437260000418e+01,9.049375610350000443e+01,1.803938202309999725e-02,6.409571428569999796e+01,2.025510204080000209e-01,4.501999999999999752e-02,1.560166714960000078e+01,1.224099999999999966e+00,-4.946875381470000121e+01,1.222020000000000106e+00,3.509375000000000000e+01,7.000000000000000000e+01,1.221500000000000030e+00,-3.650000381470000121e+01,1.260979999999999990e+00,-5.859375381470000121e+01,2.996615815239999758e+00
1.687460800000000063e+02,1.193749681120000048e+02,1.256251335139999814e-01,-9.362500000000000000e+01,-7.941262817380000172e+01,9.573437945049998632e+01,5.371006878240000559e-02,1.356607142860000010e+02,1.914772548510000061e-01,3.096000000000000141e-02,7.371330788469999895e+00,1.086479999999999890e+00,-5.143750000000000000e+01,1.083760000000000057e+00,3.456250381470000121e+01,2.300000000000000000e+02,1.083254999999999857e+00,-3.803125000000000000e+01,1.099085000000000090e+00,-5.450000381470000121e+01,2.949762473690000331e+00
1.154417199999999895e+02,2.156249284740000292e+02,1.883749850089999969e-02,-9.425000000000000000e+01,-7.110503387449999479e+01,8.955000381469999127e+01,9.293229428150000249e-02,1.013433333329999897e+02,1.547619047619999966e-01,4.744999999999999912e-02,9.867447291389998654e+00,1.151049999999999907e+00,-4.971875381470000121e+01,1.148270000000000124e+00,3.356250000000000000e+01,9.000000000000000000e+01,1.147829999999999906e+00,-3.650000000000000000e+01,1.171200000000000019e+00,-5.440625000000000000e+01,3.387519998980000224e+00
1.757227840000000185e+02,1.415626108650000106e+02,7.269199192519999742e-02,-9.265625762940000243e+01,-7.640544128419999481e+01,9.102500381469999979e+01,2.798290598290000264e-01,8.775000000000000000e+01,4.444444027319999213e-02,5.043999999999999873e-02,1.139601139599999868e+01,1.125385000000000080e+00,-4.456250381470000121e+01,1.121464999999999934e+00,3.615625381470000121e+01,1.900000000000000000e+02,1.121020000000000127e+00,-3.203125381470000121e+01,1.150579999999999936e+00,-5.153125000000000000e+01,3.447320875469999990e+00
2.100794879999999978e+02,2.234375029800000050e+02,1.204252894969999946e-02,-9.565625000000000000e+01,-7.213488006590000623e+01,7.979375267029999463e+01,4.369784748609999853e-02,7.269958333329999789e+01,2.081578947370000265e-01,4.338499999999999995e-02,1.375523701990000092e+01,1.115275000000000016e+00,-4.765625000000000000e+01,1.112064999999999859e+00,2.700000000000000000e+01,9.000000000000000000e+01,1.111554999999999849e+00,-3.346875000000000000e+01,1.124829999999999997e+00,-5.159375000000000000e+01,2.861708222699999915e+00
1.655202079999999967e+02,1.612500399349999896e+02,6.777627021069999869e-02,-9.315625762940000243e+01,-7.641734313960000691e+01,9.032031726840000374e+01,2.098386786799999806e-02,9.235888888889999748e+01,1.479910772809999997e-01,8.168999999999999873e-02,1.082732817630000177e+01,1.286834999999999951e+00,-4.309375381470000121e+01,1.283345000000000180e+00,3.871875381470000121e+01,9.000000000000000000e+01,1.282689999999999886e+00,-3.656250381470000121e+01,1.363634999999999931e+00,-5.384375000000000000e+01,3.455637881969999547e+00
1.849701120000000003e+02,2.210714220999999782e+02,1.047489196059999961e-01,-9.400000762940000243e+01,-7.203316497800000207e+01,8.540000419620000116e+01,2.230286493860000052e-01,4.581250000000000000e+01,1.475010307640000073e-01,3.427999999999999797e-02,2.182810368350000019e+01,1.088710000000000067e+00,-5.962500381470000121e+01,1.087795000000000067e+00,2.284375000000000000e+01,1.100000000000000000e+02,1.087334999999999940e+00,-4.600000381470000121e+01,1.088770000000000016e+00,-5.965625000000000000e+01,1.595525784039999895e+00
1.272789999999999964e+02,7.640628516670000181e+01,5.271042883399999768e-02,-8.828125000000000000e+01,-7.943108367920000035e+01,1.016770884200000040e+02,2.731241447909999592e-02,1.020725000000000051e+02,1.174999998269999901e-01,7.213999999999999579e-02,9.796958044530001075e+00,1.191220000000000168e+00,-4.684375381470000121e+01,1.188919999999999977e+00,4.971875381470000121e+01,2.100000000000000000e+02,1.188479999999999981e+00,-3.878125000000000000e+01,1.216960000000000042e+00,-5.415625000000000000e+01,3.940399627649999736e+00
2.081527679999999805e+02,1.749999970199999950e+02,2.842629328370000277e-02,-8.065625000000000000e+01,-6.808872222899999826e+01,9.873959096270000657e+01,-7.976231698579999696e-03,5.790666666669999785e+01,2.655882457440000288e-01,1.078599999999999975e-01,1.726916877729999911e+01,1.864359999999999795e+00,-5.337500381470000121e+01,1.862720000000000153e+00,3.968750381470000121e+01,1.300000000000000000e+02,1.862200000000000077e+00,-3.981250000000000000e+01,1.870219999999999994e+00,-5.409375381470000121e+01,3.037247195759999574e+00
2.977906240000000366e+02,1.901340037580000057e+02,3.926341608169999636e-02,-9.443750000000000000e+01,-7.365212249760000418e+01,6.360937714579999636e+01,3.739887659499999649e-03,1.710140350880000071e+01,9.673306835630000045e-01,1.214999999999999934e-02,5.847473276020000554e+01,1.043335000000000123e+00,-5.075000381470000121e+01,1.041920000000000179e+00,-4.375000000000000000e-01,1.300000000000000000e+02,1.041590000000000016e+00,-3.290625381470000121e+01,1.043595000000000050e+00,-5.103125381470000121e+01,1.672161964760000119e+00
1.533951679999999840e+02,1.362500786779999942e+02,6.840926595029999877e-03,-8.468750000000000000e+01,-7.021352386470000795e+01,9.271875000000000000e+01,1.172673005409999997e-01,6.790333333329999732e+01,2.026515146389999966e-01,3.395499999999999907e-02,1.472681753470000032e+01,1.088834999999999997e+00,-4.878125000000000000e+01,1.086475000000000080e+00,3.218750000000000000e+01,2.100000000000000000e+02,1.086029999999999829e+00,-3.393750000000000000e+01,1.098494999999999999e+00,-5.121875000000000000e+01,3.266752977409999925e+00
2.311358560000000182e+02,2.306249588729999971e+02,2.173592597250000036e-01,-9.715625762940000243e+01,-7.243812561039999309e+01,9.724375686649999295e+01,1.133429692540000033e-02,2.554197368420000203e+01,4.910447761189999927e-01,2.092499999999999916e-02,3.915124227919999811e+01,1.084110000000000129e+00,-5.550000381470000121e+01,1.083299999999999930e+00,3.500000000000000000e+01,7.000000000000000000e+01,1.082940000000000014e+00,-3.503125000000000000e+01,1.084130000000000038e+00,-5.559375000000000000e+01,1.615898289240000008e+00
1.009533519999999953e+02,1.809374690059999864e+02,4.674158059060000252e-03,-8.100000000000000000e+01,-6.241884231569999741e+01,9.378125381469999411e+01,2.191830076559999896e-01,1.465374999999999943e+02,1.755555642400000171e-01,3.046000000000000096e-02,6.824191759789999701e+00,1.077360000000000095e+00,-4.690625000000000000e+01,1.075949999999999962e+00,4.309375381470000121e+01,1.300000000000000000e+02,1.075629999999999864e+00,-3.659375000000000000e+01,1.085785000000000000e+00,-4.987500381470000121e+01,3.441712414419999533e+00
1.822262719999999945e+02,1.506249904629999889e+02,5.034590885040000213e-02,-8.784375000000000000e+01,-7.260475921629999618e+01,9.217187690729998906e+01,2.399028018899999892e-02,6.845153846149999310e+01,1.756286252710000106e-01,6.038500000000000117e-02,1.460887545369999962e+01,1.438160000000000105e+00,-4.650000000000000000e+01,1.435679999999999845e+00,4.140625000000000000e+01,5.999999618529999879e+01,1.435224999999999973e+00,-3.859375000000000000e+01,1.528610000000000024e+00,-5.809375381470000121e+01,3.502668626590000223e+00
1.564552319999999952e+02,1.629687547679999966e+02,6.579434871669999352e-02,-8.409375762940000243e+01,-6.612202453609999964e+01,1.006000030520000053e+02,3.094223887629999822e-02,1.868400000000000034e+02,2.858452959199999643e-01,7.432000000000001105e-02,5.352172982230000819e+00,1.218480000000000008e+00,-5.150000381470000121e+01,1.216499999999999915e+00,4.768750000000000000e+01,7.000000000000000000e+01,1.215959999999999930e+00,-4.412500000000000000e+01,1.242420000000000080e+00,-5.500000381470000121e+01,3.428592667360000235e+00
3.808924160000000256e+02,2.914061844350000001e+02,5.259484052659999659e-02,-9.784375000000000000e+01,-6.871028900150000140e+01,8.183333778380000467e+01,1.968132923579999846e-03,1.222904761900000103e+01,3.312238551469999792e-01,8.675000000000000419e-03,8.177251664649999441e+01,1.034179999999999877e+00,-5.734375000000000000e+01,1.033270000000000133e+00,7.687500000000000000e+00,1.200000076289999953e+02,1.032945000000000002e+00,-3.693750000000000000e+01,1.034220000000000139e+00,-5.746875381470000121e+01,1.385014992770000175e+00
2.054528639999999768e+02,1.876562833790000013e+02,2.408957667650000328e-02,-9.931250762940000243e+01,-8.089804077149999273e+01,9.235937881469999411e+01,1.211766546939999946e-02,4.913684210529999774e+01,2.073033707869999798e-01,5.534000000000000030e-02,2.035132819190000220e+01,1.190360000000000085e+00,-5.171875381470000121e+01,1.188760000000000039e+00,3.921875381470000121e+01,7.000000000000000000e+01,1.188299999999999912e+00,-4.131250000000000000e+01,1.212399999999999922e+00,-5.428125381470000121e+01,3.165291867469999687e+00
1.942415200000000084e+02,1.973436772820000158e+02,6.268866360190000764e-02,-9.575000762940000243e+01,-7.426083374019999894e+01,9.703125381469999411e+01,3.214729645740000419e-01,3.217999999999999972e+01,8.039772998699999673e-02,2.868999999999999675e-02,3.107520198879999995e+01,1.091490000000000071e+00,-5.778125381470000121e+01,1.090470000000000050e+00,3.700000000000000000e+01,1.300000000000000000e+02,1.090070000000000094e+00,-4.040625381470000121e+01,1.091615000000000002e+00,-5.790625000000000000e+01,1.968910414109999785e+00
1.030400640000000010e+02,9.834442138670000588e+01,1.928599476810000102e-01,-7.943750000000000000e+01,-6.820192718510000418e+01,9.071875076290001516e+01,3.207963518289999767e-03,5.037210526319999815e+01,2.103449072370000283e-01,2.511500000000000191e-02,1.985225741060000004e+01,1.077150000000000052e+00,-5.196875381470000121e+01,1.075749999999999984e+00,2.359375190729999971e+01,1.500000000000000000e+02,1.075295000000000112e+00,-4.378125000000000000e+01,1.107369999999999965e+00,-5.571875381470000121e+01,2.094328217240000178e+00
1.151198879999999889e+02,1.084375381470000121e+02,9.480324387550000120e-02,-8.490625762940000243e+01,-7.226105499270001076e+01,9.507500534060000064e+01,2.278132432090000103e-01,7.989000000000000057e+01,6.707850969470000035e-02,3.828999999999999765e-02,1.251721116539999912e+01,1.099515000000000020e+00,-4.696875000000000000e+01,1.096310000000000118e+00,4.043750000000000000e+01,2.099999847409999916e+02,1.095890000000000031e+00,-3.762500381470000121e+01,1.125599999999999934e+00,-5.356250381470000121e+01,4.214050119419999518e+00
1.208999679999999870e+02,1.210936382410000078e+02,8.306352049110000968e-02,-8.681250000000000000e+01,-7.385773468020001076e+01,8.933750381469999979e+01,1.110990189269999984e-01,1.499890000000000043e+02,9.009857502219999204e-02,8.562000000000000166e-02,6.667155591410000248e+00,1.270100000000000007e+00,-4.571875000000000000e+01,1.266110000000000069e+00,3.206250000000000000e+01,1.100000000000000000e+02,1.265600000000000058e+00,-3.628125000000000000e+01,1.331470000000000153e+00,-5.712500381470000121e+01,3.460812066609999960e+00
2.039572639999999808e+02,1.478125303979999785e+02,1.490247435870000088e-02,-8.153125762940000243e+01,-6.524532318119999275e+01,7.881250349680000511e+01,-4.137585223989999990e-04,3.193214285710000055e+01,3.918259898129999863e-01,9.760000000000000620e-02,3.131640756070000009e+01,1.967659999999999965e+00,-5.065625000000000000e+01,1.965240000000000098e+00,1.800000190729999971e+01,1.600000000000000000e+02,1.964740000000000153e+00,-3.850000381470000121e+01,1.968759999999999843e+00,-5.106250381470000121e+01,3.023152673239999810e+00
1.564309599999999989e+02,1.460935622449999869e+02,7.247821986680000328e-02,-9.309375000000000000e+01,-7.752407836909999617e+01,9.790625381469999411e+01,1.921999439070000079e-02,8.697200000000000841e+01,1.493885929579999994e-01,6.236000000000000570e-02,1.149795336430000070e+01,1.308240000000000069e+00,-4.646875381470000121e+01,1.305760000000000032e+00,4.537500000000000000e+01,1.000000000000000000e+02,1.305320000000000036e+00,-3.493750000000000000e+01,1.352720000000000145e+00,-5.787500381470000121e+01,3.956667152719999692e+00
1.444210559999999930e+02,8.781246095899999204e+01,8.595734834669999103e-02,-8.500000000000000000e+01,-7.609333038329999965e+01,8.231875267030000032e+01,1.747048443519999897e-02,7.313730769229999851e+01,1.713923337090000054e-01,4.466499999999999637e-02,1.367291238289999988e+01,1.184735000000000094e+00,-4.953125000000000000e+01,1.180344999999999978e+00,1.856250190729999971e+01,2.700000000000000000e+02,1.179824999999999902e+00,-3.140625000000000000e+01,1.189840000000000009e+00,-5.203125381470000121e+01,3.602732745039999962e+00
2.388753120000000081e+02,2.043749988079999866e+02,1.007180511950000051e-01,-8.743750000000000000e+01,-6.780721282960000451e+01,9.615000686649999295e+01,6.379689719460000796e-02,1.185857142859999982e+02,1.954545454549999894e-01,8.357000000000000539e-02,8.432718949519999896e+00,1.234220000000000095e+00,-3.559375000000000000e+01,1.232020000000000115e+00,4.962500000000000000e+01,5.000000000000000000e+01,1.231649999999999912e+00,-2.815625000000000000e+01,1.297690000000000010e+00,-4.900000381470000121e+01,3.536048803889999981e+00
3.973797119999999836e+02,2.439063638449999871e+02,7.636296749109999782e-02,-9.996875000000000000e+01,-7.420150756840000383e+01,8.126875457760000643e+01,6.657471297990000259e-02,7.270153846149999310e+01,2.854599406530000105e-01,1.351999999999999903e-02,1.375486710680000080e+01,1.059320000000000039e+00,-4.650000000000000000e+01,1.057160000000000100e+00,1.600000000000000000e+01,9.000000000000000000e+01,1.056679999999999842e+00,-3.778125381470000121e+01,1.078999999999999959e+00,-4.809375000000000000e+01,2.982910065270000022e+00
1.540610719999999958e+02,2.265624254940000242e+02,9.791479259730000162e-02,-9.759375762940000243e+01,-7.326587677000000554e+01,8.378125419619999548e+01,2.845540533330000177e-02,1.025250000000000057e+02,1.368804664720000008e-01,6.842000000000000859e-02,9.753718605219999560e+00,1.196555000000000035e+00,-4.550000381470000121e+01,1.194404999999999939e+00,2.375000190729999971e+01,5.000000000000000000e+01,1.193845000000000045e+00,-3.640625381470000121e+01,1.247724999999999973e+00,-5.765625000000000000e+01,2.587378426079999905e+00
1.923109120000000019e+02,1.009375005960000067e+02,2.396166324620000246e-02,-9.946875000000000000e+01,-8.291417694090000623e+01,7.819375267030000032e+01,3.053447099540000306e-02,9.653333333329999988e+00,3.814797580269999600e-01,1.100000000000000110e-02,1.035911602210000098e+02,1.039279999999999982e+00,-5.581250000000000000e+01,1.038615000000000066e+00,1.084375000000000000e+01,2.600000000000000000e+02,1.038310000000000066e+00,-3.165625000000000000e+01,1.039309999999999956e+00,-5.590625000000000000e+01,1.236772061789999988e+00
1.527607199999999921e+02,1.806250810620000209e+02,8.327696472410001105e-02,-9.100000762940000243e+01,-7.032800292970000555e+01,8.672656536099999869e+01,4.322365996340000321e-02,1.019722222220000134e+02,1.708860881709999835e-01,4.540000000000000285e-02,9.806592209210000632e+00,1.105334999999999956e+00,-4.590625381470000121e+01,1.103199999999999958e+00,3.265625381470000121e+01,9.000000000000000000e+01,1.102785000000000126e+00,-3.471875000000000000e+01,1.138025000000000064e+00,-5.375000000000000000e+01,3.000143663040000241e+00
1.973218880000000013e+02,1.339285522700000115e+02,1.592209376389999709e-02,-9.990625762940000243e+01,-7.885633850100001041e+01,6.726250243189998912e+01,4.050838595749999688e-02,1.041999999999999993e+01,1.060267866879999854e+00,9.609999999999998752e-03,9.596928982729998836e+01,1.036545000000000050e+00,-6.359375381470000121e+01,1.035865000000000036e+00,9.062500953669999859e+00,1.900000000000000000e+02,1.035604999999999887e+00,-3.856250381470000121e+01,1.036554999999999893e+00,-6.368750381470000121e+01,1.226111927610000096e+00
1.454234879999999919e+02,1.881250739099999976e+02,1.371909826989999859e-01,-9.618750000000000000e+01,-7.474044036869999275e+01,9.996875635780000380e+01,1.227535063220000153e-02,9.223449999999999704e+01,1.917233626969999938e-01,3.787499999999999895e-02,1.084193008039999917e+01,1.085239999999999982e+00,-5.481250381470000121e+01,1.083110000000000017e+00,4.565625381470000121e+01,7.000000000000000000e+01,1.082579999999999876e+00,-4.628125381470000121e+01,1.099229999999999929e+00,-5.553125381470000121e+01,3.623466970239999974e+00
2.167496160000000032e+02,2.137500792740000293e+02,6.536982208489999779e-02,-9.431250762940000243e+01,-7.096060943599999860e+01,8.900000476840000374e+01,3.620302887640000633e-02,7.700545454550000102e+01,1.824803109220000108e-01,5.863999999999999768e-02,1.298609307489999942e+01,1.283460000000000045e+00,-4.700000000000000000e+01,1.280059999999999976e+00,3.250000381470000121e+01,5.999999618529999879e+01,1.279579999999999940e+00,-3.671875381470000121e+01,1.344959999999999933e+00,-5.443750381470000121e+01,4.455772231030000086e+00
2.433825600000000122e+02,1.571875810620000209e+02,2.740238793190000188e-02,-9.559375000000000000e+01,-7.822331237790000102e+01,9.848047113420000187e+01,4.400224947719999502e-02,7.305692307689999154e+01,2.218292789359999906e-01,4.204000000000000098e-02,1.368795670390000119e+01,1.141804999999999959e+00,-5.340625000000000000e+01,1.139234999999999998e+00,3.918750381470000121e+01,1.300000000000000000e+02,1.138710000000000111e+00,-4.153125000000000000e+01,1.151100000000000012e+00,-5.690625381470000121e+01,3.745143399499999859e+00
1.822291040000000066e+02,1.890624910590000241e+02,5.128307640549999852e-02,-9.700000000000000000e+01,-7.557073974610000278e+01,8.241517857140000558e+01,1.656956670069999887e-02,6.163916666669999955e+01,2.006302607279999983e-01,2.214999999999999955e-02,1.622345099840000060e+01,1.083329999999999904e+00,-4.740625381470000121e+01,1.081444999999999990e+00,3.184375190729999971e+01,1.300000000000000000e+02,1.081020000000000092e+00,-3.596875000000000000e+01,1.094284999999999952e+00,-5.178125381470000121e+01,3.132665300059999769e+00
1.137899040000000070e+02,1.226563230160000018e+02,1.415288746360000016e-01,-8.853125762940000243e+01,-7.429801177979999238e+01,9.382500381469999695e+01,2.582346299820000371e-02,7.809999999999999432e+01,1.623031496060000078e-01,5.825999999999999929e-02,1.280409731109999960e+01,1.219100000000000072e+00,-5.021875381470000121e+01,1.216480000000000006e+00,3.809375381470000121e+01,8.000000000000000000e+01,1.216020000000000101e+00,-4.240625381470000121e+01,1.283039999999999958e+00,-5.940625381470000121e+01,4.134110925619999932e+00
1.817490239999999915e+02,2.453127056359999756e+02,1.199574619529999997e-01,-8.300000762940000243e+01,-6.523100280760000658e+01,7.809375381470000832e+01,1.500987626210000155e-02,5.353647058819999671e+01,2.138888979989999883e-01,6.552499999999999991e-02,1.867885553549999855e+01,1.454134999999999955e+00,-5.034375000000000000e+01,1.451385000000000147e+00,1.953125000000000000e+01,3.000000190729999971e+01,1.450870000000000104e+00,-4.053125000000000000e+01,1.491614999999999913e+00,-5.709375381470000121e+01,2.758428482400000270e+00
3.402440640000000371e+02,3.635936975480000228e+02,1.480010747909999980e-01,-1.052812576289999953e+02,-6.494191741939999929e+01,9.660000534059999211e+01,4.240745478609999480e-02,5.050421052629999963e+01,2.963597430409999900e-01,1.813999999999999987e-02,1.980032931070000046e+01,1.145680000000000032e+00,-4.881250000000000000e+01,1.144099999999999895e+00,4.350000381470000121e+01,4.000000000000000000e+01,1.143699999999999939e+00,-3.756250000000000000e+01,1.164439999999999920e+00,-5.300000381470000121e+01,3.383957690350000380e+00
1.193778320000000122e+02,1.051563248039999934e+02,3.725421428680000119e-02,-9.918750000000000000e+01,-7.706097412110000278e+01,8.616250190729999758e+01,9.990831406370000514e-03,2.226329268290000130e+01,6.412936865810000553e-01,2.755499999999999963e-02,4.491698574160000135e+01,1.153210000000000068e+00,-6.740625000000000000e+01,1.152455000000000007e+00,1.565625000000000000e+01,2.200000000000000000e+02,1.152154999999999818e+00,-4.465625000000000000e+01,1.153235000000000010e+00,-6.753125000000000000e+01,1.377192905470000284e+00
3.427995520000000056e+02,1.606249958279999817e+02,2.990751899779999987e-02,-9.896875000000000000e+01,-8.070819854740000210e+01,8.952604293819999270e+01,3.884197822219999374e-02,8.150772727270000928e+01,2.666666789189999776e-01,3.918999999999999567e-02,1.226877540890000162e+01,1.170479999999999965e+00,-4.875000381470000121e+01,1.168185000000000029e+00,3.053125000000000000e+01,1.300000000000000000e+02,1.167564999999999964e+00,-3.678125000000000000e+01,1.202599999999999891e+00,-5.400000000000000000e+01,2.687855710500000050e+00
3.189765759999999659e+02,2.039062529800000050e+02,4.083483293649999707e-02,-9.809375762940000243e+01,-7.563542175290000102e+01,8.558593940729998906e+01,1.840958597150000320e-01,7.859666666670000268e+01,3.569327731090000122e-01,5.159500000000000197e-02,1.272318588569999953e+01,1.173379999999999868e+00,-5.571875000000000000e+01,1.172250000000000014e+00,1.818750000000000000e+01,9.000000000000000000e+01,1.171880000000000033e+00,-3.618750000000000000e+01,1.173675000000000024e+00,-5.590625000000000000e+01,1.598512455879999905e+00
1.414964640000000031e+02,7.687507569790000161e+01,4.633436445149999652e-03,-9.346875762940000243e+01,-8.351786804200000347e+01,9.253125762940000243e+01,1.489778708739999957e-02,9.001999999999999602e+01,1.631578975049999825e-01,8.727999999999999647e-02,1.110864252390000040e+01,1.480539999999999967e+00,-4.771875381470000121e+01,1.478239999999999998e+00,3.668750000000000000e+01,1.500000000000000000e+02,1.477720000000000145e+00,-3.903125381470000121e+01,1.518699999999999939e+00,-5.565625381470000121e+01,3.703047896840000242e+00
1.600245600000000081e+02,1.462499946359999967e+02,3.500656038519999597e-02,-9.378125762940000243e+01,-7.839602661130000172e+01,9.301562500000000000e+01,1.191785915960000136e-01,1.227866666670000058e+02,9.250000524170000349e-02,9.118500000000000216e-02,8.144206754260000736e+00,1.302464999999999984e+00,-4.246875381470000121e+01,1.298149999999999915e+00,4.315625000000000000e+01,9.000000000000000000e+01,1.297639999999999905e+00,-3.450000000000000000e+01,1.361920000000000019e+00,-5.453125000000000000e+01,4.825868382719999516e+00
1.604502719999999840e+02,1.370312869550000130e+02,1.278235763309999995e-01,-9.087500762940000243e+01,-7.287428283689999375e+01,1.023281345370000111e+02,7.745589965800000511e-03,3.088967741940000167e+01,3.990551912359999731e-01,2.086500000000000160e-02,3.237327429559999814e+01,1.068695000000000173e+00,-6.371875000000000000e+01,1.067960000000000020e+00,2.350000190729999971e+01,1.600000000000000000e+02,1.067639999999999922e+00,-3.700000000000000000e+01,1.068724999999999925e+00,-6.384375000000000000e+01,1.415788690710000131e+00
3.055800959999999691e+02,1.812499910590000241e+02,1.857409253720000014e-02,-9.534375000000000000e+01,-7.509989929200000347e+01,1.004625015259999969e+02,2.998732321079999874e-01,1.089099999999999966e+02,7.855263775750000177e-02,4.456999999999999851e-02,9.181893306399999233e+00,1.109425000000000106e+00,-4.621875381470000121e+01,1.106139999999999901e+00,4.656250000000000000e+01,1.100000000000000000e+02,1.105654999999999832e+00,-3.212500000000000000e+01,1.127504999999999979e+00,-4.903125000000000000e+01,3.985556218750000212e+00
1.394633760000000109e+02,1.723437458279999817e+02,1.668581813570000072e-01,-9.243750762940000243e+01,-7.285210418699999479e+01,8.980469131469999411e+01,2.590650924999999757e-02,9.342900000000000205e+01,1.622663618490000070e-01,5.173500000000000321e-02,1.070331481659999895e+01,1.128770000000000051e+00,-4.943750000000000000e+01,1.126460000000000017e+00,3.037500000000000000e+01,1.300000000000000000e+02,1.125920000000000032e+00,-3.393750000000000000e+01,1.159599999999999964e+00,-5.340625000000000000e+01,2.455814350559999859e+00
1.619134399999999800e+02,3.484373390669999822e+02,1.520920395850000051e-01,-9.515625000000000000e+01,-7.122705841060000864e+01,8.216667111709999460e+01,4.298704828859999799e-02,7.942374999999999829e+01,2.642857142860000064e-01,2.939999999999999905e-02,1.259069233069999960e+01,1.110735000000000028e+00,-5.334375381470000121e+01,1.108424999999999994e+00,2.300000190729999971e+01,5.000000000000000000e+01,1.107874999999999943e+00,-4.203125000000000000e+01,1.151485000000000092e+00,-5.756250381470000121e+01,2.743716665670000499e+00
2.184001759999999877e+02,2.304687052970000138e+02,1.708100177349999860e-02,-1.007500000000000000e+02,-7.589622497560000625e+01,9.609896024069999498e+01,3.611678456350000260e-02,5.985531249999999659e+01,2.425476603119999797e-01,4.059999999999999720e-02,1.670695479200000122e+01,1.189464999999999995e+00,-5.171875381470000121e+01,1.187060000000000004e+00,4.012500000000000000e+01,5.000000000000000000e+01,1.186625000000000041e+00,-3.968750000000000000e+01,1.213214999999999932e+00,-5.750000000000000000e+01,3.573322171640000544e+00
1.430345439999999826e+02,1.030803546310000058e+02,1.276827007530000058e-01,-7.903125000000000000e+01,-6.800962066649999826e+01,8.488125152589999800e+01,5.617734030880000042e-03,1.801111111109999996e+01,7.812252834680000202e-01,1.085500000000000007e-02,5.552128315850000462e+01,1.040679999999999827e+00,-5.490625381470000121e+01,1.039945000000000119e+00,3.353125381470000121e+01,2.200000000000000000e+02,1.039645000000000152e+00,-3.365625000000000000e+01,1.040715000000000057e+00,-5.509375000000000000e+01,1.555397755170000229e+00
4.620968320000000062e+02,4.134374558930000489e+02,9.006229043010000046e-02,-1.030000076289999953e+02,-6.858332061770001076e+01,9.955625305179999884e+01,8.528963405180001178e-03,2.601567567570000250e+01,2.699803143839999975e-01,1.401999999999999948e-02,3.843836356460000303e+01,1.147720000000000073e+00,-5.215625000000000000e+01,1.145479999999999832e+00,3.825000381470000121e+01,2.000000000000000000e+01,1.144979999999999887e+00,-4.293750381470000121e+01,1.171220000000000150e+00,-5.493750381470000121e+01,3.208556520600000184e+00
1.726535360000000026e+02,1.492185592650000103e+02,2.078721970320000223e-01,-9.084375000000000000e+01,-7.345684051509999790e+01,9.643750457760000927e+01,3.931602055010000041e-02,5.824249999999999972e+01,2.696839080460000093e-01,4.118000000000000133e-02,1.716959265140000213e+01,1.133199999999999985e+00,-5.475000381470000121e+01,1.132120000000000015e+00,4.050000000000000000e+01,9.000000000000000000e+01,1.131720000000000059e+00,-4.268750000000000000e+01,1.133220000000000116e+00,-5.478125381470000121e+01,2.269735517690000037e+00
1.490700159999999812e+02,1.914061754940000242e+02,6.436286866660000106e-02,-9.356250762940000243e+01,-7.114360809330000279e+01,8.275625152589999800e+01,1.091188606939999944e-01,9.511100000000000421e+01,2.014610442499999987e-01,3.914000000000000118e-02,1.051403097429999889e+01,1.120885000000000131e+00,-4.181250000000000000e+01,1.119079999999999853e+00,2.931250000000000000e+01,1.500000000000000000e+02,1.118620000000000170e+00,-2.846875190729999971e+01,1.150670000000000082e+00,-4.396875381470000121e+01,2.714338353940000115e+00
1.864596159999999827e+02,1.306249648329999786e+02,4.722496122119999168e-02,-1.003437576289999953e+02,-7.478993225100001041e+01,8.835937722520000648e+01,8.947498521870000249e-03,9.045999999999999375e+00,1.695237844410000250e+00,5.429999999999999931e-03,1.105460977229999884e+02,1.029125000000000068e+00,-6.140625381470000121e+01,1.028450000000000086e+00,1.662500000000000000e+01,2.900000000000000000e+02,1.028164999999999996e+00,-3.878125000000000000e+01,1.029135000000000133e+00,-6.150000000000000000e+01,1.291328821879999866e+00
1.794057120000000225e+02,1.625000834470000086e+02,5.642696842550000424e-02,-8.640625000000000000e+01,-6.818525695799999653e+01,9.424375305179999884e+01,1.092380731159999924e-01,1.528149999999999977e+02,2.013392900079999936e-01,7.979999999999999247e-03,6.543860223150000266e+00,1.038379999999999859e+00,-4.837500381470000121e+01,1.037314999999999987e+00,3.950000000000000000e+01,1.700000000000000000e+02,1.037020000000000053e+00,-4.109375000000000000e+01,1.048595000000000166e+00,-5.150000381470000121e+01,3.032605463729999506e+00
2.929720319999999560e+02,2.406250089409999759e+02,1.339155733590000064e-01,-9.287500000000000000e+01,-6.640228271479999478e+01,6.716250171660000490e+01,7.598601002720000407e-03,2.425400000000000134e+01,3.821428725370000223e-01,2.300999999999999920e-02,4.123031252580000228e+01,1.074910000000000032e+00,-5.203125381470000121e+01,1.073004999999999987e+00,2.875000000000000000e+01,9.000000000000000000e+01,1.072475000000000067e+00,-3.246875000000000000e+01,1.074915000000000065e+00,-5.209375000000000000e+01,2.160497482170000261e+00
1.925554079999999999e+02,1.901562958959999889e+02,2.526550181210000107e-02,-9.540625762940000243e+01,-7.536566162110000278e+01,8.510625419619999832e+01,5.968140158020000113e-02,5.247299999999999898e+01,7.926830299269999047e-02,3.282999999999999807e-02,1.905742000649999923e+01,1.096210000000000129e+00,-4.865625000000000000e+01,1.094004999999999894e+00,3.071875190729999971e+01,1.300000000000000000e+02,1.093564999999999898e+00,-3.903125381470000121e+01,1.109704999999999941e+00,-5.356250381470000121e+01,2.948620770049999784e+00
1.418803519999999878e+02,1.257813274860000092e+02,1.387125253679999948e-01,-8.678125762940000243e+01,-7.215068054200000347e+01,8.816406536099999869e+01,1.575057555740000045e-02,1.141085714289999942e+02,1.576182154580000050e-01,8.361999999999999988e-02,8.763583554510001150e+00,1.194779999999999953e+00,-4.365625381470000121e+01,1.191820000000000102e+00,3.884375000000000000e+01,1.100000000000000000e+02,1.191379999999999884e+00,-3.478125000000000000e+01,1.246179999999999843e+00,-5.600000000000000000e+01,4.133757105049999936e+00
3.758761600000000271e+02,2.201563566920000028e+02,7.575365155939998985e-02,-9.315625762940000243e+01,-6.820270538329999965e+01,9.214062976840000374e+01,1.737451063410000163e-01,7.705428571430000773e+01,2.689922480620000056e-01,2.048000000000000168e-02,1.297786347289999931e+01,1.074300000000000033e+00,-4.953125000000000000e+01,1.072920000000000096e+00,4.284375000000000000e+01,9.000000000000000000e+01,1.072540000000000049e+00,-3.790625000000000000e+01,1.901200000000000001e+00,-5.106250381470000121e+01,3.348458154539999843e+00
1.367273759999999925e+02,1.456250399349999896e+02,1.184380892660000066e-02,-8.546875762940000243e+01,-6.959012603760000104e+01,8.134375419619999548e+01,9.962716748199999719e-04,1.936225490200000010e+01,7.723484713269999080e-01,1.056999999999999953e-02,5.164687713609999520e+01,1.094249999999999945e+00,-5.803125381470000121e+01,1.093490000000000073e+00,1.900000190729999971e+01,1.900000000000000000e+02,1.093189999999999884e+00,-3.415625000000000000e+01,1.094335000000000058e+00,-5.815625000000000000e+01,1.272069817780000056e+00
1.891162879999999973e+02,1.859373897309999961e+02,1.312651038169999895e-01,-8.862500762940000243e+01,-6.826287841799999967e+01,8.057292111709999460e+01,-2.711685349219999409e-03,4.494380952379999883e+01,3.468894009220000463e-01,3.218000000000000027e-02,2.225000529760000134e+01,1.909740000000000215e+00,-5.218750381470000121e+01,1.906700000000000061e+00,2.293750000000000000e+01,8.000000000000000000e+01,1.906220000000000026e+00,-3.759375381470000121e+01,1.917620000000000102e+00,-5.571875381470000121e+01,2.866436687479999801e+00
2.257868479999999920e+02,2.453126162290000138e+02,1.275772750379999820e-01,-9.650000000000000000e+01,-6.838047790529999759e+01,7.701875267030000316e+01,1.321661413179999953e-02,3.081806451610000153e+01,4.970982142859999842e-01,1.334499999999999922e-02,3.244850108860000404e+01,1.081520000000000037e+00,-4.768750000000000000e+01,1.079174999999999995e+00,1.815625000000000000e+01,5.000000000000000000e+01,1.078779999999999850e+00,-4.262500381470000121e+01,1.091269999999999962e+00,-5.168750000000000000e+01,2.997279495770000413e+00
1.258985840000000138e+02,6.687511503700000048e+01,4.989550635219999752e-02,-8.596875762940000243e+01,-7.658113861079999651e+01,8.537500381470000832e+01,3.717945896980000275e-02,1.003250000000000064e+01,1.108849672729999902e+00,7.084999999999999284e-03,9.967605282830000135e+01,1.031195000000000084e+00,-6.375000000000000000e+01,1.030499999999999972e+00,2.446875000000000000e+01,3.300000000000000000e+02,1.030200000000000005e+00,-4.203125000000000000e+01,1.031239999999999934e+00,-6.387500381470000121e+01,1.400014651820000067e+00
2.004711199999999849e+02,1.433483213190000072e+02,1.129425913099999929e-01,-9.346875762940000243e+01,-7.729866790770000762e+01,9.817187881469999411e+01,6.776424140530000473e-02,9.603111111110000309e+01,1.747596316620000090e-01,3.239500000000000018e-02,1.041329198869999928e+01,1.083029999999999937e+00,-5.693750381470000121e+01,1.081329999999999902e+00,3.943750381470000121e+01,1.100000000000000000e+02,1.080895000000000161e+00,-4.534375381470000121e+01,1.107620000000000049e+00,-5.937500381470000121e+01,3.479435331230000372e+00
4.971346559999999499e+02,1.840625852350000002e+02,2.865974232549999695e-02,-9.787500762940000243e+01,-7.903540802000000554e+01,9.274375381469999979e+01,4.577532372100000246e-02,1.209785714289999987e+02,1.885416840839999886e-01,6.170499999999999596e-02,8.265926669419998873e+00,1.195454999999999934e+00,-4.900000000000000000e+01,1.191235000000000044e+00,3.200000000000000000e+01,1.100000000000000000e+02,1.190729999999999844e+00,-3.825000381470000121e+01,1.230110000000000037e+00,-5.553125381470000121e+01,4.090604061969999705e+00
2.387463680000000181e+02,1.465624272820000158e+02,3.267409652469999842e-02,-9.531250000000000000e+01,-7.812553405760000658e+01,9.057812690729998906e+01,1.554960760080000004e-02,6.790576923080000427e+01,1.860294117650000134e-01,6.271000000000000185e-02,1.472628925829999957e+01,1.358785000000000132e+00,-4.843750381470000121e+01,1.356945000000000068e+00,3.531250000000000000e+01,9.000000000000000000e+01,1.356449999999999934e+00,-3.721875000000000000e+01,1.390684999999999949e+00,-5.428125000000000000e+01,2.618005150659999725e+00
1.101344479999999919e+02,9.562488645319999137e+01,1.559875756499999877e-01,-8.462500762940000243e+01,-7.387277221680000139e+01,9.723125305179999600e+01,4.849876878110000178e-02,1.274021428570000012e+02,1.241935466410000050e-01,4.848500000000000032e-02,7.849161541349999993e+00,1.118260000000000032e+00,-4.281250381470000121e+01,1.116329999999999822e+00,4.403125000000000000e+01,1.900000000000000000e+02,1.115995000000000070e+00,-3.515625000000000000e+01,1.163135000000000030e+00,-5.409375381470000121e+01,4.280574186830000016e+00
1.199474799999999988e+02,1.487499624490000087e+02,1.898855157199999880e-02,-1.002187576289999953e+02,-8.356320953370000382e+01,1.019187538150000023e+02,4.830899791910000379e-02,6.998791666670000211e+01,1.825000092780000027e-01,4.123500000000000082e-02,1.428818069789999967e+01,1.108284999999999965e+00,-5.340625381470000121e+01,1.106260000000000021e+00,4.365625381470000121e+01,1.100000000000000000e+02,1.105929999999999858e+00,-4.312500381470000121e+01,1.126489999999999991e+00,-5.984375381470000121e+01,4.412293480859999839e+00
2.204169919999999934e+02,7.421875000000000000e+01,6.968230754139999317e-02,-8.634375000000000000e+01,-6.964250946040000656e+01,8.075000238420000187e+01,1.517694612509999956e-03,5.576488764040000490e+00,2.630000883700000180e+00,3.939999999999999926e-03,1.793243100299999924e+02,1.027989999999999959e+00,-6.421875000000000000e+01,1.027445000000000164e+00,1.462500095369999897e+01,3.900000000000000000e+02,1.027170000000000138e+00,-4.965625000000000000e+01,1.028010000000000090e+00,-6.428125762940000243e+01,1.219815297260000042e+00
1.321629199999999855e+02,8.515624701979999145e+01,1.847593300040000289e-02,-9.171875762940000243e+01,-7.220556640619999200e+01,7.103906470539999418e+01,5.236444280430000223e-03,3.828333333330000254e+00,1.645109043379999969e+00,2.955000000000000161e-03,2.612102742710000030e+02,1.024974999999999969e+00,-6.606250000000000000e+01,1.024424999999999919e+00,-2.812500298019999789e-01,4.000000000000000000e+02,1.024189999999999934e+00,-5.000000000000000000e+01,1.024980000000000002e+00,-6.609375000000000000e+01,1.308834214630000048e+00
2.914035200000000145e+02,2.593753933909999887e+02,6.967486441140000042e-02,-8.521875762940000243e+01,-6.346687316890000119e+01,9.001563072200001159e+01,5.934339971659999963e-02,2.505999999999999872e+01,3.392414037580000069e-02,1.260000000000000009e-02,3.990422984839999998e+01,1.079280000000000017e+00,-5.553125381470000121e+01,1.076979999999999826e+00,2.778125190729999971e+01,4.000000000000000000e+01,1.076520000000000143e+00,-4.021875000000000000e+01,1.080620000000000136e+00,-5.603125381470000121e+01,2.998585826779999852e+00
1.725768159999999796e+02,1.645312905309999962e+02,5.838372930880000172e-02,-1.007812576289999953e+02,-8.252419281010000418e+01,9.943750286099999869e+01,3.750355505700000286e-02,6.960153846149999879e+01,1.563086579790000097e-01,5.262999999999999623e-02,1.436749850799999884e+01,1.150760000000000005e+00,-4.615625000000000000e+01,1.148474999999999913e+00,4.300000000000000000e+01,9.000000000000000000e+01,1.148039999999999949e+00,-3.412500000000000000e+01,1.173394999999999966e+00,-5.290625381470000121e+01,3.361573266299999752e+00
2.352005120000000034e+02,1.901787072420000015e+02,5.986199155450000475e-02,-9.250000000000000000e+01,-7.054975128169999721e+01,9.356250381469999411e+01,2.028047016900000055e-01,1.231099999999999994e+02,2.605839525659999767e-01,2.046999999999999861e-02,8.122816992929999813e+00,1.099034999999999984e+00,-5.971875381470000121e+01,1.098029999999999839e+00,2.890625190729999971e+01,9.000000000000000000e+01,1.097660000000000080e+00,-4.403125000000000000e+01,1.099095000000000155e+00,-5.984375381470000121e+01,1.876109341160000055e+00
1.576724159999999983e+02,2.415625005959999783e+02,2.911627851429999733e-02,-9.778125762940000243e+01,-7.171207427979999238e+01,6.712500305180000737e+01,4.082957229790000475e-02,7.273230769229999737e+01,2.584221748400000185e-01,4.705499999999999960e-02,1.374904814279999954e+01,1.125645000000000007e+00,-4.596875381470000121e+01,1.122749999999999915e+00,1.875000000000000000e+01,7.000000000000000000e+01,1.122204999999999897e+00,-3.900000000000000000e+01,1.149524999999999908e+00,-5.128125000000000000e+01,3.207291756090000057e+00
2.794086080000000152e+02,3.018750250340000321e+02,2.870010957119999845e-02,-9.371875000000000000e+01,-6.020902633669999915e+01,8.852604548139998997e+01,8.978065728980001714e-02,6.102857142859999584e+01,2.440812652440000063e-01,2.653999999999999762e-02,1.638576779030000097e+01,1.116639999999999855e+00,-5.603125381470000121e+01,1.115480000000000027e+00,2.600000000000000000e+01,2.999999809270000029e+01,1.114959999999999951e+00,-4.134375381470000121e+01,1.116740000000000066e+00,-5.612500381470000121e+01,1.644592021710000074e+00
1.626315360000000112e+02,1.443750113250000027e+02,4.861312359569999048e-02,-9.543750762940000243e+01,-7.961817932130000486e+01,9.420313072200001159e+01,6.574349480740000751e-02,8.525555555559999732e+01,1.250000045849999908e-01,2.860500000000000195e-02,1.172944089669999990e+01,1.079444999999999988e+00,-5.221875381470000121e+01,1.076465000000000005e+00,3.225000381470000121e+01,1.300000000000000000e+02,1.075939999999999896e+00,-4.387500000000000000e+01,1.089625000000000066e+00,-5.565625381470000121e+01,3.976624067019999487e+00
2.597587200000000394e+02,2.185937911270000029e+02,2.898743003609999952e-02,-1.020000076289999953e+02,-8.190604400630000725e+01,8.957292111709999460e+01,2.482656921960000110e-02,8.535500000000000398e+01,2.303294677010000180e-01,5.396000000000000102e-02,1.171577529140000173e+01,1.209004999999999885e+00,-5.725000381470000121e+01,1.205339999999999856e+00,2.853125190729999971e+01,9.000000000000000000e+01,1.204790000000000028e+00,-4.265625000000000000e+01,1.230150000000000077e+00,-6.231250381470000121e+01,3.514273874680000631e+00
2.869682879999999727e+02,2.592188715930000171e+02,2.042537033559999882e-01,-9.793750000000000000e+01,-6.696987915040000416e+01,1.001937538149999938e+02,3.197367184330000139e-02,4.719600000000000506e+01,3.361510791369999862e-01,2.868000000000000063e-02,2.118823629119999907e+01,1.098779999999999868e+00,-5.965625000000000000e+01,1.097260000000000124e+00,2.981250190729999971e+01,5.000000000000000000e+01,1.096740000000000048e+00,-4.384375381470000121e+01,1.098879999999999857e+00,-5.978125381470000121e+01,2.153523951319999963e+00
3.713381759999999758e+02,3.123437762259999886e+02,8.486745506529999594e-02,-9.459375762940000243e+01,-5.936676788329999965e+01,9.724375381469999979e+01,1.280182785909999843e-01,9.610600000000000875e+01,1.550236401979999956e-01,9.480000000000000579e-03,1.040517761639999961e+01,1.273220000000000018e+00,-5.643750381470000121e+01,1.269139999999999935e+00,3.771875000000000000e+01,2.000000000000000000e+01,1.268680000000000030e+00,-4.315625000000000000e+01,1.288899999999999935e+00,-6.125000000000000000e+01,4.397913662530000600e+00
3.389272640000000365e+02,1.915623843670000213e+02,2.986758947370000278e-02,-9.778125762940000243e+01,-7.608911132810000311e+01,9.369531345370000963e+01,2.601650585090000134e-01,9.218125000000000568e+01,1.468421131140000002e-01,4.053500000000000159e-02,1.084819309779999941e+01,1.131809999999999983e+00,-4.531250000000000000e+01,1.129420000000000091e+00,4.162500000000000000e+01,1.100000000000000000e+02,1.128979999999999873e+00,-3.643750000000000000e+01,1.938779999999999948e+00,-5.468750000000000000e+01,3.918369878800000095e+00
1.293626399999999990e+02,2.234375774859999808e+02,1.962791383270000023e-01,-9.046875000000000000e+01,-6.577171325679999825e+01,7.702604420979999134e+01,1.066019169570000223e-02,5.091222222220000049e+01,3.859908482930000106e-01,3.078000000000000180e-02,1.964164902559999959e+01,1.243575000000000097e+00,-5.840625381470000121e+01,1.241389999999999993e+00,1.071875000000000000e+01,7.000000000000000000e+01,1.240844999999999976e+00,-4.053125000000000000e+01,1.243854999999999933e+00,-5.859375000000000000e+01,1.915683688709999943e+00
1.401059840000000065e+02,1.221875399350000038e+02,2.755068838599999959e-01,-8.103125762940000243e+01,-6.604310607909999931e+01,8.003125286099999869e+01,5.660286519349999601e-02,8.156909090909999804e+01,1.693527988259999895e-01,3.303000000000000380e-02,1.225954572809999910e+01,1.117554999999999854e+00,-4.650000000000000000e+01,1.115464999999999929e+00,3.381250000000000000e+01,9.000000000000000000e+01,1.114935000000000009e+00,-3.840625381470000121e+01,1.171089999999999964e+00,-5.600000000000000000e+01,2.900882151449999835e+00
2.807477440000000115e+02,2.128124982120000084e+02,1.486803740259999840e-01,-9.546875000000000000e+01,-7.216459655760000658e+01,1.072875038149999938e+02,1.821411862740000137e-02,7.579333333329999789e+01,2.107569721119999795e-01,2.551999999999999755e-02,1.319377253940000116e+01,1.118600000000000039e+00,-5.490625381470000121e+01,1.116339999999999888e+00,4.743750381470000121e+01,9.000000000000000000e+01,1.115860000000000074e+00,-4.250000000000000000e+01,1.149040000000000061e+00,-5.631250000000000000e+01,3.630774309890000051e+00
3.710726399999999785e+02,4.304688572880000379e+02,1.329284012320000041e-01,-9.862500762940000243e+01,-6.517359924320000175e+01,9.428906345370000963e+01,2.771297092210000049e-02,3.708460000000000178e+01,2.723860585389999978e-01,2.105999999999999886e-02,2.696537107050000159e+01,1.154994999999999994e+00,-5.690625381470000121e+01,1.153815000000000035e+00,2.603125000000000000e+01,2.000000000000000000e+01,1.153310000000000057e+00,-4.196875000000000000e+01,1.155014999999999903e+00,-5.693750000000000000e+01,1.600714523239999965e+00
2.059909759999999892e+02,1.749999970199999950e+02,2.270143292840000326e-02,-8.546875762940000243e+01,-6.660817718510000418e+01,8.425000457760000927e+01,4.057143519469999168e-03,9.834111111110000536e+01,1.403249630719999863e-01,3.601000000000000034e-02,1.016868722249999912e+01,1.343920000000000003e+00,-5.103125000000000000e+01,1.338700000000000001e+00,3.112500190729999971e+01,9.000000000000000000e+01,1.338195000000000023e+00,-3.150000000000000000e+01,1.352029999999999843e+00,-5.678125000000000000e+01,2.821054652259999962e+00
1.391380000000000052e+02,1.896875351670000214e+02,1.462532877920000030e-01,-9.565625000000000000e+01,-7.540810394289999863e+01,6.582500419619999832e+01,3.828773827549999953e-01,2.643166666669999927e+02,1.535714352750000011e-01,4.658500000000000141e-02,3.783340689830000603e+00,1.134200000000000097e+00,-3.900000000000000000e+01,1.131835000000000147e+00,2.206250000000000000e+01,1.100000000000000000e+02,1.131369999999999987e+00,-3.090625000000000000e+01,1.163734999999999964e+00,-5.090625381470000121e+01,2.517406965620000214e+00
1.346417280000000005e+02,1.606251150370000005e+02,1.867884397509999850e-01,-8.937500762940000243e+01,-7.451886749270001076e+01,9.163281536099999869e+01,3.824997713380000330e-02,9.348799999999999955e+01,1.076704613699999979e-01,5.747999999999999637e-02,1.069655998630000049e+01,1.140060000000000073e+00,-4.643750000000000000e+01,1.137999999999999901e+00,4.118750381470000121e+01,1.100000000000000000e+02,1.137560000000000127e+00,-3.634375381470000121e+01,1.186639999999999917e+00,-5.318750000000000000e+01,2.978295316549999683e+00
2.575745600000000195e+02,2.097099572420000015e+02,3.690846636890000171e-02,-9.021875000000000000e+01,-6.815795135499999446e+01,9.325000457760000927e+01,2.751451600029999889e-03,4.614399999999999835e+01,2.444839857649999948e-01,4.832000000000000184e-02,2.167128987519999939e+01,1.815819999999999990e+00,-5.187500381470000121e+01,1.813399999999999901e+00,2.600000000000000000e+01,9.000000000000000000e+01,1.812959999999999905e+00,-3.434375381470000121e+01,1.824359999999999760e+00,-5.700000381470000121e+01,2.762349063459999421e+00
2.211491200000000106e+02,1.654687970880000023e+02,2.579419687389999938e-02,-8.803125762940000243e+01,-6.945964813229998924e+01,8.872500381469998842e+01,5.864609451330000667e-01,1.155949999999999989e+02,4.352678688199999868e-02,8.989999999999999727e-03,8.650893204720000895e+00,1.041509999999999936e+00,-5.021875381470000121e+01,1.040379999999999860e+00,3.609375381470000121e+01,1.300000000000000000e+02,1.039935000000000054e+00,-4.868750381470000121e+01,1.041645000000000154e+00,-5.040625000000000000e+01,1.973528280940000101e+00
1.913590399999999931e+02,1.593748480079999865e+02,3.297973051670000100e-02,-9.696875762940000243e+01,-8.037564849849999860e+01,9.352500457760000074e+01,1.030345314520000194e-02,6.367571428569999625e+01,2.048841115430000137e-01,5.393999999999999490e-02,1.570457451819999939e+01,1.134560000000000013e+00,-4.615625381470000121e+01,1.132660000000000000e+00,3.671875381470000121e+01,1.100000000000000000e+02,1.132200000000000095e+00,-3.287500000000000000e+01,1.153440000000000021e+00,-5.350000381470000121e+01,2.799487098889999803e+00
1.746229600000000062e+02,1.439062803979999785e+02,6.278137862679999959e-02,-8.993750000000000000e+01,-7.318634033200000033e+01,1.065187515260000026e+02,6.729489243710000401e-02,3.215999999999999659e+01,3.464285891719999788e-01,1.402499999999999927e-02,3.109452736320000099e+01,1.051485000000000003e+00,-6.412500000000000000e+01,1.050610000000000044e+00,3.506250000000000000e+01,1.500000000000000000e+02,1.050270000000000037e+00,-4.496875000000000000e+01,1.051529999999999854e+00,-6.434375000000000000e+01,1.804733222200000098e+00
1.781994880000000023e+02,2.259375005959999783e+02,2.508308179680000111e-02,-9.368750762940000243e+01,-7.704054260249999686e+01,7.790625445050000053e+01,1.392882149489999832e-01,1.167743750000000063e+02,2.044702177589999836e-01,3.440000000000000002e-02,8.563522605019999290e+00,1.103499999999999925e+00,-4.725000381470000121e+01,1.101629999999999887e+00,2.756250000000000000e+01,9.000000000000000000e+01,1.101134999999999975e+00,-3.793750381470000121e+01,1.121350000000000069e+00,-5.187500381470000121e+01,2.651224317130000063e+00
3.325055360000000064e+02,3.537498712540000270e+02,4.006845876569999770e-02,-9.721875000000000000e+01,-6.976524353029999759e+01,9.367500534059999495e+01,1.510290323959999868e-02,5.039368421050000535e+01,2.903225786659999752e-01,3.357999999999999874e-02,1.984375652760000008e+01,1.254520000000000080e+00,-5.312500000000000000e+01,1.252439999999999998e+00,4.215625381470000121e+01,2.999999809270000029e+01,1.251979999999999871e+00,-3.856250381470000121e+01,1.269619999999999971e+00,-5.859375381470000121e+01,3.274714789709999518e+00
1.777100320000000124e+02,1.684373915200000056e+02,1.778986491259999803e-02,-9.337500762940000243e+01,-7.582919311519999894e+01,9.621875254309999548e+01,7.333984258369999343e-02,9.512500000000000000e+01,2.787744362149999766e-01,4.187500000000000250e-02,1.051248357419999913e+01,1.134365000000000068e+00,-5.087500000000000000e+01,1.132530000000000037e+00,3.912500381470000121e+01,1.300000000000000000e+02,1.132095000000000073e+00,-3.640625381470000121e+01,1.148460000000000036e+00,-5.468750381470000121e+01,3.318061105030000402e+00
1.305036800000000028e+02,1.570313274860000092e+02,5.935681052510000631e-03,-8.612500000000000000e+01,-6.854743957520000208e+01,8.555469322199999738e+01,4.821780444489999831e-03,7.253846153850000178e+01,1.550892932699999838e-01,2.802500000000000130e-02,1.378579003180000129e+01,1.127045000000000075e+00,-5.378125381470000121e+01,1.120620000000000172e+00,2.762500190729999971e+01,1.100000000000000000e+02,1.120160000000000045e+00,-3.556250000000000000e+01,1.134309999999999929e+00,-5.681250381470000121e+01,3.716470106810000118e+00
1.842391360000000020e+02,1.670088618990000100e+02,1.218292117119999934e-01,-9.231250762940000243e+01,-7.266383361820000175e+01,9.649219322200001159e+01,3.021966271179999941e-01,1.550500000000000078e+01,5.444772344010000154e-02,2.750000000000000014e-02,6.449532408899999325e+01,1.091620000000000035e+00,-6.253125381470000121e+01,1.090879999999999850e+00,2.959375000000000000e+01,8.000000000000000000e+01,1.090520000000000156e+00,-4.531250000000000000e+01,1.091660000000000075e+00,-6.259375000000000000e+01,1.560395453559999979e+00
1.632187199999999905e+02,1.098438650370000147e+02,3.443189710380000629e-02,-9.856250000000000000e+01,-7.512135314939999375e+01,7.967500495909999358e+01,1.524761457309999893e-03,9.516844660189999416e+00,1.441685624199999793e+00,8.925000000000000641e-03,1.050768438179999862e+02,1.037139999999999951e+00,-5.881250381470000121e+01,1.036364999999999981e+00,5.187500476840000374e+00,2.400000152590000084e+02,1.035979999999999901e+00,-3.425000381470000121e+01,1.037185000000000024e+00,-5.896875381470000121e+01,1.091131956139999915e+00
2.042613599999999963e+02,1.335937082770000188e+02,4.848577454689999983e-02,-9.612500762940000243e+01,-8.143971252439999375e+01,9.440000305179999884e+01,1.088981445910000047e-02,8.728000000000000114e+01,1.461491438639999918e-01,7.182000000000000883e-02,1.145737855180000153e+01,1.315520000000000023e+00,-4.918750381470000121e+01,1.312820000000000098e+00,3.909375000000000000e+01,9.000000000000000000e+01,1.312300000000000022e+00,-3.609375381470000121e+01,1.350879999999999859e+00,-5.931250381470000121e+01,3.345226704119999894e+00
1.820003519999999924e+02,1.676561683420000008e+02,5.644048750400000591e-02,-9.428125000000000000e+01,-7.341580200199999240e+01,8.113281488420000187e+01,3.714031628780000566e-02,6.021066666669999989e+01,2.449803149610000064e-01,3.300000000000000155e-02,1.660835289430000117e+01,1.114445000000000130e+00,-4.806250000000000000e+01,1.112810000000000077e+00,3.146875000000000000e+01,8.000000000000000000e+01,1.112449999999999939e+00,-3.512500381470000121e+01,1.128095000000000070e+00,-5.300000000000000000e+01,2.958789163290000079e+00
