"","fast_trough_t_ramp","fast_trough_v_ramp","peak_t_ramp","peak_v_ramp","threshold_i_ramp","threshold_t_ramp","threshold_v_ramp","trough_t_ramp","trough_v_ramp","upstroke_downstroke_ratio_ramp","height_ramp","binary_neuron"
"2",6.183945,-49.0937538147,6.1828866667,30.0937512716,154.583333333,6.1824916667,-33.0416679382,6.184045,-49.2187525431,1.8275715128,79.1875050863,"Inhibitory"
"3",1.3164266667,-51.0833346049,1.3132283333,38.8229179382,32.8333333333,1.312735,-40.1666692098,1.3417783333,-57.6145858765,4.2741508224,89.9062525431,"Excitatory"
"8",16.0185683333,-56.6250012716,16.0174733333,14.5833339691,400.416676839,16.0171366667,-31.4375025431,16.0196683333,-57.5208358765,1.267778265,71.2083352407,"Inhibitory"
"9",3.2930333333,-49.3854192098,3.2912933333,44.5104166667,82.25,3.29088,-33.5104192098,3.3191666667,-55.9791692098,3.2384560859,93.8958358765,"Excitatory"
"32",1.3980525,-51.4375038147,1.395935,42.390625,34.8749990463,1.3954475,-42.1718769073,1.42975,-55.9687519073,3.8797589127,93.8281288147,"Excitatory"
"34",10.0009266667,-50.6354179382,9.9996266667,18.9791676203,250,9.9990333333,-38.71875,10.0010866667,-50.7916679382,1.5811534012,69.6145855585,"Inhibitory"
"35",9.9144666667,-45.1458346049,9.9128533333,15.583334287,247.91666158,9.9124266667,-34.9375,9.9183066667,-46.0312538147,2.3803840063,60.7291688919,"Inhibitory"
"38",2.8176133333,-53.1458346049,2.8164416667,14.8333336512,70.375,2.8160233333,-35.9375,2.8176666667,-53.2291666667,1.5579662122,67.9791682561,"Inhibitory"
"39",2.0175333333,-50.3750012716,2.0143,46.4583346049,50.3333333333,2.0137533333,-45.4687525431,2.0552466667,-54.2916692098,4.3652231808,96.8333358765,"Excitatory"
"44",0.84675,-59.2291679382,0.84562,25.4479179382,21.125,0.8452116667,-48.0312512716,0.8468216667,-59.3541692098,1.9957399011,84.6770858764,"Inhibitory"
"47",9.903485,-54.8541692098,9.9023883333,20.2187519073,247.541641235,9.9020366667,-33.21875,9.9081616667,-56.9166692098,1.6225415344,75.0729211171,"Inhibitory"
"50",7.4869216667,-51.5416704814,7.4854783333,7.4687505563,187.125,7.4850116667,-27.1458346049,7.4879633333,-52.239587148,1.1238597907,59.0104210377,"Inhibitory"
"52",4.5817,-43.9479166667,4.5798866667,30.8854173024,114.458333333,4.5792733333,-29.4687519073,4.6096,-52.7083346049,2.1631889429,74.8333339691,"Excitatory"
"61",4.0128466667,-48.5208358765,4.01032,40.3333358765,100.25,4.0098566667,-43.4687512716,4.073455,-56.5312538147,4.175687352,88.854171753,"Excitatory"
"62",4.088525,-52.2812538147,4.0866725,43.9062519073,102.1875,4.0862325,-38.890625,4.1140425,-56.90625,3.4958255136,96.187505722,"Excitatory"
"72",4.258715,-49.1354204814,4.2569216667,44.8854192098,106.416666667,4.256585,-35.7916679382,4.2769616667,-53.8229204814,3.398342305,94.0208396912,"Excitatory"
"73",4.27267,-65.09375,4.27197,13.2656259537,106.75,4.27164,-41.4687519073,4.27272,-65.1875019073,1.2854071248,78.3593759537,"Inhibitory"
"76",3.57284,-44.7395833333,3.5700866667,38.7291666667,89.25,3.5695866667,-32.4479198456,3.6033,-54.4166704814,3.7955504783,83.46875,"Excitatory"
"79",6.6963866667,-54.2604166667,6.6953216667,17.4270833333,167.375,6.6949283333,-30.1562512716,6.6964833333,-54.3541666667,1.3753943484,71.6875,"Inhibitory"
"81",1.17852,-52.1145858765,1.1770733333,18.3958346049,29.4166673024,1.1766333333,-43.1666679382,1.2101933333,-54.5000025431,2.5993054027,70.5104204814,"Inhibitory"
"83",13.0831516667,-60.6666679382,13.0822583333,17.3854173024,327.041666667,13.08191,-32.5625,13.0832066667,-60.8333358765,1.2959735445,78.0520852406,"Inhibitory"
"88",2.44798,-48.65625,2.44545,37.53125,61.125,2.44498,-33.6875038147,2.47128,-55,3.0306799947,86.1875,"Excitatory"
"94",4.8708866667,-44.8541666667,4.8692533333,31.0416673024,121.66666158,4.8686533333,-32.1770846049,4.89192,-53.958337148,1.8692291679,75.8958339691,"Excitatory"
"95",4.78178,-47.2916704814,4.7801866667,50.1562538147,119.499992371,4.7798,-39.2916679382,4.8251033333,-54.1250025431,3.8413954768,97.4479242961,"Excitatory"
"107",1.8032866667,-51.302087148,1.80024,40.3645858765,45,1.7998,-41.864587148,1.8394133333,-58.4270846049,4.4179228874,91.6666730245,"Excitatory"
"110",11.2590783333,-61.7812525431,11.2583,15.0625009537,281.458333333,11.2580133333,-32.7291692098,11.2591366667,-61.9166704814,1.2199565626,76.8437534968,"Inhibitory"
"111",1.4559375,-47.203125,1.4535425,34.03125,36.3125,1.453055,-34.921875,1.488675,-54.5625,2.8669443365,81.234375,"Excitatory"
"122",9.0732683333,-53.6979192098,9.06838,17.4375,226.708328247,9.0679066667,-34.9479192098,9.077475,-55.8229204814,3.2069634757,71.1354192098,"Inhibitory"
"128",10.04312,-55.3333358765,10.0419866667,23.9375012716,251,10.04156,-33.5729192098,10.0432,-55.4062525431,1.6759465027,79.2708371481,"Inhibitory"
"133",12.5953533333,-58.0937525431,12.5943733333,17.5416673024,314.833333333,12.59399,-32.5104173024,12.5954233333,-58.1770846049,1.3567130539,75.6354198455,"Inhibitory"
"134",10.9916266667,-46.6041692098,10.98966,31.8958352407,274.708333333,10.9890466667,-32.7604198456,11.0112666667,-50.2812525431,2.0981962343,78.5000044505,"Excitatory"
"136",4.0842333333,-53.3854192098,4.08269,47.6458346049,102.041664123,4.0822033333,-45.4375025431,4.119565,-56.4791704814,2.6994918978,101.031253815,"Excitatory"
"151",9.400175,-47.6562525431,9.3987666667,33.2395852407,234.958323161,9.3982416667,-32.1875025431,9.4136416667,-53.239587148,1.8575177708,80.8958377838,"Excitatory"
"174",14.6699275,-50.8281269073,14.6691425,5.9375002384,366.75,14.6687825,-27.2500009537,14.669965,-50.9218769073,0.9554650342,56.7656271457,"Inhibitory"
"175",2.21129,-52.0625038147,2.20909,46.6562538147,55.1875,2.20869,-37.8593769073,2.2331,-59.4375038147,4.1014939556,98.7187576294,"Excitatory"
"179",6.5548383333,-51.1666704814,6.55237,41.8333346049,163.791666667,6.5518683333,-40.0625025431,6.6061416667,-57.0208358765,3.3476937506,93.0000050863,"Excitatory"
"181",3.24101,-49.9687512716,3.2384716667,47.2291692098,80.9583307902,3.2380233333,-41.6250012716,3.293415,-58.7812525431,4.6265673789,97.1979204814,"Excitatory"
"186",2.2961,-55.8437538147,2.29482,25.7916673024,57.3333320618,2.2942333333,-40.2708346049,2.29622,-55.9791704814,1.5888202516,81.6354211171,"Inhibitory"
"190",5.7213533333,-45.6875012716,5.7192083333,47.71875,142.958328247,5.7188333333,-40.8958346049,5.7901166667,-53.6979204814,4.2980526995,93.4062512716,"Excitatory"
"192",4.2015333333,-61.7812538147,4.2007,37.3333358765,105,4.2003333333,-46.6041692098,4.20156,-61.8125,1.7599099007,99.1145896912,"Inhibitory"
"195",3.84926,-48.7395858765,3.84726,40.2708346049,96.1666666667,3.8468533333,-34.1250038147,3.8739666667,-55.7916704814,3.5790734756,89.0104204814,"Excitatory"
"204",3.4387933333,-50.7291666667,3.43732,35.0104192098,85.9166641235,3.4369266667,-31.5,3.4461,-54.9895858765,2.3848120611,85.7395858765,"Inhibitory"
"213",5.405225,-56.5104204814,5.4038683333,26.8854179382,135.08333079,5.403395,-24.7812512716,5.4053983333,-56.6875025431,1.3665787576,83.3958384196,"Inhibitory"
"223",9.8859033333,-58.0937538147,9.8850516667,10.2500003179,247.124994914,9.8846816667,-30.479168574,9.8859266667,-58.1770846049,1.0548192101,68.3437541326,"Inhibitory"
"224",2.6858533333,-51.8437525431,2.6821133333,37.8750012716,67.0416666667,2.68166,-35.9166666667,2.7052266667,-58.6562525431,3.802911229,89.7187538147,"Excitatory"
"229",2.2155783333,-48.8750012716,2.2124866667,45.5729166667,55.3333346049,2.2120866667,-37.8958358765,2.253265,-57.3541704814,4.2779831474,94.4479179383,"Excitatory"
"231",3.6214,-50.4166679382,3.6195183333,49.4375038147,90.5,3.6191666667,-39.2395846049,3.6508333333,-57.8854166667,4.3763501976,99.8541717529,"Excitatory"
"232",13.1025525,-54.6875019073,13.101235,3.484375,327.5,13.10075,-29.7968759537,13.10267,-54.859375,1.0931257668,58.1718769073,"Inhibitory"
"236",2.2820183333,-51.6041704814,2.27834,46.4062525431,56.9166666667,2.2777966667,-34.4895846049,2.3057883333,-58.0520858765,3.8803080459,98.0104230245,"Excitatory"
"237",3.4327133333,-55.7812525431,3.4314666667,27.979168574,85.7916641235,3.43102,-33.9375012716,3.4327433333,-55.8645846049,1.7462005483,83.7604211171,"Inhibitory"
"247",4.45531,-49.0729192098,4.4534383333,33.9791666667,111.333333333,4.453,-36.7083333333,4.4751066667,-53.9583346049,2.7734693276,83.0520858765,"Excitatory"
"251",7.12928,-44.1666692098,7.1277466667,33.1145839691,178.208333333,7.1272533333,-30.9687525431,7.151265,-48.0416692098,2.1418234579,77.2812531789,"Excitatory"
"252",2.83574,-56.7916692098,2.8349333333,32.8229179382,70.875,2.83461,-41.5104204814,2.835775,-56.8750025431,1.7469860033,89.614587148,"Inhibitory"
"260",7.0426083333,-47.2187525431,7.0408066667,42.8229179382,176,7.0403566667,-31.9270852407,7.0640783333,-51.2291679382,2.5102833192,90.0416704813,"Excitatory"
"261",6.0997416667,-46.7812512716,6.0953483333,12.8854169846,152.374994914,6.0947866667,-30.8229179382,6.1043583333,-48.21875,2.9573749789,59.6666682562,"Inhibitory"
"271",1.0024933333,-49.2916692098,1.0005333333,39.5208333333,24.9999993642,1.00002,-40.6666666667,1.0330066667,-57.1562525431,2.9253809378,88.8125025431,"Inhibitory"
"278",8.79439,-59.3593769073,8.79367,19.7343759537,219.874992371,8.79335,-38.9375019073,8.79443,-59.453125,1.3228008461,79.093752861,"Inhibitory"
"282",3.1384466667,-50.5208358765,3.1373066667,7.3229169846,78.4583333333,3.1369666667,-33.8333346049,3.14836,-51.520837148,1.5403400673,57.8437528611,"Inhibitory"
"286",1.48259,-60.4843788147,1.48162,33.7031288147,36.9999990463,1.48117,-51.1562519073,1.48268,-60.5937519073,1.991970474,94.1875076294,"Inhibitory"
"288",6.0198733333,-53.0937512716,6.0188466667,15.1666676203,150.458333333,6.0184133333,-30.1770846049,6.0202,-53.4791679382,1.2632586038,68.2604188919,"Inhibitory"
"292",1.8399783333,-50.364587148,1.8381633333,31.5104179382,45.9583333333,1.8376833333,-38.645837148,1.869705,-56.1354192098,2.9297766418,81.8750050862,"Excitatory"
"305",10.743725,-52.390625,10.7430225,19.0000019073,268.5625,10.7427075,-29.1875009537,10.7438075,-52.5156269073,1.1971554892,71.3906269073,"Inhibitory"
"320",2.1233933333,-53.8958346049,2.1202666667,46.1666679382,52.9999987284,2.1198066667,-48.0104192098,2.1631466667,-60.7604192098,5.6142889851,100.062502543,"Excitatory"
"321",2.1977416667,-50.5416692098,2.1954833333,41.0520833333,54.875,2.19503,-38.3437512716,2.2280333333,-61.6458346049,2.9734735384,91.5937525431,"Excitatory"
"322",22.34902,-65.7187525431,22.3484566667,18.9791673024,558.708333333,22.348165,-37.6770858765,22.349045,-65.8020884196,1.1019941292,84.6979198455,"Inhibitory"
"323",6.2978933333,-49.8541704814,6.29612,42.6354179382,157.416666667,6.2957066667,-43.5729192098,6.35012,-55.3125038147,3.8167609837,92.4895884196,"Excitatory"
"328",1.6212733333,-58.3750038147,1.6201666667,32.1041666667,40.5,1.61964,-39.3958333333,1.6213,-58.4166679382,1.4780456159,90.4791704814,"Inhibitory"
"337",19.22113,-36.1093769073,19.21971,6.062500596,480.437484741,19.21778,-25.84375,19.24075,-40.8593769073,0.9075582695,42.1718775033,"Excitatory"
"340",6.254,-55.5312519073,6.2496,36.1093769073,156.25,6.24921,-31.4843759537,6.2596,-58.8906269073,3.8756668877,91.6406288146,"Inhibitory"
"355",6.0411383333,-54.0312512716,6.0361333333,21.4270846049,150.91666158,6.0357,-32.8229204814,6.046065,-56.5520858765,2.9488596574,75.4583358765,"Inhibitory"
"356",7.46237,-48.5625,7.45848,32.109375,186.4375,7.45799,-38.5468769073,7.4694575,-51.7812519073,3.2456711885,80.671875,"Inhibitory"
"358",1.9036175,-52.8593788147,1.9020125,51.2343769073,47.5624980927,1.90166,-41.859375,1.9322175,-54.8281288147,3.9688018999,104.093755722,"Excitatory"
"364",5.0772191667,-49.1979173024,5.0724383333,32.1562519073,126.791666667,5.0718541667,-37.6614589691,5.1021241667,-55.4114583333,3.9422567256,81.3541692097,"Excitatory"
"374",11.5086133333,-55.3125012716,11.50776,21.8750006358,287.666666667,11.5074,-32.3958339691,11.5086533333,-55.3541692098,1.3648470859,77.1875019074,"Inhibitory"
"376",2.0308533333,-43.9895858765,2.02944,43.6770846049,50.7083320618,2.0291033333,-31.541668574,2.0601083333,-51.0208346049,2.7297023183,87.6666704814,"Excitatory"
"379",2.2020466667,-45.3541692098,2.200255,32.1250012716,54.9999987284,2.1998216667,-36.2187512716,2.233675,-49.2604204814,3.0988768823,77.4791704814,"Excitatory"
"382",3.34856,-59.4166704814,3.3454,29.3958339691,83.625,3.3449,-42.5416692098,3.35402,-63.3333358765,2.9525665255,88.8125044505,"Inhibitory"
"387",3.881045,-47.7812512716,3.8790466667,30.2083346049,97,3.8786216667,-37.583337148,3.9168816667,-57.2187525431,2.9881084807,77.9895858765,"Excitatory"
"388",2.9191666667,-49.7291692098,2.9158533333,34.2604179382,72.875,2.91538,-45.364587148,2.9539266667,-57.9791704814,5.0694814263,83.989587148,"Excitatory"
"392",1.60018,-62.2343788147,1.599105,46.7656269073,39.9375,1.59863,-39.21875,1.6002225,-62.3593788147,1.6757308142,109.000005722,"Inhibitory"
"394",1.84658,-60.695315361,1.84494,38.453127861,46.09375,1.8444,-40.1875019073,1.846785,-60.8984413147,2.2223042803,99.148443222,"Inhibitory"
"403",9.1381075,-57.1250019073,9.1371925,17.7187509537,228.437515259,9.1368575,-32.7187519073,9.13871,-57.5781269073,1.2377131195,74.843752861,"Inhibitory"
"415",6.4055533333,-48.9791666667,6.4001733333,47.6770846049,159.958333333,6.3997133333,-36.4895846049,6.41904,-54.4791679382,5.8759849356,96.6562512716,"Excitatory"
"419",2.30364,-51.9687512716,2.3016933333,40.8125025431,57.5833307902,2.3012666667,-41.3958358765,2.35398,-59.2812512716,3.9153686853,92.7812538147,"Excitatory"
"430",6.2357066667,-41.7395846049,6.23352,24.6770839691,155.833333333,6.2327666667,-27.2500012716,6.23592,-41.9270846049,1.9067158504,66.416668574,"Inhibitory"
"440",7.5471966667,-65.6979192098,7.5466,14.5104166667,188.666666667,7.5463033333,-40.21875,7.547225,-65.8229192098,1.1273312646,80.2083358765,"Inhibitory"
"444",2.4031,-48.3125012716,2.4015416667,47.3333333333,60.0416679382,2.401125,-37.53125,2.4478466667,-56.8958333333,3.1561173738,95.6458346049,"Excitatory"
"452",2.02646,-48.34375,2.02421,43.2812519073,50.5625,2.02361,-34.9218769073,2.05381,-54.9218769073,2.7541328236,91.6250019073,"Inhibitory"
"454",6.6249,-49.3020846049,6.6229,51.8020858765,165.583333333,6.62242,-41.4479192098,6.65852,-53.9375012716,4.116552681,101.104170481,"Excitatory"
"464",2.0034483333,-55.9687525431,2.0025483333,35.3333333333,50.0416666667,2.0020966667,-38.3958358765,2.0035166667,-56.0729204814,1.3922339224,91.3020858764,"Inhibitory"
"473",7.4749866667,-51.2395846049,7.4730816667,42.5729179382,186.833333333,7.472575,-34.4583358765,7.48996,-52.6250012716,2.2431878267,93.8125025431,"Excitatory"
"474",3.9196366667,-42.520837148,3.917595,44.5625025431,97.9166641235,3.9171716667,-32.4479204814,3.957895,-53.5937538147,3.6699545244,87.0833396911,"Excitatory"
"475",3.1198366667,-52.833337148,3.118015,42.3020858765,77.9583333333,3.1175883333,-39.7395846049,3.1422283333,-53.7395858765,3.6096472479,95.1354230245,"Excitatory"
"481",3.1972133333,-46.8229179382,3.1938616667,32.6979166667,79.8333333333,3.1933333333,-37.8020846049,3.237195,-54.5625012716,3.3968326686,79.5208346049,"Excitatory"
"493",1.67528,-43.4166692098,1.67332,33.3229179382,41.7916666667,1.6727333333,-34.0000012716,1.7034066667,-50.958337148,2.7131035335,76.739587148,"Inhibitory"
"495",10.0622966667,-57.239587148,10.0615316667,18.0729166667,251.500005086,10.06118,-31.4270846049,10.0623383333,-57.3333358765,1.1720580604,75.3125038147,"Inhibitory"
"499",6.718705,-54.2708358765,6.7175366667,45.0520858765,167.958333333,6.7171583333,-44.6770846049,6.751885,-54.9479204814,2.3929162654,99.322921753,"Excitatory"
"500",3.4797466667,-54.0208358765,3.4760116667,34.0729166667,86.9166666667,3.4754933333,-37.1979192098,3.5050716667,-60.5833358765,3.7531006359,88.0937525432,"Excitatory"
"506",8.2126966667,-50.5104166667,8.20806,28.1145852407,205.166666667,8.2076316667,-34.2500012716,8.21895,-53.3958346049,4.1177105731,78.6250019074,"Inhibitory"
"510",8.6122,-48.8645858765,8.6053183333,27.3750006358,215.125,8.60464,-33.7187512716,8.6370966667,-54.6041679382,3.412593841,76.2395865123,"Excitatory"
"521",4.4514283333,-47.2812525431,4.4489933333,44.1666666667,111.20833842,4.448595,-37.7500012716,4.49345,-56.3958358765,4.0600973326,91.4479192098,"Excitatory"
"523",7.0856483333,-52.1145846049,7.0800266667,30.5625012716,177,7.079615,-32.3541692098,7.09407,-55.8229204814,3.5290671787,82.6770858765,"Inhibitory"
"531",0.9514266667,-50.4166666667,0.9498533333,41.7187512716,23.75,0.94936,-37.8750025431,0.9678466667,-52.6875025431,3.0436094276,92.1354179383,"Excitatory"
"533",2.9728,-52.0833333333,2.9696133333,42.9687512716,74.2083333333,2.9690466667,-46.0208358765,3.01156,-56.9687525431,4.1051960948,95.0520846049,"Excitatory"
"541",4.618095,-46.4270858765,4.61499,31.9687525431,115.374994914,4.6145516667,-36.3750025431,4.6572083333,-56.1666692098,3.4206157545,78.3958384196,"Excitatory"
"542",7.6439466667,-57.3020846049,7.6429,34.0937538147,191.083333333,7.6425133333,-41.1979192098,7.64408,-57.395837148,2.0038754016,91.3958384196,"Inhibitory"
"543",9.90467,-61.9479166667,9.90386,19.5208346049,247.583333333,9.9035283333,-34.75,9.9046933333,-62.0937512716,1.2340279244,81.4687512716,"Inhibitory"
"544",2.88912,-49.6250012716,2.8873433333,46.9791704814,72.1666666667,2.886955,-35.9791666667,2.91586,-55.8541666667,3.7619572503,96.604171753,"Excitatory"
"557",0.8645266667,-51.2604192098,0.8607466667,34.0000012716,21.5416666667,0.8601533333,-40.0833346049,0.89994,-57.145837148,3.7025254771,85.2604204814,"Excitatory"
"559",2.0274075,-50.2656269073,2.0256325,31.609377861,50.625,2.0252275,-36.4843788147,2.056995,-56.4375038147,3.0473521384,81.8750047683,"Excitatory"
"563",3.4219716667,-52.614587148,3.4201716667,35.53125,85.5416666667,3.4197833333,-39.2395858765,3.4443216667,-58.9791704814,3.0492820913,88.145837148,"Excitatory"
"567",2.2093375,-60.171875,2.20834,40.7500038147,55.1874980927,2.208005,-44.78125,2.209465,-60.4375,2.0491810296,100.921878815,"Inhibitory"
"568",6.5801566667,-50.7708358765,6.57895,27.5104173024,164.458333333,6.57842,-30.1979179382,6.580185,-50.8125038147,1.4223086865,78.2812531789,"Inhibitory"
"588",7.64674,-54.875,7.64602,18.8645852407,191.125,7.6456766667,-34.6354179382,7.646765,-54.9687512716,1.2345749286,73.7395852407,"Inhibitory"
"599",5.06373,-45.5208346049,5.0615383333,31.4166679382,126.499994914,5.0609966667,-32.0000038147,5.0912466667,-49.1562538147,2.5448621035,76.9375025431,"Excitatory"
"605",2.0450375,-48.578125,2.0424475,28.3906269073,51.0625,2.0419725,-38.2968769073,2.0783025,-54.59375,2.7653321125,76.9687519073,"Excitatory"
"612",3.2451333333,-46.5104166667,3.2426866667,48.4479179382,81.0833333333,3.2423283333,-34.9166679382,3.281485,-55.2500038147,4.7020426441,94.9583346049,"Excitatory"
"613",5.01288,-49.6562512716,5.0117066667,15.6562503179,125.291664123,5.01126,-30.1354179382,5.0132866667,-49.8437525431,1.2887943341,65.3125015895,"Inhibitory"
"626",5.02271,-49.9166666667,5.0205316667,34.9479166667,125.500002543,5.01997,-34.4375,5.054515,-54.1875012716,2.310317396,84.8645833334,"Excitatory"
"636",3.847715,-57.328125,3.84636,19.8125009537,96.1875,3.8459075,-29.625,3.8479275,-57.5000019073,1.4652770928,77.1406259537,"Inhibitory"
"640",2.6347133333,-63.8229179382,2.6339133333,35.625,65.7916666667,2.63354,-36.7604192098,2.6347583333,-63.9375,1.3401802686,99.4479179382,"Inhibitory"
"645",15.14003,-58.0416692098,15.13938,16.1354179382,378.499989827,15.139065,-34.8541692098,15.140055,-58.1562512716,1.1446471503,74.177087148,"Inhibitory"
"662",7.8438983333,-53.6041704814,7.8426983333,11.364584287,196.041666667,7.84226,-29.7395852407,7.844115,-53.739587148,1.257484584,64.9687547684,"Inhibitory"
"665",3.4914575,-50.3750038147,3.488445,47.3125038147,87.1875,3.487975,-32.578125,3.50731,-54.7031269073,4.2232945368,97.6875076294,"Excitatory"
"666",0.7053666667,-52.2916692098,0.70304,45.2291679382,17.5416666667,0.70254,-43.0729192098,0.7259,-53.8854204814,3.6467127704,97.520837148,"Excitatory"
"670",2.7501716667,-43.4270858765,2.7462166667,39.8750012716,68.6666666667,2.7457066667,-32.0104173024,2.79726,-51.9166692098,4.2233691252,83.3020871481,"Excitatory"
"671",3.2682733333,-55.5208346049,3.2670666667,41.3958358765,81.625,3.2666466667,-42.0000038147,3.2683266667,-55.5833346049,2.3468471837,96.9166704814,"Inhibitory"
"678",3.5266316667,-61.6354179382,3.5250133333,40.5104192098,88.125,3.52453,-46.4895846049,3.5269716667,-61.8958346049,2.5858218164,102.145837148,"Excitatory"
"679",4.785325,-45.1979192098,4.7831533333,38.6979179382,119.583323161,4.7827916667,-35.8958346049,4.81725,-55.6562538147,3.171764043,83.895837148,"Excitatory"
"682",3.9587083333,-49.0104179382,3.9564233333,23.4479166667,98.9166666667,3.955825,-31.5312506358,3.9615533333,-49.4166679382,2.0358579796,72.4583346049,"Inhibitory"
"688",2.99089,-47.5156269073,2.9891875,46.0781269073,74.6875,2.988765,-35.2343769073,3.0068125,-51.9531288147,3.1578523741,93.5937538146,"Excitatory"
"690",4.7123666667,-49.0937512716,4.7106466667,35.4791679382,117.749997457,4.71004,-32.9479192098,4.71266,-49.3125,2.0443847303,84.5729192098,"Excitatory"
"692",15.079075,-52.3229204814,15.0779333333,5.0520833333,376.958323161,15.07748,-27.7708339691,15.0793183333,-52.5416692098,1.0586477038,57.3750038147,"Inhibitory"
"693",5.239855,-53.1666692098,5.2383316667,49.1250025431,130.95833079,5.2379833333,-38.8958346049,5.2707633333,-55.2812538147,4.3298103265,102.291671753,"Excitatory"
"696",1.1628675,-54.2500038147,1.1615825,27.7812509537,29,1.161025,-46.7500019073,1.1964,-55.1406269073,2.0264474197,82.0312547684,"Inhibitory"
"717",3.3849766667,-41.8750025431,3.382915,46.3854204814,84.5833333333,3.3824383333,-29.2083346049,3.4307216667,-52.1666692098,3.3123765392,88.2604230245,"Excitatory"
"723",3.4842616667,-49.5312525431,3.48249,36.0104179382,87.0416666667,3.4820933333,-40.3333346049,3.5299566667,-55.6250025431,2.9970162449,85.5416704813,"Excitatory"
"727",14.2627816667,-56.6458346049,14.2618633333,11.34375,356.5,14.2615,-30.6145833333,14.2628483333,-56.7604179382,1.1590524643,67.9895846049,"Inhibitory"
"732",3.3085483333,-41.2708358765,3.3071233333,41.8333346049,82.625,3.30671,-31.8958352407,3.3541266667,-51.0937525431,2.7333353755,83.1041704814,"Excitatory"
"736",2.37264,-49.4270846049,2.3706066667,39.1458346049,59.2083333333,2.3701333333,-33.4583346049,2.3987466667,-55.6562512716,3.3559592614,88.5729192098,"Excitatory"
"758",6.7726983333,-48.0104179382,6.7709066667,43.4583333333,169.25,6.7705,-33.1562525431,6.78942,-54.0000025431,3.0896951838,91.4687512715,"Excitatory"
"778",6.4557016667,-45.1875012716,6.45414,48.2812525431,161.333333333,6.4538083333,-36.7916666667,6.5127383333,-52.4895846049,4.2425868579,93.4687538147,"Excitatory"
"779",10.5479,-46.5625038147,10.5464333333,22.6979173024,263.625,10.5457933333,-31.8020852407,10.5479333333,-46.5833358765,1.7345041749,69.2604211171,"Inhibitory"
"785",1.79735,-45.4270858765,1.7957016667,23.4791666667,44.8750012716,1.7951633333,-34.8750038147,1.7973983333,-45.5312525431,2.350335595,68.9062525432,"Inhibitory"
"791",6.654715,-52.9895858765,6.6533583333,6.2187504768,166.291666667,6.6529166667,-26.0520852407,6.6556216667,-53.4895858765,1.1066169869,59.2083363533,"Inhibitory"
"793",3.0091733333,-51.0520858765,3.0073283333,47.8541692098,75.2083307902,3.006995,-38.7812525431,3.0446716667,-59.8958358765,4.3307576358,98.9062550863,"Excitatory"
"796",1.8333766667,-51.9895858765,1.8313116667,42.8958346049,45.7499987284,1.8308916667,-38.9687525431,1.8681333333,-57.3854192098,3.5176844004,94.8854204814,"Excitatory"
"801",1.23154,-54.2187538147,1.22914,26.5000019073,30.75,1.22862,-38.2500038147,1.23328,-55.03125,2.828300996,80.718755722,"Inhibitory"
"806",2.3338983333,-53.7500038147,2.3328366667,20.7291673024,58.3333333333,2.332475,-41.4062538147,2.3385316667,-53.9375012716,1.8379418725,74.4791711171,"Inhibitory"
"825",3.3436216667,-54.7395858765,3.3419383333,43.2604192098,83.5,3.3415366667,-34.7916666667,3.3612533333,-57.3437512716,3.2178108599,98.0000050863,"Excitatory"
"828",3.891585,-50.4375038147,3.88893,45.84375,97.25,3.88854,-36.375,3.905565,-56.46875,3.6081792418,96.2812538147,"Excitatory"
"835",1.6131666667,-60.645837148,1.6116933333,42.9062512716,40.2083333333,1.61118,-41.4895846049,1.61326,-60.7500025431,2.2665390517,103.55208842,"Inhibitory"
"840",10.07721,-52.1770846049,10.0764583333,13.458334287,251.91666158,10.0761183333,-29.7187519073,10.0772316667,-52.3020858765,1.0818019591,65.6354188919,"Inhibitory"
"848",4.6236833333,-47.8020833333,4.6202483333,52.1041692098,115.54166921,4.6198883333,-36.2916692098,4.6697766667,-57.7604179382,4.9898331605,99.9062525431,"Excitatory"
"851",4.6887066667,-59.0208358765,4.687885,25.5937512716,117.208333333,4.6875383333,-31.135418574,4.6887766667,-59.1250012716,1.2956576997,84.6145871481,"Inhibitory"
"857",6.10058,-47.145837148,6.098565,30.6354179382,152.41666158,6.0980616667,-30.7187506358,6.1114933333,-50.6041679382,2.0287061504,77.7812550862,"Excitatory"
"860",5.4582966667,-59.7916704814,5.45727,29.9791673024,136.416666667,5.456795,-30.8020839691,5.4583733333,-59.9479192098,1.2005860138,89.7708377838,"Inhibitory"
"868",4.1624933333,-47.1458333333,4.16047,54.4687525431,104.000002543,4.160025,-38.0000012716,4.195715,-51.5104179382,4.1260827885,101.614585876,"Excitatory"
"869",2.734175,-46.2708346049,2.7320533333,50.2812538147,68.2916666667,2.7316616667,-32.6041679382,2.754555,-48.1562525431,3.9902997022,96.5520884196,"Excitatory"
"871",4.543755,-51.4375,4.54171,20.1562519073,113.5,4.5412,-36.46875,4.54502,-51.7812538147,2.3309182977,71.5937519073,"Inhibitory"
"872",4.2440783333,-45.8958333333,4.240745,36.2500025431,106.041666667,4.2403,-38.2500012716,4.310135,-56.53125,3.8463316037,82.1458358764,"Excitatory"
"876",3.1926733333,-52.3958358765,3.1906466667,37.8437512716,79.7916666667,3.19022,-34.0312512716,3.20926,-58.8750038147,3.0071412807,90.2395871481,"Excitatory"
"877",2.7702833333,-50.1041704814,2.7668666667,25.7395846049,69.1666666667,2.7663033333,-36.1875012716,2.7839483333,-55.0625025431,2.9118285076,75.8437550863,"Excitatory"
"881",2.7235233333,-47.5416704814,2.7216366667,35.6562538147,68.0416666667,2.7211366667,-38.6875025431,2.787675,-54.4166692098,2.8924134475,83.1979242961,"Excitatory"
"882",5.2831566667,-57.5729192098,5.282125,36.7083333333,132.041666667,5.281745,-42.0729179382,5.283235,-57.6979179382,1.9804836621,94.2812525431,"Inhibitory"
"883",2.27512,-53.5625038147,2.2743933333,24.1770833333,56.8333320618,2.274065,-34.7812512716,2.2838033333,-53.8437538147,1.4653361287,77.739587148,"Inhibitory"
"887",6.5634116667,-43.0208346049,6.56233,22.1458352407,164.041666667,6.5617883333,-27.53125,6.5803366667,-47.8854204814,1.5886530659,65.1666698456,"Excitatory"
"888",3.0882866667,-55.6458358765,3.08588,48.7291692098,77.1666666667,3.0853933333,-39.6666692098,3.11582,-57.2604179382,3.6744936919,104.375005086,"Inhibitory"
"889",4.805435,-53.9270846049,4.8046216667,24.5208333333,120.08333079,4.80428,-31.6145846049,4.8183116667,-55.0625012716,1.482283202,78.4479179382,"Inhibitory"
"904",15.8089266667,-50.3437538147,15.8076733333,3.2291667461,395.208343506,15.8072533333,-27.6979179382,15.8106566667,-50.9479192098,1.0488659247,53.5729205608,"Inhibitory"
"905",8.49872,-52.1875038147,8.49767,4.0625004768,212.375,8.49724,-28.46875,8.49887,-52.28125,1.0755691579,56.2500042915,"Inhibitory"
"906",5.4341433333,-42.3333358765,5.432355,31.0416666667,135.833333333,5.4319116667,-33.2604166667,5.4562716667,-52.1979179382,2.0590229177,73.3750025432,"Excitatory"
"911",10.13738,-41.96875,10.13544,16.0937519073,253.374984741,10.13446,-29.90625,32.30416,-75.625,1.3308395681,58.0625019073,"Inhibitory"
"912",1.95068,-50.2500025431,1.9495066667,29.3750019073,48.7083333333,1.9490266667,-39.0937512716,1.9507466667,-50.3541704814,1.7564811009,79.6250044504,"Inhibitory"
"914",4.19642,-48.8750012716,4.1948266667,41.2708358765,104.833333333,4.19438,-33.2708333333,4.21824,-55.7604204814,2.754781675,90.1458371481,"Excitatory"
"929",3.97063,-50.2604192098,3.9688933333,35.1979192098,99.2083333333,3.968405,-36.8854179382,3.9901483333,-54.7395858765,2.633821389,85.4583384196,"Excitatory"
"931",3.0629433333,-43.8020858765,3.0603666667,43.2604166667,76.5,3.059835,-36.2604166667,3.10704,-51.1666666667,3.8178296593,87.0625025432,"Excitatory"
"932",1.5047533333,-52.114587148,1.5028733333,42.3645846049,37.5833333333,1.5024333333,-37.6875038147,1.5209866667,-56.7187538147,3.262995793,94.4791717529,"Excitatory"
"940",3.6533183333,-48.6041679382,3.6515466667,42.5937525431,91.2916666667,3.6511366667,-35.6770846049,3.675095,-54.552087148,3.2110325622,91.1979204813,"Excitatory"
"943",3.357055,-49.5625012716,3.3539533333,39.4375012716,83.7916666667,3.3534633333,-35.8229166667,3.3945166667,-55.7187512716,3.9556167881,89.0000025432,"Excitatory"
"950",3.9335733333,-48.6979166667,3.9294016667,33.3958333333,98.2499974569,3.9289283333,-37.4791666667,3.970635,-57.6666679382,4.0699266598,82.09375,"Excitatory"
"956",4.448805,-43.4479179382,4.4465166667,36.65625,111.124997457,4.4460333333,-26.2812519073,4.4734716667,-52.1666692098,2.8161600974,80.1041679382,"Excitatory"
"957",8.13767,-53.0104192098,8.1367566667,2.3333333333,203.416666667,8.13633,-31.7604166667,8.1377233333,-53.0625025431,1.0069444955,55.3437525431,"Inhibitory"
"959",3.2999933333,-51.5520846049,3.2973333333,43.833337148,82.4166666667,3.2969066667,-44.1562538147,3.3492,-59.4062525431,4.8688714678,95.3854217529,"Excitatory"
"960",2.392525,-52.7500038147,2.39061,41.4687519073,59.7499980927,2.39016,-41.515625,2.4405375,-56.3437538147,3.2254217781,94.218755722,"Excitatory"
"964",8.849315,-61.7343769073,8.8482575,17.5312509537,221.187492371,8.84785,-26.53125,8.849345,-61.828125,1.0959920691,79.265627861,"Inhibitory"
