"","adaptation","avg_isi","f_i_curve_slope","latency","ri","sag","tau","vrest","firing_rate","fast_trough_t_long_square","fast_trough_v_long_square","peak_t_long_square","peak_v_long_square","threshold_i_long_square","threshold_t_long_square","threshold_v_long_square","trough_t_long_square","trough_v_long_square","upstroke_downstroke_ratio_long_square","height_long","L_tg"
"1",0.0311050608,62.4966666667,0.2859043901,0.041805,339.620679617,0.026388593,35.1773729723,-72.08177948,16.0008533788,249.505,-52.09375,247.385,39.6875038147,30.0000019073,246.9,-42.8125038147,285.3,-57.5,3.701594925,91.7812538147,"L2tg"
"2",1,1000,0.1222165554,0.1058,153.437465429,0.0041912519,27.5812462127,-75.4887542725,1,157.08,-48.25,154.84,36.2500038147,110,154.38,-38.6875,184.86,-56.2187538147,3.7715877618,84.5000038147,"L2tg"
"3",0.0180185396,46.556,0.2642649763,0.035175,212.031289935,0.0468316674,26.5532295727,-73.9191589355,21.4795085488,210.72,-47.5937538147,208.6,38.4687538147,70,208.2,-36.0937538147,233.81,-55.4687538147,3.0987129734,86.0625076294,"L2tg"
"4",0.0614919916,92.6515,0.2028846244,0.055515,197.343707085,0.071781531,34.8281314838,-72.4250030518,10.7931334085,437.27,-42.9375038147,435.19,40.6250038147,90,434.805,-33.1875,464.96,-54.15625,2.9676890485,83.5625076294,"L2tg"
"5",0.1527855517,146.2475,0.2623127319,0.062435,182.031333447,0.0285894461,24.556073344,-74.3327331543,6.83772372177,194.08,-45.1875038147,192.065,42.125,90,191.685,-32.625,219.075,-53.6250038147,2.9803720653,87.3125038147,"L2tg"
"7",1,65.62,0.2240020881,0.04954,269.374966621,0.0405708998,14.2527423087,-76.3499221802,15.2392563243,164.165,-49.7187538147,161.995,26.5312519073,70,161.475,-38.1562538147,863.505,-57.90625,2.7706464728,76.250005722,"L2tg"
"8",1,268.975,0.2268947465,0.0914,145.892828703,0.2085304558,13.2366997581,-75.6057662964,3.71781764104,179.855,-49.3437538147,178.525,45.1250038147,90,178.19,-39.0312538147,217.945,-57.0000038147,3.7189740068,94.4687576294,"L2tg"
"9",0.0473092917,138.083333333,0.0230841105,0.08198,74.9998837709,0.0403347202,20.6521335795,-78.1814880371,7.242003621,254.1,-47.1562538147,249.56,40.6562538147,190,249,-38.1562538147,292.92,-55.3125038147,4.7183407512,87.8125076294,"L2tg"
"10",0.0290599191,67.4334615385,0.219167873,0.03169,126.718744636,0.0246091373,15.7814397386,-76.2288208008,14.8294330023,92.56,-52.1875038147,90.72,33.5312538147,110,90.285,-44.7812538147,112.755,-57.9375038147,3.4604709322,85.7187576294,"L2tg"
"11",0.0273124145,102.0725,0.1174999998,0.07214,76.4062851667,0.0527104288,12.7815539149,-79.4310836792,9.79695804453,171.22,-46.8437538147,168.92,49.7187538147,210,168.48,-38.78125,196.96,-54.15625,3.9403996277,96.5625076294,"L2tg"
"13",0.0192024244,112.095,0.1212053575,0.09148,87.187461555,0.047224056,19.2962646777,-79.1463012695,8.92100450511,308,-46.34375,305.24,33.5625,190,304.72,-38.9687538147,341.54,-56.1250038147,3.669870142,79.90625,"L2tg"
"14",0.0249703832,65.9067857143,0.2181329109,0.03656,159.531101584,0.043673683,18.7328027823,-75.1710586548,15.1729444724,67.045,-44.65625,64.125,23.5937519073,190,63.39,-32.9062538147,79.135,-48.8437538147,2.5794692031,68.2500019073,"L2tg"
"15",0.0148977871,90.02,0.1631578975,0.08728,76.8750756979,0.0046334364,13.2395486379,-83.517868042,11.1086425239,460.54,-47.7187538147,458.24,36.6875,150,457.72,-39.0312538147,498.7,-55.6562538147,3.7030478968,84.4062538147,"L2tg"
"16",0.0207695335,58.775,0.2821969697,0.03318,183.281138539,0.0208022743,27.120667223,-74.2386169434,17.0140365802,225.14,-50.9062538147,222.06,32,90,221.52,-35.5,239.04,-57.5,3.1201105957,82.9062538147,"L2tg"
"17",1,1000,0.0408005121,0.022655,115.625187755,0.026608685,11.4966748723,-70.9210128784,1,34.105,-49.375,32.525,41.3437538147,249.999984741,32.13,-39.46875,814.695,-50.1250038147,3.3821239244,90.7187538147,"L2tg"
"18",0.0363294894,85.2254545455,0.189999999,0.0233,118.281327188,0.0042600171,12.5836496076,-72.6110458374,11.7335836498,100.78,-46.5312538147,98.24,42.28125,210,97.68,-43.625,114.04,-51.7500038147,3.4800220978,88.8125038147,"L2tg"
"19",0.018131046,56.16125,0.2013991163,0.04592,142.187535763,0.0362740457,14.1134506005,-79.633972168,17.8058714861,124.94,-47.5625038147,123.14,32.6875,90,122.66,-36.1562538147,150.96,-53.0625038147,2.6711778894,80.2500038147,"L2tg"
"20",1,1000,0.0348101196,0.062115,60.6970116496,0.0136078075,13.5020592641,-79.3246078491,1,89.405,-42,86.385,40.4062538147,489.999969482,85.965,-32.46875,114.905,-49.125,3.9219324933,82.4062538147,"L2tg"
"21",0.2463579888,144.204,0.052375218,0.02936,80.4688632488,0.0389747396,14.5365935302,-77.819480896,6.93462039888,83.84,-47.46875,81.58,40.9375038147,310,81.08,-40.84375,102.78,-52.3125,3.6973323787,88.4062538147,"L2tg"
"23",0.0970233487,129.621666667,0.1244164256,0.064515,125.781208277,0.0596978143,17.1797306673,-80.3194351196,7.71475962095,202.8,-46.8750038147,198.81,33.3125038147,160,198.355,-37.3125,243.06,-54.3437538147,4.0717152717,80.1875076294,"L2tg"
"25",0.0259499525,79.6,0.1640540541,0.04384,153.749927878,0.1038112193,20.4216258325,-68.5057373047,12.5628140704,163.34,-47.4375038147,161.42,43,70,161,-33.1250038147,200.7,-56.5625038147,3.3893320895,90.4375038147,"L4tg"
"26",0.0476945778,62.894,0.1594697074,0.04292,210.468634963,0.0526439473,24.6336885047,-75.3036117554,15.8997678634,98.395,-45.6875,96.36,37.71875,70,95.85,-37.7812538147,119.235,-48.25,3.2371678674,83.40625,"L4tg"
"27",0.0154623127,71.5476923077,0.1412744527,0.05996,123.906247318,0.069372654,20.8559733957,-77.8588638306,13.9766911796,219.48,-48.5312538147,216.38,32,100,215.94,-38.21875,254.96,-59.2500038147,3.8240729838,80.5312538147,"L4tg"
"28",1,225.13,0.1203583075,0.12062,198.593750596,0.0686916411,28.2190427436,-74.0220184326,4.44187802603,150.07,-46.0625,145.69,20.5625,70,144.965,-35.8125,188.565,-51.9375,3.302888924,66.625,"L4tg"
"29",0.0238049459,64.0257142857,0.192937237,0.05254,133.437380195,0.048348248,17.5430625077,-80.5925750732,15.6187246196,136.94,-47.84375,135.28,45.3437538147,110,134.86,-37.40625,161.86,-52.4375038147,3.569341884,93.1875038147,"L4tg"
"30",0.0423226332,83.7481818182,0.1900442562,0.054805,187.343835831,0.0894831419,20.6980678321,-78.4394836426,11.9405577326,186.21,-44.28125,182.2,18.78125,90,181.635,-36.46875,231.33,-55.7812538147,2.6789959347,63.0625,"L4tg"
"31",0.174034525,124.386666667,0.1119047657,0.044125,169.999882579,0.0129319085,21.0301888631,-78.5291442871,8.03944688605,92.2,-50.3125,89.215,38.53125,130,88.82,-36.21875,104.02,-54.53125,4.1473791549,88.84375,"L4tg"
"32",1,1000,0.0237227589,0.04512,173.59367013,0.0820133761,25.5547534197,-75.2498779297,1,79.94,-46.1250038147,76.7,29.2812519073,150,76.12,-32.0937538147,113.36,-51.84375,2.4615950708,75.406255722,"L4tg"
"33",1,42.005,0.0666666698,0.0329,173.995539546,0.0387143195,15.0959429687,-75.2556762695,23.8066896798,161.825,-48.4375038147,160.015,27.125,130,159.51,-48.5625,182.945,-51.5625038147,2.9083137042,75.5625038147,"L4tg"
"34",0.0182063106,52.8905555556,0.1994126394,0.03879,342.343896627,0.0631874278,29.6373642885,-71.8004760742,18.9069672174,90.7,-47.0000038147,88.67,24.25,50,88.095,-37.40625,113.555,-51.1562538147,2.6471854084,71.2500038147,"L4tg"
"35",1,1000,0.1020366672,0.08209,145.156219602,0.0200218763,16.3408782644,-81.0480804443,1,120.28,-42.7187538147,117.125,40.5,150,116.685,-32.6875,140.08,-47.5000038147,3.6589712908,83.2187538147,"L4tg"
"36",0.0265356304,97.82,0.1157142857,0.073615,116.718634963,0.1015481055,23.4320063155,-73.244430542,10.2228583112,130.01,-44.75,126.05,24.84375,130,125.605,-34.9687538147,165.08,-54.0312538147,3.116701594,69.59375,"L4tg"
"37",1,42.315,0.0509680838,0.03385,86.249999702,0.0111183869,13.7658263198,-74.0055999756,23.6322816968,74.18,-44.6875038147,69.39,21.25,230,68.775,-28.0937519073,84.41,-49.6875,2.9211096496,65.9375038147,"L4tg"
"38",0.0970336485,106.3575,0.0353070147,0.058835,189.374998212,0.1132833511,21.2956678418,-72.2372360229,9.40225183932,89.405,-49.0312538147,85.395,46.2812538147,130,84.985,-36.03125,110.87,-53.6250038147,4.957589516,95.3125076294,"L4tg"
"39",0.0490471432,78.3515,0.2499999873,0.04684,122.812502086,0.0203067642,17.4061718583,-80.4940795898,12.7629975176,113.4,-49.3125038147,108.615,25.15625,230,107.945,-38.28125,126.23,-52.8125,3.7172731639,74.4687538147,"L4tg"
"40",0.110505779,90.435,0.1218390805,0.05537,186.875000596,0.0202918146,24.2792770492,-75.2422332764,11.0576657268,176.73,-47.9375,173.86,35.90625,90,173.38,-33.5625,205.11,-54.40625,3.1423566242,83.84375,"L4tg"
"41",1,1000,0.1299973091,0.00522,100.000038743,0.0120830201,8.48381375018,-57.3023872375,1,15.295,-51.9687538147,13.185,31.0000019073,140,12.705,-42.65625,15.605,-52.25,2.7462963644,82.968755722,"L4tg"
"42",0.0752613537,109.455,0.1596650892,0.064345,233.281329274,0.1183055267,30.4840765486,-73.0314865112,9.13617468366,182.305,-46.0625038147,179.685,46.03125,50,179.225,-37.40625,255.735,-55.6875038147,3.6236248733,92.0937538147,"L4tg"
"43",0.0297156416,49.5855263158,0.2057377049,0.021885,267.968744039,0.1623771042,26.0993637697,-73.1547622681,20.1671752687,53.79,-50.7500038147,51.875,26.84375,50,51.38,-41.6562538147,60.365,-51.6875,2.6286820771,77.5937538147,"L4tg"
"44",0.288858289,147.79,0.1621387283,0.01549,58.2812875509,0.0498790592,17.0602466832,-63.5755844116,6.76635766967,31.765,-49.1875,26.835,33,190,26.235,-40.34375,37.575,-50.875,5.2611661773,82.1875,"L4tg"
"45",0.0127354028,46.165,0.2849806132,0.05064,189.107134938,0.0259323791,22.8357900394,-77.3416595459,21.6614318206,206.32,-48.5,204.51,31.6875019073,59.9999961853,204.04,-39.4375038147,243.295,-55.15625,2.937839269,80.1875019073,"L4tg"
"46",0.0739083083,84.3431818182,0.1222350312,0.03987,250.468790531,0.154492259,31.2870282241,-66.1167221069,11.8563229231,125.775,-44.8125,123.875,47.125,80,123.395,-35.3125,170.79,-50.25,2.9269439263,91.9375,"L4tg"
"47",0.0450018072,90.26,0.1723214377,0.04582,123.281359673,0.0316939764,12.7026528309,-85.1570739746,11.0791048083,109.69,-53.03125,107.78,33.15625,110,107.27,-45.28125,155.875,-59.09375,3.5244247946,86.1875,"L4tg"
"49",0.034848305,81.592,0.2131469962,0.06443,139.375120401,0.063060686,22.7528516191,-79.9310379028,12.2561035396,143.81,-46.75,141.44,35.6875038147,210,140.98,-32.0625,155.58,-49.7187538147,3.1319760188,82.4375038147,"L4tg"
"50",0.0233147925,72.1273076923,0.1782534375,0.060175,150.312572718,0.0128363045,19.9989448684,-82.9683837891,13.8643744234,170.66,-48.8437538147,168.38,39.9062538147,110,167.98,-36.28125,196.17,-57.40625,3.1330203798,88.7500076294,"L4tg"
"51",1,41.485,0.0551470574,0.02446,124.375075102,0.0180059671,12.6634987684,-81.8460159302,24.1050982283,41.3,-48.03125,39.355,37.65625,230,38.895,-41.6562538147,707.01,-51.59375,3.500343564,85.6875,"L4tg"
"52",0.048978994,74.37875,0.2426356589,0.047025,190.937504172,0.0479762889,26.8500880675,-71.7251586914,13.4447002672,152.19,-51.6562538147,150.17,46.5,50,149.72,-43.40625,193.115,-56.0625,3.8909790034,98.1562538147,"L4tg"
"53",0.0368844851,65.8692307692,0.2336640212,0.06385,241.40624702,0.0152476402,27.5330781404,-78.1602478027,15.1815952353,190.72,-48.8750038147,188.8,46.3750038147,50,188.385,-41.09375,220.675,-55.8750038147,4.027633222,95.2500076294,"L4tg"
"54",0.0386690158,105.96125,0.1659810211,0.07976,137.968748808,0.0681690127,24.2422131145,-79.8806610107,9.43741226156,138.95,-47.0000038147,135.91,34.8125038147,130,135.48,-38.03125,179.06,-54.9687538147,4.195805859,81.8125076294,"L4tg"
"55",0.027384956,71.7215384615,0.1725446498,0.06211,158.125042915,0.03639495,18.713148949,-72.2956085205,13.9428130162,138.605,-41.5937538147,134.89,35.71875,90,134.35,-32.46875,174.47,-47.9375,4.1500095692,77.3125038147,"L4tg"
"56",0.0361283234,76.46125,0.2225000156,0.04385,214.531287551,0.0620325468,20.4339386502,-74.4105987549,13.0785201654,157.535,-54.5937538147,155.845,41.9062538147,70,155.4,-42.59375,204.1,-59.6875038147,2.709897683,96.5000076294,"L4tg"
"57",0.0148346836,66.7942857143,0.1880999158,0.04922,188.90632689,0.0176209826,30.6946340788,-75.0912857056,14.9713405766,134.76,-51.5000038147,132.44,44.7812538147,70,132.04,-39.09375,151.28,-58.0937538147,3.8918089684,96.2812576294,"L4tg"
"58",0.0232530315,86.6536363636,0.1408031088,0.044805,171.093553305,0.1004177034,17.766057521,-77.6002655029,11.540196603,119.955,-58.46875,117.46,34.7500038147,90,116.925,-45.2812538147,156.43,-62.21875,3.4713138041,93.2187538147,"L4tg"
"59",0.0398470684,100.118125,0.1503517059,0.074265,151.093795896,0.0657483265,20.2351468197,-73.7776107788,9.98820143705,125.525,-41.46875,123.455,36.625,70,123.14,-32.5937538147,172.25,-53.0625038147,3.3430857333,78.09375,"L4tg"
"60",0.07898608,93.744,0.190340908,0.04332,136.250004172,0.0072414633,22.3620219481,-69.0978317261,10.667349377,93.8,-43,91.06,38.21875,190,90.64,-31.0625,106.52,-47.9375,4.6862875937,81.21875,"L4tg"
"62",1,88.09,0.1677083346,0.067375,143.281206489,0.00599158,21.6365184812,-78.8448944092,11.3520263367,85.46,-47.6875,83.13,41.46875,150,82.78,-36.1562538147,99.565,-51.5000038147,3.9835933104,89.15625,"L4tg"
"63",0.0116282761,95.6244444444,0.1541403808,0.07504,193.281367421,0.0975460112,30.1351968105,-65.6994934082,10.4575770956,211.895,-46.9375038147,209.2,46.34375,50,208.82,-36.75,250.865,-57.0000038147,3.9711315285,93.2812538147,"L4tg"
"64",0.0071029118,52.2558333333,0.2719512195,0.047835,248.571425676,0.1037928164,25.5804550671,-75.8354644775,19.1366195162,138.29,-49.8750038147,136.405,32.0625,50,135.98,-36.46875,169.1,-59.8437538147,3.0017979556,81.9375038147,"L4tg"
"65",0.0358613139,107.61,0.1463349014,0.07696,160.312458873,0.077374354,24.0613465493,-74.1493377686,9.29281665273,174.94,-46.1250038147,171.88,40.5,90,171.4,-35.7812538147,213.1,-54.9375038147,4.1436436103,86.6250038147,"L4tg"
"67",1,89.51,0.1096405132,0.057675,116.40625447,0.0635878891,18.5473587434,-77.7801132202,11.1719360965,120.725,-53.90625,115.08,27.8437519073,190,114.53,-39.40625,136.345,-57.9375038147,4.1641729582,81.7500019073,"L4tg"
"70",0.0259485715,81.8504545455,0.1833333333,0.06451,231.562495232,0.0547779799,27.9901209637,-74.4558258057,12.2174031354,223.39,-45.875,220.39,37.78125,70,219.875,-35.65625,256.835,-54.5937538147,3.6098653848,83.65625,"L4tg"
"72",0.0200246041,77.6227272727,0.275,0.078965,182.968750596,0.0105836531,21.9868656339,-76.0704803467,12.8828248521,310.675,-40.90625,307.97,23.25,90,307.49,-32.0625,350.91,-51.28125,2.9302972071,64.15625,"L4tg"
"73",0.0691117027,50.715,0.10447761,0.04087,166.718706489,0.0119197704,17.8996721968,-77.0500564575,19.7180321404,107.835,-45.5625038147,105.725,43.6562538147,170,105.355,-27.4687519073,119.88,-51.0000038147,2.8385972715,89.2187576294,"L4tg"
"74",1,1000,0.1208484858,0.04045,155.937537551,0.0185238365,16.922560485,-68.9345703125,1,53.785,-50.6250038147,51.335,37.5312538147,170,50.9,-37.1875,63.07,-53.59375,3.5694296742,88.1562576294,"L4tg"
"75",0.0362956774,74.8225,0.2178977273,0.05097,210.937380791,0.0616592243,20.7400340693,-77.8417892456,13.3649637475,118.28,-45.625,116.06,32.21875,90,115.575,-33.09375,142.095,-50.5,2.6507909929,77.84375,"L4tg"
"76",1,1000,0.1592307759,0.05652,187.031209469,0.0800438523,20.4911864642,-77.4786224365,1,62.495,-48.96875,60.735,36.6875,110,60.32,-35.96875,73.46,-52.40625,3.1658794898,85.65625,"L4tg"
"77",0.016471084,70.415,0.2135153091,0.055965,226.874992251,0.0378647484,29.9144457378,-72.0163574219,14.2015195626,301.15,-48.375,298.5,33.3125,50,298.005,-36.78125,333.655,-57.5312538147,3.038636214,81.6875,"L4tg"
"78",0.0217096944,59.4376666667,0.221875,0.05243,210.937619209,0.0096952049,29.7585465011,-69.4225387573,16.8243481967,124.44,-44.8750038147,122.37,35.40625,50,122.02,-32.7500038147,145.99,-50.71875,2.9849977028,80.2812538147,"L4tg"
"80",0.0407697152,82.9690909091,0.1431324111,0.05849,134.843751788,0.1027392223,21.911616455,-77.1888580322,12.0526811737,170.31,-47.9687538147,167.44,42.34375,80,166.99,-37.875,213.785,-58.0937538147,4.0115898895,90.3125038147,"L4tg"
"81",0.0233129948,41.5130434783,0.2954274403,0.017215,332.477658987,0.0149144968,26.088915004,-67.9460296631,24.0888144114,54.49,-50.96875,52.09,45.3125,50,51.68,-36.7187538147,65.105,-54.4375038147,3.8095199162,96.28125,"L4tg"
"85",0.0825362574,103.197,0.0942528731,0.057055,156.562507153,0.0194823537,19.8171190301,-76.8808288574,9.6902041726,210.375,-47.8125038147,207.885,53.7187538147,130,207.485,-38.1875,251.375,-55.6250038147,4.5042944831,101.531257629,"L4tg"
"87",0.0170265693,43.8488095238,0.3488888889,0.05157,208.281219006,0.0155193536,28.8058511449,-74.9811172485,22.8056362501,148.905,-46.0625038147,146.515,20.0625,50,146.04,-40.8125038147,163.38,-50.2187538147,2.9583214852,66.1250038147,"L4tg"
"90",0.0421622045,79.6509090909,0.2283898305,0.07392,157.343789935,0.0458727479,23.6166024499,-81.4509658813,12.5547845142,242.9,-49.4062538147,241.06,25.0937519073,70,240.63,-40.03125,299.22,-61.7187538147,2.993885291,74.500005722,"L4tg"
"91",0.0123755954,51.88,0.2801477378,0.04168,191.718757153,0.0411933288,23.9900848054,-67.5364532471,19.2752505783,111.26,-47.46875,109.405,40.5625038147,70,109.03,-39.5,132.485,-50.9062538147,3.6928634067,88.0312538147,"L4tg"
"92",0.0882908841,81.585,0.1119538349,0.027675,193.593636155,0.0834234953,25.878555662,-75.9269332886,12.2571551143,82.865,-44.8125,78.285,39.0625,150,77.79,-32.40625,103.905,-49.4687538147,4.1042965291,83.875,"L4tg"
"93",0.0341315331,71.885,0.1773809524,0.037245,260.781347752,0.0842232332,19.9408336147,-74.8125076294,13.9111080198,870.585,-48.96875,867.41,22.28125,70,866.675,-39.09375,891.19,-54.3125,2.4871608298,71.25,"L4tg"
"94",0.0206066107,72.2323076923,0.1919491525,0.05544,152.499973774,0.0793471187,26.8179912502,-75.5931091309,13.8442205704,344.64,-49.9687538147,342.5,43.7500038147,70,342.12,-39.8125,414.72,-61.9375038147,3.8074380907,93.7187576294,"L4tg"
"95",0.0185858154,42.7184090909,0.2159049458,0.03673,137.343794107,0.0292228591,15.5658292633,-76.8331451416,23.4091114646,114.02,-41.4375038147,112.25,33.90625,90,111.865,-31.1562519073,138.625,-49.4375,2.6689812763,75.3437538147,"L4tg"
"96",0.0292641029,73.74,0.1895019157,0.05546,123.906247318,0.1195352152,15.3103857262,-79.6576766968,13.5611608354,202.54,-44.96875,200.26,37.90625,80,199.8,-33.40625,253.46,-59.0000038147,3.3847802659,82.875,"L4tg"
"98",0.0436978475,72.6995833333,0.2081578947,0.043385,223.43750298,0.0120425289,31.5016101569,-72.1348800659,13.7552370199,95.275,-47.65625,92.065,27,90,91.555,-33.46875,104.83,-51.59375,2.8617082227,74.65625,"L4tg"
"99",0.2581769057,104.791666667,-0.003380523,0.06184,154.107108712,0.0759375319,19.1436016614,-78.5531539917,9.54274353876,169.13,-46,162.53,24,110,161.85,-31.9375019073,216.585,-56.15625,3.1392993255,70,"L4tg"
"101",0.0209838679,92.3588888889,0.1479910773,0.08169,161.250039935,0.0677762702,23.5228038619,-76.4173431396,10.8273281763,266.835,-43.0937538147,263.345,38.7187538147,90,262.69,-36.5625038147,343.635,-53.84375,3.455637882,81.8125076294,"L4tg"
"102",0.2167476362,73.2266666667,0.2524082679,0.03554,242.031246424,0.0318112709,23.4798486095,-73.0221557617,13.6562272396,65.56,-45.0937538147,63.76,37.5,130,63.3,-33.40625,80.56,-45.9062538147,3.441285679,82.5937538147,"L4tg"
"104",0.1172673005,67.9033333333,0.2026515146,0.033955,136.250078678,0.0068409266,21.2313732994,-70.2135238647,14.7268175347,68.835,-48.78125,66.475,32.1875,210,66.03,-33.9375,78.495,-51.21875,3.2667529774,80.96875,"L4tg"
"105",0.022481032,68.2214285714,0.195202952,0.04422,170.156210661,0.0559369773,46.923182351,-72.9973297119,14.658150979,138.84,-50.0312538147,136.62,41.3750038147,50,136.2,-36.1875038147,164.34,-58.0625,3.8346319324,91.4062576294,"L4tg"
"106",0.1227994256,127.0975,0.0742187545,0.056675,162.343755364,0.0750596449,20.2702571347,-72.1620178223,7.86797537324,163.94,-43.5000038147,159.605,40.375,150,159.155,-29.1875,193.53,-52.6875038147,3.6789367382,83.8750038147,"L4tg"
"108",0.0239902802,68.4515384615,0.1756286253,0.060385,150.624990463,0.0503459089,22.8166202229,-72.6047592163,14.6088754537,418.16,-46.5,415.68,41.40625,59.9999961853,415.225,-38.59375,508.61,-58.0937538147,3.5026686266,87.90625,"L4tg"
"109",0.0309422389,186.84,0.2858452959,0.07432,162.968754768,0.0657943487,13.6846137598,-66.1220245361,5.35217298223,198.48,-51.5000038147,196.5,47.6875,70,195.96,-44.125,222.42,-55.0000038147,3.4285926674,99.1875038147,"L4tg"
"110",0.0121176655,49.1368421053,0.2073033708,0.05534,187.656283379,0.0240895767,21.236039382,-80.8980407715,20.3513281919,170.36,-51.7187538147,168.76,39.2187538147,70,168.3,-41.3125,192.4,-54.2812538147,3.1652918675,90.9375076294,"L4tg"
"112",1,1000,0.1140822799,0.07998,124.687425792,0.0178513993,17.4071186295,-76.0608215332,1,161.9,-47.0000038147,159.195,39.5312538147,150,158.765,-34.0312538147,192.6,-54.71875,3.2145150956,86.5312576294,"L4tg"
"113",0.0219615695,61.05,0.1930487805,0.03964,225.000008941,0.1173092648,35.6840241891,-69.0845108032,16.38001638,111.76,-47.5625038147,109.945,33.3125038147,50,109.42,-41.0625,143.305,-53.7812538147,2.9597040117,80.8750076294,"L4tg"
"114",1,1000,0.1126488154,0.04828,197.812452912,0.0260047987,29.1357366417,-75.0118560791,1,109.245,-50.0312538147,107.16,42.4375,110,106.76,-37.9375,486.64,-53.9375038147,3.2932411812,92.4687538147,"L4tg"
"115",0.0273401063,54.8355882353,0.3026515066,0.034195,171.093717217,0.0406936817,17.5577359319,-76.9504776001,18.2363321372,68.855,-44.25,67.045,38.0625,190,66.595,-31.4687519073,84.55,-46.25,3.1491299754,82.3125,"L4tg"
"116",0.0157644677,53.7608823529,0.2291005291,0.03667,233.750000596,0.1304496378,22.1629151974,-67.0954437256,18.6008851833,166.39,-49.0000038147,164.695,34.6875,50,164.19,-35.5312538147,202.395,-53.1562538147,2.4433285124,83.6875038147,"L4tg"
"117",0.1110990189,149.989,0.090098575,0.08562,121.093638241,0.0830635205,25.7681413593,-73.8577346802,6.66715559141,250.1,-45.71875,246.11,32.0625,110,245.6,-36.28125,311.47,-57.1250038147,3.4608120666,77.78125,"L4tg"
"118",0.0192199944,86.972,0.149388593,0.06236,146.093562245,0.0724782199,19.3189463442,-77.5240783691,11.4979533643,288.24,-46.4687538147,285.76,45.375,100,285.32,-34.9375,332.72,-57.8750038147,3.9566671527,91.8437538147,"L4tg"
"119",0.0637968972,118.585714286,0.1954545455,0.08357,204.374998808,0.1007180512,28.8778971711,-67.8072128296,8.43271894953,214.22,-35.59375,212.02,49.625,50,211.65,-28.15625,277.69,-49.0000038147,3.5360488039,85.21875,"L4tg"
"122",0.0228414568,54.5728125,0.2502212679,0.045005,135.468870401,0.0208985545,19.8407923916,-80.2579421997,18.3241426305,118.27,-50.0312538147,116.41,42.90625,110,116.015,-41.6562538147,138.52,-55.1875,3.5915440217,92.9375038147,"L4tg"
"124",0.0201766759,69.6338461538,0.2155601613,0.07022,171.718671918,0.0210417602,23.7512050134,-81.4805679321,14.3608324864,403.88,-51.4687538147,400.66,40.3125038147,50,400.16,-38.5000038147,426.3,-58.6562538147,4.2211474584,91.7812576294,"L4tg"
"125",0.0348404831,74.0158333333,0.2006329292,0.04909,119.55357343,0.1685982794,18.696578849,-68.143371582,13.5106227271,192.375,-46.40625,190.835,47.5937538147,90,190.46,-39.625,263.16,-53.2187538147,3.3749299734,94.0000038147,"L4tg"
"126",0.0179674667,58.6875,0.2578431491,0.02762,162.656202912,0.0085155461,17.96684937,-75.2355270386,17.0394036209,57.16,-50.40625,54.88,42.2500038147,130,54.46,-39.5937538147,64.82,-54.5937538147,4.1465962199,92.6562538147,"L4tg"
"127",0.0284172257,61.0526666667,0.2271505474,0.037945,179.687470198,0.0325120091,26.7562918847,-80.1294937134,16.3793009314,119.55,-54.0937538147,117.48,35.1875,100,117.09,-42.28125,136.085,-60.6562538147,3.2783341195,89.2812538147,"L4tg"
"130",0.0440022495,73.0569230769,0.2218292789,0.04204,157.187581062,0.0274023879,16.5907497515,-78.2233123779,13.6879567039,121.805,-53.40625,119.235,39.1875038147,130,118.71,-41.53125,131.1,-56.9062538147,3.7451433995,92.5937538147,"L4tg"
"131",0.025823463,78.1,0.1623031496,0.05826,122.656323016,0.1415288746,21.4404134616,-74.2980117798,12.8040973111,199.1,-50.2187538147,196.48,38.0937538147,80,196.02,-42.4062538147,263.04,-59.4062538147,4.1341109256,88.3125076294,"L4tg"
"132",0.0218098585,52.8622222222,0.2333333333,0.034055,304.6875,0.0821281075,40.8273037203,-65.3980865479,18.9171010594,123,-43.84375,121.105,34.53125,50,120.67,-35.34375,161.38,-53.75,2.9467601522,78.375,"L4tg"
"133",0.050893189,64.0175,0.0833333391,0.03237,203.571513295,0.026670441,17.2304328794,-66.6489105225,15.620728707,90.85,-42.5625038147,87.99,38.8750038147,70,87.42,-33.8750038147,102.555,-46.96875,3.3909861513,81.4375076294,"L4tg"
"134",0.0447834448,71.5730769231,0.2335968251,0.037405,211.250036955,0.0520097166,21.4893385367,-82.4907913208,13.9717341071,149.51,-48.78125,147.415,40.125,119.999992371,147.085,-33.5,167.105,-56.625,3.5417062022,88.90625,"L4tg"
"136",0.1066315523,82.5872727273,0.0867187746,0.03,138.906165958,0.0485048257,17.6587269945,-75.1282043457,12.1084032318,56.6,-46.2812538147,54.48,41.3750038147,170,54.06,-32.6875,63.92,-48.90625,3.5359502331,87.6562576294,"L4tg"
"137",0.0304625429,57.28625,0.2151219512,0.05378,145.312458277,0.0214718916,20.1815595579,-79.2950744629,17.4561958585,147.77,-48.375,145.26,34.78125,70,144.85,-38.125,178.195,-54.1875038147,3.8778059393,83.15625,"L4tg"
"138",0.0379231041,77.4708333333,0.2,0.053065,165.625035763,0.0391024575,21.1683740043,-75.4109802246,12.9080836874,115.56,-50.5312538147,113.745,44.125,90,113.375,-38.9687538147,139.67,-55.8750038147,3.7652983833,94.6562538147,"L4tg"
"139",0.0394389224,71.8569230769,0.1642857143,0.04536,188.90632689,0.0201559868,17.969293862,-81.2816925049,13.9165435588,101.73,-52.28125,99.96,26,90,99.435,-40.96875,118.24,-53.2187538147,2.3315205682,78.28125,"L4tg"
"141",0.0279520347,73.9795833333,0.1672178536,0.063885,167.031258345,0.0678625926,23.0270488999,-72.4311676025,13.517242933,169.405,-46.1562538147,166.41,47.5000038147,90,166.05,-35.3750038147,210.255,-53.84375,4.697517125,93.6562576294,"L4tg"
"142",0.026020641,79.5516666667,0.2258522786,0.04296,185.468822718,0.0676468536,17.4269768807,-79.0932922363,12.5704468794,93.1,-46.09375,90.12,39.7500038147,150,89.62,-32.5937538147,105.66,-51.9687538147,3.5701365234,85.8437538147,"L4tg"
"143",0.0190914819,64.7967857143,0.252984135,0.046875,219.374895096,0.0632189065,21.1206047118,-75.6800003052,15.4328642845,168.955,-51.5625038147,167.355,20.5625019073,70,166.895,-42.0937538147,196.455,-57.0937538147,2.3287105258,72.125005722,"L4tg"
"144",0.0229502289,52.2875,-0.0431506897,0.041565,346.986591816,0.0401627757,37.1513622623,-71.6418075562,19.1250298829,129.44,-49.0312538147,127.565,26.7500019073,30.0000019073,127.09,-38.78125,159.605,-55.0937538147,2.8227330779,75.781255722,"L4tg"
"145",0.0243390349,66.4614285714,0.1986702214,0.043,113.125033677,0.0203711819,12.8282484066,-81.2334823608,15.0463211745,151.56,-52.25,149.38,31.65625,130,148.9,-38.9375,167.42,-57.03125,3.4555868525,83.90625,"L4tg"
"146",0.1191785916,122.786666667,0.0925000052,0.091185,146.249994636,0.0350065604,26.0019863212,-78.3960266113,8.14420675426,282.465,-42.4687538147,278.15,43.15625,90,277.64,-34.5,341.92,-54.53125,4.8258683827,85.6250038147,"L4tg"
"147",1,138.265,0.0529761905,0.09052,76.5625014901,0.0140298037,17.2513895788,-82.4833450317,7.23248833761,184.215,-48.03125,179.435,38.8750038147,290,179.015,-32.40625,212.635,-55.3125,4.0937806747,86.9062538147,"L4tg"
"148",0.0286463871,64.1967857143,0.2477653781,0.05578,195.000037551,0.0501077026,22.2966963946,-76.7340316772,15.5771038826,126.705,-46.9375038147,124.49,47.6562538147,70,124.13,-34.46875,145.255,-52.4687538147,4.217187821,94.5937576294,"L4tg"
"150",0.1241685733,100.997777778,0.0801075269,0.0409,215.312495828,0.0222956389,21.4727478129,-75.3039245605,9.90120794737,86.405,-50.9375,84.25,45.34375,70,83.785,-40.5,101.575,-55.34375,3.9629500572,96.28125,"L4tg"
"151",0.0429870483,79.42375,0.2642857143,0.0294,348.437339067,0.1520920396,35.4837583971,-71.2270584106,12.5906923307,90.735,-53.3437538147,88.425,23.0000019073,50,87.875,-42.03125,131.485,-57.5625038147,2.7437166657,76.343755722,"L4tg"
"152",0.0361167846,59.8553125,0.2425476603,0.0406,230.468705297,0.0170810018,20.3719424917,-75.8962249756,16.706954792,169.465,-51.7187538147,167.06,40.125,50,166.625,-39.6875,193.215,-57.5,3.5733221716,91.8437538147,"L4tg"
"153",0.0794005506,45.055625,0.1673579137,0.018035,181.25012517,0.0314755552,15.655497418,-75.177406311,22.1947869994,45.605,-52,42.905,47.0312538147,180,42.475,-40.125,54.1,-53.7812538147,4.435970622,99.0312538147,"L4tg"
"154",0.0986648819,113.287142857,0.139336926,0.059385,95.1785519719,0.0316205211,25.2161656932,-75.0661315918,8.82712702236,131.005,-44.4687538147,128.22,35.7812538147,130,127.855,-36.6562538147,165.285,-54.2812538147,3.3863165925,80.2500076294,"L4tg"
"155",0.0260752598,66.0242857143,0.287,0.02468,249.218702316,0.0317335948,35.1347308845,-59.6444473267,15.1459419694,198.46,-47.7500038147,195.38,26.5000019073,40,194.84,-39.9062538147,218.38,-55.0000038147,3.3189458962,74.250005722,"L4tg"
"156",1,1000,0.1582191894,0.131265,132.031440735,0.0269164871,19.9462067829,-77.573135376,1,176.71,-48.9375038147,174.48,49.8750038147,90,174.07,-41.3437538147,203.755,-55.75,4.0733728869,98.8125076294,"L4tg"
"157",1,26.865,0.0575650203,0.019535,99.939905107,0.0042560054,11.67580392,-85.4491729736,37.223152801,38.955,-53.4687538147,37,24.2187519073,360,36.5,-38.4375,39.11,-53.6250038147,2.8314899715,77.687505722,"L4tg"
"158",0.014401567,58.2290625,0.2911490696,0.062265,278.906285763,0.0573231094,29.3123749733,-67.0109786987,17.1735548722,275.5,-50.8125,273.855,38.0625,30.0000019073,273.42,-37,315.51,-55.4062538147,2.9386547549,88.875,"L4tg"
"159",0.0596814016,52.473,0.079268303,0.03283,190.156295896,0.0252655018,20.1760337929,-75.3656616211,19.0574200065,76.21,-48.65625,74.005,30.7187519073,130,73.565,-39.0312538147,89.705,-53.5625038147,2.94862077,79.3750019073,"L4tg"
"160",0.0157505756,114.108571429,0.1576182155,0.08362,125.781327486,0.1387125254,23.4138185733,-72.150680542,8.76358355451,174.78,-43.6562538147,171.82,38.84375,110,171.38,-34.78125,226.18,-56,4.133757105,82.5000038147,"L4tg"
"161",0.0947445591,116.7675,0.1540532716,0.04566,155.312567949,0.1059022099,18.405873261,-71.3704452515,8.5640268054,122.54,-44.5,120.56,44.28125,90,120.16,-39.9062538147,198.24,-55.4687538147,4.1280991564,88.78125,"L4tg"
"162",0.0641239862,121.147142857,0.1234541604,0.060525,162.499919534,0.1040345058,18.3740570866,-71.9448699951,8.25442496138,103.38,-38.1875,100.815,44.03125,150,100.315,-26.9062519073,132.115,-45.0312538147,3.3024396461,82.21875,"L4tg"
"163",0.0241698568,69.2788461538,0.1898225957,0.063615,187.656208873,0.0164662357,23.5740948608,-77.76537323,14.4344205413,180.035,-46.78125,177.745,42.84375,70,177.325,-41.21875,208.05,-55.40625,3.7267389452,89.625,"L4tg"
"164",0.1264561791,98.48625,0.1074941431,0.0545,126.406282186,0.0134337107,19.0448100312,-83.3443069458,10.1537016589,92.19,-48.7500038147,89.175,36.78125,190,88.785,-36.0000038147,106.11,-54.84375,3.72470463,85.5312538147,"L4tg"
"165",1,1000,0.0378731306,0.041435,148.437544704,0.1499426812,17.3012148086,-78.6672973633,1,77.06,-43.5937538147,74.61,37.1875,209.999984741,74.095,-34.375,100.215,-48.7500038147,3.0116649463,80.7812538147,"L4tg"
"166",0.0392018113,94.5194444444,0.2026180055,0.06665,178.571432829,0.1305298954,20.9199814758,-70.2577819824,10.5798336615,298.48,-38.4062538147,297.175,37.65625,70,296.745,-30.8750019073,357.61,-53.6250038147,2.5208940115,76.0625038147,"L4tg"
"167",1,87.54,0.1175862008,0.05352,138.750001788,0.0841244981,19.6778754594,-76.1048126221,11.423349326,92.28,-48.34375,88.4,35.71875,230,87.98,-34.21875,105.54,-53.84375,3.6282732238,84.0625,"L4tg"
"168",0.0338428288,60.2566666667,0.1761194069,0.043775,251.093864441,0.0188205522,25.0744308124,-77.4727020264,16.595674061,119.075,-46.8437538147,117.13,42.7812538147,70,116.775,-34.9375,131.81,-52.0625038147,4.0443187921,89.6250076294,"L4tg"
"169",1,67.14,0.1252840909,0.03384,258.281350136,0.0883925259,30.7516701037,-67.6213760376,14.8942508192,81.52,-44.2187538147,79.64,39.0625,70,79.18,-34.3437538147,109.92,-50.96875,2.9763393101,83.2812538147,"L4tg"
"170",0.1628796926,59.473,0.0945304313,0.03129,144.531324506,0.0423685797,20.7580625546,-74.2315673828,16.8143527315,46.025,-50.1875038147,43.67,30.03125,290,43.315,-34.6562538147,50.085,-51.6250038147,3.7580794376,80.2187538147,"L4tg"
"172",0.0266963921,71.6454166667,0.1630352156,0.0505,158.203125,0.0266639311,17.716430121,-74.8717956543,13.9576269708,160.385,-49.6562538147,158.57,43.15625,80,158.155,-41.09375,185.755,-57.2187538147,2.9546419343,92.8125038147,"L4tg"
"173",0.0155496076,67.9057692308,0.1860294118,0.06271,146.562427282,0.0326740965,22.4267854082,-78.1255340576,14.7262892583,338.785,-48.4375038147,336.945,35.3125,90,336.45,-37.21875,370.685,-54.28125,2.6180051507,83.7500038147,"L4tg"
"176",0.085194725,71.48125,0.1549804415,0.04331,166.249960661,0.0216736477,25.0706619169,-76.9803619385,13.9896826091,90.38,-46.71875,87.99,26.75,110,87.475,-33.96875,103.16,-51.03125,2.6106968316,73.46875,"L4tg"
"177",1,86.94,0.0449218772,0.052885,182.343706489,0.0474418104,25.097116025,-75.3202514648,11.5021854152,138.8,-49.4062538147,134.56,34.78125,90,134.09,-36.21875,170.1,-57.2187538147,3.6114337192,84.1875038147,"L4tg"
"178",0.1526106835,80.324,0.1357502366,0.025485,154.374957085,0.0087629054,15.3134585909,-78.7234420776,12.4495792042,50.485,-53.90625,48.63,44.7187538147,209.999984741,48.21,-38.90625,50.635,-54.1250038147,3.7752421955,98.6250038147,"L4tg"
"181",0.3571494678,54.025,0.0724405394,0.040275,132.031321526,0.0289461408,14.1106646559,-79.4617538452,18.5099490976,75.555,-50.875,73.53,40.1875,170,73.105,-38.8125038147,999.915,-56,3.4335018035,91.0625,"L4tg"
"184",0.0408295723,72.7323076923,0.2584221748,0.047055,241.562500596,0.0291162785,25.7970683979,-71.7120742798,13.7490481428,105.645,-45.9687538147,102.75,18.75,70,102.205,-39,129.525,-51.28125,3.2072917561,64.7187538147,"L4tg"
"185",0.0657434948,85.2555555556,0.1250000046,0.028605,144.375011325,0.0486131236,26.5553157158,-79.6181793213,11.7294408966,59.445,-52.2187538147,56.465,32.2500038147,130,55.94,-43.875,69.625,-55.6562538147,3.976624067,84.4687576294,"L4tg"
"186",0.2721965112,35.1125,0.1401442364,0.01915,195.3125,0.0442003123,15.2172669601,-79.6588592529,28.4798860805,53.89,-55.4687538147,52.35,41.0312538147,130,51.965,-40.8750038147,861.865,-58.0937538147,3.6236678518,96.5000076294,"L4tg"
"187",0.0606745071,103.245,-0.0150483227,0.06864,111.718788743,0.0348761491,15.9847847406,-77.2467803955,9.68569906533,268.24,-45.5000038147,264.9,31.5937519073,170,264.32,-38.90625,299.04,-53.7187538147,3.7287682237,77.093755722,"L4tg"
"188",0.0248265692,85.355,0.2303294677,0.05396,218.593791127,0.02898743,21.6933456682,-81.9060440063,11.7157752914,189.005,-57.2500038147,185.34,28.5312519073,90,184.79,-42.65625,210.15,-62.3125038147,3.5142738747,85.781255722,"L4tg"
"189",0.1354922007,60.6128571429,0.1279761863,0.014835,130.31257689,0.008927308,11.6207900929,-71.0000686646,16.4981498503,41.195,-51.9375,38.88,42.75,210,38.485,-39.21875,46.395,-54.5937538147,3.7668851033,94.6875,"L4tg"
"190",0.2188444014,247.38,0.1767751479,0.11532,193.437352777,0.0247239135,25.0502579577,-74.2120742798,4.04236397445,227.94,-47.4375038147,225.94,39.3125,70,225.5,-36.3437538147,248.84,-53.7812538147,3.4204102134,86.7500038147,"L4tg"
"192",0.010100823,79.6781818182,0.1983333333,0.06146,146.562576294,0.161756143,17.6241785268,-75.5517425537,12.5504871871,254.82,-49.9062538147,252.98,40.6250038147,90,252.52,-38.4062538147,281.78,-59.4375038147,2.8295797027,90.5312576294,"L4tg"
"194",0.2601650585,92.18125,0.1468421131,0.040535,191.562384367,0.0298675895,23.8061440147,-76.0891113281,10.8481930978,111.81,-45.3125,109.42,41.625,110,108.98,-36.4375,918.78,-54.6875,3.9183698788,86.9375,"L4tg"
"195",0.0771844224,98.2777777778,0.1301303573,0.03926,156.093791127,0.035120111,18.1096322647,-78.3591156006,10.1752402487,76.755,-49.0000038147,74.075,46.5625038147,110,73.69,-39.0312538147,96.64,-52.1875038147,4.4010473812,95.5625076294,"L4tg"
"196",0.057665334,53.2483333333,0.1464208427,0.032255,195.703119039,0.0432634503,19.7543953381,-77.2277679443,18.7799305143,77.69,-47.4375,75.685,43.5625,110,75.32,-31.2812519073,88.045,-52.5000038147,3.2670119739,91,"L4tg"
"197",0.1025004759,81.9285714286,0.2489379085,0.0254,259.28580761,0.0217895862,18.3088230464,-72.3453674316,12.2057541412,78.68,-53.0625038147,76.16,41.2812538147,90,75.68,-39.3750038147,92.86,-56.78125,3.9798682982,94.3437576294,"L4tg"
"198",0.0923111539,83.224,0.1441287889,0.03486,155.781134963,0.0176409464,18.5143234051,-76.8596801758,12.0157646833,68.22,-50.0312538147,64.42,36.5000038147,170,63.88,-38.03125,79.7,-54,4.1548754458,86.5312576294,"L4tg"
"202",0.0140651738,43.6254545455,0.3402439063,0.0315,330.312430859,0.0188371781,43.2594585782,-61.6267166138,22.922397266,182.165,-46.9375038147,180.425,35.0625038147,30.0000019073,179.905,-33.90625,205.895,-49.0937538147,2.1932470422,82.0000076294,"L4tg"
"203",0.0103034531,63.6757142857,0.2048841115,0.05394,159.374848008,0.0329797305,19.6820768478,-80.3756484985,15.7045745182,114.56,-46.1562538147,112.66,36.7187538147,110,112.2,-32.875,133.44,-53.5000038147,2.7994870989,82.8750076294,"L4tg"
"204",0.2515192661,116.715,0.0672619048,0.046655,232.031360269,0.010891634,23.8377884467,-75.2405853271,8.56787902155,164.135,-51.40625,161.18,35.03125,70,160.61,-40.03125,180.86,-56.4375,3.469908713,86.4375,"L4tg"
"205",0.021990432,53.9873529412,0.2820261438,0.05778,248.125001788,0.0537547953,28.103135622,-73.4638595581,18.5228566603,156.795,-46.7812538147,154.7,44.7187538147,50,154.35,-32.78125,181.805,-52.5937538147,3.6461133101,91.5000076294,"L4tg"
"206",0.0122443751,66.1728571429,0.2499850702,0.03964,163.59385848,0.0291495863,31.3002813538,-79.1894683838,15.1119362708,69.36,-50.40625,66.86,39.7500038147,170,66.44,-36.9375,78.7,-54,3.9166680058,90.1562538147,"L4tg"
"207",0.0306227484,72.3096153846,0.2656862745,0.04176,147.187545896,0.0363216288,16.4000066316,-74.2206802368,13.8294194303,170.455,-51.28125,168.825,51.28125,70,168.465,-42.03125,216.825,-58.9375,4.2900422124,102.5625,"L4tg"
"209",0.0205717361,53.5075,0.26107956,0.028535,107.343748212,0.0506856926,10.3073840433,-70.3413925171,18.6889688361,100.7,-49.53125,99.3,42.3125038147,130,98.89,-39.5937538147,113.73,-53.0937538147,2.7883953929,91.8437538147,"L4tg"
"210",0.0733398426,95.125,0.2787744362,0.041875,168.43739152,0.0177898649,17.4383435205,-75.8291931152,10.5124835742,114.365,-50.875,112.53,39.1250038147,130,112.095,-36.4062538147,128.46,-54.6875038147,3.318061105,90.0000038147,"L4tg"
"211",0.0183919875,58.0516666667,0.1992141454,0.05784,230.044677854,0.0323442556,35.8412916819,-73.2083282471,17.2260342798,801.51,-48.5,798.78,37.5312538147,50,798.325,-36.1562538147,828.59,-55.90625,3.5222917945,86.0312538147,"L4tg"
"212",0.021988441,87.1515,0.1684659242,0.07715,131.406247616,0.0534133799,15.9289129016,-75.3521347046,11.474271814,311.955,-39,308.85,32.0312538147,110,308.305,-25.3750019073,351.18,-50.15625,2.5937766714,71.0312538147,"L4tg"
"213",0.0434096206,69.7430769231,0.218259542,0.040105,174.218848348,0.063827537,18.7334272774,-73.7013092041,14.3383407231,167.515,-48.5312538147,165.46,32,90,165.06,-35.25,196.96,-58.4375,2.9594710991,80.5312538147,"L4tg"
"214",1,144.6,0.1462121215,0.04535,171.562537551,0.0384177454,15.7470055984,-67.611000061,6.91562932227,67.14,-48.40625,64.265,30.2812519073,170,63.8,-36.90625,74.755,-51.375,3.0986918206,78.6875019073,"L4tg"
"215",1,72.635,0.0557142857,0.05712,96.093788743,0.0138095831,18.0701405821,-77.2543792725,13.7674674744,94.82,-48.7500038147,90.45,29.1250019073,270,89.965,-37.90625,106.19,-53.1562538147,4.4120144009,77.875005722,"L4tg"
"216",0.0085102866,109.7325,0.1625048468,0.0922,137.500077486,0.0892390981,21.5385469129,-75.5594406128,9.11307042125,367.94,-51.6250038147,365.38,41.3125,70,364.96,-44.3750038147,426.96,-62.2812538147,4.6748068812,92.9375038147,"L4tg"
"217",0.0108898145,87.28,0.1461491439,0.07182,133.593708277,0.0484857745,14.0267744418,-81.4397125244,11.4573785518,295.52,-49.1875038147,292.82,39.09375,90,292.3,-36.0937538147,330.88,-59.3125038147,3.3452267041,88.2812538147,"L4tg"
"218",0.0213311008,55.8575,0.1261904762,0.04898,162.968829274,0.0304045584,16.5834144453,-78.2592773438,17.9026988318,125.22,-46.09375,123.16,39.5937538147,90,122.74,-35.875,136.72,-51.0625038147,3.5417232805,85.6875038147,"L4tg"
"219",1,61.145,0.0877221248,0.028495,121.63464725,0.0059941025,25.790011613,-68.0202865601,16.3545670128,69.335,-48.5312538147,66.18,23.5000019073,200,65.565,-36.59375,82.57,-52.5312538147,2.4462161428,72.031255722,"L5tg"
"220",1,315.8,0.2418936446,0.139925,214.999929071,0.1055687144,28.2906596791,-68.580871582,3.16656111463,214.845,-49.8125038147,212.6,45.5937538147,40,212.13,-41.0312538147,273.445,-57.7812538147,3.8059332009,95.4062576294,"L5tg"
"221",0.0399574818,103.737777778,0.1358940397,0.05102,184.843823314,0.1374426186,22.9521681877,-76.536239624,9.6396898162,159.24,-52.4687538147,156.66,37.875,70,156.22,-41.46875,201.68,-63.3125,4.0391183387,90.3437538147,"L5tg"
"222",0.1505945359,121.0825,0.1151419558,0.028715,197.187453508,0.0051550046,29.7304313784,-57.1328697205,8.25883178824,65.42,-44.5,60.925,36.6875,90,60.455,-32.375,79.12,-49.59375,3.7091375648,81.1875,"L5tg"
"223",0.0868781787,101.536111111,0.1365522202,0.05453,118.080377579,0.0944587663,16.1776718329,-68.4131774902,9.84871282795,255.455,-44.96875,253.605,30.8125019073,50,253.13,-40.8125038147,423.175,-56.3437538147,2.9693590104,75.7812519073,"L5tg"
"224",0.0200593683,61.381,0.1996212208,0.044355,178.28117311,0.0534816235,18.6733564981,-79.4305877686,16.2916863525,98.42,-48.34375,95.56,33.8125,90,95.1,-34.9687538147,119.46,-54.40625,3.3345517426,82.15625,"L5tg"
"225",0.0763599331,116.445,0.1541666753,0.047445,136.87504828,0.2040595114,18.6989093448,-68.0052108765,8.58774528747,119.98,-46.6250038147,117.32,38.1562538147,70,116.845,-43.7500038147,192.86,-56.78125,3.8862715922,84.7812576294,"L5tg"
"226",1,49.28,0.0707386364,0.03072,220.156252384,0.1936496496,24.715286411,-75.2548217773,20.2922077922,67.56,-48.5,65.86,36.1562538147,70,65.42,-40.9687538147,97.84,-56.2187538147,2.8178060899,84.6562538147,"L5tg"
"227",0.0543448402,77.4791666667,0.1738764199,0.048245,121.562540531,0.1921915859,17.6999565475,-70.8589324951,12.9066953482,155.68,-46.5625038147,153.84,44.1875,120.000007629,153.435,-43,206.765,-57.0000038147,3.7168961468,90.7500038147,"L5tg"
"229",0.0187310267,49.4557894737,0.2459748145,0.03755,195.937529206,0.0292322263,21.92828359,-78.8551330566,20.2200796033,399.255,-54.3125,397.325,39.625,50,396.83,-41.5000038147,440.715,-61.1875038147,3.3482350151,93.9375,"L5tg"
"230",0.1864363974,133.743333333,0.1182619205,0.04158,154.218822718,0.1746139079,22.5543011985,-66.1993484497,7.47700819979,96.105,-42.0937538147,94.44,37.8125,70,94.035,-40.1562538147,96.235,-42.28125,3.345482063,79.9062538147,"L5tg"
"231",0.015226471,85.318,0.1594293135,0.06217,91.2500023842,0.0420052446,14.5823818029,-78.7921066284,11.7208560913,191.19,-43.1250038147,187.475,35.6875038147,209.999984741,187.025,-39.71875,232.915,-52.5312538147,3.9278155439,78.8125076294,"L5tg"
"232",0.0145937569,63.3460714286,0.1823616584,0.06211,210.624992847,0.2835232019,25.0833391584,-68.5026245117,15.7862986204,482.145,-48.96875,479.03,36.0625,59.9999961853,478.4,-38.5625038147,529.615,-54.71875,3.3291524076,85.03125,"L5tg"
"235",1,47.555,0.0405063291,0.03439,234.687611461,0.0607179217,23.6110219254,-76.8264770508,21.0282830407,60.785,-47.6562538147,58.795,29.8437519073,150,58.335,-32.84375,78.805,-51.0312538147,2.2906380048,77.500005722,"L5tg"
"236",0.0171561136,53.4020588235,0.2444881979,0.035225,144.062504172,0.2682667673,15.339010287,-68.8367080688,18.7258697891,754.925,-49.0312538147,753.02,44.6250038147,80,752.59,-40.28125,807.815,-56.0625,3.4879629387,93.6562576294,"L5tg"
"237",0.0522637766,124.382142857,0.0959208319,0.06746,96.4062511921,0.1284628212,15.7911016595,-77.0904159546,8.03973928274,199.805,-45.6875,197.015,42.90625,200,196.545,-36.75,255.02,-55.8750038147,3.5949752774,88.59375,"L5tg"
"239",1,1000,0.044884492,0.043565,335.937708616,0.0485723428,23.5713573041,-65.9088363647,1,66.56,-46.7812538147,64.235,29.1875,110,63.645,-34.15625,103.645,-50.8125,2.3932422179,75.9687538147,"L5tg"
"241",0.0629883953,84.175,0.1113235431,0.04478,150.468751788,0.0196336731,17.2733130739,-75.2881317139,11.88001188,130.56,-47.53125,127.72,38.4062538147,130,127.3,-33.8437538147,145.7,-54.875,3.8019869287,85.9375038147,"L5tg"
"242",0.0147999528,92.074,0.1776712329,0.04876,164.062529802,0.2195701003,18.35345851,-69.3629837036,10.8608293329,161.16,-45.8437538147,158.5,45.5625038147,70,158.08,-38.0937538147,217.08,-57.2812538147,4.0599946004,91.4062576294,"L5tg"
"243",0.0774982509,168.123,0.12,0.0984,118.75037849,0.0723411068,27.556439425,-71.7197418213,5.94802614752,259.825,-43.40625,254.59,21.5625019073,110,253.94,-34.59375,306.94,-51.53125,4.5132629741,64.9687519073,"L5tg"
"245",0.0185935976,56.9271875,0.2557692461,0.032505,251.874893904,0.15363805,27.4752091503,-69.9340515137,17.5662990553,132.5,-51.0312538147,130.855,28.1250019073,60.0000038147,130.305,-43.2812538147,160.56,-54.5000038147,2.3829065111,79.156255722,"L5tg"
"246",0.1238071413,125.053333333,0.0793956035,0.069145,102.656133473,0.0125178266,25.7608101089,-66.1836395264,7.9965881224,140.29,-48.2812538147,134.83,32.9062538147,190,134.285,-35.5,163.625,-53.53125,3.2249206239,81.1875076294,"L5tg"
"248",0.0085722064,59.995,0.206250011,0.03832,128.78613174,0.1035796404,15.289644046,-74.2342147827,16.6680556713,105.92,-50.4687538147,104.08,36.75,110,103.64,-41.09375,144.58,-59.1250038147,2.9557570022,87.2187538147,"L5tg"
"249",0.0144138954,61.5,0.2148452758,0.03966,216.562509537,0.0540811755,23.608140987,-71.4015350342,16.2601626016,83.4,-50.34375,79.5,40.6562538147,110,79.02,-36.5625038147,93.56,-54.875,4.2403849425,91.0000038147,"L5tg"
"250",1,1000,0.0421568659,0.045045,323.281377554,0.0213349648,35.0726067065,-71.5274658203,1,94.04,-42,91.485,31.3750019073,110,90.975,-27.6562519073,124.405,-50.15625,2.5879497122,73.3750019073,"L5tg"
"251",0.0688026187,67.251,0.1028761047,0.040295,167.96875,0.094158262,19.1808253576,-77.261932373,14.8696673655,66.995,-45.8437538147,63.635,31.6250019073,190,63.13,-32.28125,78.44,-48.7500038147,2.8758943752,77.468755722,"L5tg"
"252",1,56.77,0.027665705,0.047385,122.812658548,0.1129248142,18.9229147209,-77.0024642944,17.614937467,90.005,-44.1875,86.145,31.0937519073,170,85.56,-30.8125019073,128.005,-50,2.46979509,75.2812519073,"L5tg"
"254",0.0296417935,62.0183333333,0.2523109244,0.029715,144.687533379,0.0101551265,16.5931222158,-61.4261207581,16.1242643304,81.605,-49,79.09,35.8437538147,70,78.585,-34.6875,92.695,-53.28125,3.0914355399,84.8437538147,"L5tg"
"256",0.01582228,93.5061111111,0.1284237726,0.07467,131.093755364,0.0597853959,24.7628804764,-77.7642974854,10.6944881796,229.365,-52.6562538147,225.28,39.3437538147,90,224.83,-38.78125,271.675,-62.34375,4.4080738425,92.0000076294,"L5tg"
"257",0.0088135924,76.3745454545,0.1902654834,0.0713,200.156211853,0.0591901094,28.8503721705,-72.7270736694,13.0933676142,493.56,-47.4062538147,490.04,35.4687538147,50,489.54,-37,531.74,-58.4062538147,3.2895535054,82.8750076294,"L5tg"
"259",0.0979197865,67.1592857143,0.0200000078,0.01965,151.56249702,0.0824915841,17.3521689109,-71.3918457031,14.8899737298,38.58,-48.25,35.9,35.40625,190,35.44,-38.78125,47.87,-50.5937538147,3.6613683215,83.65625,"L5tg"
"260",0.1039141876,153.395,0.0683593822,0.081125,125.937506556,0.057324186,20.8820934116,-78.1010055542,6.51911731152,150.49,-45,146.895,36.0000038147,150,146.425,-35.8437538147,191.19,-54.6875038147,3.9522051522,81.0000038147,"L5tg"
"261",0.0295945765,73.8929166667,0.1988903278,0.029175,97.187384963,0.1956605017,12.3553537849,-70.7032394409,13.5330968801,68.555,-46,66.54,34,140,66.055,-39.7500038147,107.3,-56,3.1639686278,80,"L5tg"
"262",0.0269525533,81.8859090909,0.1800233645,0.075775,159.531250596,0.0344274789,25.1125429018,-79.6815643311,12.2121133062,528.23,-51.03125,523.555,33.875,50,522.99,-35.96875,578.325,-60.4375,4.0843144473,84.90625,"L5tg"
"263",0.0223981015,85.0245454545,0.1029761956,0.058865,139.687538147,0.029876072,27.6047277572,-63.8380661011,11.7613095684,116.185,-48.875,111.975,31.6875019073,130,111.395,-38.28125,128.295,-52.15625,3.987668409,80.5625019073,"L5tg"
"264",0.1134402018,86.349,0.2060606316,0.050605,146.406248212,0.0493269563,23.2283383879,-77.6622772217,11.5809100279,143.575,-43.8125038147,141.86,46.90625,110,141.445,-37.71875,188.845,-51.375,3.6176181454,90.7187538147,"L5tg"
"265",0.0168667895,61.2356666667,0.1547618982,0.04051,93.75,0.1759252697,16.2139673128,-76.0012969971,16.3303521368,72.845,-47.3437538147,71.085,40.0000038147,170,70.685,-42.0000038147,106.075,-54,3.2465301047,87.3437576294,"L5tg"
"267",0.1739393312,82.904,0.1225368732,0.0343,267.968744039,0.1054822654,34.1245300885,-80.1675643921,12.0621441667,123.58,-48.1562538147,120.9,33.59375,70,120.32,-35.03125,157.94,-57.03125,2.7717877043,81.7500038147,"L5tg"
"268",0.0929322943,101.343333333,0.1547619048,0.04745,215.624928474,0.0188374985,31.5536223492,-71.1050338745,9.86744729139,131.05,-49.7187538147,128.27,33.5625,90,127.83,-36.5,151.2,-54.40625,3.387519999,83.2812538147,"L5tg"
"269",0.2798290598,87.75,0.0444444403,0.05044,141.562610865,0.0726919919,18.7788583406,-76.4054412842,11.396011396,105.385,-44.5625038147,101.465,36.1562538147,190,101.02,-32.0312538147,130.58,-51.53125,3.4473208755,80.7187576294,"L5tg"
"271",1,64.985,0.0802083249,0.04376,94.3750739098,0.0468432941,15.5961482196,-68.6219024658,15.3881665,78.135,-46.59375,75.475,35.5,290,75.02,-33.7812538147,87.78,-50.5,3.5442468637,82.09375,"L5tg"
"272",0.1506819303,117.956666667,0.1045454588,0.059775,128.90625,0.0993512869,26.2819927496,-73.0203781128,8.47768954701,102.24,-45.03125,98.16,22.0312519073,130,97.64,-34.4062538147,137.61,-53.71875,2.893732392,67.0625019073,"L5tg"
"273",0.0521251995,103.772222222,0.2211538462,0.034375,158.035814762,0.0683922395,17.8273180408,-71.477355957,9.63649017614,130.435,-46.15625,128.655,38.5625038147,130,128.245,-33.3750038147,148.685,-52.4375038147,2.722549065,84.7187538147,"L5tg"
"274",0.0267317212,94.2335,0.1642857143,0.056125,166.250005364,0.1662214994,23.1827548874,-69.4028549194,10.6119373683,177.855,-47.75,176.355,43.9375,70,175.93,-36.84375,217.065,-57.2812538147,2.9741942344,91.6875,"L5tg"
"275",0.0330282831,79.2636363636,0.175892864,0.06008,129.776865244,0.1384126991,18.6729106982,-78.4465026855,12.6161257025,206.505,-48.03125,203.965,33.3125038147,90,203.585,-35.34375,252.59,-59.7812538147,3.1247076057,81.3437538147,"L5tg"
"276",0.027104301,48.5865789474,0.3163556531,0.02448,339.062571526,0.0973013043,24.8041949599,-67.7243728638,20.5818154244,127.535,-48.0625038147,125.39,31.7500019073,40,124.935,-38.9375,171.365,-54.5937538147,2.6642604896,79.812505722,"L5tg"
"277",0.000475832,75.3683333333,0.2374733939,0.051065,137.812420726,0.17492643,20.3768973721,-68.4113006592,13.2681718671,801.585,-51.6875,800,50.71875,70,799.54,-46.34375,868.4,-57.3750038147,3.1639470906,102.40625,"L5tg"
"278",0.0744861953,97.8427777778,0.2,0.0464,170.781180263,0.0273176432,20.0068022966,-72.5783004761,10.2204784319,100.275,-45.4375038147,97.37,34.15625,90,96.855,-34.625,126.3,-49.5000038147,3.7953221718,79.5937538147,"L5tg"
"279",1,49.905,0.0108209012,0.03722,101.562574506,0.0585205704,15.3165200563,-77.6154632568,20.0380723374,73.03,-48.7500038147,70.2,31.0937519073,330,69.66,-33.8125,83.59,-50.1875038147,3.1546793315,79.843755722,"L5tg"
"280",0.0032079635,50.3721052632,0.2103449072,0.025115,98.3444213867,0.1928599477,13.6589096926,-68.2019271851,19.8522574106,57.15,-51.9687538147,55.75,23.5937519073,150,55.295,-43.78125,87.37,-55.7187538147,2.0943282172,75.562505722,"L5tg"
"283",0.2248069461,98.1166666667,0.0969737789,0.045665,164.218783379,0.0750427693,17.1019390996,-76.1374206543,10.1919483608,100.255,-44.7812538147,96.61,42.1875,130,96.18,-34.875,138.56,-53.0000038147,3.6121828153,86.9687538147,"L5tg"
"284",0.0360390731,110.28625,0.1212121285,0.073425,115.781329572,0.1137753576,20.045260178,-75.1748199463,9.06731346836,163.15,-43.6875038147,160.73,32.71875,130,160.275,-37.34375,215,-53.9375038147,3.2048788725,76.4062538147,"L5tg"
"285",0.0284554053,102.525,0.1368804665,0.06842,226.562425494,0.0979147926,32.807554557,-73.26587677,9.75371860522,176.555,-45.5000038147,174.405,23.7500019073,50,173.845,-36.4062538147,227.725,-57.65625,2.5873784261,69.250005722,"L5tg"
"287",0.0362030289,77.0054545455,0.1824803109,0.05864,213.750079274,0.0653698221,30.5055063301,-70.960609436,12.9860930749,263.46,-47,260.06,32.5000038147,59.9999961853,259.58,-36.7187538147,324.96,-54.4375038147,4.455772231,79.5000038147,"L5tg"
"288",0.1892336382,93.7166666667,0.170120899,0.024975,436.71888113,0.0639035106,45.3610918055,-58.3095245361,10.6704606082,64.67,-50.9062538147,61.245,23.125,30.0000019073,60.635,-32.78125,86.77,-55.34375,2.2096504774,74.0312538147,"L5tg"
"289",0.0181273967,77.06875,0.1806818245,0.049725,109.843634069,0.1881266385,16.956399784,-75.0866622925,12.9754277836,104.575,-48.4687538147,103.305,47.0000038147,150,102.91,-41.3750038147,156.575,-53.3125038147,3.0269697689,95.4687576294,"L5tg"
"290",0.0266305931,100.808333333,0.1196428634,0.07263,113.281257451,0.0807848945,22.4541160442,-77.2494049072,9.91981483013,142.19,-49.0625,138.89,31.0000019073,110,138.43,-37.71875,183.735,-57.34375,3.660713243,80.0625019073,"L5tg"
"292",0.1587516235,81.548,0.1102124291,0.04437,157.500043511,0.0933771506,21.9469476709,-74.5154037476,12.2627164369,93.82,-48.4687538147,90.735,38.8750038147,110,90.265,-37.5,113.875,-52.2187538147,4.0153479092,87.3437576294,"L5tg"
"293",0.0095073086,79.9181818182,0.1696095076,0.06408,130.312532186,0.0329664536,20.498393152,-67.2591934204,12.5127971789,932.82,-50.15625,929.88,37.5625,70,929.42,-39.15625,961.46,-58.15625,3.9256725762,87.71875,"L5tg"
"294",0.0611329397,127.561428571,0.1440660403,0.049985,75.6250023842,0.2082295418,15.1601907652,-70.3271865845,7.8393603082,118.085,-42.75,115.895,42.0000038147,209.999984741,115.505,-39.15625,168.855,-53.3750038147,3.6039451917,84.7500038147,"L5tg"
"295",0.0846457179,131.1225,0.1662581846,0.090405,140.468791127,0.0548031926,20.5879705006,-75.9048919678,7.62645617648,218.145,-44.1562538147,214.4,31.5,110,213.94,-31.0937519073,264.625,-52.9062538147,3.8572879747,75.6562538147,"L5tg"
"296",0.0917128299,73.97625,0.2081693059,0.0443,193.281248212,0.0893409029,25.6384772994,-77.2745437622,13.5178520133,133.57,-48.8437538147,132.145,37.4375038147,100,131.73,-37.5937538147,194.985,-53.4687538147,2.8107646052,86.2812576294,"L5tg"
"297",0.0019687691,118.630714286,0.1936058683,0.066365,80.3125798702,0.1708509177,13.2719447786,-71.4556655884,8.42952017967,730.325,-48.4375038147,728.685,42.8750038147,190,728.32,-41.1875038147,758.765,-55.0625038147,3.0848607096,91.3125076294,"L5tg"
"298",0.1007404005,82.6481818182,0.18,0.031125,332.812458277,0.0559259318,26.9592504555,-74.8909378052,12.0994797224,63.525,-46.7187538147,61.05,22.8750019073,70,60.47,-40.21875,103.16,-48.2187538147,2.7762995459,69.593755722,"L5tg"
"299",0.0339354609,105.8175,0.1498134328,0.05054,176.339313388,0.1318251491,23.2229100399,-69.7545013428,9.45023271198,104.02,-43.875,102.06,38.8750038147,90,101.64,-31.0000019073,130.58,-54.5000038147,3.180070432,82.7500038147,"L5tg"
"300",0.0500393597,45.90425,0.2827127858,0.046195,237.6562953,0.1138931736,24.8947147944,-75.7492904663,21.7844752937,305.82,-47.5000038147,304.045,27.5312519073,60.0000038147,303.52,-42.28125,363.85,-54.3437538147,2.4694016135,75.031255722,"L5tg"
"301",0.0677642414,96.0311111111,0.1747596317,0.032395,143.348321319,0.1129425913,17.3954122577,-77.2986679077,10.4132919887,63.03,-56.9375038147,61.33,39.4375038147,110,60.895,-45.3437538147,87.62,-59.3750038147,3.4794353312,96.3750076294,"L5tg"
"302",1,49.125,0.1341386558,0.034465,146.718755364,0.0478804708,20.8098833517,-76.0803756714,20.3562340967,60.915,-48.65625,58.785,31.7812519073,190,58.37,-39.84375,80.53,-54.21875,2.9823366857,80.4375019073,"L5tg"
"304",0.0203495168,62.87,0.1931818182,0.04736,133.616149425,0.0384177193,19.8759000792,-69.9344177246,15.9058374423,348.37,-47.5,344.4,42.25,50,343.98,-36.28125,406.805,-57.5312538147,3.989207835,89.75,"L5tg"
"306",0.032339618,55.895,0.25,0.038685,213.124960661,0.0295581277,20.5677674593,-76.9283905029,17.8906878969,92.495,-49.0000038147,89.795,17.2500019073,70,89.235,-40.6250038147,119.07,-54.0312538147,3.0429334796,66.250005722,"L5tg"
"307",0.0086853313,56.3541176471,0.2067351561,0.0412,192.499995232,0.0993435383,24.9436757584,-74.2431030273,17.7449322561,166.76,-51.0937538147,164.34,40.3125038147,59.9999961853,163.92,-42.34375,213.16,-60.1562538147,4.3522414326,91.4062576294,"L5tg"
"309",0.0207597174,79.265,0.1541964385,0.07411,173.124969006,0.0914223418,25.7879458292,-77.813873291,12.6159086608,167.885,-46.25,162.32,38.0000038147,90,161.72,-37.7812538147,206.11,-52.3125,4.1657922456,84.2500038147,"L5tg"
"310",0.0198464248,137.9125,0.0997193035,0.120345,105.000078678,0.0216580909,22.5945108648,-77.271156311,7.25097434968,268.115,-47.0000038147,264.295,49.0937538147,130,263.9,-37.1250038147,314.06,-58.15625,4.6772020823,96.0937576294,"L5tg"
"313",0.0146677685,57.0815625,0.2902143903,0.064105,149.519309402,0.0320296884,28.1226515066,-76.7724685669,17.5187916413,172.635,-44.5312538147,170.82,39.7500038147,50,170.44,-32.0625,215.85,-53.9375038147,3.5388814059,84.2812576294,"L5tg"
"314",0.0566028652,81.5690909091,0.1693527988,0.03303,122.187539935,0.2755068839,17.3801509965,-66.0431060791,12.2595457281,97.555,-46.5,95.465,33.8125,90,94.935,-38.4062538147,151.09,-56,2.9008821514,80.3125,"L5tg"
"315",0.0269213213,78.1066666667,0.1686023705,0.05536,143.593862653,0.0808621943,19.0040971369,-77.3134155273,12.8030044384,190.16,-47.0937538147,188,35.4375038147,100,187.54,-38.3437538147,230.26,-57.5625038147,3.411549724,82.5312576294,"L5tg"
"316",0.307736654,86.73,0.1179047553,0.02232,151.093780994,0.0345000289,15.0420671304,-69.4515762329,11.5300357431,52.875,-38.6875,49.085,29.5,249.999984741,48.335,-30.8437519073,64.025,-41.59375,3.398680726,68.1875,"L5tg"
"317",0.0030326778,62.0013333333,0.2132588607,0.031875,119.374923408,0.1596059799,16.0924509911,-67.953086853,16.1286854046,161.72,-52.1250038147,160.31,48.3125038147,80,159.905,-46.7812538147,206.23,-59.8125,3.1600555038,100.437507629,"L5tg"
"318",0.3828773828,264.316666667,0.1535714353,0.046585,189.687535167,0.1462532878,17.773785589,-75.4081039429,3.78334068983,114.2,-39,111.835,22.0625,110,111.37,-30.90625,143.735,-50.9062538147,2.5174069656,61.0625,"L5tg"
"319",1,327.96,0.1343749924,0.05943,113.750115037,0.2139548808,14.4014285584,-75.2158737183,3.04915233565,78.35,-40.375,75.945,32.78125,190,75.425,-39.0312538147,155.045,-54,3.5182866976,73.15625,"L5tg"
"320",1,140.73,0.002463192,0.10863,151.562646031,0.0386723652,22.3812942284,-77.8381347656,7.10580544305,270.12,-45.0312538147,264.345,33.1875,130,263.76,-33.40625,323.52,-54.25,4.8153308206,78.2187538147,"L5tg"
"321",0.0551576636,128.938333333,0.1557242991,0.09216,140.937611461,0.0726220906,20.2817158561,-76.5253677368,7.7556454636,230.68,-47.125,226.78,37.625,90,226.275,-35.59375,282.39,-55.09375,4.1983029988,84.75,"L5tg"
"322",0.0048217804,72.5384615385,0.1550892933,0.028025,157.031327486,0.0059356811,8.52965758001,-68.5474395752,13.7857900318,107.045,-53.7812538147,100.62,27.6250019073,110,100.16,-35.5625,114.31,-56.8125038147,3.7164701068,81.406255722,"L5tg"
"323",0.1993933428,151.493333333,0.1363793097,0.0501,135.312497616,0.1140901595,16.338332716,-69.0844650269,6.60095053688,98.815,-43.2500038147,96.31,36.25,210,95.85,-27.3750019073,118.07,-48.90625,3.1363951811,79.5000038147,"L5tg"
"324",0.5423579673,307.1,0.1553466075,0.03378,136.562421918,0.1326381862,14.1818948651,-80.0506210327,3.25626831651,65.16,-47,62.98,40.7812538147,210,62.44,-33.96875,66.12,-47.8750038147,2.7189014122,87.7812538147,"L6atg"
"325",0.0092892927,60.1843333333,0.2173949196,0.06071,151.562616229,0.149849534,14.6088103604,-76.2948379517,16.6156197903,448.86,-49.53125,446.59,25.5312519073,120.000007629,446.065,-39.5312538147,474.74,-55.0937538147,2.4319977954,75.0625019073,"L6atg"
"326",1,1000,0.0054491508,0.00999,192.053586245,0.0073593408,23.1352112096,-66.3029708862,1,22.855,-52.2187538147,20.985,29.0000019073,140,20.515,-39.6875038147,23.05,-52.5000038147,2.4746264682,81.218755722,"L6atg"
"327",0.0260136954,84.2527272727,0.1746212138,0.04248,160.156279802,0.1646226496,14.9630881567,-76.3359832764,11.8690519865,180,-46.90625,177.5,33.3750038147,170,176.84,-33.65625,202.54,-48.03125,2.4592183831,80.2812538147,"L6atg"
"328",1,1000,0.01461039,0.02006,194.218784571,0.1414680332,17.9649075208,-77.8036346436,1,44.94,-43.40625,42.88,28.1875019073,190,42.26,-29.2187519073,797.86,-46.65625,2.1574245857,71.5937519073,"L6atg"
"329",0.5957585165,293.97,0.2038612644,0.02812,248.125046492,0.178474471,22.1116708312,-72.4742507935,3.40170765724,63.9,-46.6875038147,61.37,37.25,90,60.745,-37,73.475,-48.4687538147,2.754261032,83.9375038147,"L6atg"
"332",0.0237073068,51.0925,0.3485211407,0.0266,147.499918938,0.1379958093,14.9430428134,-74.173248291,19.5723442775,86.795,-55.8125038147,85.13,45.9687538147,90,84.665,-47.0937538147,121.42,-58.0312538147,2.6555707356,101.781257629,"L6atg"
"333",1,83.18,0.1568855135,0.031845,145.624890924,0.0955294892,15.7585495358,-69.3971939087,12.0221207021,69.545,-47.2500038147,67.715,45.875,110,67.25,-35.1875,93.325,-53.7187538147,2.4844170064,93.1250038147,"L6atg"
"334",1,1000,-3.86004028867e-19,0.0136,89.5832106471,0.1518599391,9.7215596407,-76.8494796753,1,22.4,-48.34375,20.985,34.78125,290,20.53,-40.53125,29.805,-49.1875038147,2.4712835169,83.125,"L6atg"
"335",0.0320279014,45.110952381,0.2093023361,0.017515,151.56288445,0.1120072529,12.5977240256,-78.5200042725,22.1675656846,43.195,-47.5625038147,40.79,20.3125019073,180,40.16,-37.7812538147,43.195,-47.5625038147,2.5249961541,67.875005722,"L6atg"
"336",0.0539655045,73.9578571429,0.1676254174,0.038035,138.258814812,0.1186074466,15.8888819551,-72.4948730469,13.5212138187,69.385,-46.9375038147,67.535,43.6875038147,180,67.055,-32.2500038147,88.135,-48.71875,2.3125413509,90.6250076294,"L6atg"
"337",0.0101593609,61.953,0.2355010661,0.0387,254.062503576,0.2895115018,21.8799708324,-77.1006546021,16.1412683809,98.045,-53.8125,95.835,29.375,70,95.37,-42.4687538147,114.76,-58.9375,2.921404395,83.1875,"L6atg"
"338",0.0314171806,80.3122727273,0.1495290716,0.046135,146.093830466,0.0842964947,13.7048037855,-73.2192153931,12.4513971033,77.85,-44.3750038147,75.845,30.0937519073,190,75.375,-32.2500038147,90.815,-45.53125,2.354592213,74.468755722,"L6atg"
"341",0.006833305,93.3938888889,0.1726190476,0.089995,219.999998808,0.1123706996,23.8237256885,-75.9695968628,10.707338691,230.13,-49.0625,226.7,33.625,70,226.16,-34.5,254.825,-54.9375,3.298298978,82.6875,"L6atg"
"342",1,41.42,0.1249999999,0.0295,160.468786955,0.1241720691,15.9091840799,-77.1066818237,24.1429261226,58.06,-44.6250038147,55.34,32.84375,210,54.7,-31.4375019073,59.26,-45,2.9365881401,77.4687538147,"L6atg"
"343",-0.1928444975,485.78,0.1209219853,0.01792,162.812456489,0.1143226027,19.1271703565,-75.4487686157,2.05854502038,49.78,-46,47.6,41.5625,210,47.06,-35.34375,50.1,-46.25,2.8310441167,87.5625,"L6atg"
"344",0.0255161595,76.3208333333,0.179905338,0.054425,134.218677878,0.0976739973,15.4246382179,-76.8444442749,13.1025823006,94.88,-47.5937538147,92.805,40.9375038147,190,92.255,-31.40625,115.235,-49.125,2.3617435688,88.5312576294,"L6atg"
"345",0.0537100688,135.660714286,0.1914772549,0.03096,119.374968111,0.1256251335,12.5231358808,-79.4126281738,7.37133078847,66.48,-51.4375,63.76,34.5625038147,230,63.255,-38.03125,79.085,-54.5000038147,2.9497624737,86.0000038147,"L6atg"
"347",0.0122753506,92.2345,0.1917233627,0.037875,188.12507391,0.1371909827,18.7583573854,-74.7404403687,10.8419300804,65.24,-54.8125038147,63.11,45.6562538147,70,62.58,-46.2812538147,79.23,-55.5312538147,3.6234669702,100.468757629,"L6atg"
"350",0.0106580757,39.4422916667,0.3056818364,0.043795,220.781207085,0.2110567391,16.3963969052,-70.1241836548,25.3534964056,126.84,-47.84375,124.695,31.1875,70,124.175,-31.8437519073,146.935,-49.6875,2.553382345,79.03125,"L6atg"
"351",0.0150098763,53.5364705882,0.213888898,0.065525,245.312705636,0.119957462,24.0032527496,-65.2310028076,18.6788555355,434.135,-50.34375,431.385,19.53125,30.0000019073,430.87,-40.53125,471.615,-57.0937538147,2.7584284824,69.875,"L6atg"
"352",0.0259065092,93.429,0.1622663618,0.051735,172.343745828,0.1668581814,17.8252477273,-72.852104187,10.7033148166,108.77,-49.4375,106.46,30.375,130,105.92,-33.9375,139.6,-53.40625,2.4558143506,79.8125,"L6atg"
"353",0.2194884105,66.655,0.1097222145,0.030765,115.625075996,0.0224851035,14.8473252841,-69.5698165894,15.0026254595,72.62,-46.09375,70.425,29.1250019073,290,69.78,-32.0937538147,72.67,-46.1562538147,2.0295515024,75.2187519073,"L6atg"
"354",1,51.5,0.1704545529,0.02956,204.06241715,0.07012178,21.4082217427,-69.5888595581,19.4174757282,80.24,-47.625,78.72,35.6250038147,130,78.2,-33.5625,93.5,-49.7187538147,2.4652067116,83.2500038147,"L6atg"
"355",0.1091188607,95.111,0.2014610442,0.03914,191.406175494,0.0643628687,15.4400532291,-71.1436080933,10.5140309743,100.885,-41.8125,99.08,29.3125,150,98.62,-28.4687519073,130.67,-43.9687538147,2.7143383539,71.125,"L6atg"
"356",0.188154311,139.458,0.1686305732,0.024655,137.544646859,0.1324702948,14.0547357351,-71.6495666504,7.17061767701,41.15,-43.2812538147,39.165,35.40625,270,38.645,-30.5312519073,41.18,-43.375,2.615208725,78.6875038147,"L6atg"
"358",1,58.6,0.0950757729,0.03786,120.624959469,0.1176001355,12.6449060915,-80.4029312134,17.0648464164,81.68,-48.1250038147,79.24,29.59375,350,78.54,-31.40625,81.9,-48.3125038147,2.1210345546,77.7187538147,"L6atg"
"359",1,65.57,0.1499094283,0.0325,165.625080466,0.1514507979,14.2321915753,-75.5698242188,15.2508769254,86.895,-50.0625038147,84.875,47.21875,110,84.375,-38.03125,106.5,-54.3437538147,3.0888827934,97.2812538147,"L6atg"
"360",0.120438047,116.5925,0.1838624339,0.027465,131.790757179,0.1609167904,13.7837214968,-77.4934310913,8.57688101722,58.705,-48.9375038147,56.915,34.1875038147,190,56.45,-32.28125,77.405,-50.8125,2.2049847698,83.1250076294,"L6atg"
"361",1,1000,0.1360017688,0.03266,104.374997318,0.1128655896,14.3525271962,-80.711227417,1,64.8,-47.7187538147,62.16,34.71875,290,61.64,-37.1250038147,78.88,-51.6250038147,3.1222454487,82.4375038147,"L6atg"
"362",0.0833337735,131.882857143,0.0857142931,0.0533,148.437514901,0.1106079072,45.4654375999,-72.2378997803,7.58248662232,129.58,-42.4375,123.9,45,130,123.28,-36.625,161.375,-48.2812538147,4.7093360603,87.4375,"L6atg"
"363",0.0153300747,77.6633333333,0.1582589253,0.053785,127.031207085,0.162562117,14.2446446743,-78.6349716187,12.8760891025,93.79,-49.6562538147,91.745,38.0000038147,190,91.3,-38.625,118.955,-54.0312538147,2.6977301624,87.6562576294,"L6atg"
"364",0.1944797836,150.174166667,0.1704328771,0.03744,133.281290531,0.0781460628,12.2742062048,-78.923828125,6.65893490336,77.24,-48.71875,74.965,36.4062538147,230,74.445,-37.65625,94.94,-51.4062538147,3.0043500776,85.1250038147,"L6atg"
"366",0.0181605133,64.4066666667,0.228257749,0.02634,163.906291127,0.1337776482,14.2239231437,-75.3721694946,15.5263430287,63.16,-50.5,60.46,43.5000038147,130,60.02,-34.0312538147,73.4,-53.125,3.0665196829,94.0000038147,"L6atg"
"367",1,1000,0.0625,0.03918,139.062613249,0.0669399872,14.9399484218,-75.7961120605,1,55.38,-46.8750038147,53.3,30.1250019073,270,52.7,-32.40625,55.54,-47.0937538147,2.3359184497,77.000005722,"L6atg"
"368",0.0283360591,127.053571429,0.1619047691,0.098,155.156210065,0.034036506,20.8754975418,-74.0390396118,7.87069571328,232.775,-44.7187538147,230.675,28.6562519073,90,230.175,-34.6562538147,294.205,-55.9375038147,2.8463913532,73.375005722,"L6atg"
"369",0.3663835888,90.67,0.1101562399,0.04177,125.669509172,0.1103913933,13.4431120069,-80.1582565308,11.0290062865,102.83,-53.5625038147,100.84,32.125,290,100.305,-39.15625,119.38,-53.90625,2.9989527512,85.6875038147,"L6atg"
"370",0.0841486554,84.399,0.1478943594,0.03683,145.625084639,0.0313746855,15.8406459227,-67.9644393921,11.8484816171,81.93,-44.9375038147,80.725,25.28125,150,80.32,-29.7812519073,98.125,-49.0000038147,1.946830806,70.2187538147,"L6atg"
"371",0.0083090206,41.7331818182,0.269510582,0.042005,206.718668342,0.2156516314,22.6424192702,-61.2651138306,23.9617483363,155.595,-45.1250038147,153.49,28.2812519073,50,152.935,-31.96875,181.125,-48.25,2.3183181118,73.406255722,"L6atg"
"372",1,1000,0.0155303046,0.01932,144.062578678,0.1027401239,15.8092229089,-78.934173584,1,33.76,-47.9062538147,32.18,26,330,31.6,-33.5312538147,33.9,-48,2.2569312314,73.9062538147,"L6atg"
"374",0.0091525921,55.5352941176,0.2783333333,0.02666,150.156363845,0.0869927704,10.1986055903,-66.0966186523,18.006567101,199.02,-51.5000038147,195.4,42.5625038147,50,194.86,-46.0000038147,221.9,-55.84375,4.0431381903,94.0625076294,"L6btg"
"375",0.0202565352,53.3344444444,0.2278089888,0.0383,215.000107884,0.0680718347,19.4838621165,-72.8924713135,18.7496093832,261.44,-49.6562538147,258.22,38.3125038147,40,257.78,-40.53125,296.86,-57.9375038147,4.5901261618,87.9687576294,"L6btg"
"376",0.0246543952,73.405,0.1733333453,0.07042,150.468826294,0.0630087703,18.7585611336,-74.7002639771,13.6230502009,409.86,-50.71875,405.74,35.34375,110,405.24,-43.9062538147,447.78,-58.4062538147,4.7614168323,86.0625,"L6btg"
"377",0.0109126745,61.9906666667,0.369364162,0.05038,487.96877265,0.2163177431,36.6362010455,-67.8327102661,16.13146065,481.24,-54.9687538147,476.84,21.8125,10,476.14,-43.3125,536.42,-63.4687538147,3.3262789885,76.7812538147,"L6btg"
"378",0.0333816133,77.5836363636,0.1888520971,0.1441,244.687616825,0.1482791454,32.5240686703,-67.9803619385,12.8893159289,366.62,-48.8125,362.28,34.1875038147,90,361.78,-39.3750038147,381.4,-54,4.6809277135,83.0000038147,"L6btg"
"379",0.0453230754,61.0826666667,0.2399553571,0.05336,183.906242251,0.051998876,15.3347965836,-66.8875732422,16.3712564394,235.14,-44.90625,231.78,36.1875038147,50,231.14,-42.7812538147,287.14,-50.6875038147,3.9327894378,81.0937538147,"L6btg"
