1.318842613667167152e-01,1.370895734062068660e-01,8.442183094709863056e-01,7.313693623374017960e-01,7.103816409497065720e-01,7.677334380756677401e-01,6.569433955261848590e-01,1.477712967464461236e-01,1.089566353519716146e-01,5.026687385987432810e-02,5.897740178924863047e-02,7.914160674896875136e-02,7.275666936135811724e-01,7.786870815707525040e-02,1.049999996571056249e+00,1.408450704225352179e-01,7.769236960721204177e-02,3.878171589842409617e-01,7.919718472482273341e-02,7.950528956975264627e-01,6.436221801254902175e-01
2.030864822680293891e-01,1.465766210140328485e-01,1.572345367075075606e-01,1.031195840566030419e-01,2.977568385230853210e-01,4.358933896142471731e-01,6.157683683710977185e-01,2.097345000713263241e-03,1.166543914611466892e+00,6.519829741233700710e-03,8.379402268103555151e-01,8.200057279811989730e-03,2.845594179466450768e-01,8.118344742944483272e-03,1.544943799998254041e-01,3.098591549295774961e-01,8.094212813908763238e-03,5.989848086885272149e-01,8.192812212912237158e-03,3.118372401583038300e-01,2.367119147636176368e-02
5.289667861816534922e-01,5.643232585240353094e-01,6.115034414234996607e-01,1.369150779911199045e-01,5.934966049657548481e-01,4.640000570497824217e-01,6.308111556193907177e-01,5.115879309659984719e-02,2.749121288717046308e-01,3.252314032835619539e-02,1.677448670032417877e-01,1.663275098857923684e-01,4.001615828048503687e-01,1.659331317998682387e-01,4.589887668565492129e-01,1.408450704225352144e-02,1.657879909851900369e-01,3.583755327944659896e-01,1.662508345925428621e-01,4.381624363335687722e-01,1.501381257316347362e-01
2.533649168239489602e-01,4.271503362958253280e-01,2.885761681900340103e-01,2.798960138568307165e-01,7.186318010809831236e-01,7.302667562876430374e-01,6.244680488647338379e-01,9.657761397560671313e-02,1.705031168846752876e-01,3.574082832241064905e-02,9.227579640678537642e-02,1.661365771795220159e-01,3.565075811880356049e-01,1.659582815667299815e-01,6.904494594308755451e-01,5.633802816901408578e-02,1.658886027044432776e-01,4.578679247461197033e-01,1.660048494219346082e-01,3.904592561215547430e-01,1.693756727084327063e-01
2.297202717631534608e-01,2.007021697029335028e-01,2.821742227800442260e-01,3.769499515882364093e-01,5.273634668382993773e-01,4.364444453687401637e-01,7.209449303354229510e-01,7.178462122552209390e-02,4.988480610676595400e-02,4.579082494426052474e-02,1.232066387567853083e-01,6.928344965154797919e-02,5.521422797089732271e-01,6.895563078130284573e-02,3.713482891400931019e-01,1.126760563380281716e-01,6.878823245331622260e-02,4.060912717916875803e-01,6.928749642317444390e-02,6.024734982332153876e-01,1.019901207102799912e-01
3.289224552808509006e-01,3.983949998237180656e-01,4.283793912833884221e-01,2.911613900621548012e-01,7.313267378267274132e-01,1.642667206557688608e-01,6.244897327397934683e-01,6.039868567890505080e-02,2.237826368262486043e-01,3.871360043240321819e-02,1.446104216743537285e-01,6.571099822633597043e-02,5.974130962004851053e-01,6.511274640484088216e-02,2.646067234266019086e-01,8.450704225352113907e-02,6.495492594977481104e-02,5.370558708410693161e-01,6.570816118554767549e-02,6.537102473498233035e-01,1.524279432770546394e-01
5.359998491173698643e-01,2.498534908520399778e-01,3.839784867328249057e-02,2.305025996448439862e-01,2.468727994218866684e-01,5.966666464269545500e-01,7.277339358579355544e-01,2.478821028315162933e-01,7.086618491088619853e-02,7.094959800013511675e-02,3.192061383992805118e-02,8.872843842169020334e-02,6.863379143088115253e-01,8.625364042875327542e-02,7.269662422803033763e-01,1.690140845070422504e-01,8.610350933676769181e-02,6.477157761750513831e-01,1.005025125628138394e-01,6.342756183745581477e-01,6.275811534477668818e-01
2.852408946724858674e-01,3.007605710749945427e-01,1.135938408325147704e-02,6.412480451786897184e-01,1.043827270652592176e+00,4.888000807069563525e-01,7.126010202762385060e-01,2.410055983244772104e-01,7.234570276064744565e-02,4.492095128707519064e-02,3.309149089198495930e-02,6.181697592740564851e-02,8.367016976556183039e-01,5.779416424809746822e-02,6.938201771376929505e-01,1.126760563380281716e-01,5.756499517063762283e-02,7.725888803592697585e-01,7.550238706017586843e-02,7.738515901060070146e-01,5.438486682194831889e-01
1.283288155496571381e-01,3.019310120213796189e-01,7.722576143242079749e-02,1.247833622197549452e-01,1.205571415675859015e-01,2.014667154520373149e-01,6.802535938280730443e-01,1.564437490422889154e-01,1.212499787416313340e-01,7.918383892980204730e-02,5.535344903754036566e-02,1.034654286188030348e-01,8.585285997814064984e-01,1.019470949504297508e-01,5.050561794276349215e-01,1.126760563380281716e-01,1.016631117192532408e-01,5.512689457619577293e-01,1.143730641218074773e-01,9.240282685512366534e-01,4.656634168281561514e-01
1.664220031701220681e-01,2.284962708394039643e-01,9.999201309428416840e-02,2.287697089522775507e-01,1.293733777176373501e-01,6.122667110551820446e-01,6.921099964562849038e-01,1.291449011857528917e-01,8.597220493997453916e-02,5.529187217079927635e-02,6.827707775159969072e-02,1.366324495158854901e-01,5.998382198299110346e-01,1.350944876740993728e-01,7.544943988589701833e-01,1.408450704225352179e-01,1.349052237604637661e-01,4.994922928075258284e-01,1.572648457070564554e-01,5.282684434007065555e-01,4.712095909134512706e-01
3.384208426490143973e-01,4.447046346622395285e-01,7.021525777114023120e-03,2.894282878091027911e-01,7.661756506611450135e-01,-1.149332993096063849e-01,6.355915308862233326e-01,7.990477740083912206e-02,2.221238900505946301e-01,4.622998446050942400e-02,1.112179338923485472e-01,1.079674208508565325e-01,9.563459983831850142e-01,1.058503387673597196e-01,2.926966091406785209e-01,5.633802816901408578e-02,1.054511429491307162e-01,6.192893784745789887e-01,1.564716690344827299e-01,8.613074204946995494e-01,3.612693451678223866e-01
4.058760512816410593e-01,4.157402320873574419e-01,5.039140682290625950e-01,1.854419410654881695e-01,3.714012825357175807e-01,1.648000254885633176e-01,6.257854881208021469e-01,4.540905229584459024e-02,2.193694219173554227e-01,1.864738868995338000e-02,1.859671777146398031e-01,2.668535797370163998e-02,7.041228779304768981e-01,2.559743271179892865e-02,3.679775371429409025e-01,1.126760563380281716e-01,2.547488731487446145e-02,5.187817580336226975e-01,2.668688095823745776e-02,7.712014134275617661e-01,3.399912814251706550e-01
6.944415528628505863e-01,5.655351332298871325e-01,1.105934623803407346e-01,2.270366066992250964e-01,7.437914930576132733e-01,1.544000746353246800e-01,6.369071466305354923e-01,9.448893715499714907e-02,1.045721518014646086e-02,5.036821836362407462e-02,9.432064757727809390e-02,2.318475754058577643e-01,6.612772837510103585e-01,2.309804888108686338e-01,2.910112331430012578e-01,2.816901139816901239e-02,2.308032839665163927e-01,4.548222392782117485e-01,2.630334489630969941e-01,6.422261484098938933e-01,3.313294771466999133e-01
2.485857965869446851e-01,3.227033045273797196e-01,2.484200742730132139e-01,2.772965720377378318e-01,4.532464402859059938e-01,5.572444905123548065e-01,6.567436983691130603e-01,1.931059317518476204e-01,1.015833078489901120e-01,1.000185798256874592e-01,4.343644262718743959e-02,1.571778136195316478e-01,7.566692626755051609e-01,1.531520202807721276e-01,6.747191234309926067e-01,8.450704225352113907e-02,1.528392627173214002e-01,6.091370935815532128e-01,2.014367542005730538e-01,6.590104928706712606e-01,6.370142878149507304e-01
1.780964764517314336e-01,1.284377160078232771e-01,9.106717529184704674e-02,1.247833622197549452e-01,4.118765704195981314e-01,3.246667116929851105e-01,6.170198333841225846e-01,6.288849662151789130e-03,6.435186969745891883e-01,4.788527802175528147e-03,6.319674399006751653e-01,5.647588469674502676e-03,3.023443815683104496e-01,5.522888802820924425e-03,4.926966297134411366e-01,5.070422535211268622e-01,5.473277527366260387e-03,6.964467436615757734e-01,5.652638818467670134e-03,3.303886925795052054e-01,5.626266667138488109e-02
2.956751644150563130e-01,5.160913483265265889e-01,9.286964742282677321e-02,2.876949739955652063e-01,8.652844219400726011e-01,4.572000165669170002e-01,7.014982186458232905e-01,2.001992239159528508e-01,8.056092174176923693e-02,5.388149449361529647e-02,4.160848490866032173e-02,9.640594303170990642e-02,8.100242522231204667e-01,9.424623633738926642e-02,6.365168102809766193e-01,5.633802816901408578e-02,9.391097875080500756e-02,7.025381145973912389e-01,1.189965813081388379e-01,6.731447684890459193e-01,3.031726151164504390e-01
3.970934014527774947e-01,4.332942514396975753e-01,5.579836212697063536e-01,3.812846111654044634e-02,4.470542733888556164e-01,4.015111293777646750e-01,6.345613036713306787e-01,9.220884824242296662e-02,1.137513733278992939e-01,3.338456861022903732e-02,9.664739638089839269e-02,5.012988448571298328e-02,6.750201115033143129e-01,4.868994864417608426e-02,5.168538971390100878e-01,5.633802816901408578e-02,4.843448164842256709e-02,4.710658951070532119e-01,5.667197124483536186e-02,7.146643109540635752e-01,3.374117959366585984e-01
2.064911156722148422e-01,1.799297934932727883e-01,6.343447367280774518e-01,4.298093587458415854e-01,4.304141391701490349e-01,6.186667108599064324e-01,7.586622324431830933e-01,1.039767212624721077e-01,1.086269979358550769e-01,5.256401594486858481e-02,8.562976729047699909e-02,4.091486913572839335e-02,3.071948261924009049e-01,4.048609469390229698e-02,5.876404434270202648e-01,2.253521126760563431e-01,4.034529942047648809e-02,3.248729926474804852e-01,4.092390022038228103e-02,3.383390069427560931e-01,2.022310427112068709e-01
4.591522810258077403e-01,3.382097985896117542e-01,1.753053540369304830e-01,4.020797226970072025e-01,5.353152435279753263e-01,6.665067484624083161e-01,6.241032701581101794e-01,1.058987351324297832e-01,1.220581878141117904e-01,6.435375988108911482e-02,8.404104778671275811e-02,2.311642372992068761e-01,7.316087308003234035e-01,2.288075489540213336e-01,8.275280331366977604e-01,5.633802816901408578e-02,2.286300708306505669e-01,7.299491598792133829e-01,2.556237732117128125e-01,5.795053003533567892e-01,5.621243798127900648e-01
1.418453236352015812e-01,1.802227315720147105e-01,9.259423052063925352e-02,4.549395529755830836e-01,3.692793499909807764e-01,4.518222552308424067e-01,6.060338554940269962e-01,1.566465834581163286e-01,1.061959631045912011e-01,4.552901830957367668e-02,5.527317823534130120e-02,5.232058606291767333e-02,7.049311866852061570e-01,4.979150843271695770e-02,3.129213439999810609e-01,4.225352112676056815e-01,4.960660817772066800e-02,6.578680610680773810e-01,5.546714591940693495e-02,7.323320476409893587e-01,4.332958166531828414e-01
7.830781113997041520e-02,2.363953312246633576e-01,3.995367287153566149e-01,2.876949739955652063e-01,4.163321456732735903e-01,5.832000582955509937e-01,6.387911555832473942e-01,1.183998642829752895e-01,1.291135410367331704e-01,4.212553205864468658e-02,7.485961571029428607e-02,5.113479346608196252e-02,7.865804365400161924e-01,4.981665819957870056e-02,6.882021999948776392e-01,1.971830985915493106e-01,4.965188345138438208e-02,6.994924291294835061e-01,6.076335724576908959e-02,7.844522968197880086e-01,3.627813465425896444e-01
2.948444673439761798e-01,3.010531464360017839e-01,2.430041354913354545e-01,3.864820139800233534e-01,4.742358684156813275e-01,5.644445228439225470e-01,6.550761947145322672e-01,1.818360952869275127e-01,1.124474080254190683e-01,9.018816296196202620e-02,4.661728770175441877e-02,4.354923802776564656e-01,8.771219708404203175e-01,4.343012640272823077e-01,7.646067577160378104e-01,1.126760563380281716e-01,4.342049661944622496e-01,7.461929396374025192e-01,4.628938900295682668e-01,6.448763250883391418e-01,4.021840513975573073e-01
1.868305640938254242e-01,2.706260902733345075e-01,1.358107554506722547e-01,1.369150779911199045e-01,1.052600170147179881e-01,5.597334010267069893e-01,6.464315481838168731e-01,1.474348423016338117e-01,1.063559678329856761e-01,8.223261941760692806e-02,5.912599093649948540e-02,2.052325610607819151e-01,6.944219886822957655e-01,2.030592176410526140e-01,6.831460891452155737e-01,1.408450704225352179e-01,2.028684401159046580e-01,7.248730174327002729e-01,2.239669877860830383e-01,5.547703180212013585e-01,4.338349170041144731e-01
3.311572989124703104e-01,3.332358500657640610e-01,2.091092121573469576e-01,2.045060658490620575e-01,4.002776955236484469e-01,5.854400452070447347e-01,6.387013471040628998e-01,1.481415700660879686e-01,1.214123808268746108e-01,7.048510235794878953e-02,5.881460338764190471e-02,1.543841666541054813e-01,5.755859967094583141e-01,1.532827990684526576e-01,7.876404640015806091e-01,8.450704225352113907e-02,1.530907920154540580e-01,4.406091643573233352e-01,2.009849447035374492e-01,4.885157932240282719e-01,3.529292289536879457e-01
4.116232414384761729e-01,2.918999963418967836e-01,1.569085618384147007e-01,2.409014247236425099e-01,3.749739269709100320e-01,4.716267218572929298e-01,6.262038557593921917e-01,1.230669185323476217e-01,9.970308852073044015e-02,6.793459901358016306e-02,7.187089136522370469e-02,1.678549715359531902e-01,5.157638463456748479e-01,1.643034269072327636e-01,4.926966297134411366e-01,1.408450704225352179e-01,1.640977141017385676e-01,6.335024533954674020e-01,1.732137209524140520e-01,5.061836377469963733e-01,6.899511265804548765e-01
7.579173585192542362e-01,3.981862406362374207e-01,2.242547262474457459e-01,1.585790677036653662e-01,4.849566434629286604e-01,4.171200568537216657e-01,6.184867939380916946e-01,6.995222788340373088e-02,2.026148209783194543e-01,2.756570501993108741e-02,1.262446707426984616e-01,7.670018038116195314e-01,6.725948891912691963e-01,7.663687257619120619e-01,5.556179737129728347e-01,5.633802816901408578e-02,7.662588538312944397e-01,6.274112063889996094e-01,7.668110783688668608e-01,7.349823321554769251e-01,3.508580057088078741e-01
2.944835230627869671e-01,3.112932003189118335e-01,2.494461024502292457e-01,4.298093587458415854e-01,6.821915098826720758e-01,3.936000076581871454e-01,6.297055277326039091e-01,1.172607752137464071e-01,1.102705487234243859e-01,9.885311803256537078e-02,7.562209916228157525e-02,2.005044643081455025e-01,1.145513338722716323e+00,1.985825591396768175e-01,8.808988845723151329e-01,8.450704225352113907e-02,1.984012797810690287e-01,1.134010222550991376e+00,2.376467753352173862e-01,9.929328621908126706e-01,3.880698086257821089e-01
7.628019238630716348e-02,1.003511232158785516e-01,6.060847050179530848e-01,6.152512998224222152e-01,4.933426391053146176e-01,6.054222885209774585e-01,6.599441029974731920e-01,1.880306725368049714e-01,8.016404784959821339e-02,6.198060941828253956e-02,4.482431813963744932e-02,1.915306271134491478e-01,8.706547113416329697e-01,1.897650508779784584e-01,8.432583691365806988e-01,2.112676056338028130e-01,1.896329684481650180e-01,5.045684352540387163e-01,2.447401844386765113e-01,6.068903515279151506e-01,6.928797832729935990e-01
7.085388060006149458e-02,1.217084966861617101e-01,9.655947881553036960e-02,5.285963987302997324e-01,3.930693198712140735e-01,5.544000591742905826e-01,8.138224942095331205e-01,1.756935470749290684e-01,5.134183598799767212e-02,7.496115127356259289e-02,4.851269455873424841e-02,1.212673912060415748e-01,7.744543249797897211e-01,1.178467775603719847e-01,6.735954594235578075e-01,3.661971830985915610e-01,1.174742433998712254e-01,5.888325237955014391e-01,1.282335754697561114e-01,7.915194346289751159e-01,6.267647105254977591e-01
1.536539959500006769e-01,2.144529883949779225e-01,2.220281034086407090e-01,4.116119966492792770e-01,4.238548185512076572e-01,4.197867039079310469e-01,6.411021781371647466e-01,1.973753478850684417e-01,8.843788508535367632e-02,1.218583203837578510e-01,4.232129301647978570e-02,1.222170301924903058e-01,9.151172190784153671e-01,1.206987611224843437e-01,6.926965817091299549e-01,8.450704225352113907e-02,1.206334513844173895e-01,7.654821570048038204e-01,1.690068725244602277e-01,6.757949451674911678e-01,4.739090954729666683e-01
1.403075116918766074e-01,3.306028671402194696e-01,1.648297330191250132e-01,3.769499515882364093e-01,6.498612374908350198e-01,5.118400344325526596e-01,7.304473350365915385e-01,2.499216411163743268e-01,5.963493688197572806e-02,9.000236470508748976e-02,3.158520482971913929e-02,1.279048150213797364e-01,7.081648164345997198e-01,1.238223621667027263e-01,6.595505165665194180e-01,8.450704225352113907e-02,1.235310688989055272e-01,5.360406423517667385e-01,1.610098444269296714e-01,5.848055458742047463e-01,5.748413703713483036e-01
5.785263374695754912e-01,4.397308535475854541e-01,2.241050793293744847e-01,1.022530329300770369e-01,5.929603672903946965e-01,2.799111710664501373e-01,6.297141417621702209e-01,5.369183100157022548e-02,2.729295498106964479e-01,1.874873319370312652e-02,1.607451084850750334e-01,7.592589801178784015e-02,7.405011139285366806e-01,7.458917855831481702e-02,6.337078217095689636e-01,5.633802816901408578e-02,7.445267224726337396e-02,6.152283405880207834e-01,8.700846891801639060e-02,7.411659699024732983e-01,5.325593965287933607e-01
2.082058467679178682e-01,2.135752065113881992e-01,6.600877036158429856e-02,4.107452339622681414e-01,4.285564890999165044e-01,3.122667405538905872e-01,6.014500297254445904e-01,1.057486816381785211e-01,1.129742118754426539e-01,3.339301398554151978e-01,8.416319793286214379e-02,8.648397421403555274e-01,6.653193209377525896e-01,8.621390379711177943e-01,2.376404502862556889e-01,1.971830985915493106e-01,8.619003541532517243e-01,7.329949692764690106e-01,8.709682277521471061e-01,6.457596094784452401e-01,3.998082877680758651e-01
3.860429129495486500e-02,4.125232354280955471e-02,1.821606827226866232e-01,3.561525129911253806e-01,3.032536299057793094e-01,2.639467542342996964e-01,6.119222224419857969e-01,2.266625262606820901e-02,2.833896390768811391e-01,1.070873589622322632e-02,3.190695881984345061e-01,5.811388633474545706e-02,4.090540646156830551e-01,5.784446378182095394e-02,2.050561828573874978e-01,7.183098591549296197e-01,5.778131036703171297e-02,5.868019428875483889e-01,5.810772142430420395e-02,4.461129663689045177e-01,7.259785933668486124e-02
2.546526152489492767e-01,2.723816540386413410e-01,9.283542187491861108e-02,3.180244749844631791e-01,4.031779825974597387e-01,5.035200737485960865e-01,7.140155455652439365e-01,2.933780278535102481e-01,1.396082921576836666e-01,1.018765623944328097e-01,2.550690869461195304e-02,1.911085653416941810e-01,8.189166353513337437e-01,1.897197812976274545e-01,7.915729794226796789e-01,1.126760563380281716e-01,1.895977543464264503e-01,7.644670524448491378e-01,2.160201607437786109e-01,6.598938850968196768e-01,4.046073278315697186e-01
1.982852576695516289e-01,2.030424377613700149e-01,3.521494532545616507e-01,2.850953206159871911e-01,6.447333048757797336e-01,5.573333956744424000e-01,6.154564827503175017e-01,2.434143470579182983e-02,4.267706663912965714e-01,2.109654753057225648e-02,3.034190249657829908e-01,3.828853951553339297e-01,5.893289231443814558e-01,3.829202903289086191e-01,4.870786525706258252e-01,2.253521126760563431e-01,3.828275917578880527e-01,8.456852696260066526e-01,3.825772217732015257e-01,6.431094327999999916e-01,9.447318493381859361e-02
2.321990217162922532e-01,1.914233790550078085e-01,2.718523155948093240e-01,1.065860001121006206e-01,3.541652339510972247e-01,4.733333494079936532e-01,6.344302598922696435e-01,1.248539245338857635e-02,6.616516805465449957e-01,9.002770083102492119e-03,4.622295895333218274e-01,1.087813971249573797e-02,3.977363604928050300e-01,1.059811175550429141e-02,3.286516971432336121e-01,3.661971830985915610e-01,1.052398583387015307e-02,6.862944587685497755e-01,1.094885014482982477e-02,4.337454752028266913e-01,6.165853610110333394e-02
2.602133928935867480e-01,2.498537140636737652e-01,1.847859409124572305e-01,5.268630849167621477e-01,6.701172106978403598e-01,4.726934080225060342e-01,6.789070052813863665e-01,1.284965878410614659e-01,1.061807819469220288e-01,1.651915411120870314e-02,6.864549284346807556e-02,3.207167010847999933e-02,7.364590767417946715e-01,3.074810496506685809e-02,6.151684971382783695e-01,1.549295667197183035e-01,3.056584030907938399e-02,7.725888803592697585e-01,3.204835365639358002e-02,8.074204946996466070e-01,4.320580964339041374e-01
1.741995926800942729e-01,2.592159860648666214e-01,1.192285713677206788e-01,2.651646447058872980e-01,2.460347682059822461e-01,6.152000703410400728e-01,7.494846488127697715e-01,2.832601142866075783e-01,7.236076087737586260e-02,7.409127761637727960e-02,2.676176902338906621e-02,9.507946317762305810e-02,6.483426660708164757e-01,9.343138389107141784e-02,8.730336479935019156e-01,1.126760563380281716e-01,9.333246136509987245e-02,4.436548498252312900e-01,1.187455760320079712e-01,5.415193267929327980e-01,6.589819553974712862e-01
4.024132218965496000e-01,3.727327702778104879e-01,7.539155052891456654e-02,3.292896396293021333e-01,5.989825977092411158e-01,3.829334009956977258e-01,6.174424528028317205e-01,2.356769510142062846e-02,4.632098193640744599e-01,1.621512059995946012e-02,3.104591867530819838e-01,2.869517593443982051e-02,4.672594987873888162e-01,2.817276883843300439e-02,2.415730342862264235e-01,8.450704225352113907e-02,2.807066967160332105e-02,5.746192010159172359e-01,2.873508401146573910e-02,5.097173144876323558e-01,1.350813367318635938e-01
5.749598675586425900e-01,8.086180477296223135e-01,1.363509427459889400e-01,2.400348735971165048e-01,6.606780635875799668e-01,5.991999796829914349e-01,6.222890882443403715e-01,5.194117975370578233e-02,2.599990627424440537e-01,4.309675021957976027e-02,1.655226837841632104e-01,2.284811303216214284e-01,6.014551333872271144e-01,2.281888646892242800e-01,6.617977074236456314e-01,1.408450704225352144e-02,2.280515534449452097e-01,4.314721079536001369e-01,9.784788076245363175e-01,5.733215547703178760e-01,1.937509420353838163e-01
2.563491741440508398e-01,3.338209170803732029e-01,1.256570812427389161e-01,2.868286344295243318e-01,8.373293033576767463e-01,4.402667032830496208e-01,6.408560863015314579e-01,1.685343514627743455e-01,9.390888610502635958e-02,6.968279170326328875e-02,5.088549439390293444e-02,8.835662209895334129e-02,7.348422618670977791e-01,8.436740791412877805e-02,6.471910354311974922e-01,5.633802816901408578e-02,8.412145846748231293e-02,7.360406547443767433e-01,1.103921204423716773e-01,6.113074204946995494e-01,5.842825103310509416e-01
1.750691619700807666e-01,4.340256619363144219e-01,7.079343073004311371e-02,2.227036395061094964e-01,6.777967480191997574e-01,5.504000462761777790e-01,6.416330755043067047e-01,1.254409292035411350e-01,1.196320525300194060e-01,3.454158502803864744e-02,7.042906647931090891e-02,5.033890555362947605e-01,5.675019223359740739e-01,5.025225216162245712e-01,6.297753062884700048e-01,4.225352112676056260e-02,5.023090389568578562e-01,4.436548498252312900e-01,5.271010396638535767e-01,4.752649098318020293e-01,3.025889076056318405e-01
2.764672326399011393e-01,1.837332731676427355e-01,9.677848346672493496e-02,2.322359134583815710e-01,1.488413344597327992e-01,6.403555990864597813e-01,6.995445857777604637e-01,1.437893410475069855e-01,3.405161302837887705e-02,6.577258293358556607e-02,6.077738208871632380e-02,7.196655662913342688e-02,7.518189167340338930e-01,7.044449697951304934e-02,7.584269142800692531e-01,1.971830985915493106e-01,7.028734707018680083e-02,6.497461092243088654e-01,8.166707664195094196e-02,7.332154398671377749e-01,5.290171456743424372e-01
2.450868474955571474e-01,1.726832381020270146e-01,3.535586780469756607e-01,5.103986135127667190e-01,4.068475306068850550e-01,5.049333809967802011e-01,6.209110490054646769e-01,1.138726442670638800e-01,1.139855165014294486e-01,6.114451726234713946e-02,7.797227882221602346e-02,1.025157896323543039e-01,6.822957784394501068e-01,1.012076918046971308e-01,6.949437725662560572e-01,1.408450704225352179e-01,1.010141661300709703e-01,4.893401318438477254e-01,1.412256085622916046e-01,5.044168532946995409e-01,3.999042588893217953e-01
3.845996343666169270e-01,3.016382692530512610e-01,1.499880589023042110e-01,6.265164644672611693e-01,9.453264911621661604e-01,4.813333947370181942e-01,6.619075317439520045e-01,1.885592875616559638e-01,1.071547853534465522e-01,5.479359502736301513e-02,4.467646991395925887e-02,8.890932203815649082e-02,7.590944849875504996e-01,8.696286385425211485e-02,7.393258605733687983e-01,8.450704225352113907e-02,8.672730199613654101e-02,6.598983941173346413e-01,1.046591599355417568e-01,6.501765706091870989e-01,4.122852119739286447e-01
2.144799183947419530e-01,3.265068400060624487e-01,3.258440532742433171e-01,4.991334488679277648e-01,8.681045717445621257e-01,7.114134007455594766e-01,6.246514603215945760e-01,1.586545101607429453e-01,1.042734608777423078e-01,4.269981757989325249e-02,5.448890590958217067e-02,1.411243926581351449e-01,6.451090363214226908e-01,1.388921024702101104e-01,8.589887051364636372e-01,5.633802816901408578e-02,1.386630714745653581e-01,4.913704648931049856e-01,1.593783101320787043e-01,5.812719769696113037e-01,4.714337004313752244e-01
1.263684507903372611e-01,1.032770302708657106e-01,1.419160621754408380e-01,5.892547660266398424e-01,4.558241890654932682e-01,4.584000425723289140e-01,6.718206801321936483e-01,5.319259636252687481e-03,5.638165295741309757e-01,6.866090129045335222e-03,6.701991134501353864e-01,7.019289227878200421e-03,3.023443815683104496e-01,6.966485420680346152e-03,2.460673988553113423e-01,4.366197183098591839e-01,6.947239214423861497e-03,6.883247918178072577e-01,7.003047204052093022e-03,3.303886925795052054e-01,2.788985901281004764e-02
1.742282412807334424e-01,2.182559100393270668e-01,2.005432277675940900e-01,4.428078372042181243e-01,4.305246831289859522e-01,6.820800552853720777e-01,6.241881379414148112e-01,1.641033694004757348e-01,7.806304267149657972e-02,9.360853996351597983e-02,5.245128516015346715e-02,1.127658612321189580e-01,7.025060630557800057e-01,1.109054419065536035e-01,8.230336514224454447e-01,1.126760563380281716e-01,1.107332582099163076e-01,5.604061260950288226e-01,1.440770284991388372e-01,5.662543091250882288e-01,5.319768278684994245e-01
1.912587389730008303e-01,3.434756807370403786e-01,3.841231220534801483e-01,2.435010781032205252e-01,3.422091514477272334e-01,4.720888941516709902e-01,6.197884099075028352e-01,1.833811264717895018e-01,9.861489918151397638e-02,1.484274711168164507e-01,4.615939353991526523e-02,2.273355340840004235e-01,7.186742118027484860e-01,2.245622683077728166e-01,6.387640011381027216e-01,8.450704225352113907e-02,2.242836445589182492e-01,7.035533430866938165e-01,2.519139152304981089e-01,6.227915194346289596e-01,4.653519288047788249e-01
9.622454767563541622e-02,1.789685023551957910e-01,2.797314835768097141e-01,4.774698822652614361e-01,4.863371641985327898e-01,6.469867230159724869e-01,7.403603488789476383e-01,3.150502032916420170e-01,3.561845436583525870e-02,8.157388014323355141e-02,2.308112577462726606e-02,7.679514427980693725e-02,7.639450282942603643e-01,7.499157482810137054e-02,8.342696057080761785e-01,1.690140845070422504e-01,7.487524146812640780e-02,6.456853191964462280e-01,1.082033544345097908e-01,6.395758638954063269e-01,6.055689204109556689e-01
2.854461815568692939e-01,2.083089616443523917e-01,1.145722001392596168e-01,1.065860001121006206e-01,5.287391566041232949e-01,2.441777818565797897e-01,6.149204059255910515e-01,8.199492574977801373e-02,4.414737269257700825e-01,1.679785149652050780e-02,1.084708766045743011e-01,4.274882802490163058e-01,5.893290218270008651e-01,4.274504675341659343e-01,1.780898754272458862e-01,2.535211267605634311e-01,4.273985833869928808e-01,7.482232726866600014e-01,4.272862815576381479e-01,6.422261484098938933e-01,8.106908554766578678e-02
6.754208832275100660e-02,1.840257648231170273e-01,3.506367423191389388e-01,3.448875599067715569e-01,2.967949071349278434e-01,6.089777788632664279e-01,6.416978412181553182e-01,1.616854381128989271e-01,8.513839535457033703e-02,9.521316127288696751e-02,5.333960796864773563e-02,1.672218788783206289e-01,7.469683734273240283e-01,1.649472609388911160e-01,7.955055634226504413e-01,9.859154929577465531e-02,1.647516902768835223e-01,5.939086662420143270e-01,2.107088891008488396e-01,5.335687967575970525e-01,6.016366221200641906e-01
2.668036664282489312e-01,2.480982898082126076e-01,1.371953197180018347e-01,5.675911994239730696e-01,7.784039725328315562e-01,7.055619277038316373e-01,6.263635677561721904e-01,1.007121881857964557e-01,2.138101570971548959e-01,3.232889669616918066e-02,8.845349841476182751e-02,9.230088984690199005e-02,3.791430881164106204e-01,9.181676885855294401e-02,6.477527645666072420e-01,1.126760563380281716e-01,9.161200096587274189e-02,4.568528201861647986e-01,9.231974056094638392e-02,4.151943462897524917e-01,1.632540113239614177e-01
1.733673508315287659e-01,2.001170468840115790e-01,1.721218915691717644e-02,5.580589254717009950e-01,5.987430384297343089e-01,4.610666896265380732e-01,6.057087276917770824e-01,1.137054576254152988e-01,1.041918475576584652e-01,8.735051685696912371e-02,7.809155456786087690e-02,5.258085748883294386e-01,5.836700710829425542e-01,5.215156255501509630e-01,2.915730308572828111e-01,2.253521126760563431e-01,5.213347150676110875e-01,7.015227621787407664e-01,5.303791685701231273e-01,5.848055458742047463e-01,4.009744936426746786e-01
1.734606834785127893e-01,2.302516113912046192e-01,1.131328879471292653e-01,1.793760831798056898e-01,2.039482097255400639e-01,4.825067019942317348e-01,6.327774469356000075e-01,1.594311617989386809e-01,1.019989509507979453e-01,1.244088237281264775e-01,5.419051167004774322e-02,5.268989011320299731e-01,6.677445432497979283e-01,5.231956299765101459e-01,6.432583828523550373e-01,5.633802816901408578e-02,5.229294108177720002e-01,6.558376040894722259e-01,5.767147425438881037e-01,4.673144876325088237e-01,6.155317158388485810e-01
6.023196182113339514e-01,5.231128221404823808e-01,2.468820552122442114e-01,8.405567082242271226e-02,4.769787227036936805e-01,4.291733702881936896e-01,6.238693426122003949e-01,3.030912507463039141e-02,2.950849352463723041e-01,1.454293628808864258e-02,2.579839634670946236e-01,4.731111479577765344e-02,5.917541454564267944e-01,4.630575074569054372e-02,5.528089851415651790e-01,4.225352112676056260e-02,4.616065679330350058e-02,3.502538288093930419e-01,4.751027866605728178e-02,6.448763250883391418e-01,3.762494832976180925e-01
3.246800469160155966e-01,1.878293561042401472e-01,3.596755630138141063e-02,4.107452339622681414e-01,3.842101733392437879e-01,5.071467142625809554e-01,6.167881871111497993e-01,2.502207818057476663e-02,3.892736936400588155e-01,7.323829470981690903e-02,2.974760708498741524e-01,8.919069655265987606e-02,5.416329830234438703e-01,8.859256874688781203e-02,3.466292240002426528e-01,1.971830985915493106e-01,8.841757887958801021e-02,5.543147551592133571e-01,8.923739577005895818e-02,5.936394681356889080e-01,1.192143744460610055e-01
3.342354506168235262e-01,3.133412557378206786e-01,3.228367382392964835e-01,3.145582704783587147e-01,5.169359600916854092e-01,6.818667089366816647e-01,6.226456175155976602e-01,1.867422023187749192e-01,8.953273862894145507e-02,8.867644078102830674e-02,4.518800184590764102e-02,2.281294121784920303e-01,6.637024073804365099e-01,2.252865815933886573e-01,8.702246594220942599e-01,1.126760563380281716e-01,2.251086606567933579e-01,4.294415270456470868e-01,2.642784351327061021e-01,5.671377013512366450e-01,7.872167183167732007e-01
1.433103063418038059e-01,1.100060961337566978e-01,2.476795331453411908e-01,6.117853068768028812e-01,4.660766441929351522e-01,4.582933954400096876e-01,6.191822971943398146e-01,3.175460879372277168e-02,3.650773475455916794e-01,1.191135734072022168e-01,2.488875371153632110e-01,1.825668390085568582e-01,5.804365400161681787e-01,1.824112590476287821e-01,4.533707897137338461e-01,4.366197183098591839e-01,1.823084352865422808e-01,7.786801273657375511e-01,1.824306346919410959e-01,6.351589027646642460e-01,9.785186894792849421e-02
1.131817105676394958e-01,2.211819705534593672e-01,1.217809229881310212e-01,1.681111300954518661e-01,1.428119996755357057e-01,2.393333728242312830e-01,6.270042666424103794e-01,2.211292051287402360e-01,8.500339797275252574e-02,1.462232281602594275e-01,3.686596080769391492e-02,2.227682227682228344e-01,7.995149555375908879e-01,2.204377065424603099e-01,3.449438308573980483e-01,1.126760563380281716e-01,2.201786864133934429e-01,7.005076576187860837e-01,2.725616092450260375e-01,5.114839911038868703e-01,3.468913133334204923e-01
1.088022523529822289e-01,2.050909117041986585e-01,9.616511113440831537e-02,2.642980935793612929e-01,2.406189666136215877e-01,5.196267529439795307e-01,6.270230812636231610e-01,1.224068930231346913e-01,1.122949384470154771e-01,7.246132018106883621e-02,7.228086689654916741e-02,2.011777533249927696e-01,7.081648164345997198e-01,1.997344184619409546e-01,6.651684937093348404e-01,8.450704225352113907e-02,1.994727945911141109e-01,6.385785958419802899e-01,2.380132430383683495e-01,5.194345211392226158e-01,4.077109345619196468e-01
1.916910238871540328e-01,1.550614041010013877e-01,4.302056691118491538e-01,3.145582704783587147e-01,2.139653681971558363e-01,6.090667220038059604e-01,6.500521658858929852e-01,2.713452168562744959e-01,1.072338103782237428e-01,4.871292480237821715e-02,2.835481783957823076e-02,6.288217944659657554e-02,6.572352465642683494e-01,6.064614781021004930e-02,6.556180011454204593e-01,3.098591549295774961e-01,6.038212330972303477e-02,5.888325237955014391e-01,7.546724632151757817e-02,6.351589027646642460e-01,3.987589162737058546e-01
9.811900661005366897e-02,3.352836264687263368e-01,5.893019525842511236e-02,2.972272479478372809e-01,5.234012188817893652e-01,5.035200477065702174e-01,6.753741328047673242e-01,1.999252043157628833e-01,9.045351211974286820e-02,7.656577258293358057e-02,4.167681722674844436e-02,1.277691523090296322e-01,7.016975569358123721e-01,1.255426062200406534e-01,6.376404057095397260e-01,1.126760563380281716e-01,1.253521410173856765e-01,6.385787197713281849e-01,1.478722282742381822e-01,6.378091872791518124e-01,4.823989138183272241e-01
2.039381321391847690e-01,1.966064215847230512e-01,2.461695939284139767e-01,3.414211438401819620e-01,3.259751028840627285e-01,5.286933802718203346e-01,7.960351522705548799e-01,1.716352821203646073e-01,4.003427458682749102e-02,8.161610701979596372e-02,4.983490201207125408e-02,1.019781633278569188e-01,8.350847840983022241e-01,9.857702619096730956e-02,6.842696845737786804e-01,2.535211267605634311e-01,9.837813908564085885e-02,7.837562698122504390e-01,1.271693130989610676e-01,7.190812720848056561e-01,4.938247486100336703e-01
2.642488853359630241e-01,3.499121991412678101e-01,3.530568536426097886e-02,2.582324472541639437e-01,4.850421800518547322e-01,3.370133665892265373e-01,6.435882507657482154e-01,1.403129341664869911e-01,1.148574912569538947e-01,6.969968245388824535e-02,6.242630240505179368e-02,9.181853353632507542e-02,7.550525464834276779e-01,8.912071385098263576e-02,5.196628857104177435e-01,1.126760563380281716e-01,8.885523985833865268e-02,7.370558832336793209e-01,1.013157696574780164e-01,7.173144876325088237e-01,3.819348597786904609e-01
1.860282347547507209e-01,2.334699403473049217e-01,2.290787864706154975e-01,3.275563258157645485e-01,3.255317903416172776e-01,5.166667302485883351e-01,6.289240486923928231e-01,1.812271243035976087e-01,8.735898886686671583e-02,1.343997027227890051e-01,4.679978826819158194e-02,2.642207182084483907e-01,8.730799336536780864e-01,2.614267965735959098e-01,7.303370971448642779e-01,1.126760563380281716e-01,2.610371056020603930e-01,6.365481388633751347e-01,3.410810295232402645e-01,6.537102473498233035e-01,4.954138347206098469e-01
2.201711595197407001e-01,3.454818559713422887e-01,3.576239866913393795e-01,3.041594453995606351e-01,4.888307972637533361e-01,4.326933897118849792e-01,7.593646651700936001e-01,8.435657107828935242e-02,8.713501914586838093e-02,5.432065400986419573e-02,1.055119214534319949e-01,6.512312647282003653e-02,4.454323992963620249e-01,6.470532018168206889e-02,4.449437897109739248e-01,1.408450704225352179e-01,6.448708145524806312e-02,3.299491350939933731e-01,6.511076862835629697e-02,4.893992932862190059e-01,1.400121287179108831e-01
1.188985107383064982e-01,7.460514725174177686e-02,1.766984018366770104e-01,4.627385131143180175e-01,2.132779495766117250e-01,7.104889519886994353e-01,6.330097742189697563e-01,2.014427179212617269e-01,7.342341770493318598e-02,1.182690358759543175e-01,4.130060974509747185e-02,1.681363460504567975e-01,7.760710411718674262e-01,1.664361271371015416e-01,9.280898925719638370e-01,2.816901408450704358e-01,1.662508048937541005e-01,5.644670400522391329e-01,1.938162340172389086e-01,6.448763250883391418e-01,5.880346781693696068e-01
2.608666652487480753e-01,2.592159023612060631e-01,9.226817793994608607e-02,6.741769879866805759e-01,6.357508265213804854e-01,6.603556635804355146e-01,6.102273359520851148e-01,1.095264853029714880e-01,1.411053253822080467e-01,1.786027971083034849e-01,8.118047380044884909e-02,8.445807770961142324e-01,6.071138867660468286e-01,8.442726435925937967e-01,7.477528262875918763e-01,1.690140845070422504e-01,8.440920798454605301e-01,5.309644999052538505e-01,8.497030607583369033e-01,6.466430017045934342e-01,4.154741559129998540e-01
4.182195536487632870e-01,2.875534135393126300e-01,1.299463033291038405e-01,2.920279411886808063e-01,4.285289241520726655e-01,6.080003273218892446e-02,6.177912919241829171e-01,2.460414200272249136e-02,4.618280579366291771e-01,1.694142287683264581e-02,3.010982931354186376e-01,1.952538148857208000e-02,6.750201115033143129e-01,1.855549799053402005e-02,2.640449257123203899e-02,1.690140845070422504e-01,1.846225048293637094e-02,7.553298721117780445e-01,1.975411523150194526e-02,7.332154398671377749e-01,1.546545953734038970e-01
1.647435883887586328e-01,1.866590267646082435e-01,1.722093820425241867e-02,5.623918926648165950e-01,5.566076019016690246e-01,5.575999809522815820e-01,6.910848737337286218e-01,1.303311632493948102e-01,1.123408680967491330e-01,5.377170461455307165e-02,6.761171542868699147e-02,6.524874009536607566e-02,7.259498787388842800e-01,6.337741249138639787e-02,6.129213062811522672e-01,2.816901408450704358e-01,6.317409851899546958e-02,7.218274558941404351e-01,7.487487386984859050e-02,7.279151943462895957e-01,4.593246025751464012e-01
3.012118435309208975e-01,3.633702750649838720e-01,7.491436357906763321e-01,2.166377816204270168e-01,4.737470879171095106e-01,6.348267624508878715e-01,6.226942615479725829e-01,4.217033181778287454e-02,2.441474539427148649e-01,3.176305655023309304e-02,1.979670778877615223e-01,6.050054516312219910e-02,5.521421810263540397e-01,6.018339209995526851e-02,6.634831005664901804e-01,8.450704225352113907e-02,6.006519639407614797e-02,6.862944587685497755e-01,6.045211070336686809e-02,6.042402826855122200e-01,1.439045947212696241e-01
7.268570582916093759e-02,2.703334591117593222e-01,9.687593966183424485e-03,6.646449255948936319e-01,8.469388132047854789e-01,5.757333788365457394e-01,7.568819092471503751e-01,2.939815646929070381e-01,9.995699791193381201e-02,4.786838727113033182e-02,2.543468739044050381e-02,5.371740954563075654e-02,7.744543249797897211e-01,5.278936064262684802e-02,8.089887771442788589e-01,1.690140845070422504e-01,5.271047971667730536e-02,6.355330343034204521e-01,6.211376563135329043e-02,7.659009522346289511e-01,4.927531698447333852e-01
2.153545433201352610e-01,2.135751786101680316e-01,1.684775223571446934e-01,4.748702288856829767e-01,4.675404281144444063e-01,5.482666804549771733e-01,6.308649960090769726e-01,1.314720666646186642e-01,9.999038955570896392e-02,9.841395851631647151e-02,6.698224788221410209e-02,4.162885696628029208e-01,7.849636216653192999e-01,4.146743859684418609e-01,7.786516319942043962e-01,7.042252983845070924e-02,4.145051915647135488e-01,5.705584109880548205e-01,5.067194112420241314e-01,5.335687967575970525e-01,5.043997484680267096e-01
1.701153133560414643e-01,2.366881297954319396e-01,2.221881118926564425e-01,5.788561525083268933e-01,7.090050986628706475e-01,6.921066956023749217e-01,6.353531979318677303e-01,3.778575766576936501e-01,1.503635605063811664e-01,1.219512195121951470e-01,1.757839012642379087e-02,1.955301648553182670e-01,6.556183330069522697e-01,1.941813499388860276e-01,8.915729725647925097e-01,8.450704225352113907e-02,1.938989053444946098e-01,3.908629683814965894e-01,2.193786113384101899e-01,6.210246271462895873e-01,4.902464496891919543e-01
5.640988460140031746e-01,4.771794393266489687e-01,1.762965284962234314e-01,1.975738683973387033e-01,6.125991130317065547e-01,3.718222847975445333e-01,6.166474426336230330e-01,1.446398243670144433e-02,1.711032717313419882e-01,1.107188703465982089e-02,4.254406715030280561e-01,1.032543977329258844e-02,5.044462409054162322e-01,9.853678656399189606e-03,1.724718982844305470e-01,1.549295882098591370e-01,9.764367353509495473e-03,6.243655209210918766e-01,1.034141737659322047e-02,5.512366412805653759e-01,9.979095364325066275e-02
2.561271755759612634e-01,2.829140321678322856e-01,7.719043496803107418e-02,1.568457538901277815e-01,1.586376891811380752e-01,5.514667129102985843e-01,6.232000062400199214e-01,9.127506393106984972e-02,1.144669416172185566e-01,8.989257482602526494e-02,9.763023717664898182e-02,1.672721243273391778e-01,6.499594809455133682e-01,1.662751686291870090e-01,7.393258605733687983e-01,8.450704225352113907e-02,1.660697037990985780e-01,4.822335324187294603e-01,1.892378977806110640e-01,6.413426483477031592e-01,4.399389689857881036e-01
2.364464576296710363e-01,3.010530906316890576e-01,2.113903756894392749e-01,2.556325823141003539e-01,4.058560450502248784e-01,6.312000438108253952e-01,8.229205613697871957e-01,5.598513672285350407e-02,5.646628254286462090e-02,4.487872441051279915e-02,1.548645209063020112e-01,6.791677343824598090e-02,4.931284380999190198e-01,6.739634523587989534e-02,6.994381542805082619e-01,1.690140845070422504e-01,6.723881197681924604e-02,5.116750346791567594e-01,6.796720867072592043e-02,5.388692579505298674e-01,2.113527402164005198e-01
7.634878050666073224e-02,1.156829788612729060e-01,6.639652938683819894e-01,7.079724819211974385e-01,6.315342421973872966e-01,5.234666616805772055e-01,6.174478803677077021e-01,9.384584607638789266e-02,1.158570383661620684e-01,3.884028106209039960e-02,9.496665130841905333e-02,5.350637865975316210e-02,6.434922214467257984e-01,5.258816250773357126e-02,4.584269691422676596e-01,1.971830985915493106e-01,5.237343045717990364e-02,4.020304817638251649e-01,8.378556117249558177e-02,6.007066059448762374e-01,2.353156515082070743e-01
9.755405339676447019e-02,1.345817288069025008e-01,3.230452129486592883e-01,5.563258232186489849e-01,4.803424987238051891e-01,5.978134042048715013e-01,7.624536109135990891e-01,1.552773526111971281e-01,5.037889706149436403e-02,6.109384501047225580e-02,5.581884652081877535e-02,7.598116800570808849e-02,7.728375101050928286e-01,7.327133077476388756e-02,7.612359028514769088e-01,2.816901193535211734e-01,7.309441403734728837e-02,6.020303702270872748e-01,1.020888659079610683e-01,6.616606695491165091e-01,6.403196193467133313e-01
1.077005732240923358e-01,1.582795098435954562e-01,2.822289577528537263e-01,5.034664160610433647e-01,4.208704157630296372e-01,4.998933811505597014e-01,6.871026156902733106e-01,3.011646936624861048e-01,6.089993420777764510e-02,1.410377677183974054e-01,2.459657116610778488e-02,2.474035664219713659e-01,8.051738075990297894e-01,2.440885472991667360e-01,6.106741154240261649e-01,1.408450704225352179e-01,2.438425627817129016e-01,6.456853191964462280e-01,3.087866906962384306e-01,5.609539557681977318e-01,4.964024386065131189e-01
2.535017560222956323e-01,2.083090174467926714e-01,4.524904244667170977e-02,6.499133448834650828e-01,7.416598985695914692e-01,3.202667145391304704e-01,6.151096875564459054e-01,5.546930597579219357e-02,1.988007304871765024e-01,1.612728869670968235e-01,1.561518568448588828e-01,9.483878747682426003e-01,6.774454324979788389e-01,9.474068075388939469e-01,3.578651782858733310e-01,2.112676056338028130e-01,9.472593367675468112e-01,5.736039725266146583e-01,9.486393003980939653e-01,7.323320476409893587e-01,4.127811906049004831e-01
1.700727055843067048e-01,2.050903536723054643e-01,2.454263587938467217e-01,3.292896396293021333e-01,2.843088388005390321e-01,6.461333766885162255e-01,6.277852875621174888e-01,1.700161384615691551e-01,8.799770618330567118e-02,1.017498817647456422e-01,5.037897551089667164e-02,2.857307949332490438e-01,7.857719304200483368e-01,2.839760775417612404e-01,8.499999417079591169e-01,1.267605633802816878e-01,2.838055376690278298e-01,6.893401442364575082e-01,3.301221391673652139e-01,5.397525423406359657e-01,5.911428274947535533e-01
1.489901722871370682e-01,9.596252072258665278e-02,2.922901161276629245e-01,5.537263813995561001e-01,3.376004060282080665e-01,3.801066986077055176e-01,6.266557995574547624e-01,1.412239092566864029e-01,9.805424470762964806e-02,7.186169853388284234e-02,6.198692837648379222e-02,1.616195113127629757e-01,7.065481002425222368e-01,1.578097571035517177e-01,3.679775371429409025e-01,3.661971830985915610e-01,1.575428605924018566e-01,8.040609635276501077e-01,1.665871816625583701e-01,7.049468886303886794e-01,5.235184663379668368e-01
3.147979087336051918e-01,3.142188144079041123e-01,3.436096059144710391e-01,4.861353935305219309e-01,6.462363049090766864e-01,6.161600963537743336e-01,6.565642475467348138e-01,2.358093839848959816e-01,1.090515820305160838e-01,1.375751638402810673e-01,3.401954238849926038e-02,2.113474322063280120e-01,1.067097817299919038e+00,2.097943252066054587e-01,9.264044308502474845e-01,5.633802816901408578e-02,2.096848840952993953e-01,9.096447264151192869e-01,2.748708577854304114e-01,7.906359345667843819e-01,5.107775210615679296e-01
5.930411228965070114e-01,3.882389016204353949e-01,2.589327119857309234e-01,1.386483917935654731e-01,4.080657875794599931e-01,3.621867317057292368e-01,6.583576123680070502e-01,1.403170031040540111e-01,1.501874386309241527e-01,1.925545571245185911e-02,6.242432814540255920e-02,3.558885153977198179e-02,7.849636216653192999e-01,3.388679586940246402e-02,3.219100902833182398e-01,1.126760563380281716e-01,3.364455891822282219e-02,5.969542277805741648e-01,5.530148243716048739e-02,8.162544169611307687e-01,4.050922499531774967e-01
1.659125355554236236e-01,3.557634273192522567e-01,3.338633355333817110e-01,2.045060658490620575e-01,4.429155529386132883e-01,4.050667238881571208e-01,6.337476919742816017e-01,2.023844435068721803e-01,8.228102112974906845e-02,1.119856766434700474e-01,4.106983694931026774e-02,1.734975354607257714e-01,8.108325609778495036e-01,1.719539859865499842e-01,4.612359577136753153e-01,5.633802816901408578e-02,1.716486236316807634e-01,6.416242813098880227e-01,2.247049432979077999e-01,5.459363957597171968e-01,3.295201274436768690e-01
2.330574124346568299e-01,1.205383626569434818e-01,7.674571007604312489e-02,1.525132098179824425e-01,8.354196493195109596e-02,3.097067007557352536e-01,6.350899419676959701e-01,9.103504991313968522e-03,1.940721127619033370e-01,1.499898655496250538e-02,5.418887443347032429e-01,1.545047557317502651e-02,5.440582053354889869e-01,1.523069881142213866e-02,2.292134674268653527e-01,3.521126760563380587e-01,1.516218609143615836e-02,7.959391356132294870e-01,1.545188479861825392e-02,5.954063604240282803e-01,7.146696680839104143e-02
1.636298599954823518e-01,2.697485316032510738e-01,2.829710531156607867e-01,3.873483535460637839e-01,5.523435604008892774e-01,4.553333662336853660e-01,6.432821141146439770e-01,2.012340236688622552e-01,9.782287142372868283e-02,7.310316870481724238e-02,4.135202815277704003e-02,8.182973827145612056e-02,8.003232642923201468e-01,8.020260652183752725e-02,6.213483405742469268e-01,1.126760563380281716e-01,8.003159207984578138e-02,6.964467436615757734e-01,1.145638281316672114e-01,6.563604240282685520e-01,4.083849816411431188e-01
2.418538248265725277e-01,1.823121091455096876e-01,4.879401914523176509e-02,1.403812824861323527e-01,2.346856828789216642e-01,1.231467023793206828e-01,6.415291264226360424e-01,1.069906215294453601e-02,5.043038521638945060e-01,1.265117221809336848e-02,5.012101331420041328e-01,1.270204951186570952e-02,3.427646547531122412e-01,1.246422445663952772e-02,1.971910148574460286e-01,2.535211267605634311e-01,1.244063908564063681e-02,5.715735155480095031e-01,1.268580665565544052e-02,3.754415882770316681e-01,6.943019177853892998e-02
1.507498704510981113e-01,2.837918140495495622e-01,4.704174046386387920e-01,2.435010781032205252e-01,3.879919703569782996e-01,6.813334190167401605e-01,6.233018081756624973e-01,1.809682509351052682e-01,1.073462909360727441e-01,6.039287885953652235e-02,4.687771995016400822e-02,6.163609231093913898e-02,5.699271446480194125e-01,5.999225387180673330e-02,8.550561897153645674e-01,8.450704225352113907e-02,5.970299420476488095e-02,3.208120786902701749e-01,7.561282938167335210e-02,6.060069593017667344e-01,5.274800442541174306e-01
2.759578211989294205e-01,3.317730848730983118e-01,2.207121327086843943e-01,2.954939341342996961e-01,5.287806461114823442e-01,4.941333976027872943e-01,6.387495771187839955e-01,1.492741476225583896e-01,1.031218680386440933e-01,9.546652253226133034e-02,5.832131165163578074e-02,2.608291503997026695e-01,7.720291026677443824e-01,2.581221172079735116e-01,6.185393520028392711e-01,7.042252983845070924e-02,2.579080811332903345e-01,6.314719964168622468e-01,3.223309353962617863e-01,6.369256872169610784e-01,6.865041750734198756e-01
3.227100624059910383e-01,2.258632321095465911e-01,8.870830001378011975e-02,2.599655495072159539e-01,2.582642267810415504e-01,6.559333519756347375e-01,6.437847734528368004e-01,1.410566158887048838e-01,1.211058289116242193e-01,6.742787649483143742e-02,6.206722127743932033e-02,1.184787687855173299e-01,6.063055780113175697e-01,1.164534804762360487e-01,7.387640628590873559e-01,1.690140845070422504e-01,1.161763522215069067e-01,4.751269329936114172e-01,1.276914040733134748e-01,5.671377013512366450e-01,5.507281111783873806e-01
2.153595146949520700e-01,2.855470708958173232e-01,1.717358333784265445e-01,2.209707488135426168e-01,3.570655210249085165e-01,3.817523672695999348e-01,6.260741648139045434e-01,1.172944206583108745e-01,1.114170789077455204e-01,3.383217350179042182e-02,7.559938349742731378e-02,5.971671615843399117e-02,7.615197072995956162e-01,5.831727939882003220e-02,6.067415657125924122e-01,1.690140845070422504e-01,5.813345138441738946e-02,6.558376040894722259e-01,7.064794501980409258e-02,7.120140264395757868e-01,4.337051846179373893e-01
9.521936096585890963e-02,1.612055424565075334e-01,4.854992339556477576e-01,4.558058925416239582e-01,4.044712616946655181e-01,5.764800454804304142e-01,6.320485034174436745e-01,1.515520734990584428e-01,9.390014513334074553e-02,9.482467400851293804e-02,5.734998381057752198e-02,1.961532084231472073e-01,6.887630379382376766e-01,1.941612301253967665e-01,7.191011428592336552e-01,9.859154929577465531e-02,1.939592723760465987e-01,4.467004113637911278e-01,2.601619486041593099e-01,4.964663232593637954e-01,6.250460635838018808e-01
2.145167683594855212e-01,3.908721914631467786e-01,4.105005090135128154e-01,6.091854419367397355e-01,7.421932944995548453e-01,3.080000536722349302e-01,6.250672247642936608e-01,1.004314014106886394e-01,1.174767756658883083e-01,1.070958043375447588e-01,8.870409944327176111e-02,4.323419906241992017e-01,6.855295068714630791e-01,4.304734695109377896e-01,3.853932319971314358e-01,2.816901677084507338e-02,4.302458950418546202e-01,5.076142446512943440e-01,4.695756504801726905e-01,5.618373479943461479e-01,3.622017501779394300e-01
4.927435517073150972e-01,6.123461863205571509e-01,5.080015506248674040e-01,-8.665511265260938956e-03,7.529609583737650880e-01,6.238400700774180407e-01,6.427551700099786158e-01,9.412077846590187480e-02,1.551690589773399576e-01,2.705898250118235135e-02,9.468950634573986003e-02,1.223727910844476519e-01,7.251414713015358338e-01,1.213476251075151779e-01,8.162921474299388302e-01,4.225352112676056260e-02,1.211968770122344718e-01,6.040609511350401029e-01,1.410850456076584436e-01,6.775617296197877781e-01,4.817182824919576944e-01
1.050285716075248649e-01,1.284378555157965895e-01,1.229607815654919917e-01,1.603121699567173764e-01,3.015582435948509499e-01,4.457066835842660169e-01,6.218269168474453990e-01,3.534686709738693589e-02,3.128168667210914911e-01,4.296162421458009362e-02,2.287393718823801381e-01,1.299397557066270803e-01,2.441390460792238759e-01,1.297526771926824640e-01,3.157303154262213751e-01,2.957746478873239937e-01,1.297035978750804563e-01,3.736040840633525484e-01,1.298349891314714011e-01,2.667844522968196852e-01,9.829642910679090018e-02
4.972295293513092629e-01,2.322995831064528505e-01,9.741805113283859285e-02,1.663780278423998560e-01,1.657088084479028112e-01,5.031111154267808860e-01,6.404532894192618286e-01,1.586441043531671424e-01,1.415982099736520228e-01,6.261401256671846050e-02,5.449292243355264437e-02,1.472945337976014901e-01,7.267581874936135389e-01,1.455769105020396914e-01,5.831460274242310504e-01,1.690140845070422504e-01,1.452078638119769227e-01,6.294416633676049866e-01,1.793984909562795771e-01,6.492932862190812227e-01,3.487177867337409864e-01
4.554099873501681328e-01,3.133411162298473940e-01,1.354097498912039954e-01,1.906412478246446440e-01,3.546562878489658566e-01,4.358666838845017821e-01,7.342295587460285766e-01,1.525857170516579375e-01,1.828532158353592951e-01,8.356698871697858244e-02,5.691815222005163627e-02,1.502087698406717742e-01,5.464834276475343255e-01,1.496662625937459357e-01,3.612359302830255303e-01,1.126760563380281716e-01,1.495492594977463341e-01,6.487310046643539607e-01,1.503571805079340074e-01,5.954063604240282803e-01,1.405827761903870876e-01
1.438562587920220182e-01,7.548292913383350400e-02,9.546014498685554892e-03,3.188908145505040537e-01,6.105607278440583485e-02,5.544001112583420987e-01,6.249948597126526728e-01,1.763595187597806480e-01,9.429079712620642983e-02,1.438416323221403947e-01,4.830118836788455799e-02,4.588766122508454171e-01,7.534356329261113761e-01,4.574893490737339530e-01,6.938201771376929505e-01,1.971830985915493106e-01,4.572601416613009118e-01,5.563450882084706173e-01,4.967695620961949388e-01,6.024733903971730697e-01,5.426851478123332351e-01
1.763810150975808066e-01,2.053832638516996656e-01,1.151462179479657982e-01,3.102253032852431147e-01,2.518310797336495988e-01,5.626666474643553517e-01,6.923188080210158635e-01,2.445522444072582569e-01,6.199747829308414199e-02,1.504374704411864105e-01,3.247972672526856092e-02,2.799274455716174170e-01,8.892480824006465667e-01,2.763204885090715379e-01,8.101123039939702730e-01,1.126760563380281716e-01,2.760785576303927957e-01,7.035533430866938165e-01,3.393591333289822654e-01,6.342756183745581477e-01,7.572164745321643409e-01
1.771283222713104233e-01,1.881217919572741593e-01,4.378491373703344292e-01,3.908145580521682483e-01,4.575013881932252779e-01,7.216001387131438793e-01,6.203773833556677220e-01,5.329976702596522786e-02,2.021047479009970838e-01,3.166171204648334653e-02,1.617924501337489884e-01,4.500987323073246671e-02,3.395311236863378657e-01,4.475149515364007513e-02,4.567415759994230551e-01,2.112676056338028130e-01,4.467160334835806879e-02,6.223350639424867214e-01,4.498516558818033140e-02,3.710247349823321272e-01,1.056707201154212517e-01
4.318934183863473164e-01,2.709186377312491345e-01,5.801439471675622767e-02,2.668979585194248827e-01,3.746030789751624290e-01,6.897600029635764241e-01,8.089757200457491360e-01,2.156726597811768065e-01,5.562300587927939549e-02,7.170123640294574774e-02,3.801795364517082665e-02,8.593981600116595843e-02,7.922391899188359066e-01,8.316021910476889545e-02,8.713482548506573666e-01,1.408450704225352179e-01,8.291914842240810657e-02,7.807107082736906012e-01,1.040015261120785794e-01,7.897526501766782836e-01,5.966625073910956090e-01
1.402873172371123522e-01,2.542422328533050502e-01,5.735632720258265760e-01,3.474870017258644417e-01,4.583274840702737940e-01,5.078667142406123602e-01,6.321021182853930886e-01,1.834541983649653762e-01,9.388333174239596457e-02,8.380345922572800255e-02,4.613791775854522020e-02,1.053797802264062611e-01,7.089733225545673534e-01,1.036019496099271908e-01,5.803370388528233947e-01,1.690140845070422504e-01,1.033081133290407738e-01,7.218274558941404351e-01,1.362255834617640549e-01,6.660777385159009079e-01,3.043828806398364284e-01
1.796968097529216823e-01,5.839668228571913700e-01,5.222248723813956994e-01,2.720972652785813573e-01,5.188561285978683379e-01,3.775111735122862466e-01,6.431293570253746594e-01,1.543070110547531681e-01,1.405100194324264973e-01,4.607796770488480076e-02,5.621102214160810656e-02,8.725624676544940783e-02,6.079222942033952748e-01,8.545890779592490993e-02,4.477528125709185347e-01,5.633802816901408578e-02,8.515272858982614324e-02,4.588832771647699538e-01,1.280779521985551117e-01,5.485864646021201274e-01,3.593908417547000411e-01
2.788552620243495150e-01,3.630776997058490219e-01,5.282326953891251092e-02,1.169846136304135698e-01,3.449420596175425402e-01,6.152889006333694955e-01,6.386938975745866109e-01,1.135819320179147912e-01,1.305749097750638077e-01,6.499560840483750712e-02,7.817988694528266169e-02,1.663727307899087737e-01,6.499594809455133682e-01,1.645649844825938235e-01,7.556179257086615975e-01,5.633802816901408578e-02,1.643844575016100151e-01,5.350254138624641609e-01,1.900561749807978540e-01,5.503533568904592777e-01,5.178991448075550563e-01
1.465562489679393954e-01,1.245507270770935815e-01,4.373593461415099526e-01,7.192376465660363927e-01,6.386971498974189920e-01,4.238400110755640160e-01,6.190036342400442315e-01,2.649739045467886661e-02,3.767708784861288906e-01,1.475407067090061392e-02,2.853354656640814668e-01,1.685734814569173068e-02,5.675019223359740739e-01,1.656866640846255123e-02,6.370786765741298652e-01,2.957746478873239937e-01,1.650535254346463532e-02,7.309645122978636333e-01,1.686253445047403154e-02,6.183745583038868787e-01,1.323450800842321529e-01
7.066474295994517041e-01,7.056756055360091651e-01,3.065620336297992243e-01,5.459272097114276079e-02,6.173283485282587968e-01,6.742933628091447584e-01,6.208831312081847242e-01,4.315618217214792218e-02,1.431126662239068648e-01,2.009999324369974791e-02,1.941623797545140861e-01,1.244228054044007603e-01,6.386418755052545304e-01,1.227358922382788542e-01,7.219101314306413109e-01,1.408450704225352144e-02,1.224847070186734221e-01,4.294415270456470868e-01,1.478923086963286337e-01,6.227914115985864196e-01,4.482053157017352740e-01
1.985502853123265465e-01,2.109417213582631956e-01,7.161593516421546068e-01,3.916813207391798279e-01,4.358026599895779007e-01,6.210667238068381391e-01,6.407593323322399170e-01,1.102254087117437720e-01,1.429771973601949020e-01,6.597527194108505910e-02,8.064902701634851789e-02,1.098315270094412099e-01,5.715439595227160829e-01,1.092958568274073894e-01,7.623594982800400155e-01,1.126760563380281716e-01,1.091435930457180792e-01,4.375634788894156024e-01,1.097395067244311129e-01,6.272083727293285005e-01,2.688297896586079316e-01
1.571510913084055994e-01,2.899354780786955743e-01,2.172111926655624081e-01,3.162911611709255943e-01,5.219644315545748370e-01,3.875733455154579676e-01,6.858242205805589187e-01,1.869547120334666135e-01,1.117967782774532265e-01,6.252955881359367751e-02,4.512769278380066723e-02,9.745607291619595713e-02,9.062247372675829027e-01,9.617773843236476772e-02,5.612359165672512473e-01,1.971830985915493106e-01,9.596345782356752174e-02,8.994923795590439308e-01,1.272596749983683218e-01,9.328620829766782752e-01,3.537776842896523943e-01
2.227858779784617216e-01,1.761263417182505342e-01,1.576267219834796285e-01,1.282495667258594096e-01,3.861485290248971580e-01,4.832000211991041017e-01,6.211533385267228313e-01,7.839546231112966626e-03,7.945090546828965650e-01,5.590838456861021988e-03,5.790078744037777669e-01,5.245624877526999796e-03,3.993531753675019225e-01,5.004803605470842243e-03,3.331460445689489180e-01,3.943661971830986213e-01,4.955127173213336178e-03,5.644670400522391329e-01,5.235970060090577860e-03,4.372791519434628960e-01,8.189083622547796426e-02
2.104032506106628397e-01,2.358105711272210081e-01,1.896199352872483535e-01,5.147315807058823189e-01,6.321551639369373810e-01,5.836266989088798596e-01,6.859011844184796924e-01,3.070460561043318326e-01,1.117411320017118043e-01,9.897979866225254178e-03,2.393853264167225547e-02,1.454605749084270094e-02,7.364590767417946715e-01,1.392291093461572871e-02,7.443819714230308637e-01,2.253521126760563431e-01,1.386429491307161754e-02,4.893401318438477254e-01,2.477422075412016866e-02,7.199645564749115323e-01,4.145872849098461987e-01
4.097608577020283027e-01,3.820947632649291936e-01,4.590295772499786153e-01,3.353554975149846129e-01,6.985662249272257540e-01,1.214400235569412789e-01,6.202824869133269914e-01,3.948985055368537528e-02,1.943751810761194521e-01,3.528477805553678626e-02,2.090632637102935454e-01,5.125538254372630220e-02,6.418754065720291280e-01,4.982671810632322007e-02,5.511235577101836203e-01,1.126760563380281716e-01,4.953617997424353270e-02,7.695431948913620257e-01,5.120005622518175592e-02,7.031802120141341650e-01,2.479582603419632492e-01
2.334866077938391182e-01,2.875951542178186715e-01,8.127884990373485108e-02,2.651646447058872980e-01,3.647041371850079372e-01,4.276800565315173053e-01,6.539072732808303146e-01,9.821814735002090679e-02,5.595009185478476421e-02,5.187149516924531578e-02,9.072453224148721573e-02,7.265994382558838005e-02,7.291835084882780649e-01,7.095252227011861201e-02,5.865168479984571581e-01,1.690140845070422504e-01,7.075519156471354876e-02,5.563450882084706173e-01,8.612995045155824592e-02,6.616606695491165091e-01,3.985407770433566643e-01
1.445301469048981824e-01,1.670569240921391529e-01,4.757074503948902633e-01,5.043327556270842393e-01,4.844536542299286985e-01,4.798666988184630000e-01,6.255454220826189848e-01,2.264917265730284623e-01,9.175895372064234168e-02,1.376596175934058641e-01,3.578539669047467453e-02,1.717138220205705057e-01,8.585285997814064984e-01,1.693535000930543877e-01,7.325842194231186877e-01,1.408450704225352179e-01,1.691685447520927532e-01,6.944162866829706182e-01,2.231537306914186392e-01,5.927561837455830318e-01,6.249784609730039131e-01
5.552931649571748451e-01,3.437684514065888486e-01,2.568142638972363279e-01,3.275563258157645485e-01,6.315052563787086903e-01,5.477333959673555963e-01,7.275470864694906226e-01,1.493757731718053094e-01,1.426610826888968786e-01,3.101141814742247593e-02,5.827738952193054628e-02,5.064238806570120488e-02,7.065481002425222368e-01,4.974120889899369402e-02,8.044943268511549617e-01,1.126760563380281716e-01,4.960157759175798375e-02,5.928934377527117494e-01,8.808076345764785930e-01,7.323320476409893587e-01,4.749355753619851628e-01
1.354844636005590464e-01,2.042130740181685999e-01,3.461478261384830224e-02,5.407279029411795612e-01,5.798275173180846842e-01,3.634667251574474900e-01,6.160200065797611924e-01,2.930933891374903899e-02,3.727138408996858998e-01,1.427268427808931622e-02,2.646574105349712158e-01,7.069032222406468335e-02,4.866611786011316720e-01,7.043443707276852983e-02,3.758427051428823717e-01,2.535211267605634311e-01,7.037789761751445106e-02,7.147208564690223920e-01,7.069814607503022152e-02,5.318021201413427601e-01,7.821112094344204180e-02
2.274494769464183719e-01,2.796955078994458610e-01,4.498145184557708065e-01,4.532062391620459429e-01,6.292639704528610878e-01,3.503111743422067104e-01,6.136261402474821880e-01,8.254868589063479867e-02,1.782630163572047066e-01,5.077359637862306763e-02,1.077636485013928058e-01,8.901835466252645546e-01,6.378333693852868969e-01,8.885161134556280871e-01,4.466291828538185293e-01,9.859154929577465531e-02,8.883813586606568169e-01,6.030455987163898524e-01,8.972936611127564355e-01,6.007066059448762374e-01,3.828383023461872092e-01
2.918220399765521500e-01,3.908720240539533819e-01,4.369928057430062518e-01,2.348355668379600303e-01,6.248837014987289606e-01,2.896533680342650019e-01,6.239094902461090886e-01,5.315072900762829455e-02,2.469141032511185663e-01,1.895986757651509785e-02,1.621939423273515146e-01,5.789783090396616316e-02,7.542441390460792316e-01,5.603368056778124107e-02,3.606741325687439770e-01,5.633802816901408578e-02,5.587974887314861583e-02,4.395938119386730847e-01,6.762082138966540867e-02,7.146643109540635752e-01,4.078377404640292081e-01
1.164752885140534627e-01,5.675860834326884596e-02,1.669115788757345176e-01,5.268630849167621477e-01,3.194308435280097669e-01,4.322667165473035311e-01,6.393799628301769511e-01,9.892612065819551478e-03,5.265075677793653597e-01,8.386257685291532982e-03,5.209934623135151766e-01,7.325786466890971127e-03,3.387227162489894194e-01,7.067084488126873509e-03,4.741572708536135883e-01,4.507042253521127417e-01,7.002575660012944070e-03,4.588832771647699538e-01,7.349434485112604776e-03,3.701412349201411711e-01,1.026568585646590315e-01
2.473820778834255885e-01,1.999500562762570877e-01,3.861114547781530071e-01,3.188908145505040537e-01,2.927047805573961270e-01,6.506667098835292595e-01,6.591255748957256522e-01,1.888696118675602109e-01,9.959322673665954584e-02,5.113674751705965527e-02,4.459003971237655850e-02,5.941524346432336401e-02,5.149554389083266237e-01,5.820159047125628149e-02,7.432584445733395606e-01,1.408450704225352179e-01,5.800768673535117159e-02,3.512689333693477245e-01,8.403656644862644853e-02,4.973497154855122115e-01,4.999606865339650819e-01
7.681538405699613881e-01,2.761850500093507854e-01,9.307982531470336551e-02,1.967071057103271237e-01,2.280158183011438133e-01,5.580267127101412594e-01,6.449294746209854878e-01,2.407893061821863023e-01,1.058921439387173896e-01,1.006435375988108810e-01,3.312935691411230538e-02,1.723921355823196944e-01,7.202910266774453785e-01,1.687649955484913367e-01,6.095505199954630582e-01,1.408450704225352179e-01,1.685145685769477986e-01,5.817258004410355010e-01,2.070191115417243655e-01,6.060069593017667344e-01,6.167334389945396955e-01
3.145715567016930114e-01,2.059682750619960256e-01,1.070367900638583281e-01,2.677645096459508878e-01,2.619062098426234719e-01,5.210666812848976370e-01,6.254156766670025958e-01,1.303362327455266922e-01,1.047439408379120113e-01,1.023410580366191508e-01,6.760889596979202665e-02,3.365239193460054512e-01,7.348422618670977791e-01,3.354677102143264200e-01,6.691010777093054918e-01,1.126760563380281716e-01,3.352483097231164777e-01,6.152284645173686783e-01,3.682398004006042225e-01,6.413427561837454771e-01,3.353718124991742489e-01
8.880246763878994753e-02,1.105908143795560072e-01,5.357687344424718612e-01,5.641247833573834747e-01,4.203103074136831374e-01,6.346133640198523551e-01,6.466877375660293747e-01,2.541577958280293870e-01,7.648262078140544151e-02,7.831396527261672014e-02,3.090504375635406975e-02,9.481818684272691478e-02,8.803556005898138803e-01,9.341126407758193473e-02,8.258426399938532114e-01,2.535211267605634311e-01,9.332240019317472601e-02,6.822335448113394651e-01,1.397747980662551459e-01,6.466430017045934342e-01,6.530300183995786378e-01
1.060285482041459365e-01,2.100643021961530466e-01,5.945537123542644214e-02,1.317157712319634300e-01,5.936722249272952112e-02,7.146133746041891666e-01,6.465652210227026409e-01,1.346695178580134544e-01,1.031308709294807696e-01,6.606817106952232732e-02,6.527067098456587613e-02,8.479421976354495349e-02,6.063054793286983823e-01,8.328093798570490591e-02,8.191011360013464859e-01,1.408450704225352179e-01,8.319583065035418556e-02,4.233501561098316213e-01,1.029824446909870517e-01,4.840988320932861910e-01,6.781969219769644619e-01
2.823956392392102388e-01,7.050912011814644553e-02,2.357056296725568434e-01,5.164646829589347732e-01,5.778763737725629568e-01,3.533333612085012287e-01,6.163566385329691810e-01,6.189329704134501065e-04,1.221730981268575933e+00,3.074116613742314350e-03,9.460834099938261188e-01,4.105053184807916367e-03,3.265966046887631702e-01,3.993782977632198694e-03,2.971910080000981225e-01,5.352112676056338669e-01,3.954040566645389276e-03,2.111675257749383583e-01,4.106446317501344367e-03,3.586570281441694430e-01,6.822712817234621863e-02
1.274718853481878189e-01,9.098892096829783172e-02,5.767311710971697453e-02,3.674176776359643348e-01,4.824093013803056884e-01,1.876000298804678668e-01,6.187574726231410693e-01,-3.019260834500355276e-03,7.715983039864060533e-01,1.410377677183974245e-03,1.383116202397669969e+00,1.075252608994992087e-03,2.789005658852061753e-01,9.556911407431201155e-04,2.921348060687344733e-02,5.492957746478873693e-01,9.558113329040107686e-04,2.000000123926100049e-01,1.064262370794821777e-03,3.074204946996466070e-01,8.523549833187513136e-02
4.070074463119781605e-01,4.172037227192374464e-01,2.356797516613305388e-01,5.476603119533880459e-01,8.079024439599598040e-01,5.114667466820226327e-01,6.536890584319866582e-01,4.116726673490534588e-02,3.522610117654786238e-02,1.770150665495574469e-02,2.019858406032415399e-01,5.564683478793930327e-02,5.513337735890055935e-01,5.382553103732723443e-02,5.337078628559930316e-01,4.225352112676056260e-02,5.360592401802977136e-02,5.177665295443201199e-01,5.692799662648906356e-02,5.918726836833920757e-01,4.080873341686638289e-01
1.984156088024593978e-01,2.396138833923974476e-01,1.964231323434986187e-01,1.161178509544940063e-01,9.806783932109564006e-02,6.722666929479954590e-01,6.395892000749835438e-01,1.338654024070541348e-01,9.116043661455520974e-02,8.531518140666170813e-02,6.569399730619701616e-02,1.274777287047226260e-01,7.938561034761519863e-01,1.257488343083059679e-01,8.073033154225626173e-01,1.126760563380281716e-01,1.255634256278170824e-01,7.157360849583249696e-01,1.500760545986674632e-01,6.802119062982330266e-01,4.774414098754572455e-01
3.083470583887198968e-01,2.876371181060860538e-01,2.015627022542337832e-01,3.457541110332975620e-01,5.440840225049652368e-01,5.720000456171232539e-01,7.463080339358738602e-01,2.452251532964666580e-01,1.388181748608003918e-01,3.099452739679751240e-02,3.236556763574023610e-02,7.549881169513095180e-02,4.430071769843169083e-01,7.500163473484589005e-02,5.539325805701282857e-01,1.126760563380281716e-01,7.487524146812640780e-02,3.939086538494043221e-01,7.547728653256280396e-02,4.840988320932861910e-01,1.936217337453313425e-01
1.722519934001768838e-01,3.838501596191702392e-01,9.466709419473018361e-02,1.993067590899055830e-01,5.007905740372553538e-01,1.208000463638816413e-01,6.417364851276282645e-01,1.403810388430460909e-01,1.378301609940419947e-01,7.589858793324774644e-02,6.239327180858843941e-02,1.022394396627526181e-01,7.987064494176232543e-01,9.986972420765649616e-02,3.713482891400931019e-01,8.450704225352113907e-02,9.957038795878947468e-02,5.573604406271210898e-01,1.261100708336886367e-01,7.261484098939927634e-01,4.479636638867473541e-01
3.859512304057877707e-01,4.967817094083115670e-01,9.322017272733766624e-02,3.119586170987806995e-01,9.292485966009218501e-01,4.860444926847939939e-01,6.733394280773173923e-01,1.160236733474364484e-01,1.312758250082634581e-01,4.124721302614688112e-02,7.646568288677460523e-02,9.319023429452877316e-02,5.383992545914308980e-01,9.255617200428556401e-02,5.016853588534087027e-01,2.816901139816901239e-02,9.228106889890530518e-02,4.812181800000792098e-01,9.319323892188191572e-02,5.892225070049468272e-01,1.493869532752361284e-01
1.809573762679050901e-01,2.018724711413451833e-01,1.624530358475778091e-01,2.642980935793612929e-01,2.063091332036841585e-01,5.829334111681137021e-01,6.578209758360770154e-01,1.664439403409715135e-01,7.685120244548973578e-02,4.473515303020066808e-02,5.161444539427862549e-02,5.581264476970004829e-02,6.370249619479384506e-01,5.330744583997715225e-02,6.140449702885870664e-01,1.690140845070422504e-01,5.302237604636195201e-02,3.989847962959172101e-01,6.596920667272399008e-02,6.024733903971730697e-01,5.949558887595357559e-01
3.514572479355154710e-01,3.408426420071830609e-01,9.421911836126287132e-02,8.232235701997714372e-02,1.210922425432965355e-01,5.039111696555964581e-01,6.314049062996839323e-01,1.666509002915533832e-01,1.249907354257751707e-01,8.756165123978110199e-02,5.154151082362900399e-02,1.860086522663209063e-01,5.068713645348423835e-01,1.829544940118403851e-01,5.471910079987498676e-01,1.126760563380281716e-01,1.826605763039279573e-01,4.385787073787181800e-01,2.070592723859054907e-01,4.143108462275617576e-01,5.066171013761447961e-01
3.992217116116281161e-01,4.169106451306497929e-01,7.035787007641037816e-01,1.949742150177602440e-01,6.774247633238039690e-01,6.851733755024560502e-01,6.360190936360777814e-01,8.723585803451495979e-02,1.733551987302163200e-01,4.486183365988784949e-02,1.020968913464161687e-01,7.524255990513672998e-02,4.446240905416329880e-01,7.422702191550700768e-02,5.702247142842927774e-01,5.633802816901408578e-02,7.394961365099828043e-02,3.999999008558721147e-01,7.526142199509000541e-02,4.858656165455830234e-01,2.466258649644424150e-01
5.473270564202520339e-01,5.163838120807806575e-01,2.885008137009184570e-01,2.876949739955652063e-01,9.606204897910015639e-01,6.348267103668361333e-01,6.980257320624813078e-01,1.890254677410520834e-01,9.057313507499854810e-02,1.243159245996892232e-02,4.454673257399523190e-02,2.505388824407230874e-01,5.278899579059013192e-01,2.471366990427998900e-01,7.123595017089835446e-01,1.408450704225352144e-02,2.469414037347070767e-01,4.223350515498769386e-01,2.660455122766678393e-01,4.443462897526502253e-01,6.754494467187915907e-01
4.904320028518277530e-01,2.902279697341698661e-01,9.727922557518718649e-02,1.993067590899055830e-01,3.377575546428204234e-01,5.742666633868982462e-01,7.833400238177044006e-01,1.808574290844229271e-01,8.683386895479093537e-02,6.488581852577528231e-02,4.691114624010962048e-02,1.084347035267281267e-01,8.156831042845593682e-01,1.065796820063480421e-01,7.825842159941751586e-01,1.408450704225352179e-01,1.063868319381842120e-01,6.406091767499333400e-01,9.185387476844759647e-01,6.298586572438162889e-01,5.838255714532670781e-01
1.225561927380389299e-01,3.499123386492409837e-01,6.758530150182427976e-01,4.020799342574927770e-01,7.220532645709907271e-01,2.897778103046011466e-01,6.222590575250214195e-01,9.496991670514463857e-02,1.961338509708790423e-01,4.840889129112897760e-02,9.384261532186924382e-02,2.207483557176810329e-01,4.769602893529505394e-01,2.192204578263559078e-01,2.269662765697392226e-01,8.450704225352113907e-02,2.189361316806182067e-01,5.076142446512943440e-01,2.208193816234014228e-01,5.194346289752649337e-01,2.011829934397688924e-01
1.414153699307081902e-01,1.603277745244641728e-01,9.513092395286423253e-01,6.637781629078824963e-01,7.119446018447450619e-01,3.410667030534988431e-01,6.519197624868710017e-01,1.587718119916731729e-01,9.712210042567794022e-02,5.220931018174448240e-02,5.444366279289981209e-02,9.410972601156641915e-02,7.849636216653192999e-01,9.254108214416856271e-02,6.421347874237919306e-01,1.126760563380281716e-01,9.225591596909210601e-02,5.766496579945223910e-01,1.477617859527404764e-01,5.927561837455830318e-01,3.894196135868461806e-01
3.883019885225419410e-01,3.300175211096638694e-01,5.103633141879611035e-01,2.634317540133204183e-01,4.839353195628528503e-01,8.062400384751624571e-01,6.271358916525620053e-01,1.467515276040171346e-01,1.160453675387719263e-01,3.952435646240118339e-02,5.942971572474708281e-02,9.515985589605246986e-02,5.675019223359740739e-01,9.342132398432667628e-02,8.870786594294119976e-01,1.126760563380281716e-01,9.318657437218313966e-02,4.436548498252312900e-01,1.256231205979947418e-01,5.839222614840988701e-01,5.288762187001850856e-01
5.468609268357359499e-01,7.375658733127375966e-01,4.555974121010654687e-01,1.759098786737012254e-01,7.443314250031041190e-01,5.843999964110455636e-01,6.332683744607898735e-01,6.619240149011340613e-02,1.442121819402663874e-01,3.199108168367002097e-02,1.329299818289324253e-01,1.317335182365857449e-01,5.157638463456748479e-01,1.311208245099568792e-01,5.022471565676902561e-01,1.408450704225352144e-02,1.308656632324534108e-01,4.609137341433751089e-01,1.316221466975231458e-01,5.662544169611307687e-01,1.410035134660318212e-01
2.570717929648768107e-01,2.592159023612060631e-01,7.236418586354186055e-02,5.407279029411795612e-01,6.908972020701615868e-01,4.130667301532895408e-01,6.179961131011751929e-01,1.936770949675827302e-01,8.385528584895271531e-02,5.724275386798189508e-02,4.328456196660494804e-02,3.215859473528186463e-01,6.677445432497979283e-01,3.171134103586858988e-01,5.938202182841171295e-01,1.126760563380281716e-01,3.168816403734708853e-01,8.010152780597423749e-01,3.294293646052435243e-01,5.706713780918726275e-01,3.741673987178461003e-01
1.397161427835863501e-01,2.867174281385418411e-01,5.019249065811167698e-01,2.582324472541639437e-01,3.631232732816855879e-01,9.861339990526230004e-02,8.625634073854394623e-01,5.390990336480310230e-01,8.990942271269494745e-02,7.510472265387474478e-02,9.205390383232120444e-03,1.108364359898104112e-01,9.789814066289408423e-01,1.090091494851845866e-01,4.308988468539355909e-01,1.408450704225352179e-01,1.087914520283324027e-01,8.203046193564915711e-01,1.403772107289691373e-01,7.367490087717314395e-01,3.161510533719269489e-01
1.318232566994734789e-01,2.322998063180866934e-01,6.428560897602560997e-01,4.324090121254200447e-01,3.962449722373748706e-01,5.390666970121651413e-01,6.400710920353640532e-01,1.835769868943598893e-01,6.893094829767335008e-02,9.350719545976622638e-02,4.610186661869988822e-02,1.167252026147733712e-01,7.865804365400161924e-01,1.152110819932699037e-01,7.747191165731054374e-01,1.408450704225352179e-01,1.150193174500968585e-01,6.436547382884933999e-01,1.633743141280825650e-01,6.722614840989398211e-01,4.042105345072712907e-01
3.476231102166505993e-01,3.242082010175064699e-01,1.217586974287245688e-01,4.090123432697012618e-01,6.331722252170570719e-01,5.666667254666792886e-01,6.171531551310553976e-01,8.504647612056530359e-02,1.314598834590424703e-01,7.803526788730491548e-02,1.046749919849442045e-01,7.958024951889981491e-01,6.459174437587711370e-01,7.946571835279083729e-01,5.016853588534087027e-01,1.126760563380281716e-01,7.945508692852543131e-01,7.086293616038590315e-01,8.036586529048836969e-01,5.644875246727913964e-01,3.629508347082729403e-01
2.836808379333705110e-01,2.413693076497311074e-01,8.311699820217482992e-02,4.696707105660413717e-01,5.846874731810545178e-01,4.894400481361760313e-01,9.939974646364897470e-01,2.295852245100298283e-01,3.961487241403285897e-02,1.160394567934599011e-02,3.518395810814641672e-02,1.769142259939826545e-02,6.887630379382376766e-01,1.700627235185536712e-02,6.831460891452155737e-01,1.690140845070422504e-01,1.679712652929832295e-02,2.426394850139708126e-01,1.779627407768091807e-02,7.508833922261484162e-01,2.122350514229679741e-01
2.313864687589501923e-01,2.299587570161231997e-01,1.080994075213157768e-01,2.218370883795834914e-01,1.780954156375749164e-01,5.713600586568103878e-01,6.220287462242347631e-01,1.215328051867669706e-01,1.133612489959988229e-01,8.752786973853117491e-02,7.283009282403321571e-02,1.111982032227432082e-01,7.938560047935325770e-01,1.098390917916192144e-01,6.943820434308461964e-01,1.408450704225352179e-01,1.096265292981328798e-01,7.563452245304285171e-01,1.300408134578987518e-01,6.634274540014133414e-01,3.700466012290644091e-01
2.020074692378804326e-01,2.009948008645086326e-01,2.117127240099995478e-01,4.168113034084357515e-01,4.458780742734638203e-01,7.931199998098783510e-01,6.588225620275129923e-01,5.594351349255026473e-02,1.780524080261586817e-01,2.010843861901222621e-02,1.549676621761956474e-01,2.771538967858000468e-02,3.290218270008082868e-01,2.729755695164715057e-02,6.646066959950532871e-01,1.971830985915493106e-01,2.719534771410181406e-02,3.634517991703267725e-01,2.772102269589660217e-02,3.568904593639574685e-01,1.799842790594201880e-01
2.082858100679369495e-01,3.545932932900338619e-01,8.064461844414172464e-02,3.128249566648215740e-01,3.023192634654656707e-01,3.048000646208588460e-01,7.053016311733475430e-01,2.320396943719731375e-01,1.131720839430709336e-01,5.452334301736368877e-02,3.471765332056998832e-02,7.998573029247890709e-02,7.655617444863378473e-01,7.862320116292531580e-02,5.297752445674853705e-01,1.126760563380281716e-01,7.837149871216997354e-02,5.918780853340612769e-01,9.782177621373588927e-02,7.093638497611305382e-01,3.417188216114551702e-01
4.791591155427062931e-01,5.939142176773062332e-01,1.327452472699230668e-01,2.149048909278601371e-01,5.733048552367225881e-01,5.739200716005663505e-01,6.251272832137274582e-01,9.389075535104636494e-02,1.524098474050028518e-01,5.313830146611715072e-02,9.492128132749710900e-02,2.317470845078208885e-01,6.135812449474533636e-01,2.303366547792102814e-01,7.921348457158329248e-01,2.816901139816901239e-02,2.301392466194462916e-01,5.715735155480095031e-01,2.466879853814525347e-01,5.194345211392226158e-01,4.608458236227607197e-01
2.074266048305346000e-01,2.469278209606074193e-01,5.528781983852625037e-02,3.214904679300820689e-01,3.474388186067960405e-01,6.173333558652829289e-01,6.627251969670311382e-01,1.869838482946788727e-01,1.471319112232841175e-01,6.714917910951963276e-02,4.511943416960546155e-02,1.110022459715713783e-01,6.717865804365399374e-01,1.097083130039386845e-01,7.376404674305242493e-01,1.690140845070422504e-01,1.095208869929171769e-01,6.416242813098880227e-01,1.250407883573709800e-01,6.298585494077737490e-01,4.691277730981728844e-01
1.245592073993886245e-01,2.255706567504117410e-01,1.407361250768106135e-02,5.225305408446172528e-01,6.186648221822954596e-01,4.353334156716530678e-01,6.184897646131413129e-01,1.399776136878955191e-01,9.060314100241242952e-02,4.375548949395311610e-02,6.258936659109112788e-02,1.036463122352695443e-01,5.966045900805172497e-01,9.772696407104342065e-02,5.308988742845853759e-01,1.408450704225352179e-01,9.751287830006449830e-02,6.690355744504057345e-01,1.108338897283618341e-01,5.697878780296818935e-01,5.452496579442618341e-01
2.188879830797432202e-01,2.442529857498036694e-01,4.170081423984314251e-01,3.509532062319689061e-01,4.653400633461317604e-01,6.220000766427864480e-01,8.104757096774962699e-01,2.128176845753953356e-02,4.460615187242401164e-02,4.286872508614282540e-02,3.332307332273971578e-01,6.804741160569394154e-02,3.702505076229587466e-01,6.780880141241096837e-02,5.662920959957850053e-01,9.859154929577465531e-02,6.769156471345816328e-02,3.522842857879981970e-01,6.801238962042965852e-02,4.063604240282685520e-01,1.332999636828439971e-01
1.819881360667814918e-01,1.372149907483937170e-01,1.131482489688628162e-01,1.776431924872388102e-01,3.738039796961336592e-01,3.349867390465826045e-01,6.163612009056538277e-01,8.819450017519577315e-03,6.786261373496762506e-01,1.149415580028376530e-02,5.498179719751636885e-01,1.329997035518526438e-02,4.664509926674211826e-01,1.296721979387260859e-02,1.275280897143118430e-01,3.239436834633803164e-01,1.281793303283973451e-02,7.116750470717667643e-01,1.331833995150555339e-02,5.088338144254416218e-01,4.364028793886237656e-02
2.540355749475373681e-01,1.816851340450734986e-01,1.620102731772349591e-01,2.452339687957874048e-01,1.384618532397308144e-01,5.862933654941817618e-01,6.224073025556041694e-01,1.706571362082388021e-01,8.651715589960370933e-02,1.177285318559556926e-01,5.016242406923631519e-02,2.930465323103361719e-01,7.154404833707355138e-01,2.910783717034943763e-01,7.370786011373710034e-01,1.126760563380281716e-01,2.908282356728912887e-01,6.517765662029140206e-01,3.282747403350414483e-01,4.991164999378090439e-01,4.743181593506549110e-01
2.149579568093274995e-01,2.454650278667213914e-01,1.896669379413996048e-01,2.963606968213112758e-01,4.373312357426093477e-01,3.598666943424908560e-01,6.393546922167401281e-01,1.143214814339030411e-01,1.316867246010466341e-01,5.215863792986960568e-02,7.765363970514119196e-02,9.098445908261898474e-02,7.445432497978980990e-01,8.987017690346021936e-02,5.999999588526769845e-01,9.859154929577465531e-02,8.975571474565358088e-02,6.832486493712941478e-01,1.045938985637475671e-01,6.775618374558303181e-01,4.004835977522935853e-01
