6.265301459484775570e-01,1.494323852618317794e-01,7.303249613785031680e-02,1.417566890013244318e-02,7.658174972738791830e-02,7.621609504595738827e-02,4.179893103435627921e-01,2.902550378185480007e-01,4.079669554254814479e-01,4.445861528126328066e-01,6.342476859671644304e-03,1.370502483750346556e-02,7.657513922893269265e-02,5.120948483580889388e-02,5.933654626206744664e-01,6.448598093263762099e-01,6.982345803815390717e-01,4.136415383393233225e-01,3.427723372728070372e-01,5.616085217381814321e-01,7.165564989012738195e-01,1.126760563380281716e-01,7.659818168792234538e-02,0.000000000000000000e+00,1.355782506294178624e-02,7.657426012942375460e-02,5.215641173088414462e-02,5.120614035087718285e-01,2.987332950604020265e-01,3.541665994459146649e-01,1.413549993974205776e-02,5.467941391161905418e-02,5.662220974308576071e-01,4.754754814689046150e-01,4.015934621324703802e-01,7.165564989012738195e-01,2.509110752984076709e-01,2.628126530401784233e-01,2.606197491885987594e-01,3.135738831539631732e-01,6.867081835275796742e-01,7.141832389589359842e-01,6.283446182145457914e-02
6.346204875382471799e-01,8.105342566687057104e-02,2.287500702340435621e-01,1.676517211865224954e-01,4.029998176500571017e-02,7.391840394530646563e-02,3.932979523188713245e-01,2.424031383025857522e-01,4.321938840786589964e-01,5.289667861816534922e-01,3.252314032835619539e-02,1.673880282726392110e-01,4.029282498859299705e-02,4.469834610485179383e-02,4.371321603385245336e-01,6.007353955194997264e-01,4.697920685141036001e-01,5.640681148928465838e-01,6.260340914759067177e-01,3.040139373202583872e-01,5.857617372225574215e-01,1.408450704225352144e-02,4.037511632899112857e-02,2.692307692307692180e-01,1.672825469016487876e-01,4.029180092404248403e-02,4.334387579068987861e-02,3.870612696596489322e-01,2.315271051261555968e-01,3.854166575585500354e-01,1.662967500903866913e-01,2.877387424801319815e-02,3.113384053823475828e-01,4.494494618032522926e-01,3.617586737700535515e-01,5.857617372225574215e-01,1.772595086709441436e-01,2.132943826522414599e-01,1.622219320492517824e-01,1.443298969088036010e-01,5.665006012633782007e-01,5.192538035395286578e-01,1.178139099641235532e-01
6.903370022816349705e-01,2.217893674663463377e-01,5.270096900994512140e-02,7.074666626150305504e-02,2.401671176015375553e-02,5.913752521856707745e-02,4.038800705467373575e-01,2.755851550574990316e-01,4.064605934788150243e-01,6.659506880484559188e-01,8.538274440916154492e-03,7.002704471765408556e-02,2.400421483785309534e-02,2.282723032358546789e-02,2.648474947404817481e-01,5.480312551037261892e-01,4.241859427645302549e-01,7.824938367138495332e-01,-3.148005868991193834e-03,8.156865794629166722e-01,7.503312470383640687e-01,1.408450704225352144e-02,2.405326079173939618e-02,1.230769230769230838e-01,6.978904409973196721e-02,2.400421710436294320e-02,2.271420356527897866e-02,1.721489889578946553e-01,1.055594821048027043e-01,2.763671299922929592e-01,7.031093078375416638e-02,1.714861585100618119e-02,8.176262702620977763e-01,4.574574678542222550e-01,3.892004280705501085e-01,7.503312470383640687e-01,2.182945882010823291e-01,3.010099091472772104e-01,2.370241192012385589e-01,2.242270138581354821e-01,7.433561371790315953e-01,4.919875919835079436e-01,3.969037436036746552e-02
6.211185234877983907e-01,6.570676646997113124e-02,1.993983386680642789e-01,5.719393672354167180e-02,4.130614966054774184e-01,6.371889710826650344e-02,5.449735449735451098e-01,4.222843664131179509e-01,5.676389466852791443e-01,1.525833247182731278e-01,3.509053442334977152e-02,5.683957357634694674e-02,4.130463093050205647e-01,4.030978123334705288e-02,4.553236727760605618e-01,4.711199761330254754e-01,5.994899889291613881e-01,5.415705059165604185e-02,1.515316855832397891e-01,5.565334599370257429e-01,2.505961799904956600e-01,3.521126760563380587e-01,4.130574407356786826e-01,0.000000000000000000e+00,5.678449606107371928e-02,4.130464618152056566e-01,4.347326049453670294e-02,8.421052631578946901e-01,6.059113684514059184e-01,6.244791845070480907e-01,5.676796689832475096e-02,2.950623424325924393e-01,5.612004449292109509e-01,6.196197125789268956e-01,4.582473321298192737e-01,2.505961799904956600e-01,1.429658484396803542e-01,2.088249554724514179e-01,1.644932123743818031e-01,3.058419243909917817e-01,2.348675074048518496e-01,5.730686555472381816e-01,1.434620954825270855e-01
6.126328863921242096e-01,2.087246042317084382e-01,8.372027277229013298e-02,8.455515545629042062e-01,4.127537139571590963e-01,2.622169917058911892e-01,5.899470899470899976e-01,4.572127602223228227e-01,3.678607341934574393e-01,9.946676879237430213e-02,8.029862847104925205e-02,8.431101932707871782e-01,4.126312832304011580e-01,4.455492895219492766e-02,5.179240223704694168e-01,6.581890378027608346e-01,6.217634458531334785e-01,8.899288881794986672e-02,1.954070300098246227e-01,1.301780637274962960e-01,3.268213817377265684e-01,3.943661971830986213e-01,4.126995577404752313e-01,6.461538461538461897e-01,8.432550962397464822e-01,4.126299347232977310e-01,4.600345025878027627e-02,8.135963573789473102e-01,5.907811361430683750e-01,6.982421635190534381e-01,8.413811111557463196e-01,2.948320598346979571e-01,1.393319582284902047e-01,6.286285971937053407e-01,4.588374405903161701e-01,3.268213817377265684e-01,8.655260805374047628e-01,8.641335316271127054e-01,4.046315098208470573e-01,5.541237113353028043e-01,3.165800519408956681e-01,6.673045018144969642e-01,4.274630142975206770e-02
6.208947968130394957e-01,3.124841719489011155e-02,3.060797904159556770e-01,1.335521217922441828e-02,2.752960788177021834e-01,6.607262945527025977e-02,5.599646189855380651e-01,4.421936361570699692e-01,5.493535938856588530e-01,2.792881086757700859e-01,1.061583676778595810e-02,1.278154667370290376e-02,2.752837115256252520e-01,4.197342020423633357e-02,2.557517221938389040e-01,4.300597383781156191e-01,3.919183772048490666e-01,1.844263446118682426e-01,4.699946125207246639e-02,2.294964774705456900e-01,6.267109849212446626e-01,2.112676056338028130e-01,2.753239315625884420e-01,0.000000000000000000e+00,1.265430845447879094e-02,2.752828829626848828e-01,4.633889189189943636e-02,7.982456140350875362e-01,7.093595969168402515e-01,6.019965491286678461e-01,1.344755553770116130e-02,1.965593070972844192e-01,2.376051577230855472e-01,6.366366032446753032e-01,5.308351751021509468e-01,6.267109849212446626e-01,1.270166846906347624e-01,1.477763177341463730e-01,1.385217063004745564e-01,5.859108626593636515e-01,5.874630642096319022e-01,4.113051250211665621e-01,2.674935567285929294e-01
6.295644711223234991e-01,7.245148900095671474e-02,1.807063491345181905e-01,2.689781262186574651e-02,1.130898263551725763e-01,1.473324366733947954e-01,7.248677248677251050e-01,6.852952570613577432e-01,7.529185930347077615e-01,4.058760512816410593e-01,1.864738868995338000e-02,2.582187019550352680e-02,1.130579145729092849e-01,6.377282740917422643e-02,3.504547984234577251e-01,4.801593413064322302e-01,2.900156715953385311e-01,4.153980743714378865e-01,5.146087307548703471e-01,4.377213518218381338e-01,3.238410072431769926e-01,1.126760563380281716e-01,1.131075866511200012e-01,2.230769230769230893e-01,2.570453991716070696e-02,1.130574656322203830e-01,6.440483036227817593e-02,5.603070175438595868e-01,4.845179887252095696e-01,3.652343245546429973e-01,2.669425139597469965e-02,8.076483469757267386e-02,4.436387002019459569e-01,8.268268691477747012e-01,7.294186842746275268e-01,3.238410072431769926e-01,4.331075830946116700e-01,4.667142170930944634e-01,3.904911595006906877e-01,1.924398625340746349e-01,3.279058571245165865e-01,2.508969146148807283e-01,1.310407062277445800e-01
6.284272726885655747e-01,1.518029962585237536e-01,1.823829789477306729e-01,1.115922431388041147e-01,9.900162869212995875e-02,9.364492266308133139e-02,6.181656771865962074e-01,3.629060969404871440e-01,5.510691874549391578e-01,3.647537375768379331e-01,6.793459901358016306e-02,1.109696013314322993e-01,9.899177372051012891e-02,5.356152613949660690e-02,3.237024935716998897e-01,6.266278505399864862e-01,4.250686525738558985e-01,3.887587947540652178e-01,5.201782791506962544e-01,4.783829652549262956e-01,4.426491290713161497e-01,8.450704225352113907e-02,9.900494387813073283e-02,0.000000000000000000e+00,1.107975310647282274e-01,9.898847205075461675e-02,4.882116158712790366e-02,7.247807017543859143e-01,5.446868812851501929e-01,6.177082870564591932e-01,1.107891776804723616e-01,7.068643126904668172e-02,4.838723960301947180e-01,7.017017746013689550e-01,4.635586684626014087e-01,4.426490644016580767e-01,1.601296569566195149e-01,1.608768033013655285e-01,1.235854072851871877e-01,1.529209621899974003e-01,4.235406642488990236e-01,4.375986781287735106e-01,6.175206470852063340e-02
6.210998972628690717e-01,3.260119383766762330e-02,1.605669103163200884e-01,9.384606813842788497e-03,6.207980312220044983e-01,1.003978928491378042e-01,5.881834215167549562e-01,5.826056513538908632e-01,6.522867052101015695e-01,3.907770942051584651e-02,1.019356800216201370e-02,9.031819404204499691e-03,6.207474235190836298e-01,3.676259718201180249e-02,3.183520717882478701e-01,2.295081964147216436e-01,3.239505575518437097e-01,8.548008197353701432e-02,9.845842806654876711e-02,3.207730101337527007e-01,5.761590628207051701e-01,5.352112676056338669e-01,6.207316200159663788e-01,6.307692307692307487e-01,8.974254852594620857e-03,6.207439225388725612e-01,4.216982921219170066e-02,7.532894736842103978e-01,8.451794362649233117e-01,5.230034078218501747e-01,9.395211505242251349e-03,4.432867383796035288e-01,3.279211078629360454e-01,6.666666259358127178e-01,6.181764499578601413e-01,5.761590628207051701e-01,1.133510513985441781e-01,8.674319104672353897e-02,1.401196324273701888e-01,5.283505154587309072e-01,5.496784269963650438e-01,3.168301433707922943e-01,2.590035186509370702e-01
6.207458824955555121e-01,1.392545851127974764e-02,5.475899706361521124e-01,5.692551569756787444e-03,4.841677364615906698e-01,6.158932974669539817e-02,2.865961199294533301e-01,3.440447216457722668e-01,3.951630512642494431e-01,1.780964764517314336e-01,4.788527802175528147e-03,5.571313317874304616e-03,4.841658996025153816e-01,4.505688898651527552e-02,4.692348869737343886e-01,3.828711438450272952e-01,2.986955544109778926e-01,1.279273064661261006e-01,8.704220998935185971e-02,7.268852763180153609e-01,3.543048210027408551e-01,5.070422535211268622e-01,4.842150476045619656e-01,0.000000000000000000e+00,5.522618370827458989e-03,4.841642743319403142e-01,5.010063254744778760e-02,7.521929824561401912e-01,7.332863865188541386e-01,5.999347845648173028e-01,5.654199975896778696e-03,3.456892938283910865e-01,7.297595006425556807e-01,3.273274917185231558e-01,4.482148759835113960e-01,3.543048210027408551e-01,5.075196999735598347e-02,8.119572196913729667e-02,7.125692035132907831e-02,1.323024054997365972e-01,3.713880468930264023e-01,3.942836860956637768e-01,4.547732281282920175e-01
6.182925388667998012e-01,1.015500215351787361e+00,5.909030300579631856e-01,4.689771133091324984e-03,4.000086915113631458e-01,5.832025722932598910e-02,1.904761904761906877e-01,1.735942451367664674e-01,1.261142904840975021e-01,1.636783098347984189e-01,4.856090804675359737e-03,4.439798864426247604e-03,4.000046678779767273e-01,4.527201471551478562e-02,4.997324446214341798e-01,4.361881278863064537e-01,5.871910251080587617e-01,1.598358870829369449e-01,2.574852925002893769e-02,5.731873025227969265e-01,3.295807362394009843e-01,3.380281475225352383e-01,4.000286348334741171e-01,2.846153846153846034e-01,4.339925282222045766e-03,4.000040378366107041e-01,4.768065957448186509e-02,2.817981117649122069e-01,5.552428273482978849e-01,1.976995890155182067e-01,4.649901578757109633e-03,2.856018426687544354e-01,5.776790246114968941e-01,2.192194100304285520e-01,3.012689727189483690e-01,3.295807362394009843e-01,9.172300988455978077e-02,1.072853553566745777e-01,7.128811626503295251e-02,1.563575980498290718e-01,3.057423990634609012e-01,7.313242251315095199e-01,-1.798263288161783963e-04
6.113384778882605675e-01,9.433146348270143519e-03,8.048738893907864123e-01,6.583911957903643142e-03,3.237623597212387350e-01,7.345139374579900959e-02,4.365078288620811708e-01,4.463850434140403944e-01,4.671326432919369331e-01,3.570427981936466488e-01,6.680291872170798784e-03,6.149755684211166695e-03,3.237510539416862954e-01,4.302514579921279392e-02,2.140181775680660703e-02,1.884479818913989968e-01,8.120831115345553131e-02,3.018149234474756804e-01,4.250663946471174293e-01,5.377309926166036202e-01,4.816779496791792070e-01,2.253521126760563431e-01,3.237883885739429868e-01,0.000000000000000000e+00,6.096199139121294408e-03,3.237495112892141425e-01,4.859114433583755499e-02,4.122807017543859143e-01,7.695284894767810968e-01,4.218749805434232059e-01,6.598240469207983239e-03,2.311615546146249256e-01,5.425958523634164532e-01,4.964964973527008496e-01,5.355563309362076918e-01,4.816779496791792070e-01,1.325420521203513058e-01,4.770285672220450635e-02,1.116184781942941018e-01,1.202751238226280606e-01,4.451796409641510799e-01,1.900661626360318213e-01,5.529584988063687145e-01
6.326275978110115217e-01,1.760055420922252423e-01,9.510998497471204183e-02,1.634380175334639862e-01,1.003280509123618408e-01,1.654524394754517402e-01,7.195766119308641962e-01,6.329025384375366325e-01,6.834596042487861567e-01,4.792577566068674244e-01,2.026890074994932428e-02,1.620907139703979816e-01,1.002716462730661451e-01,5.727125001296684559e-02,5.259497040292718806e-01,6.848475321612583766e-01,6.428010762402232015e-01,3.378216786766798374e-01,1.706432424338623910e-01,6.949051108928290255e-01,4.485652644644493314e-01,8.450704225352113907e-02,1.002935070512705057e-01,2.307692307692307820e-01,1.617802322748316257e-01,1.002638267413251405e-01,4.849530362277221229e-02,5.394735503614034311e-01,3.750879715849617657e-01,3.524304775996105477e-01,1.625155666251556497e-01,7.164104336171987775e-02,6.981158903767861190e-01,8.158157386351283513e-01,6.886987512345632556e-01,4.485651566774464527e-01,4.034228714779892200e-01,4.815807041048951742e-01,4.774582935822033747e-01,2.293814432904945910e-01,4.178012875141674520e-01,5.641393897998638884e-01,5.226401772260517303e-02
6.290892424015012141e-01,1.979926594702943465e-01,8.190724301339531721e-02,7.136454107601397645e-02,3.750691329657553363e-01,2.840730777852513711e-01,5.158730158730160387e-01,3.524275787980608587e-01,1.800075672460161869e-01,1.381089843745967882e-01,4.480271603270049446e-02,6.890567837589633982e-02,3.749376512282144858e-01,2.832010727062339583e-02,5.569823071208919174e-01,6.981767793405072586e-01,6.395056713009557026e-01,1.004097448748530463e-01,2.104387422937572250e-01,1.285682322959471602e-01,1.562914301327715805e-01,3.380281475225352383e-01,3.749731373645214805e-01,6.384615384615384137e-01,6.886014781125626705e-02,3.749395309047101055e-01,3.427257044278775311e-02,7.368421052631577428e-01,5.460943407613627620e-01,6.575520720103777972e-01,7.415237215281389460e-02,2.679118965881097658e-01,1.377390684564625545e-01,4.984984988654432847e-01,3.776926107273386179e-01,1.562914301327715805e-01,6.590625364712123790e-01,7.462126308942921282e-01,4.572101773729939644e-01,4.475947114550935524e-01,1.900051196451890689e-01,7.533126688838227558e-01,4.554114453726224726e-02
6.247119501234378314e-01,9.075990475449083328e-02,1.389901980998477227e-01,1.891608550982271097e-02,1.410389822940138482e-01,2.022528581035629713e-01,6.887124144000000836e-01,5.158924191815619231e-01,6.070547548954938755e-01,4.892088199519920577e-01,1.024424025403688869e-02,1.723149364981901854e-02,1.409445598328198102e-01,3.463046198784525131e-02,5.168539314826291475e-01,5.844951726750350351e-01,6.684582139913547438e-01,3.334308690356512228e-01,1.026393720381797159e-01,1.072202303968916581e-02,7.101988193612531752e-01,1.549295882098591370e-01,1.409549673536310832e-01,2.769230769230769384e-01,1.702976528871924522e-02,1.409371458616515138e-01,3.335250143762635844e-02,7.565789473684210176e-01,6.175228661674569963e-01,7.458332972386605420e-01,1.945828144458272568e-02,1.007674723405196371e-01,2.113305759241423942e-02,7.647647000601947020e-01,5.668339523109913181e-01,7.101988193612531752e-01,4.030402138079143826e-01,4.243475377937551141e-01,4.217823029245691968e-01,4.656357388257386098e-01,7.261648721457807376e-01,6.141114974673500537e-01,1.055499681339945872e-01
6.246605704790822999e-01,9.361073777518766348e-02,1.343784200789835681e-01,1.126760563380284630e-01,7.769863417959600727e-02,1.045542854741157157e-01,7.292767882977073679e-01,6.502794143581778208e-01,5.547931512495662965e-01,4.789765509307903901e-01,4.645800959394635193e-02,1.119032276069231724e-01,7.767053387147929144e-02,4.656276908949052995e-02,6.816478955542903950e-01,7.380496276021323299e-01,7.483326257268378967e-01,3.331382060913296583e-01,3.834737747232536687e-01,5.591435696784157194e-01,3.203093223508779452e-01,5.633802816901408578e-02,7.774357178210165864e-02,2.692307692307692180e-01,1.118076423292455601e-01,7.767084752096514721e-02,5.036419378954093418e-02,6.622805679052630179e-01,5.064215123795015039e-01,4.513888717805831785e-01,1.117934760776120307e-01,5.547953730843295517e-02,5.637830862104342700e-01,8.298297492243256190e-01,7.055178598848936833e-01,3.203092684552575342e-01,4.761734742619166405e-01,5.017697147892091758e-01,5.170289839898953854e-01,1.666666666575022937e-01,3.303301332238310906e-01,6.989556024975411841e-01,1.023766047707418136e-01
6.166770843636453225e-01,1.308639540856095795e-01,1.164533123582413843e-01,1.007961468921403592e+00,1.353615773132615385e-01,8.064335350817941617e-02,7.063490987033511637e-01,5.606008911664859262e-01,7.544876961200639442e-01,2.768244413682618421e-01,1.292818052834268094e-01,1.008767968500261514e+00,1.353331523931292080e-01,4.627593478416258677e-02,6.746923047833282006e-01,6.886778130083192062e-01,7.559336811042424165e-01,2.950818610342308967e-01,1.638059877125875863e-01,4.306435505787207241e-01,5.920531269338256131e-01,1.267605633802816878e-01,1.353711746698344209e-01,3.230769230769230949e-01,1.009014862340615437e+00,1.353331454260895961e-01,4.830362277170507923e-02,8.344298245614034659e-01,6.639690717987172253e-01,7.519530655500037408e-01,1.000200859679428289e+00,9.686917903880434833e-02,4.366353848313695440e-01,7.867867167003621542e-01,5.128356964492375436e-01,5.920531269338256131e-01,3.859589695649035535e-01,3.971159006197424457e-01,3.276308148175752777e-01,4.166668764032070982e-01,5.944391545183482783e-01,6.290361449618935286e-01,7.255593222200723558e-02
6.050820561654028928e-01,1.627229791487031230e-01,8.867587244600629026e-02,8.717251368694005631e-01,2.119419667547488006e-01,2.896772024209823826e-01,6.825396825396827793e-01,5.448830286795045552e-01,3.675467986527656272e-01,2.082058467679178682e-01,3.339301398554151978e-01,8.696982458988942177e-01,2.118113543601588267e-01,4.598910047883464358e-02,2.263242391069607007e-01,4.165772814621547804e-01,2.720674803466977543e-01,2.131146556984442886e-01,6.109037361790718712e-02,7.305906171384293213e-01,3.887418206841459778e-01,1.971830985915493106e-01,2.118261865563967339e-01,4.384615384615384581e-01,8.696702671972709187e-01,2.118048846210179859e-01,4.456584243818184632e-02,7.916666666666665186e-01,5.299085138433325959e-01,7.327474143278813745e-01,8.712087735507971775e-01,1.515146000701171614e-01,7.334258469313923445e-01,6.846846395504950777e-01,5.172617440250821819e-01,3.887418206841459778e-01,5.137175989498374840e-01,5.705406276860039982e-01,3.662751108518739196e-01,4.158075601310327052e-01,3.893071137434378493e-01,3.831619704318003361e-01,5.714554986005591225e-02
6.111133344641843657e-01,2.777183022400011442e-02,6.403376968793241808e-01,9.683364480301441812e-01,6.255791507948117447e-01,4.613128614660411131e-02,5.352732609608465975e-01,3.730354164170570641e-01,3.777983998397962395e-01,1.125571851171390109e-01,1.987872441051280192e-01,9.698651823361967850e-01,6.255785361147137014e-01,3.671479108199093844e-02,1.391118154192429457e-01,3.133139182568603909e-01,2.198901431925052996e-01,1.058252517170580054e-01,1.378480011385096737e-01,5.760131478698384822e-01,3.214129671419745371e-01,3.943661971830986213e-01,6.255995418422933829e-01,4.153846153846154077e-01,9.701078128806948087e-01,6.255780852617807142e-01,4.207398907418991030e-02,6.304824561403508110e-01,6.386347797704574614e-01,1.384548191322867439e-01,9.601243321415655618e-01,4.466546405128225539e-01,5.804751311245262002e-01,6.086085820662803236e-01,4.727058718696701689e-01,3.214129671419745371e-01,6.181786777051639925e-02,7.655372952658343055e-02,8.054946758014031039e-02,5.824744365424874282e-01,3.044043305420141010e-01,3.368412514487604259e-01,2.919674314181900932e-01
6.358751991934705750e-01,9.096711588050057640e-02,1.578569349680474798e-01,3.854627223969497862e-02,9.981171491336872370e-02,7.545953822012307910e-02,5.176365766574957394e-01,4.041216442701427436e-01,5.619063930330510104e-01,3.653011505439515694e-01,1.754104452401864661e-02,3.814167778730603864e-02,9.980471508842836403e-02,4.971794644809790498e-02,5.805243066533791740e-01,6.551248804536584647e-01,6.835033214595211959e-01,3.621194593015729102e-01,9.612660371883348098e-01,1.530467651446938415e-01,4.013246001066823609e-01,7.042254058408452255e-02,9.986398453713229983e-02,2.153846153846153966e-01,3.797307723544229852e-02,9.980097908922350158e-02,4.734521736630625810e-02,3.969296907122805695e-01,3.121040741691518683e-01,3.348523512026622129e-01,3.821355401116766082e-02,7.126405465032098485e-02,1.619599923649281958e-01,5.925925699643403988e-01,4.989672651698833228e-01,4.013246001066823609e-01,2.120648621467137729e-01,2.170745807011962569e-01,2.252027882602732900e-01,1.709624090465533541e-01,3.988302051179983820e-01,6.435462497323025666e-01,1.053133875434366096e-01
6.260469572444179454e-01,8.222392025191296860e-02,2.158504614619711215e-01,2.303001757398039917e-01,1.910786847521726839e-02,5.738623626989181048e-02,6.128747795414464239e-01,4.261265323692378093e-01,4.855435039043953793e-01,5.749598675586425900e-01,4.309675021957976027e-02,2.301896174669300077e-01,1.910072146650026309e-02,2.791853924317422297e-02,6.302835329379545826e-01,7.311168916467718493e-01,6.439779843405376569e-01,8.085059694807793518e-01,1.339405232109236732e-01,6.908741657526098479e-01,6.741723997937820734e-01,1.408450704225352144e-02,1.911375187915005658e-02,3.307692307692307598e-01,2.301074068058148736e-01,1.910103889098549446e-02,2.903967797585949029e-02,4.660087719298244835e-01,2.670654139209260869e-01,4.739583709992001292e-01,9.787490459165224532e-01,1.429086250937854075e-02,6.941273663862459475e-01,6.026026997206157532e-01,4.936560729163907979e-01,6.741723997937820734e-01,2.360325905865230389e-01,2.677694743454359649e-01,2.382985013170840771e-01,2.465637836178311559e-01,6.386729584088075562e-01,6.405165936247543268e-01,1.162009221732390185e-01
6.330635258397726561e-01,1.759792716401918922e-01,1.139199271163503502e-01,6.885758998435065337e-02,1.730123659323054564e-01,7.777123963236221016e-02,2.945324125742505572e-01,2.273838863256427700e-01,3.386753401914215367e-01,2.816268175281378960e-01,2.509121005337477256e-02,6.848453174075630479e-02,1.730048052670396241e-01,4.240367166222824835e-02,4.285714005800522752e-01,5.612072925462630035e-01,4.269811563730750992e-01,2.807373844352575309e-01,4.448706105243474540e-01,4.116107045604615600e-01,2.761589765906800054e-01,1.267605633802816878e-01,1.730259817423305813e-01,3.307692542446153960e-01,6.839823763501984288e-02,1.730062237793006386e-01,4.391891891893351385e-02,2.543859649122806044e-01,2.086558457037173131e-01,2.867837577492773349e-01,6.831237697344616500e-02,1.235313030979911519e-01,4.178028380436074052e-01,3.373374992822357754e-01,3.470051338307500455e-01,2.761588957472489447e-01,1.964024467249034234e-01,2.500081379559134787e-01,2.029381528307480087e-01,2.293814432904945910e-01,2.802491866406557897e-01,5.200909165471383488e-01,5.227299134504844597e-02
6.394932264789954246e-01,1.437000212757864326e-01,1.549297625612440776e-01,1.671199436822301543e-01,1.094565735436221071e-01,6.321452589105547304e-02,4.753086419753087544e-01,3.573175539300754711e-01,5.076363834073163162e-01,2.624391363814737033e-01,4.385683399770286262e-02,1.669871778608797985e-01,1.094570604080092879e-01,4.581699989563503550e-02,5.061530226042257885e-01,6.565037493900268695e-01,6.031384567207443981e-01,3.258196223590287821e-01,1.289892546218379676e-01,3.087231035367177245e-01,6.084768521597179181e-01,7.042254058408452255e-02,1.095282411052418831e-01,0.000000000000000000e+00,1.669627629334848873e-01,1.094602122483729623e-01,5.025876940771212276e-02,4.407893398350875014e-01,3.258268040512435348e-01,4.950519637296921793e-01,1.657343429879885033e-01,7.815034769869956544e-02,3.159980129375046243e-01,5.395395298766645364e-01,4.594276210890415602e-01,6.084768521597179181e-01,2.272442170354699864e-01,2.395643922552941618e-01,2.056996106698780746e-01,3.659795911792818046e-01,6.069967886965099702e-01,5.988998022624967277e-01,6.558808400168389396e-02
6.208332407045186185e-01,7.269066510291435912e-02,1.408129197603338600e-01,8.915123245767309079e-02,2.603564135954447023e-01,8.781663304192477426e-02,6.155201745410936454e-01,5.099546348702994614e-01,6.806143075369988082e-01,2.239398267600862247e-01,1.108033240997229919e-02,8.813127597282344183e-02,2.603172139455343648e-01,4.243235509276388484e-02,5.018726590528644893e-01,6.330626595230720577e-01,6.077284916989863506e-01,2.734188565380762381e-01,4.078310989618363913e-01,2.124977489645241135e-02,5.570861966615434646e-01,1.830985915492957805e-01,2.603622306540137044e-01,2.999999999999999889e-01,8.797612279704392080e-02,2.603150413886226588e-01,4.542840713054374646e-02,6.589910942210523981e-01,4.704433510231869064e-01,5.763020337658697478e-01,8.871972040332609666e-02,1.860000449831430147e-01,3.155001673884139102e-02,7.007006516524350026e-01,5.691945302266032680e-01,5.570861966615434646e-01,3.972079977203260559e-01,4.574324525412216680e-01,4.046239054095739363e-01,4.347079037738521556e-01,5.621142520626407624e-01,5.367137223770162002e-01,1.306365864616957362e-01
6.377938192272976092e-01,1.286230984269176592e-01,1.977834184699463205e-01,1.216858866250360993e-01,7.081363513644993446e-02,7.201300156915380057e-02,6.463844797178130985e-01,5.738735955390994459e-01,6.888992024726401375e-01,3.029979433464512484e-01,5.906695493547732545e-02,1.210466762397186535e-01,7.078961700235078536e-02,2.659910143865573673e-02,2.915997832652208466e-01,4.792400735288450120e-01,3.621027809447482926e-01,7.216041424745945898e-01,2.553889167911225222e-01,6.656112720942541916e-01,6.874172367474207235e-01,5.633802816901408578e-02,7.087121483280356404e-02,4.615384615384615641e-01,1.208732640298870731e-01,7.078519222556572954e-02,2.489936745256926542e-02,5.866226731684209827e-01,4.317381725060271958e-01,7.981770513984620674e-01,1.206564094323705483e-01,5.056070361683730197e-02,6.691303361807361405e-01,7.377376796381711621e-01,6.426674458411867352e-01,6.874172367474207235e-01,2.176283138491370561e-01,2.874885820086989785e-01,1.805247167297522326e-01,1.735397286342106327e-01,6.651366750138967276e-01,3.338914252184668197e-01,7.390283619695564576e-02
6.758776596858646624e-01,1.247489712360983112e-02,4.786486296107223537e-01,7.075173080916208335e-03,6.960079323299147580e-01,3.076664425016417681e-02,2.865961199294533301e-01,3.152288607116220387e-01,2.932341071752491146e-01,1.263684507903372611e-01,6.866090129045335222e-03,7.027567345406326993e-03,6.960074305193639788e-01,3.050004799111860621e-02,2.343499044370323248e-01,2.300444293277409402e-01,3.984699667908698784e-01,1.027518859772045268e-01,1.397040612023727202e-01,6.763354779562236185e-01,4.013247617893056507e-01,4.366197183098591839e-01,6.960412341609587550e-01,4.384615384615384581e-01,7.009867619589105203e-03,6.960072821354400530e-01,3.927544565842566726e-02,7.434209187824560860e-01,6.734693910404914163e-01,4.075520521426678755e-01,7.004981320049896709e-03,4.969413564028788421e-01,6.797416818756141232e-01,3.273274917185231558e-01,4.240189703509638086e-01,4.013247617893056507e-01,1.251648121171122785e-02,2.740291725260277089e-02,3.541334217750674584e-02,5.927835051501610941e-01,4.186005262536967031e-01,5.142310685643320944e-01,4.825239653901516879e-01
6.513693680935612740e-01,1.250843838760228588e-01,1.313557757350004018e-01,1.929339431048717746e-01,1.114234041821927229e-01,6.898677426585919648e-02,5.202821869488536421e-01,4.858540005077243151e-01,6.499854153108430843e-01,2.909556445021266868e-01,3.570704682116072892e-02,1.925553452641299845e-01,1.114081196910129690e-01,3.944927831735611790e-02,7.249865765118237437e-01,8.106327455091871803e-01,7.767359334619475808e-01,3.647538166650399760e-01,7.101396367103973706e-02,6.257824053610114845e-01,5.094040204959568996e-01,7.042252983845070924e-02,1.116042665901859354e-01,3.846153611400000005e-01,1.924794932185494023e-01,1.114079668070971363e-01,4.128809660724641617e-02,3.179823222912279146e-01,2.748064410316493067e-01,4.429687216239268643e-01,6.702687502510746853e-01,7.955438145224950908e-02,6.297206233328653813e-01,5.895895676952267461e-01,5.671289885309744871e-01,5.094040204959568996e-01,5.237376471881223239e-01,5.581634844879553858e-01,4.900701048554744199e-01,2.542955326378475434e-01,4.841680208641565564e-01,6.857689723179063446e-01,7.611956859609672610e-02
6.762874396086737683e-01,2.384283818532479116e-01,1.475764427610825602e-01,4.977437440175047634e-02,1.626528558956485959e-01,7.935440484195765976e-02,4.567900158109348130e-01,3.429969124698772909e-01,5.432864668005485953e-01,5.210485376599161000e-01,1.963549760151341028e-02,4.944160015425147492e-02,1.626488414741957267e-01,5.637250233170476577e-02,6.591759869096434077e-01,7.324957979888687687e-01,7.520203605021831272e-01,4.234481340013403483e-01,2.662002084484857423e-01,7.467500504777651038e-01,3.976161531173998398e-01,9.859154929577465531e-02,1.627174414030136962e-01,2.615384615384615530e-01,4.934317388126374659e-02,1.626488173328550224e-01,5.738930419781951286e-02,3.793858310631577080e-01,2.864179817011112128e-01,3.122394492014293199e-01,4.935624472743316282e-02,1.161321009338978083e-01,7.494152204667436923e-01,5.205205155056107369e-01,4.458542980678992240e-01,3.976161531173998398e-01,2.904992801099148259e-01,2.919603980292451162e-01,2.825369578688406991e-01,1.761170482218674671e-01,4.089086117221016892e-01,7.063381907687062977e-01,3.626018986073675787e-02
6.810636438531895154e-01,1.425921217182209155e-01,1.140371255553716406e-01,7.088340904832102218e-02,3.276679561462347290e-01,8.058731226181237162e-02,5.970017636684303852e-01,5.270695051990319513e-01,5.641240944801442225e-01,1.420297981538266030e-01,4.617931220863456115e-02,7.020971072807635771e-02,3.275845145798902958e-01,4.088344984399583382e-02,5.045478536167157246e-01,6.094683692693665389e-01,5.426441639395929162e-01,1.920372841934587793e-01,1.566455153629753572e-01,3.108207957478623662e-01,3.915232448532464105e-01,1.971830985915493106e-01,3.276540912011868256e-01,5.615384615384615419e-01,7.015451149191931357e-02,3.275849540216373423e-01,4.473835537666559503e-02,6.688596491228069318e-01,5.003519078199307746e-01,4.825519945238092578e-01,7.043646808339687482e-02,2.341077405623256669e-01,3.180736293048520569e-01,6.756757549357166326e-01,5.302449225651972853e-01,3.915232448532464105e-01,4.108732946576211797e-01,7.266597373500200963e-01,3.170276871054620305e-01,4.613404159225988899e-01,4.478087639658983043e-01,5.281990246552834556e-01,6.614383961350170371e-02
6.225629138737235335e-01,3.578304294683001818e-02,4.237732028311930743e-01,6.354285367002445728e-01,9.476769497858945623e-01,3.569827392959723511e-02,2.389768570186949770e-01,5.798121899588437600e-02,1.375790811079000697e-01,2.602688152967348734e-02,2.225525302344436296e-01,6.364286765340141372e-01,9.476790076488831316e-01,3.245052126734293552e-02,1.551631869010420828e-01,4.528879986452422068e-01,4.773244282190791110e-01,-5.856260086878201099e-04,1.577135580777782875e-01,3.652582005904534412e-01,2.850333251892291919e-01,8.591549295774648654e-01,9.476698403596836018e-01,3.830769230769230926e-01,6.365579062779174180e-01,9.476785988754019563e-01,3.887291546866578074e-02,7.379384626421050530e-01,4.553131187114713985e-01,2.421874238801695611e-01,6.300365564616556835e-01,6.766275688905667440e-01,3.719381418805818296e-01,2.732732064893501622e-01,2.065506397378409353e-01,2.850333251892291919e-01,-2.506818098844396103e-02,8.024283207560203857e-02,2.088448052470387450e-02,4.484538179843124972e-01,2.518713268379388914e-01,6.376465310934806840e-01,2.409324918600647403e-01
6.331474727800674440e-01,1.421937804130274652e-01,1.548049540252997569e-01,1.460767481552387448e-01,6.696581507739776673e-02,9.297242770679758905e-02,4.700175290384480675e-01,2.264233874757990428e-01,4.453743116864399276e-01,5.027979185359204850e-01,6.192149179109519841e-02,1.450824787777613700e-01,6.693095553999398040e-02,4.344856830606858011e-02,6.260032346998045671e-01,7.393136359909212585e-01,5.983298394128137021e-01,5.711355216206662755e-01,1.139106612944969371e-01,8.591042788773746164e-01,3.553453980678749069e-01,8.450704225352113907e-02,6.695182189129246508e-02,4.076923076923076872e-01,1.448266060261511612e-01,6.692504996646431170e-02,3.967797584819265921e-02,6.085524977298244487e-01,3.705137068164772174e-01,5.967261243639891966e-01,1.450006025790380182e-01,4.781775931210188735e-02,8.605870473763217454e-01,5.335335253384370091e-01,3.454559325347814625e-01,3.553453980678749069e-01,3.299459173301140802e-01,3.569743201949218125e-01,2.584524538100401170e-01,9.106529209722102891e-02,3.476120681990120254e-01,6.187173600525901485e-01,6.634561250423492984e-02
7.172960624476814040e-01,2.284976202682614255e-01,4.978659754195736975e-02,8.922213612491214363e-02,1.641024914071079199e-01,7.111634162743740717e-02,6.278658535534391572e-01,5.750960466862697906e-01,7.190259204175455388e-01,3.154671344271616218e-01,2.143436254307141270e-02,8.861331127810401220e-02,1.640627365930875659e-01,4.094081670506710680e-02,7.469234397125504854e-01,6.726673860675290717e-01,8.308748075642889974e-01,3.246485238895437941e-01,3.479474410438751497e-01,8.838804031672748973e-01,4.084770785136950799e-01,7.042254058408452255e-02,1.640776004007937217e-01,2.384615384615384748e-01,8.857000730934783128e-02,1.640615228696060968e-01,4.617596319724981413e-02,4.385963573789473102e-01,5.547150300451404448e-01,3.739582358937725282e-01,1.152231551038442880e-01,1.171699828042933045e-01,8.851024309117809796e-01,6.696696282049263704e-01,6.417822291224781761e-01,4.084770785136950799e-01,5.592844720967746763e-01,5.406803621476530264e-01,5.457553288912986300e-01,2.508591065209713200e-01,4.115459774436600604e-01,7.034680990402071288e-01,3.825032352543446257e-02
6.600405401684100726e-01,2.386714891861415888e-01,9.487120545145388828e-02,2.417561825465559533e-01,1.348827565757129143e-01,9.269222147499789344e-02,4.091709681918871411e-01,2.277331702648415224e-01,4.001841811373898494e-01,2.339296218898002655e-01,8.806837375852982763e-02,2.413677624935941513e-01,1.348623551729239978e-01,4.914427783743491318e-02,5.741037939820867742e-01,6.741229066294140981e-01,6.132306705627448284e-01,2.731262773464342430e-01,2.310937518527080292e-01,4.763791344018248886e-01,2.311259521281621154e-01,8.450704225352113907e-02,1.348700694393958899e-01,5.538461538461538769e-01,2.412287825875092384e-01,1.348594872563710634e-01,4.571592869466201137e-02,4.802630240456138289e-01,2.663616412310976234e-01,2.369790662912572010e-01,2.397862853010885864e-01,9.630545951227154067e-02,4.818896532359959739e-01,4.684684761743060921e-01,3.496607479691777876e-01,2.311259521281621154e-01,2.756532473133508909e-01,3.340206179329556768e-01,3.049805321715302053e-01,2.113402061768940854e-01,2.192518233965139451e-01,6.480507493716438638e-01,3.621344889296126274e-02
6.314438973502213281e-01,8.132488700454873487e-02,2.833705686738609564e-01,9.564904710535793164e-02,3.866520414409040096e-02,4.713442428827718800e-01,4.629628553171076799e-01,3.003842720217757556e-01,5.407758303550553869e-01,6.699688508961318956e-01,2.590196608337274817e-02,9.521973198837030417e-02,3.865369750141894184e-02,4.480351849224533112e-01,4.719101141933352839e-01,6.087023018785300277e-01,5.186347454185490369e-01,6.443206330702576645e-01,7.714369005963506165e-01,2.997797168552081004e-01,5.854305845004690312e-01,2.816901139816901239e-02,3.865702627243831208e-02,2.307692307692307820e-01,9.512304068870292006e-02,3.865432969451908229e-02,4.499712478435853313e-01,5.131577608877191388e-01,3.909218477262716984e-01,6.710069447879813964e-01,9.492126300566416930e-02,2.760917081928182526e-02,3.071487453104244647e-01,5.265265200438382642e-01,4.080850874216419566e-01,5.854305845004690312e-01,1.825300464744876172e-01,2.255636277954629343e-01,1.570734154490983636e-01,1.821307939264009690e-01,5.584786011332094624e-01,5.175795556286861832e-01,1.174362187141901603e-01
6.213969957406667577e-01,2.528446800529764171e-02,4.694498926361709845e-01,8.554020997614930621e-03,3.118438185267971563e-01,4.711200795785686068e-02,-4.320987654320962434e-02,5.867978687092900714e-02,3.657070559120700892e-02,2.142960337002476345e-01,6.038443348422404752e-03,8.422932702797591986e-03,3.118511816855415453e-01,4.130413996724513481e-02,3.237024935716998897e-01,3.871610118251919141e-01,2.901137552515332119e-01,1.165102270664958584e-01,9.665771982638472759e-02,1.678044627801515976e-01,2.785874747919407923e-01,2.957746478873239937e-01,3.119049323505981297e-01,0.000000000000000000e+00,8.329610980264856579e-03,3.118542908335001917e-01,4.590760954571493357e-02,1.052630240456138289e-01,3.694581766369016140e-01,7.855892805564357317e-02,8.526493391716405412e-03,2.226517820448866980e-01,1.765623818831734138e-01,-4.704679116432286534e-02,2.059605672978745972e-01,2.785874747919407923e-01,2.394060444284501488e-02,8.650144107360149826e-02,2.422423535980183784e-02,1.374572544070096214e-01,2.644973450803167481e-01,5.239576005060178066e-01,3.122844631036695295e-01
7.156924035653283722e-01,1.017451363987890711e-01,1.399893121304396915e-01,4.416792014221249119e-02,2.065797901996248020e-01,8.591123066577210921e-02,5.943562610229278231e-01,5.847013976207240393e-01,5.980167211238414104e-01,3.747822644911413814e-01,3.541990406053644597e-02,4.337302936356124405e-02,2.065530448356221738e-01,4.518596442391498158e-02,2.493311931955277949e-01,4.305193675911931361e-01,3.583365912145051735e-01,2.807375240230567393e-01,2.514992791460142763e-01,2.598453470414572308e-01,5.025167337345446406e-01,1.549295882098591370e-01,2.066003293004758656e-01,4.461538461538461786e-01,4.317591163810607924e-02,2.065484673798689275e-01,4.410580793559404356e-02,4.736842105263157077e-01,5.327233898423460179e-01,3.403644832240491080e-01,4.389788293897844973e-02,1.478965819010507610e-01,2.676346396829338836e-01,6.726726304740400231e-01,5.671290605692027587e-01,5.025167337345446406e-01,2.728225928145188717e-01,2.640383369162082605e-01,2.642462800440026349e-01,3.522338867117769112e-01,4.721464688959771117e-01,3.654628254616161254e-01,9.419701523425785816e-02
6.215219997066215862e-01,4.132616928951025892e-02,3.904299244844804950e-01,1.968083220647165454e-02,2.745230066992662699e-01,1.333688259358751793e-01,6.931215854758379091e-01,6.086273047420336368e-01,5.533286805773811601e-01,4.182195536487632870e-01,1.694142287683264581e-02,1.871819201242153063e-02,2.744769271771711483e-01,4.049144315127506388e-02,2.514713586424776118e-02,1.528267180239998579e-01,8.169870399556078411e-02,2.871361862884803662e-01,1.273075330175066078e-01,3.122982026313925186e-01,3.624725631523570968e-01,1.690140845070422504e-01,2.744648865343120026e-01,5.256410256407692549e-02,1.862868512953785860e-02,2.744729174698579133e-01,4.475752328924897938e-02,8.157893398350875014e-01,8.814215606995559060e-01,6.124131636398177925e-01,1.975957096372460420e-02,1.960253121722937419e-01,3.195354881478202902e-01,7.837837144312485016e-01,6.621423217115345317e-01,3.624725631523570968e-01,1.833459498302624224e-01,5.077452834514256663e-02,1.835160070567836699e-01,2.981101753709753943e-01,3.892775010005582459e-01,1.576177984374613761e-01,2.146094605636893193e-01
6.417792730838517423e-01,1.410262047670998997e-01,1.936139992237784491e-01,7.340555378296409472e-02,1.372825161916654269e-01,2.042143017260684701e-01,6.975307565516755126e-01,5.354523623513209873e-01,6.342944763961764210e-01,2.279549843133814591e-01,3.893318019052766088e-02,7.163044636469284576e-02,1.372208516487786745e-01,5.717563838663863862e-02,4.119849918185271298e-02,2.714876645423727197e-01,5.256963361957664449e-02,3.327198010953780760e-01,2.258977226363393931e-01,6.494291919737624763e-01,4.913907298709103699e-01,1.126760563380281716e-01,1.372324432671560013e-01,0.000000000000000000e+00,7.138288800454795080e-02,1.372162516584644887e-01,5.362277170789297998e-02,4.682016205368420003e-01,2.857142949181055158e-01,6.910806648790899231e-01,7.438838227614175125e-02,9.842559290759270163e-02,6.531185541960495833e-01,7.787787106493921918e-01,5.809973837897981497e-01,4.913907298709103699e-01,3.646164570910551128e-01,3.534886640918237788e-01,2.600827976604094260e-01,2.517182130501902648e-01,4.753122846801365320e-01,1.030853589006408555e-01,6.694308286123137886e-02
6.203712429579831822e-01,2.615591842225097052e-02,1.389567552591145505e-01,1.040764544114747281e-02,1.021179011585986868e-01,5.271613259358787218e-02,5.070546737213406097e-01,3.807195351442638209e-01,4.382610443674965772e-01,5.640988460140031746e-01,1.107188703465982089e-02,9.940075400470149702e-03,1.021088722865859111e-01,3.422889396039607846e-02,1.642589512834906895e-01,3.649455998592869843e-01,3.709297617101190991e-01,4.768732620084418228e-01,1.753103273958514230e-01,4.601880501394279843e-01,5.713025514618133016e-01,1.549295882098591370e-01,1.022263583648924251e-01,2.692307692307692180e-01,9.852391781044467223e-03,1.021061966530318332e-01,3.814452731454309742e-02,6.743421052631577428e-01,6.291344497903303967e-01,5.776909651512491806e-01,1.034427349053945733e-02,7.291232597188222753e-02,4.658689618678388822e-01,5.775775586187716915e-01,4.780171361613911873e-01,5.713025514618133016e-01,1.094111393118213371e-01,6.180389203531608255e-02,8.585115939141341190e-02,2.044675636860970869e-01,5.870222312308084334e-01,4.365782100225741313e-01,3.048642768518189383e-01
6.557935365720704013e-01,1.963083852676879987e-02,3.607939272514285034e-01,1.146107135441210012e-02,4.198834750228904178e-01,4.830755436000799818e-02,3.580244760663142678e-01,3.422983019564853624e-01,3.941587256864722555e-01,2.192339289758918897e-01,1.117323153840956568e-02,1.128470019941074654e-02,4.198824624965269980e-01,3.715460387472546699e-02,4.125200699181968966e-01,4.395587421160320751e-01,5.134562492061567340e-01,1.454917175789954553e-01,2.476900166679838200e-01,6.563004436586281631e-01,2.887418691872376542e-01,2.957746478873239937e-01,4.198582663082999211e-01,7.846153376615384867e-02,1.124319824575636950e-02,4.198825748700115712e-01,4.232317423807074874e-02,6.096491228070175517e-01,6.664320829278329583e-01,4.296875023601240962e-01,1.138874382356469539e-02,2.997909821223723181e-01,6.599174937094351989e-01,4.054054285229176102e-01,4.464444425460942778e-01,2.887418691872376542e-01,7.213583880638918533e-02,9.754955372602672203e-02,7.820956407281315359e-02,1.460483196992004018e-01,3.090202548086184997e-01,5.692418840946493752e-01,3.703795993259018093e-01
6.302596665290651767e-01,1.179506351271005921e-01,1.441309859533858595e-01,3.793346197284375165e-02,2.611193909584926809e-01,8.409923055369716849e-02,5.176365766574957394e-01,3.639539913897245071e-01,6.560526547688398935e-01,2.102732365201153697e-01,2.207621106681980847e-02,3.719790340012485430e-02,2.610758876287204711e-01,3.910507715094979631e-02,4.740502959690159335e-01,5.659568037651826478e-01,5.376618075031462940e-01,1.920373679461384042e-01,2.469503022191732178e-01,3.203400837112344579e-01,5.741723081750418345e-01,1.690140845070422504e-01,2.611496885960277181e-01,1.307692229438461584e-01,3.708986437098982236e-02,2.610739969893966506e-01,4.082806210465861341e-02,5.789473684210524329e-01,4.947220699184593506e-01,5.540365023630760000e-01,4.361667938777968878e-02,1.865709209054490503e-01,3.274927375025646903e-01,5.485486588765684512e-01,4.172322908287111609e-01,5.741723081750418345e-01,3.458415528576638809e-01,4.020636766197028811e-01,3.579277376171395852e-01,5.687287320749825348e-01,5.762206021027744818e-01,4.891174408885412550e-01,8.095554523996104090e-02
6.188242017110121562e-01,8.750219615397637762e-02,1.629146978333686491e-01,9.559384353586459770e-01,2.207955683882090181e-01,1.465852202421089601e-01,6.957671957671958118e-01,5.333566587228355527e-01,7.041717649754901664e-01,2.535017560222956323e-01,1.612728869670968235e-01,9.557136405843285054e-01,2.207175548152357780e-01,5.134334065373025169e-02,3.408239804328947464e-01,4.400183900305030260e-01,4.387014379942404951e-01,2.078453826165658769e-01,3.959047913288839260e-02,7.181121497743507831e-01,7.481236071388770448e-01,2.112676056338028130e-01,2.207745722670365895e-01,3.615384380630768946e-01,9.557987492893689208e-01,2.207098873062363076e-01,4.945370902818524428e-02,6.195174100105260706e-01,3.821251830558227702e-01,6.163194404419198857e-01,9.489012975535286998e-01,1.576926143950742043e-01,7.210787013574659898e-01,7.827827136748770620e-01,5.874889370407410105e-01,7.481236071388770448e-01,5.312000168657380339e-01,5.641724119410252980e-01,3.611400968264539824e-01,6.529209621954956688e-01,7.256709194015029674e-01,3.903372642275759752e-01,1.093990395409611127e-01
6.310442623735856849e-01,1.321615198201171182e-01,2.307405216707721640e-01,7.446910879154855500e-02,1.960315583531630490e-01,6.541881472763577676e-02,4.047617971160495376e-01,3.569683126292249042e-01,4.326122732602137866e-01,3.330121272826710999e-01,4.934632795081413809e-02,7.416240023137699033e-02,1.960166660496339419e-01,4.197342020423633357e-02,4.692348869737343886e-01,4.579439199890952272e-01,4.873479565629926236e-01,3.199648837969609749e-01,5.145578658285427931e-01,1.928568959939755967e-01,3.880794613485893940e-01,8.450704225352113907e-02,1.960054231414154469e-01,4.692307692307692291e-01,7.405283034191501024e-02,1.960135107123771592e-01,4.207398907418991030e-02,6.973684210526314153e-01,8.729767608956267022e-01,5.486111017277484070e-01,7.390631904551470122e-02,1.399683176133072193e-01,2.013511665028779873e-01,4.624624716360785648e-01,4.564768986924021554e-01,3.880794613485893940e-01,8.895063400558306244e-02,7.022211191428132104e-02,8.310215718423763498e-02,2.285223367612756462e-01,4.030703223256293377e-01,5.333652625627933741e-01,7.179516229601537458e-02
5.842822610166510389e-01,1.508239624574693183e-01,5.523748244772223037e-01,2.196696902016197495e-01,3.161198423585815376e-01,5.178211163416079899e-02,3.932980599647266651e-01,4.215858838114161511e-01,4.962133282704104253e-01,4.659354270512430229e-01,3.593507195459766379e-02,2.198385435430103563e-01,3.161218623089723234e-01,4.240367166222824835e-02,3.012306012557838253e-01,4.512027102339790652e-01,4.677324284555439693e-01,2.953742168835205018e-01,2.682744028531863223e-01,3.778820075416511326e-01,1.298016268819384145e-01,1.971830985915493106e-01,3.161285704057177348e-01,0.000000000000000000e+00,2.198134085925445014e-01,3.161229417864404589e-01,4.629097182289854118e-02,3.815789473684210176e-01,5.580577033473110848e-01,2.884114812536342498e-01,2.178172578636563550e-01,2.257047005253585981e-01,3.844290975064523774e-01,4.474474602905098575e-01,5.134258769479627116e-01,1.298016268819384145e-01,8.459257804671171943e-02,1.129920505672440123e-01,8.287877285454403609e-02,1.271479760563805073e-01,1.105275738870017399e-01,4.931834635365388575e-01,6.219525936197602828e-02
6.393613765872971921e-01,7.711188488216007275e-02,1.870155851610697528e-01,1.063301781201411167e-01,4.463843557366023451e-02,6.355077336920089692e-02,4.885360475569666683e-01,2.675515392060610065e-01,4.998535708100120267e-01,4.254330465947792073e-01,2.710120937774474631e-02,1.060173228266549916e-01,4.463681710144464659e-02,4.157185217677294986e-02,4.521134327682890808e-01,6.954190040620419344e-01,5.172224245684132748e-01,5.456672846376590114e-01,5.532832455220479395e-02,7.919955906989943895e-01,7.252980253247418574e-01,2.816901677084507338e-02,4.467034037801150687e-02,2.538461538461538325e-01,1.059043287582230874e-01,4.463684142746496275e-02,4.203565267395248384e-02,4.879384626421050530e-01,2.769176302442788451e-01,5.622395326483111688e-01,1.054312457317316820e-01,3.187192913940947725e-02,7.941846024255123648e-01,5.565565427349756789e-01,3.827088387990764673e-01,7.252980253247418574e-01,1.541282948108008144e-01,1.834787624181209165e-01,1.107884957307586626e-01,7.216515818636004553e-02,7.467148937152319199e-01,5.320258778582671599e-01,1.235573818512013256e-01
6.213180452183670877e-01,3.892074496502015424e-02,3.701655179231621573e-01,2.050128892737967945e-02,3.105831196071722755e-01,2.718000448330570862e-02,3.007054673721341054e-01,1.680056168530121852e-01,2.962468463930698626e-01,1.332156348642599686e-01,1.594486858996013723e-02,2.020996443086864325e-02,3.105867016818606996e-01,1.380629142101952311e-02,2.723381309553640772e-01,4.541136858991949854e-01,3.113770025909525785e-01,1.724236461828464462e-01,1.059682882638249418e-01,4.195144311837990525e-01,2.874173660901284677e-01,2.253521126760563431e-01,3.105447777219211281e-01,3.923076688323076655e-01,2.015654186632032108e-02,3.105888159536009385e-01,1.920644048303898899e-02,5.032894736842103978e-01,3.374384306275282075e-01,3.718749023948750843e-01,2.039227895392259349e-02,2.217520186147853567e-01,4.256233868616290383e-01,3.413415023077206456e-01,2.994984312227719769e-01,2.874173660901284677e-01,7.924114280933497456e-02,9.879912165230350651e-02,5.412320453854585489e-02,1.520618556607784555e-01,2.967822550698264727e-01,4.422865401637148253e-01,2.253272890300442310e-01
6.888968326502429296e-01,3.129621653596225545e-02,2.731243788128212557e-01,3.252958961970331409e-02,2.029786830983510426e-01,5.860046346111147386e-02,5.899470899470899976e-01,5.965770941515859960e-01,6.506130718694742576e-01,3.577328362529614281e-01,2.189041280994527550e-02,3.219488433689710050e-02,2.029624285059369038e-01,4.178219752525791364e-02,4.344569331189236383e-01,4.040140876465943554e-01,5.767948099954677277e-01,2.420959647456806807e-01,7.993397747413384657e-02,1.325155025893731686e-01,3.461369710618829032e-01,1.690140845070422504e-01,2.030209706474604969e-01,3.538461538461538658e-01,3.207991553642486338e-02,2.029597335427615334e-01,4.466168315124718902e-02,7.807017543859648967e-01,7.100633266566351853e-01,5.911457743496806305e-01,3.229823645201435056e-02,1.449352141706713448e-01,1.416447981835657899e-01,6.746746319867826802e-01,6.586013827984715796e-01,3.461369710618829032e-01,1.185475336155980552e-01,1.263849639158640403e-01,1.172839764631923298e-01,3.573885258870914683e-01,3.563139402425448132e-01,5.230009013171110777e-01,2.671845089595797362e-01
7.386634119982793401e-01,2.327938268976995073e-01,1.491203045065863098e-01,1.514046522934804351e-01,2.118688692705551491e-01,8.029309571844578386e-02,5.529100529100530181e-01,4.208872732980246667e-01,4.921336985536797215e-01,4.554099873501681328e-01,8.356698871697858244e-02,1.509785316697196400e-01,2.118567444811635669e-01,4.620422620783415368e-02,3.440342204406661164e-01,4.645319387103635789e-01,4.668497294212666793e-01,3.129389909284149840e-01,1.329657731009574739e-01,6.139651512422987789e-01,3.165565635743226025e-01,1.126760563380281716e-01,2.118977780100440300e-01,4.000000000000000222e-01,1.508974254852595287e-01,2.118543552673486929e-01,4.722541690627224398e-02,7.006578947368420351e-01,6.695988667467771549e-01,4.752604146985082156e-01,1.503987064636642668e-01,1.512728161235489532e-01,6.180277324809122508e-01,6.276277186298968580e-01,5.116554074928476581e-01,3.165565635743226025e-01,1.643826208907926967e-01,1.254630839908007223e-01,1.530994111222651610e-01,1.975945017093891920e-01,3.099168797828135702e-01,4.940205692440766683e-01,3.736953601945235820e-02
6.221416053120382150e-01,1.086364273222044652e-01,2.140586213729857024e-01,6.160515773533692396e-02,1.529273824105975566e-01,8.176417843533556606e-02,4.550264550264551122e-01,3.393295163933705005e-01,4.245367146518042034e-01,4.130068565018907289e-01,4.924498344706438463e-02,6.091404041992887208e-02,1.529038544873570216e-01,4.277655625917020643e-02,3.809523560711575163e-01,4.651447823373400237e-01,4.486072791199309240e-01,2.824939483849318589e-01,4.772758605620018302e-01,4.440035143438707532e-01,1.597353968766044297e-01,1.126760563380281716e-01,1.530173956617349729e-01,1.876923076923076861e-01,6.075895395110841868e-02,1.529012028238958820e-01,4.324324324325345970e-02,8.771929155333333394e-01,7.273047481776022671e-01,5.145833742277030609e-01,6.115675089382532903e-02,1.091933361687203174e-01,4.498547500512963815e-01,5.175176354290598191e-01,4.417233047251354350e-01,1.597353968766044297e-01,1.572985748724215482e-01,1.699785495006863878e-01,1.872990354378789024e-01,1.709624090465533541e-01,1.671404196517007890e-01,5.049509745098526015e-01,8.813111770142342816e-02
6.329147965925313590e-01,2.619446695157263971e-02,2.135859219440782719e-01,1.212452709786249194e-02,4.586070998777245777e-01,4.295561533287894918e-02,3.641974232183422533e-01,3.395041583612932179e-01,4.321938968483967081e-01,1.081615488691796551e-01,1.136747517059658215e-02,1.197477179433836803e-02,4.586061066029831212e-01,3.241227650207889610e-02,2.311396481022421900e-01,3.208212000795587215e-01,2.853079613715676643e-01,1.393443160707326101e-01,2.142859539362055796e-02,3.459927930520767525e-01,4.426048927404551137e-01,3.380281475225352383e-01,4.586584580133388767e-01,4.153846153846154077e-01,1.193860147811243166e-02,4.586079246514027652e-01,3.972589591719355440e-02,6.326754385964912242e-01,6.414496987228821556e-01,3.897568429659676870e-01,1.202647330574846407e-02,3.274406376973042487e-01,3.528754810203131864e-01,4.174174375993726649e-01,4.429036116917903776e-01,4.426048388448347026e-01,5.085383286873895736e-02,9.700844558652324534e-02,8.741874759608408985e-02,3.290380104228618485e-01,4.360503685272663077e-01,3.692896679586439301e-01,3.045438823251306881e-01
6.135867492551536628e-01,3.290961148268382597e-01,5.884182889931333788e-02,3.091146664235682184e-01,3.240309088523057879e-01,3.376858703205556367e-01,6.860669117544975215e-01,4.655955747362638952e-01,4.351229148111923628e-01,3.370800670739575178e-02,1.303543679481116158e-01,3.041033889618989239e-01,3.237965156560854707e-01,3.877043731930740478e-02,2.953451013726620111e-01,5.734640622097417761e-01,4.656728033619107476e-01,1.247069531832117606e-01,1.028840924241191251e-01,6.208419509301552619e-01,4.432672520760125856e-01,2.816901193535211734e-01,3.237883885739429868e-01,6.384615384615384137e-01,3.038962884755946892e-01,3.237923953948109168e-01,3.833620874066667739e-02,8.662280032526314955e-01,5.309641084496472541e-01,6.957464506165504936e-01,3.128590366769772313e-01,2.315825040434422444e-01,6.248321616108165610e-01,6.766766334995251153e-01,4.544113930144713098e-01,4.432672520760125856e-01,5.481384154552169097e-01,7.173751916385449068e-01,3.609000144153544642e-01,5.962199312670373175e-01,4.646458972454583503e-01,5.147891448752650589e-01,2.345035140522460509e-02
6.446287391352342189e-01,1.694204154491937564e-01,1.146280657369685846e-01,1.107059472983171755e-01,1.280366509781281081e-01,8.960995292535045564e-02,5.802468059343917073e-01,3.999302370131723183e-01,6.625382093447171883e-01,1.985502853123265465e-01,6.597527194108505910e-02,1.102541594572790107e-01,1.280197585918122771e-01,5.092265053047384527e-02,7.260566673996641240e-01,7.825953822143212335e-01,7.510788292336071370e-01,2.104796283079201635e-01,7.344213996408825995e-01,2.277578595244720283e-01,3.925829120005919215e-01,1.126760563380281716e-01,1.279977092131846239e-01,5.769230769230768718e-01,1.101275075123853142e-01,1.280186490734336879e-01,4.818861414607056304e-02,4.725877192982455011e-01,3.092891552201049166e-01,3.536457342795211733e-01,1.097698148073755764e-01,9.141682325561914513e-02,2.358848367692953918e-01,6.636636236666988431e-01,4.960166148143050346e-01,3.925829120005919215e-01,3.372096214564072603e-01,3.877380716240361735e-01,3.522391036022842759e-01,3.969074262311687029e-01,3.970916013701408787e-01,6.601291965826057151e-01,5.459476343760761435e-02
6.216447106449947135e-01,5.983102400468024579e-02,3.258111006300767332e-01,5.313216950028110119e-02,1.005414010618394111e-01,1.568594485541368044e-01,7.239857830067020217e-01,3.471882770885001968e-01,6.060504676269289348e-01,6.202723480624097174e-01,3.226133369366934733e-02,5.129363053769786518e-02,1.005070448831687502e-01,4.656276908949052995e-02,5.350434028716169466e-04,2.923241982197417599e-01,7.669674729098896471e-02,4.631143904793306731e-01,2.640730834009220040e-01,5.210287641405955128e-01,5.456952760089528454e-01,8.450704225352113907e-02,1.005082683083396017e-01,3.076923076923077094e-01,5.100300495411347335e-02,1.005035195393508829e-01,4.082806210465861341e-02,8.124999999999997780e-01,7.178043967207694553e-01,8.750000695369848369e-01,5.330815892017826130e-02,9.749356435542367860e-01,5.260693959977966738e-01,8.138138593149484290e-01,1.009147059327777374e-01,5.456952760089528454e-01,2.941110554083478656e-01,1.361508208679292620e-01,2.201730762198994551e-01,3.719933368838153065e-01,5.125397749505697931e-01,1.334609310192208520e-01,1.561864793674675178e-01
6.270477590643122046e-01,1.099162199608721829e-01,1.795313998232613562e-01,7.122779828919600931e-02,1.477665998050208818e-01,7.606665153552683023e-02,4.215167548500882155e-01,4.187915270311917126e-01,4.880539666870822302e-01,2.871222651285729177e-01,3.298763597054252955e-02,7.071204225673710653e-02,1.477519325343177037e-01,4.269050596755619154e-02,3.258427080031301992e-01,4.629998600358125049e-01,3.783836586792637124e-01,3.659249430520848945e-01,3.858573437712342069e-01,2.728664276476271411e-01,4.721855158020198395e-01,7.042254058408452255e-02,1.478273319492889593e-01,3.384615384615384803e-01,7.062149760415814548e-02,1.477505639904776735e-01,4.341575618171589213e-02,4.243419714140348464e-01,5.028149189490467297e-01,4.550780816946013996e-01,7.067749969871028881e-02,1.055068977434753807e-01,2.805186881067829319e-01,4.804804852507609247e-01,5.069342876793216934e-01,4.721854619063994285e-01,1.785560786662052091e-01,1.841101524501502495e-01,1.614965269273010429e-01,2.353953987379835411e-01,4.652210560629916891e-01,4.236626152553297775e-01,8.708016090171560863e-02
6.543161278195187558e-01,3.256498207119420396e-01,1.126461810511574652e-01,1.623288815959402775e-01,2.117616214440954936e-01,9.532616005379423996e-02,6.754850088183421697e-01,5.186867333234390642e-01,6.725804690909980010e-01,2.173821901606619034e-01,7.850820890480372793e-02,1.614310867105404057e-01,2.117269459169377199e-01,4.271918939809182802e-02,6.811128501103702604e-01,7.184005021201769203e-01,6.678697048683099879e-01,2.851286965961105091e-01,3.905766216199236252e-01,5.781062925309279343e-01,3.499338476040203538e-01,1.408450704225352179e-01,2.116830167529749340e-01,3.923076923076923017e-01,1.612827905465767930e-01,2.117226960512288425e-01,4.054054054055455936e-02,6.260963573789473102e-01,4.795918805635333015e-01,4.473958371007535906e-01,1.611647852810025316e-01,1.511990030120093365e-01,5.825462477996523614e-01,7.677678245218713116e-01,5.942756345704267584e-01,3.499338476040203538e-01,4.817105272303273122e-01,4.440438004310929276e-01,4.419602671191406040e-01,2.534366358515840467e-01,3.625646710238239478e-01,5.886630168044253431e-01,2.381144871519302875e-02
6.432410399195551687e-01,1.931689040874539492e-02,4.463768615736729561e-01,7.384110488172002107e-03,6.003212136859968906e-01,5.962788612418279399e-02,3.262786596119930937e-01,3.622075717004378248e-01,4.001841428281771584e-01,1.164752885140534627e-01,8.386257685291532982e-03,7.129048462307441270e-03,6.003117026949914559e-01,4.111291728824539859e-02,4.515783546686193972e-01,3.405852515661770830e-01,4.197724296341023287e-01,5.620622165184374630e-02,1.655907671292264904e-01,1.058903459227608090e+00,2.437088932333217883e-01,4.507042253521127417e-01,6.002577135081393900e-01,0.000000000000000000e+00,7.065702915617588786e-03,6.003102546914096393e-01,4.571592869466201137e-02,4.956140350877191736e-01,6.938775856454277857e-01,3.632812788702661777e-01,7.351464267062901570e-03,4.286217497173807622e-01,1.058283566777178830e+00,3.723724035626663209e-01,4.626734517438926275e-01,2.437088932333217883e-01,1.132732623981883013e-01,9.433699875408965707e-02,1.081409059036028686e-01,5.309278350463877416e-01,2.720745435148637092e-01,4.907917058318640446e-01,3.742219624103343412e-01
6.053115996585705094e-01,2.219691033536672770e-02,2.010286240678792885e-02,4.189900279056613108e-02,2.103689747646149688e-01,6.399109728759810878e-02,6.560845484388007076e-01,5.888928901510366298e-01,7.948809036331496714e-01,3.390852935757976971e-01,2.759104114586852577e-02,4.142459191905878413e-02,2.103415449118993530e-01,3.808066908155183228e-02,5.682182940989649600e-01,5.019151147078275699e-01,6.743260588531689859e-01,3.647541795970651313e-01,8.676995235598276013e-01,5.223984851213376857e-01,6.997162495106725721e-01,8.450704225352113907e-02,2.103228577569130064e-01,2.923076923076923239e-01,4.137395435718338454e-02,2.103413839707068411e-01,4.284071305349357317e-02,7.061403508771928461e-01,5.334272054855857537e-01,5.745907513548726975e-01,4.156288916562878022e-02,1.502392792078942885e-01,5.274247022106071103e-01,7.437436841763984674e-01,6.467984571942158034e-01,6.997162495106725721e-01,3.146103240824056901e-01,3.219529405094392338e-01,3.314501660957621665e-01,3.685569107669390831e-01,6.804354721588041777e-01,5.473058685407576895e-01,3.416250204513880950e-01
6.200975998278434043e-01,2.186391605026067469e-02,4.954232809387640879e-01,9.870803389195437205e-03,2.735060137894357868e-01,5.397706063663321174e-02,5.176365766574957394e-01,4.848061913284766877e-01,5.593958536319396657e-01,4.004702850359517230e-01,1.013445037497466387e-02,9.432669815964134230e-03,2.734811366454230619e-01,3.308155673907720029e-02,2.621722838496117758e-01,2.652060676348866886e-01,3.237544081966126641e-01,3.451403182441004636e-01,1.391851504300067321e-01,2.762379785646855712e-01,3.686535237127377407e-01,2.253521126760563431e-01,2.734626673352289483e-01,2.692307496684615553e-01,9.360025988792264329e-03,2.734782424731759809e-01,3.804868717654841248e-02,7.839912280701752945e-01,8.479943337372644052e-01,5.332030614115916833e-01,9.872253243883744034e-03,1.953060688283553559e-01,2.838547572543981268e-01,5.915916914005319160e-01,5.553260989472492692e-01,3.686535237127377407e-01,1.194038493358731690e-01,8.138473933422682438e-02,1.379731068408382444e-01,2.182130584106465321e-01,3.732695244896224729e-01,3.520689073749725395e-01,3.451098022070063776e-01
6.200786827543610658e-01,5.442943216514712843e-03,1.047736096855240717e+00,4.137735438159317880e-03,4.839675596100675992e-01,4.260535754314531687e-02,3.130511463844798392e-01,3.395040304496030892e-01,3.775891350174713779e-01,2.823956392392102388e-01,3.074116613742314350e-03,4.028800340976745886e-03,4.839696625022772980e-01,3.716894558999683795e-02,2.830390561624982482e-01,2.986057927896639264e-01,3.220870788193264667e-01,6.996478608404949062e-02,2.368375984649218335e-01,6.854430310670180937e-01,4.221856855687744492e-01,5.352112676056338669e-01,4.840002863474928696e-01,8.846153846153846645e-02,3.989685698042810813e-03,4.839695418331840804e-01,4.226566992525704336e-02,2.280701754385963120e-01,5.510204059696275358e-01,1.149087440902269996e-01,4.107580444301595080e-03,3.455466259638800830e-01,6.887533882655321182e-01,3.593592715372775359e-01,4.440839006510126641e-01,4.221856855687744492e-01,6.687540194851254727e-02,6.410525883723203200e-02,4.519956233656685640e-02,5.206187664387145198e-01,5.497199458936394834e-01,4.199952237573938429e-01,6.827765810166274152e-01
6.260167451760905166e-01,1.465973386192115091e-01,1.606078816424987843e-01,2.225058368911783102e-01,1.101814628932900469e-01,1.511619216543280686e-01,4.770722027597884551e-01,3.716382380286213927e-01,4.656681215408013941e-01,1.225561927380389299e-01,4.840889129112897760e-02,2.211425758951903742e-01,1.101347621244636588e-01,5.741466716563081718e-02,2.161583593437466921e-01,5.633522101706037732e-01,2.932522466937162453e-01,3.495316304068269431e-01,6.926779823839902539e-01,2.622715540057518613e-01,7.545255337922736061e-01,8.450704225352113907e-02,1.101725248764491849e-01,2.923076923076923239e-01,2.209098107691058743e-01,1.101256676122106537e-01,4.878282518689047720e-02,5.482456140350875362e-01,3.972554583175715859e-01,6.508247045007486964e-01,2.208803679749324900e-01,7.867772295760767920e-02,2.700353135563018370e-01,5.415416535819697064e-01,4.662142825981965277e-01,7.545255337922736061e-01,2.460480998567456390e-01,3.133114482142533852e-01,2.007563312029823077e-01,4.072167045817973730e-01,7.046077120762155310e-01,3.629913196285503574e-01,6.417142510621040574e-02
8.746670579433581949e-01,1.275589366238706335e-01,4.249269056319519844e-02,9.835858010341813618e-02,2.145887972988152481e-01,6.224314447433698660e-02,4.497353420895944254e-01,3.311212585740099801e-01,4.980962775082962146e-01,2.102664956729061729e-01,5.073136950206067614e-02,9.800031459146274493e-02,2.145785051139924848e-01,3.857921406662967456e-02,6.195826240595512235e-01,7.136509628469609456e-01,6.448607073202036188e-01,2.754681951060586886e-01,3.031434361405254130e-01,5.431016449421277592e-01,2.116997989140676495e-01,1.690140845070422504e-01,2.146180828982950650e-01,5.000000000000000000e-01,9.790465361812716871e-02,2.145786056707162937e-01,4.058846060955545454e-02,3.804824561403508110e-01,3.068261870444004558e-01,4.316406328111743740e-01,9.757261077411305550e-02,1.532146019102308687e-01,5.479099846326631607e-01,5.115115086982695569e-01,4.361169501826354100e-01,2.116997989140676495e-01,2.702642098458065134e-01,2.972414154645561801e-01,2.379261910932559676e-01,2.336771856795452074e-01,2.271089690904459779e-01,6.364506196372683444e-01,7.455762496327000832e-02
6.209660419962199640e-01,2.623964100939094046e-02,3.312773385183311325e-01,8.128598994181057691e-03,5.227120899172079671e-01,4.365613091234621379e-02,4.620811287477954998e-01,4.869018949569619004e-01,4.948325635247452503e-01,1.137540927562904619e-01,1.244003783528139714e-02,7.885082783221086800e-03,5.226900133220397926e-01,3.290945615586338135e-02,1.048689070083523578e-01,2.275164651491009549e-01,3.213809177973185882e-01,9.066568522343634862e-02,1.525349801449543408e-01,1.702743261900474536e-01,3.059604094496561899e-01,3.943661971830986213e-01,5.226573126199312025e-01,4.846153846153846145e-01,7.857548932023172839e-03,5.226876607400808838e-01,4.025301897643629445e-02,5.296052631578946901e-01,7.202674508032964606e-01,4.197917000278632571e-01,8.180010444703178507e-03,3.732452517314006624e-01,1.790062527673084158e-01,5.255256414800297815e-01,5.473592205199331318e-01,3.059604094496561899e-01,9.373928336437969966e-02,6.957474584615599977e-02,8.149223722812815041e-02,2.929555361956612813e-01,3.157243352915450885e-01,3.747428728011468202e-01,3.041692437644514801e-01
6.188590544023964135e-01,1.358642913852353973e-01,3.721411242165988120e-02,1.363629457435009407e-01,1.456257599256682300e-01,5.553687514009908455e-02,6.596119929453263531e-01,5.525673605917436060e-01,4.996026062552512137e-01,6.178074449329129525e-01,5.054557124518613276e-02,1.361775107696836518e-01,1.456202434784159283e-01,3.904771028990694504e-02,5.484216126739188679e-01,6.365865068680899297e-01,6.661043067997554079e-01,3.963695389108632394e-01,4.917852415683774403e-01,5.990166385628299395e-01,4.868875971886570397e-01,1.126760563380281716e-01,1.456081322928509669e-01,2.076923076923077038e-01,1.361366035897020321e-01,1.456219301440681291e-01,4.525589419207420860e-02,8.311403508771928461e-01,6.259676659713862001e-01,5.070312902941993549e-01,1.352187361908969709e-01,1.039743300080863131e-01,6.032365360317066827e-01,7.507508116635599471e-01,6.254057738571654479e-01,4.868875971886570397e-01,1.984314231476045354e-01,2.560180416598195619e-01,2.136362859262186387e-01,1.374572544070096214e-01,5.194325221785214275e-01,6.531451747435876865e-01,6.969766223137222050e-02
6.113469565241506087e-01,1.632540592711682892e-01,1.014555097377700249e-01,9.356599865283032891e-01,1.885198432464904594e-01,1.046290069491178087e-01,8.412697336239860491e-01,6.018163105878042707e-01,7.466421347198171077e-01,3.053620427233069701e-01,6.961691777582595941e-01,9.342199400246598007e-01,1.884470400016717839e-01,4.449756209112365468e-02,3.488496294359476613e-01,5.943005958878462280e-01,5.114554503604750169e-01,2.384996416186783152e-01,1.149224735852761442e-01,5.306768386184919084e-01,4.741722381128541386e-01,1.971830985915493106e-01,1.884887922513059089e-01,4.230769230769230727e-01,9.342767806383496243e-01,1.884444302531439186e-01,4.565842438184120056e-02,9.506578278140349614e-01,6.593947640768216267e-01,8.325521177094441505e-01,9.320893423854095250e-01,1.348312010683338780e-01,5.356159353772718124e-01,8.848847908247441385e-01,5.562113156659578284e-01,4.741722381128541386e-01,4.912525289658568606e-01,6.058470929053697551e-01,4.077320340154360068e-01,4.261168384816613752e-01,4.652021283336478241e-01,4.332934996608273082e-01,5.693616253279084466e-02
8.153699969183438867e-01,3.635571100164839559e-02,2.953838731046332794e-02,6.858916895837463557e-02,2.542571767086930778e-01,5.766644250167729524e-02,3.606700863576721705e-01,2.284317381398852653e-01,3.270638624361641433e-01,2.188879830797432202e-01,4.286872508614282540e-02,6.840334684723536895e-02,2.542544110568699112e-01,4.226025450957138219e-02,5.393258074715264749e-01,5.633522382249001037e-01,5.948410714324343651e-01,2.438104006422705528e-01,4.246042642638022113e-01,2.343641711550950024e-01,4.188742661433781933e-01,9.859154929577465531e-02,2.542057325453480066e-01,4.538461538461538436e-01,6.830179485097076508e-02,2.542531332062947236e-01,4.399079930994531651e-02,3.804824561403508110e-01,3.891625233835398490e-01,3.681640122874678678e-01,6.803117342224718200e-02,1.815358852361322883e-01,2.424216244235897211e-01,4.134135567664500854e-01,3.514312174242928410e-01,4.188742661433781933e-01,1.545682275000857531e-01,1.437948022813368698e-01,1.271363899199767222e-01,3.565292096149166312e-01,4.288233331296127382e-01,6.609663344064795609e-01,2.379330250271008973e-01
6.312570534140583556e-01,1.622281494703733257e-02,5.900858678241527322e-01,7.343594106892226137e-03,3.851129134172830426e-01,4.348800717328771270e-02,4.276894867104057418e-01,3.297241228205689545e-01,4.220260884212971852e-01,2.051716229178777717e-01,6.477602864671304014e-03,7.169640909068020207e-03,3.851117681630322753e-01,3.319629046120553539e-02,4.093097972546758667e-01,4.194882805044802265e-01,4.548450261461504107e-01,2.394611886169423220e-01,6.549011591092222806e-02,6.548084846302024697e-01,5.136424304067057633e-01,3.943661971830986213e-01,3.851385210111618052e-01,2.399999999999999911e-01,7.136766019653961735e-03,3.851133017384764101e-01,4.048303622771953769e-02,8.464910942210523981e-01,7.501759002198901127e-01,6.049479329548832496e-01,7.291206363234437049e-03,2.749655981827585638e-01,6.584412358664779585e-01,4.884884913017308872e-01,4.343464807246877335e-01,5.136424304067057633e-01,7.823037588322101499e-02,9.850787499949589798e-02,8.505299141071026581e-02,1.554982817776546788e-01,5.096322311205132571e-01,5.109782699113634141e-01,4.166756454293620848e-01
6.200832726782260496e-01,1.771137943153296146e-02,5.779574511999855391e-01,1.340585765582358313e-02,3.372084307101359535e-01,4.864380183816052750e-02,4.656083579626102420e-01,4.841076234534325007e-01,4.157496454349121073e-01,1.819881360667814918e-01,1.149415580028376530e-02,1.308091596856120198e-02,3.372019223930055043e-01,3.824457423497307218e-02,1.214553239340717128e-01,2.080588284621024964e-01,3.197332272994377056e-01,1.367097214070699951e-01,1.099105614493311872e-01,5.990897631092122477e-01,3.515233159902093618e-01,3.239436834633803164e-01,3.372467606847521226e-01,1.446153752253846181e-01,1.293348493462187498e-02,3.371992984757801737e-01,4.387579068431080032e-02,7.686402170280699497e-01,6.551724500783016047e-01,3.033854407769607242e-01,1.332201823805889696e-02,2.407625242039286018e-01,6.033088910247410563e-01,5.295295223129519169e-01,5.674240607714882145e-01,3.515233159902093618e-01,3.374192198648645613e-02,5.676431003135301578e-02,7.899773572428875346e-02,1.847081135140582475e-01,3.304870502264707355e-01,4.035398697256511458e-01,3.951444416025546857e-01
